// Generated from: betweenstagelevel1.png by tools/png2rle565.py
// Format: RGB565_LE, run length encoded, draw with drawImageRLE() or drawImageRLETransparent()
// Original size: 128x128 = 32768 bytes, encoded: 17073 bytes

const uint16_t default_betweenstagelevel1_width = 128;
const uint16_t default_betweenstagelevel1_height = 128;

const uint8_t default_betweenstagelevel1_rle[] PLATFORM_PROGMEM = {
    0xFF, 0x1F, 0x84, 0xFF, 0x1F, 0x7C, 0xFF, 0x3F, 0x7C, 0xFF, 0x3F, 0x7C, 0xFF, 0x5F, 0x74, 0xFF,
    0x5F, 0x74, 0xFF, 0x7F, 0x74, 0xFF, 0x7F, 0x74, 0xFF, 0x7F, 0x74, 0xFF, 0x9F, 0x6C, 0xB6, 0x9F,
    0x6C, 0x81, 0xBF, 0x6C, 0x89, 0x9F, 0x6C, 0x81, 0xBF, 0x6C, 0x88, 0x9F, 0x6C, 0x81, 0xBF, 0x6C,
    0x8C, 0x9F, 0x6C, 0x81, 0xBF, 0x6C, 0x89, 0x9F, 0x6C, 0x81, 0xBF, 0x6C, 0x81, 0x9F, 0x6C, 0x00,
    0xBF, 0x6C, 0x85, 0x9F, 0x6C, 0x81, 0xBF, 0x6C, 0x82, 0x9F, 0x6C, 0x00, 0xBF, 0x6C, 0x85, 0x9F,
    0x6C, 0xB9, 0xBF, 0x6C, 0x00, 0xDF, 0x6C, 0x95, 0xBF, 0x6C, 0x00, 0xDF, 0x6C, 0x8D, 0xBF, 0x6C,
    0x00, 0xDF, 0x6C, 0xC8, 0xBF, 0x6C, 0x86, 0xDF, 0x6C, 0x84, 0xBF, 0x6C, 0x86, 0xDF, 0x6C, 0x83,
    0xBF, 0x6C, 0x86, 0xDF, 0x6C, 0x84, 0xBF, 0x6C, 0x89, 0xDF, 0x6C, 0x84, 0xBF, 0x6C, 0x86, 0xDF,
    0x6C, 0x83, 0xBF, 0x6C, 0x86, 0xDF, 0x6C, 0x84, 0xBF, 0x6C, 0x82, 0xDF, 0x6C, 0x00, 0xBF, 0x6C,
    0x86, 0xDF, 0x6C, 0x81, 0xBF, 0x6C, 0xFF, 0xDF, 0x64, 0xFF, 0xFF, 0x64, 0xFF, 0xFF, 0x64, 0xB3,
    0xFF, 0x64, 0x00, 0x1F, 0x65, 0x88, 0xFF, 0x64, 0x82, 0x1F, 0x65, 0x87, 0xFF, 0x64, 0x82, 0x1F,
    0x65, 0x8B, 0xFF, 0x64, 0x83, 0x1F, 0x65, 0x87, 0xFF, 0x64, 0x82, 0x1F, 0x65, 0x8B, 0xFF, 0x64,
    0x82, 0x1F, 0x65, 0x85, 0xFF, 0x64, 0x00, 0x1F, 0x65, 0x81, 0xFF, 0x64, 0x00, 0x1F, 0x65, 0xAC,
    0x1F, 0x5D, 0x00, 0x1F, 0x65, 0x89, 0x1F, 0x5D, 0x00, 0x1F, 0x65, 0x83, 0x1F, 0x5D, 0x82, 0x1F,
    0x65, 0x83, 0x1F, 0x5D, 0x00, 0x1F, 0x65, 0x83, 0x1F, 0x5D, 0x82, 0x1F, 0x65, 0x86, 0x1F, 0x5D,
    0x00, 0x1F, 0x65, 0x83, 0x1F, 0x5D, 0x82, 0x1F, 0x65, 0x82, 0x1F, 0x5D, 0x81, 0x1F, 0x65, 0x83,
    0x1F, 0x5D, 0x81, 0x1F, 0x65, 0x87, 0x1F, 0x5D, 0x00, 0x1F, 0x65, 0x83, 0x1F, 0x5D, 0x81, 0x1F,
    0x65, 0x85, 0x1F, 0x5D, 0x81, 0x1F, 0x65, 0x81, 0x1F, 0x5D, 0x00, 0x1F, 0x65, 0xB2, 0x1F, 0x5D,
    0x00, 0x3F, 0x5D, 0x88, 0x1F, 0x5D, 0x82, 0x3F, 0x5D, 0x87, 0x1F, 0x5D, 0x82, 0x3F, 0x5D, 0x8C,
    0x1F, 0x5D, 0x82, 0x3F, 0x5D, 0x87, 0x1F, 0x5D, 0x82, 0x3F, 0x5D, 0x8C, 0x1F, 0x5D, 0x81, 0x3F,
    0x5D, 0x84, 0x1F, 0x5D, 0x82, 0x3F, 0x5D, 0x82, 0x1F, 0x5D, 0xFF, 0x3F, 0x5D, 0xE5, 0x3F, 0x5D,
    0x00, 0x5F, 0x5D, 0x92, 0x3F, 0x5D, 0x81, 0x5F, 0x5D, 0x82, 0x3F, 0x5D, 0x00, 0x5F, 0x5D, 0xF3,
    0x5F, 0x55, 0x00, 0x5F, 0x5D, 0xD7, 0x5F, 0x55, 0x00, 0x7F, 0x55, 0x95, 0x5F, 0x55, 0x00, 0x7F,
    0x55, 0x81, 0x5F, 0x55, 0x81, 0x7F, 0x55, 0x83, 0x5F, 0x55, 0x00, 0x7F, 0x55, 0x84, 0x5F, 0x55,
    0x00, 0x7F, 0x55, 0x89, 0x5F, 0x55, 0xFF, 0x7F, 0x55, 0xFF, 0x7F, 0x55, 0x81, 0x7F, 0x55, 0xE1,
    0x9F, 0x4D, 0x00, 0x9F, 0x55, 0x9A, 0x9F, 0x4D, 0x00, 0x9F, 0x55, 0xFF, 0x9F, 0x4D, 0x00, 0x9F,
    0x4D, 0xFF, 0xBF, 0x4D, 0xFF, 0xBF, 0x4D, 0xFF, 0xDF, 0x45, 0xFF, 0xDF, 0x45, 0xB8, 0xFF, 0x45,
    0x81, 0xFF, 0x4D, 0xFF, 0xFF, 0x45, 0xC4, 0xFF, 0x45, 0xB6, 0xFF, 0x3D, 0x00, 0xFF, 0x45, 0x82,
    0x1F, 0x46, 0x81, 0xFF, 0x45, 0x86, 0xFF, 0x3D, 0x81, 0xFF, 0x45, 0x88, 0xFF, 0x3D, 0x82, 0xFF,
    0x45, 0x89, 0xFF, 0x3D, 0x00, 0xFF, 0x45, 0x89, 0xFF, 0x3D, 0x00, 0xFF, 0x45, 0x97, 0xFF, 0x3D,
    0xA4, 0x1F, 0x3E, 0x82, 0x1F, 0x46, 0x87, 0x1F, 0x3E, 0x81, 0x1F, 0x46, 0xE3, 0x1F, 0x3E, 0x01,
    0x3F, 0x3E, 0x1F, 0x3E, 0x83, 0x3F, 0x3E, 0x84, 0x1F, 0x3E, 0x83, 0x3F, 0x3E, 0x85, 0x3F, 0x46,
    0x84, 0x3F, 0x3E, 0x82, 0x3F, 0x46, 0x00, 0x3F, 0x3E, 0xBD, 0x1F, 0x3E, 0x82, 0x3F, 0x3E, 0x8A,
    0x1F, 0x3E, 0xA5, 0x3F, 0x3E, 0x01, 0x5F, 0x46, 0x3F, 0x46, 0xD7, 0x3F, 0x3E, 0x95, 0x3F, 0x36,
    0x81, 0x3F, 0x3E, 0x00, 0x3F, 0x36, 0x82, 0x5F, 0x3E, 0x82, 0x3F, 0x36, 0x83, 0x3F, 0x3E, 0x81,
    0x3F, 0x36, 0x83, 0x5F, 0x3E, 0x00, 0x3F, 0x3E, 0x81, 0x5F, 0x3E, 0x00, 0x3F, 0x36, 0x81, 0x3F,
    0x3E, 0x00, 0x3F, 0x36, 0x81, 0x5F, 0x3E, 0x00, 0x3F, 0x3E, 0xB6, 0x3F, 0x36, 0x00, 0x3F, 0x3E,
    0x85, 0x3F, 0x36, 0x81, 0x5F, 0x3E, 0x01, 0x5F, 0x46, 0x5F, 0x3E, 0x8A, 0x3F, 0x36, 0xA5, 0x5F,
    0x36, 0x00, 0x7F, 0x3E, 0x88, 0x5F, 0x36, 0x82, 0x5F, 0x3E, 0xBE, 0x5F, 0x36, 0x00, 0x5F, 0x3E,
    0x81, 0x7F, 0x46, 0x00, 0x5F, 0x3E, 0x89, 0x5F, 0x36, 0xF1, 0x7F, 0x36, 0x00, 0x7F, 0x3E, 0x81,
    0x9F, 0x46, 0xFD, 0x7F, 0x36, 0x01, 0x9F, 0x46, 0x7F, 0x3E, 0xAA, 0x7F, 0x36, 0x00, 0x9F, 0x36,
    0x83, 0x7F, 0x36, 0x00, 0x9F, 0x36, 0xCB, 0x7F, 0x36, 0x82, 0x9F, 0x3E, 0x8A, 0x7F, 0x36, 0xA3,
    0x9F, 0x2E, 0x00, 0x9F, 0x36, 0x8C, 0x9F, 0x2E, 0x00, 0x9F, 0x36, 0xBC, 0x9F, 0x2E, 0x81, 0x9F,
    0x36, 0x02, 0xBF, 0x3E, 0xBF, 0x46, 0xBF, 0x3E, 0x81, 0x9F, 0x36, 0xAC, 0x9F, 0x2E, 0x00, 0xBF,
    0x2E, 0xCA, 0x9F, 0x2E, 0x01, 0xBF, 0x2E, 0xBF, 0x36, 0x81, 0xBF, 0x3E, 0x01, 0xBF, 0x36, 0xBF,
    0x2E, 0x89, 0x9F, 0x2E, 0xB1, 0xBF, 0x2E, 0x00, 0xBF, 0x36, 0xBE, 0xBF, 0x2E, 0x82, 0xBF, 0x36,
    0x8A, 0xBF, 0x2E, 0x8D, 0xBF, 0x26, 0x02, 0xBF, 0x2E, 0xBF, 0x26, 0xBF, 0x2E, 0x81, 0xDF, 0x2E,
    0x81, 0xBF, 0x2E, 0x81, 0xBF, 0x26, 0x85, 0xBF, 0x2E, 0x81, 0xDF, 0x2E, 0x00, 0xBF, 0x2E, 0x81,
    0xBF, 0x26, 0x01, 0xBF, 0x2E, 0xDF, 0x2E, 0x81, 0xBF, 0x2E, 0x01, 0xBF, 0x26, 0xBF, 0x2E, 0x81,
    0xDF, 0x2E, 0x81, 0xBF, 0x2E, 0x81, 0xBF, 0x26, 0x81, 0xBF, 0x2E, 0x81, 0xDF, 0x2E, 0x81, 0xBF,
    0x2E, 0xA8, 0xBF, 0x26, 0x82, 0xBF, 0x2E, 0x87, 0xBF, 0x26, 0x82, 0xBF, 0x2E, 0x85, 0xBF, 0x26,
    0x82, 0xBF, 0x2E, 0x81, 0xDF, 0x2E, 0x00, 0xBF, 0x2E, 0x88, 0xBF, 0x26, 0xE7, 0xDF, 0x26, 0x81,
    0xDF, 0x2E, 0x88, 0xDF, 0x26, 0x82, 0xDF, 0x2E, 0xA0, 0xDF, 0x26, 0x00, 0xFF, 0x26, 0x89, 0xDF,
    0x26, 0x82, 0xFF, 0x26, 0x88, 0xDF, 0x26, 0x81, 0xFF, 0x26, 0xAD, 0xDF, 0x26, 0x00, 0xFF, 0x26,
    0x87, 0xDF, 0x26, 0x02, 0xFF, 0x2E, 0xDF, 0x26, 0xFF, 0x2E, 0x88, 0xDF, 0x26, 0x01, 0xFF, 0x2E,
    0xDF, 0x2E, 0x8A, 0xDF, 0x26, 0xDB, 0xFF, 0x26, 0x00, 0xFF, 0x2E, 0x95, 0xFF, 0x26, 0x81, 0xFF,
    0x2E, 0xA0, 0xFF, 0x26, 0x00, 0x1F, 0x2F, 0x89, 0xFF, 0x26, 0x81, 0x1F, 0x2F, 0x89, 0xFF, 0x26,
    0x00, 0xFF, 0x2E, 0xB9, 0xFF, 0x26, 0x00, 0xFF, 0x2E, 0x89, 0xFF, 0x26, 0x00, 0xFF, 0x2E, 0x8B,
    0xFF, 0x26, 0x00, 0x1F, 0x1F, 0x83, 0x1F, 0x27, 0x84, 0x1F, 0x1F, 0x84, 0x1F, 0x27, 0x85, 0x1F,
    0x1F, 0x81, 0x1F, 0x27, 0x00, 0x1F, 0x2F, 0x81, 0x1F, 0x27, 0x00, 0x1F, 0x1F, 0x81, 0x1F, 0x27,
    0x82, 0x1F, 0x1F, 0x00, 0x1F, 0x27, 0x82, 0x1F, 0x2F, 0x81, 0x1F, 0x27, 0x01, 0x1F, 0x1F, 0x1F,
    0x27, 0x81, 0x1F, 0x1F, 0x83, 0x1F, 0x27, 0xAD, 0x1F, 0x1F, 0x83, 0x1F, 0x27, 0x84, 0x1F, 0x1F,
    0x89, 0x1F, 0x27, 0x00, 0x1F, 0x2F, 0x81, 0x1F, 0x27, 0x8F, 0x1F, 0x1F, 0x00, 0x1F, 0x27, 0x82,
    0x3F, 0x27, 0x00, 0x1F, 0x27, 0x84, 0x1F, 0x1F, 0x00, 0x1F, 0x27, 0x82, 0x3F, 0x27, 0x00, 0x1F,
    0x27, 0x84, 0x1F, 0x1F, 0x01, 0x1F, 0x27, 0x3F, 0x2F, 0x81, 0x3F, 0x27, 0x81, 0x1F, 0x27, 0x00,
    0x3F, 0x27, 0x83, 0x1F, 0x1F, 0x00, 0x1F, 0x27, 0x83, 0x3F, 0x27, 0x02, 0x1F, 0x27, 0x3F, 0x27,
    0x1F, 0x27, 0x82, 0x1F, 0x1F, 0x00, 0x1F, 0x27, 0xAF, 0x1F, 0x1F, 0x82, 0x1F, 0x27, 0x00, 0x3F,
    0x27, 0x83, 0x1F, 0x27, 0x82, 0x3F, 0x2F, 0x00, 0x3F, 0x27, 0x81, 0x3F, 0x2F, 0x82, 0x1F, 0x27,
    0x03, 0x1F, 0x1F, 0x1F, 0x27, 0x1F, 0x1F, 0x1F, 0x27, 0x8D, 0x1F, 0x1F, 0x84, 0x3F, 0x1F, 0x82,
    0x3F, 0x27, 0x86, 0x3F, 0x1F, 0x82, 0x3F, 0x27, 0x86, 0x3F, 0x1F, 0x84, 0x3F, 0x27, 0x86, 0x3F,
    0x1F, 0x83, 0x3F, 0x27, 0xBA, 0x3F, 0x1F, 0x81, 0x3F, 0x27, 0x9A, 0x3F, 0x1F, 0x83, 0x3F, 0x17,
    0x86, 0x3F, 0x1F, 0x82, 0x3F, 0x17, 0x86, 0x3F, 0x1F, 0x82, 0x3F, 0x17, 0x8A, 0x3F, 0x1F, 0x00,
    0x3F, 0x17, 0x85, 0x3F, 0x1F, 0xD4, 0x3F, 0x17, 0xFF, 0x5F, 0x17, 0xD2, 0x5F, 0x17, 0xAC, 0x00,
    0x00, 0xCF, 0x5F, 0x17, 0x84, 0x00, 0x00, 0x01, 0xD1, 0xD5, 0xF1, 0xDD, 0x82, 0x12, 0xDE, 0x0F,
    0x33, 0xDE, 0xF1, 0xD5, 0xF1, 0xDD, 0x12, 0xDE, 0xF1, 0xDD, 0xD1, 0xD5, 0xB0, 0xD5, 0xD1, 0xD5,
    0x4F, 0xC5, 0x00, 0x00, 0x12, 0xDE, 0x32, 0xDE, 0x33, 0xDE, 0x12, 0xDE, 0x32, 0xDE, 0xF1, 0xDD,
    0x81, 0x12, 0xDE, 0x01, 0x33, 0xDE, 0x32, 0xDE, 0x82, 0x12, 0xDE, 0x00, 0x00, 0x00, 0x81, 0xB0,
    0xD5, 0x00, 0xF1, 0xDD, 0x82, 0x12, 0xDE, 0x03, 0x32, 0xDE, 0x33, 0xDE, 0x12, 0xDE, 0xD1, 0xD5,
    0x82, 0x12, 0xDE, 0x00, 0x00, 0x00, 0xCC, 0x7F, 0x17, 0x82, 0x00, 0x00, 0x06, 0x33, 0xDE, 0xF1,
    0xD5, 0x12, 0xDE, 0x32, 0xDE, 0x00, 0x00, 0xF1, 0xD5, 0xF1, 0xDD, 0x83, 0x33, 0xDE, 0x04, 0xD1,
    0xD5, 0x32, 0xDE, 0x12, 0xDE, 0xD1, 0xD5, 0x12, 0xDE, 0x81, 0xF1, 0xDD, 0x02, 0x70, 0xC5, 0x00,
    0x00, 0x12, 0xDE, 0x81, 0x33, 0xDE, 0x02, 0xF2, 0xDD, 0x12, 0xDE, 0xF2, 0xDD, 0x82, 0x33, 0xDE,
    0x81, 0x12, 0xDE, 0x06, 0x32, 0xDE, 0x12, 0xDE, 0x00, 0x00, 0xF2, 0xDD, 0xF1, 0xDD, 0x12, 0xDE,
    0x32, 0xDE, 0x81, 0x12, 0xDE, 0x81, 0x33, 0xDE, 0x02, 0xF2, 0xDD, 0xD1, 0xD5, 0x12, 0xDE, 0x81,
    0x33, 0xDE, 0x00, 0x00, 0x00, 0xCC, 0x9F, 0x0F, 0x01, 0x00, 0x00, 0x12, 0xDE, 0x81, 0x33, 0xDE,
    0x05, 0xF2, 0xDD, 0x12, 0xDE, 0x33, 0xDE, 0x00, 0x00, 0x32, 0xDE, 0x12, 0xDE, 0x82, 0x33, 0xDE,
    0x01, 0x12, 0xDE, 0x33, 0xDE, 0x83, 0x12, 0xDE, 0x05, 0xF2, 0xDD, 0x12, 0xDE, 0x70, 0xCD, 0x00,
    0x00, 0xF1, 0xDD, 0x33, 0xDE, 0x83, 0x12, 0xDE, 0x81, 0x33, 0xDE, 0x02, 0x32, 0xDE, 0x12, 0xDE,
    0x33, 0xDE, 0x81, 0x12, 0xDE, 0x00, 0x00, 0x00, 0x81, 0xF2, 0xDD, 0x04, 0x12, 0xDE, 0x53, 0xDE,
    0xF2, 0xDD, 0x12, 0xDE, 0x33, 0xDE, 0x83, 0x12, 0xDE, 0x81, 0x33, 0xDE, 0x00, 0x00, 0x00, 0xCC,
    0x9F, 0x0F, 0x01, 0x00, 0x00, 0x53, 0xDE, 0x81, 0x33, 0xDE, 0x81, 0x12, 0xDE, 0x02, 0x33, 0xDE,
    0x00, 0x00, 0x33, 0xDE, 0x81, 0xF2, 0xDD, 0x81, 0x33, 0xDE, 0x0B, 0xD1, 0xD5, 0xF1, 0xD5, 0xF1,
    0xDD, 0x33, 0xDE, 0x53, 0xDE, 0x12, 0xDE, 0x33, 0xDE, 0x53, 0xDE, 0x91, 0xCD, 0x00, 0x00, 0xF1,
    0xDD, 0x33, 0xDE, 0x82, 0x12, 0xDE, 0x81, 0xF2, 0xDD, 0x07, 0x33, 0xDE, 0x12, 0xDE, 0x33, 0xDE,
    0xF1, 0xDD, 0x12, 0xDE, 0x33, 0xDE, 0x00, 0x00, 0x12, 0xDE, 0x81, 0x33, 0xDE, 0x00, 0x53, 0xDE,
    0x81, 0x12, 0xDE, 0x00, 0x33, 0xDE, 0x82, 0x12, 0xDE, 0x00, 0xF1, 0xDD, 0x81, 0x33, 0xDE, 0x00,
    0x00, 0x00, 0xCC, 0xBF, 0x0F, 0x07, 0x00, 0x00, 0x53, 0xDE, 0x33, 0xDE, 0x12, 0xDE, 0xF2, 0xDD,
    0xF1, 0xDD, 0xF2, 0xDD, 0x00, 0x00, 0x81, 0x12, 0xDE, 0x04, 0xF2, 0xDD, 0x12, 0xDE, 0xF1, 0xDD,
    0xF1, 0xD5, 0xF1, 0xDD, 0x83, 0x12, 0xDE, 0x03, 0x33, 0xDE, 0x53, 0xDE, 0x91, 0xCD, 0x00, 0x00,
    0x81, 0xF2, 0xDD, 0x00, 0xF1, 0xDD, 0x82, 0x12, 0xDE, 0x00, 0xF2, 0xDD, 0x85, 0x12, 0xDE, 0x05,
    0x00, 0x00, 0x12, 0xDE, 0x33, 0xDE, 0x53, 0xDE, 0x12, 0xDE, 0xF2, 0xDD, 0x82, 0xF1, 0xDD, 0x82,
    0x12, 0xDE, 0x02, 0xF2, 0xDD, 0xF1, 0xDD, 0x00, 0x00, 0xCC, 0xBF, 0x07, 0x07, 0x00, 0x00, 0x33,
    0xDE, 0x32, 0xDE, 0x12, 0xDE, 0xF1, 0xDD, 0xD1, 0xD5, 0x12, 0xDE, 0x00, 0x00, 0x82, 0x12, 0xDE,
    0x81, 0x33, 0xDE, 0x09, 0x32, 0xDE, 0x12, 0xDE, 0x33, 0xDE, 0xF2, 0xDD, 0x12, 0xDE, 0x33, 0xDE,
    0x53, 0xDE, 0x33, 0xDE, 0x70, 0xC5, 0x00, 0x00, 0x86, 0x12, 0xDE, 0x81, 0x33, 0xDE, 0x09, 0x12,
    0xDE, 0x32, 0xDE, 0x12, 0xDE, 0xF2, 0xDD, 0x00, 0x00, 0x33, 0xDE, 0x53, 0xDE, 0x32, 0xDE, 0x12,
    0xDE, 0xF1, 0xDD, 0x81, 0xD1, 0xD5, 0x82, 0x12, 0xDE, 0x00, 0xF2, 0xDD, 0x81, 0x33, 0xDE, 0x00,
    0x00, 0x00, 0xCC, 0xDF, 0x07, 0x0E, 0x00, 0x00, 0x12, 0xDE, 0xD1, 0xD5, 0xF1, 0xDD, 0x33, 0xDE,
    0xD1, 0xD5, 0x12, 0xDE, 0x00, 0x00, 0x12, 0xDE, 0xF1, 0xD5, 0x33, 0xDE, 0x74, 0xDE, 0x54, 0xDE,
    0x53, 0xDE, 0x12, 0xDE, 0x84, 0x33, 0xDE, 0x04, 0x12, 0xDE, 0x2F, 0xC5, 0x00, 0x00, 0x12, 0xDE,
    0xF2, 0xDD, 0x81, 0x12, 0xDE, 0x06, 0xF1, 0xDD, 0x12, 0xDE, 0x33, 0xDE, 0x74, 0xDE, 0x53, 0xDE,
    0x33, 0xDE, 0x12, 0xDE, 0x81, 0x33, 0xDE, 0x00, 0x00, 0x00, 0x81, 0x33, 0xDE, 0x04, 0x12, 0xDE,
    0xD1, 0xD5, 0x33, 0xDE, 0xD1, 0xD5, 0xF1, 0xDD, 0x81, 0x12, 0xDE, 0x04, 0xF1, 0xDD, 0x12, 0xDE,
    0x53, 0xDE, 0x54, 0xDE, 0x00, 0x00, 0xCC, 0xDF, 0x07, 0x0A, 0x00, 0x00, 0xD1, 0xD5, 0xB0, 0xD5,
    0x33, 0xDE, 0x53, 0xDE, 0x12, 0xDE, 0xF1, 0xDD, 0x00, 0x00, 0x33, 0xDE, 0x12, 0xDE, 0x33, 0xDE,
    0x81, 0x74, 0xDE, 0x01, 0x53, 0xDE, 0x33, 0xDE, 0x81, 0x12, 0xDE, 0x09, 0xD1, 0xD5, 0x33, 0xDE,
    0xF1, 0xDD, 0xD1, 0xD5, 0x2F, 0xC5, 0x00, 0x00, 0x33, 0xDE, 0xF1, 0xDD, 0x12, 0xDE, 0x53, 0xDE,
    0x81, 0x12, 0xDE, 0x01, 0x33, 0xDE, 0x74, 0xDE, 0x81, 0x53, 0xDE, 0x82, 0x12, 0xDE, 0x0E, 0x00,
    0x00, 0x33, 0xDE, 0xF1, 0xDD, 0xB0, 0xD5, 0xF1, 0xDD, 0x53, 0xDE, 0x12, 0xDE, 0xF1, 0xDD, 0x12,
    0xDE, 0x53, 0xDE, 0x12, 0xDE, 0x33, 0xDE, 0x54, 0xDE, 0x74, 0xDE, 0x00, 0x00, 0xCC, 0xDF, 0x07,
    0x09, 0x00, 0x00, 0xD0, 0xD5, 0xB0, 0xD5, 0x54, 0xDE, 0x53, 0xDE, 0x33, 0xDE, 0x12, 0xDE, 0x00,
    0x00, 0x54, 0xDE, 0x33, 0xDE, 0x82, 0x53, 0xDE, 0x0D, 0x33, 0xDE, 0x32, 0xDE, 0xF1, 0xD5, 0x12,
    0xDE, 0xD1, 0xD5, 0x33, 0xDE, 0xD1, 0xD5, 0xD0, 0xD5, 0x2F, 0xC5, 0x00, 0x00, 0x33, 0xDE, 0x12,
    0xDE, 0x33, 0xDE, 0x54, 0xDE, 0x81, 0x33, 0xDE, 0x82, 0x53, 0xDE, 0x00, 0x33, 0xDE, 0x82, 0x12,
    0xDE, 0x09, 0x00, 0x00, 0x33, 0xDE, 0xD1, 0xD5, 0xB0, 0xD5, 0x12, 0xDE, 0x53, 0xDE, 0x33, 0xDE,
    0x12, 0xDE, 0x33, 0xDE, 0x54, 0xDE, 0x81, 0x33, 0xDE, 0x02, 0x54, 0xDE, 0x53, 0xDE, 0x00, 0x00,
    0xCC, 0xFF, 0x07, 0x02, 0x00, 0x00, 0xB0, 0xD5, 0x12, 0xDE, 0x81, 0x53, 0xDE, 0x81, 0x32, 0xDE,
    0x01, 0x00, 0x00, 0x32, 0xDE, 0x81, 0x33, 0xDE, 0x81, 0x12, 0xDE, 0x0D, 0x74, 0xDE, 0x33, 0xDE,
    0x32, 0xDE, 0x33, 0xDE, 0x12, 0xDE, 0xD0, 0xD5, 0x12, 0xDE, 0xF1, 0xDD, 0x70, 0xC5, 0x00, 0x00,
    0x33, 0xDE, 0x32, 0xDE, 0x12, 0xDE, 0x32, 0xDE, 0x82, 0x33, 0xDE, 0x00, 0x12, 0xDE, 0x81, 0x53,
    0xDE, 0x08, 0x12, 0xDE, 0x32, 0xDE, 0x33, 0xDE, 0x00, 0x00, 0xB0, 0xD5, 0x8F, 0xD5, 0xF1, 0xD5,
    0x33, 0xDE, 0x53, 0xDE, 0x81, 0x32, 0xDE, 0x08, 0x12, 0xDE, 0xF1, 0xDD, 0x33, 0xDE, 0x12, 0xDE,
    0x33, 0xDE, 0x12, 0xDE, 0x00, 0x00, 0xBF, 0x94, 0x9F, 0x94, 0x81, 0x7F, 0x8C, 0x03, 0xBF, 0x94,
    0xDF, 0x9C, 0x1F, 0x9D, 0xFF, 0x9C, 0x81, 0x1F, 0xA5, 0x00, 0x1F, 0x9D, 0x81, 0xFF, 0x9C, 0x81,
    0x3F, 0xA5, 0x02, 0x5F, 0xA5, 0x7F, 0xAD, 0xDF, 0xBD, 0x81, 0x7F, 0xAD, 0x08, 0xDF, 0x94, 0xBF,
    0x94, 0xDF, 0x9C, 0xDF, 0x94, 0x1F, 0x9D, 0xFF, 0xBD, 0x9F, 0xB5, 0x7F, 0xAD, 0xFF, 0x9C, 0x81,
    0x1F, 0xA5, 0x0C, 0x1F, 0x9D, 0xBF, 0xB5, 0x3F, 0xA5, 0x9F, 0xAD, 0xBF, 0xB5, 0x5F, 0xAD, 0x5F,
    0xA5, 0x1F, 0xA5, 0x7F, 0x8C, 0x9F, 0x8C, 0xBF, 0x94, 0xFF, 0x9C, 0xBF, 0x94, 0x81, 0x1F, 0x9D,
    0x01, 0xFF, 0x9C, 0x1F, 0x9D, 0x81, 0xFF, 0x9C, 0x01, 0x5F, 0xAD, 0x3F, 0xA5, 0x81, 0x9F, 0xB5,
    0x0A, 0xDF, 0xB5, 0x9F, 0xB5, 0x5F, 0xAD, 0xFF, 0x9C, 0xDF, 0x94, 0xBF, 0x94, 0xDF, 0x94, 0xFF,
    0x9C, 0x1F, 0xA5, 0x3F, 0xA5, 0x9F, 0xB5, 0x81, 0x5F, 0xAD, 0x0B, 0x9F, 0xAD, 0x9F, 0xB5, 0xBF,
    0xB5, 0xDF, 0xBD, 0x5F, 0xC6, 0x7F, 0xAD, 0x9F, 0xB5, 0x1F, 0x9D, 0xBF, 0x94, 0x5F, 0x8C, 0x00,
    0x00, 0xD1, 0xD5, 0x81, 0x12, 0xDE, 0x04, 0x33, 0xDE, 0xF1, 0xDD, 0x33, 0xDE, 0x00, 0x00, 0x12,
    0xDE, 0x82, 0x33, 0xDE, 0x81, 0x53, 0xDE, 0x03, 0x33, 0xDE, 0x12, 0xDE, 0x32, 0xDE, 0xF1, 0xDD,
    0x82, 0xD1, 0xD5, 0x01, 0x70, 0xC5, 0x00, 0x00, 0x82, 0x12, 0xDE, 0x84, 0x33, 0xDE, 0x81, 0x53,
    0xDE, 0x81, 0x12, 0xDE, 0x03, 0x32, 0xDE, 0x00, 0x00, 0xD1, 0xD5, 0xD0, 0xD5, 0x81, 0x12, 0xDE,
    0x01, 0x33, 0xDE, 0xF1, 0xDD, 0x81, 0x12, 0xDE, 0x00, 0xB0, 0xD5, 0x82, 0x33, 0xDE, 0x03, 0x53,
    0xDE, 0x00, 0x00, 0xBF, 0x94, 0x1F, 0xA5, 0x81, 0x5F, 0xAD, 0x0B, 0x3F, 0xA5, 0xFF, 0xBD, 0x3F,
    0xC6, 0x1F, 0xBE, 0xDF, 0xBD, 0xFF, 0xBD, 0x9F, 0xAD, 0x7F, 0xAD, 0xDF, 0xBD, 0xDF, 0xB5, 0xDF,
    0xBD, 0x9F, 0xB5, 0x82, 0x7F, 0xAD, 0x03, 0x5F, 0xAD, 0x9F, 0xAD, 0xBF, 0xB5, 0xDF, 0xBD, 0x81,
    0xFF, 0xBD, 0x08, 0x3F, 0xC6, 0x5F, 0xC6, 0xFF, 0xBD, 0xDF, 0xBD, 0xDF, 0xB5, 0x7F, 0xAD, 0x9F,
    0xB5, 0x5F, 0xA5, 0x3F, 0xA5, 0x82, 0xFF, 0x9C, 0x1D, 0xDF, 0x94, 0xDF, 0x9C, 0xDF, 0x94, 0x5F,
    0xA5, 0xBF, 0xB5, 0x3F, 0xA5, 0xFF, 0xBD, 0x1F, 0xC6, 0x1F, 0xBE, 0x1F, 0xC6, 0xFF, 0xBD, 0x7F,
    0xAD, 0x3F, 0xA5, 0x9F, 0xAD, 0x7F, 0xAD, 0xBF, 0xB5, 0x7F, 0xAD, 0x1F, 0x9D, 0x5F, 0xA5, 0x1F,
    0xA5, 0x7F, 0xAD, 0x1F, 0x9D, 0xDF, 0xBD, 0x7F, 0xAD, 0x1F, 0xBE, 0x3F, 0xC6, 0x9F, 0xD6, 0xBF,
    0xD6, 0xFF, 0xBD, 0x1F, 0xC6, 0x81, 0xDF, 0xBD, 0x01, 0x9F, 0xAD, 0x1F, 0xBE, 0x81, 0xBF, 0xB5,
    0x06, 0xDF, 0x9C, 0xFF, 0x9C, 0x7F, 0x8C, 0x9F, 0x94, 0x00, 0x00, 0x12, 0xDE, 0x32, 0xDE, 0x81,
    0x12, 0xDE, 0x03, 0xF1, 0xD5, 0x32, 0xDE, 0x00, 0x00, 0xF2, 0xDD, 0x82, 0x33, 0xDE, 0x05, 0x53,
    0xDE, 0x12, 0xDE, 0x53, 0xDE, 0x12, 0xDE, 0xD0, 0xD5, 0xB0, 0xD5, 0x82, 0x12, 0xDE, 0x01, 0x70,
    0xCD, 0x00, 0x00, 0x84, 0x12, 0xDE, 0x83, 0x33, 0xDE, 0x04, 0x32, 0xDE, 0x53, 0xDE, 0x12, 0xDE,
    0x33, 0xDE, 0x00, 0x00, 0x81, 0x12, 0xDE, 0x03, 0x33, 0xDE, 0x32, 0xDE, 0x12, 0xDE, 0xF1, 0xD5,
    0x81, 0x12, 0xDE, 0x01, 0xD1, 0xD5, 0x12, 0xDE, 0x81, 0x33, 0xDE, 0x02, 0x53, 0xDE, 0x00, 0x00,
    0xDF, 0xBD, 0x81, 0x3F, 0xC6, 0x00, 0x5F, 0xCE, 0x81, 0x1F, 0xC6, 0x00, 0x3F, 0xC6, 0x81, 0x9F,
    0xD6, 0x08, 0x3F, 0xC6, 0xBF, 0xD6, 0xFF, 0xDE, 0x9F, 0xD6, 0x3F, 0xC6, 0x5F, 0xC6, 0x3F, 0xC6,
    0x5F, 0xC6, 0x3F, 0xC6, 0x81, 0x1F, 0xC6, 0x09, 0x9F, 0xD6, 0xDF, 0xDE, 0x7F, 0xCE, 0x3F, 0xC6,
    0xFF, 0xBD, 0x7F, 0xCE, 0x3F, 0xC6, 0x9F, 0xCE, 0x3F, 0xC6, 0xFF, 0xBD, 0x81, 0xBF, 0xB5, 0x06,
    0x9F, 0xB5, 0x5F, 0xAD, 0x3F, 0xA5, 0xFF, 0x9C, 0x3F, 0xA5, 0x1F, 0x9D, 0x7F, 0xAD, 0x81, 0x1F,
    0xC6, 0x00, 0x9F, 0xAD, 0x81, 0xBF, 0xB5, 0x08, 0xFF, 0xBD, 0xBF, 0xB5, 0x3F, 0xC6, 0x1F, 0xC6,
    0xBF, 0xB5, 0x9F, 0xB5, 0x1F, 0xBE, 0x7F, 0xAD, 0x9F, 0xAD, 0x81, 0x3F, 0xA5, 0x08, 0x7F, 0xAD,
    0x5F, 0xA5, 0xDF, 0xBD, 0xFF, 0xBD, 0xDF, 0xB5, 0x3F, 0xA5, 0x5F, 0xAD, 0xDF, 0xB5, 0x1F, 0xBE,
    0x81, 0xFF, 0xBD, 0x0B, 0x5F, 0xCE, 0x9F, 0xB5, 0xFF, 0xBD, 0xDF, 0xBD, 0x9F, 0xAD, 0x9F, 0xB5,
    0x5F, 0xAD, 0x3F, 0xA5, 0xBF, 0x94, 0xDF, 0x94, 0x5F, 0xA5, 0x00, 0x00, 0x81, 0x33, 0xDE, 0x04,
    0x53, 0xDE, 0x33, 0xDE, 0xD1, 0xD5, 0xF1, 0xDD, 0x00, 0x00, 0x81, 0x33, 0xDE, 0x00, 0x12, 0xDE,
    0x83, 0x33, 0xDE, 0x81, 0xF1, 0xDD, 0x81, 0xF2, 0xDD, 0x81, 0x33, 0xDE, 0x01, 0x70, 0xCD, 0x00,
    0x00, 0x81, 0x12, 0xDE, 0x00, 0xF1, 0xDD, 0x82, 0x33, 0xDE, 0x00, 0x12, 0xDE, 0x82, 0x33, 0xDE,
    0x00, 0x12, 0xDE, 0x81, 0x33, 0xDE, 0x03, 0x00, 0x00, 0xF1, 0xDD, 0x33, 0xDE, 0x32, 0xDE, 0x81,
    0x33, 0xDE, 0x81, 0xD1, 0xD5, 0x00, 0xF1, 0xDD, 0x81, 0x33, 0xDE, 0x81, 0x12, 0xDE, 0x03, 0x33,
    0xDE, 0x00, 0x00, 0x7F, 0xCE, 0x5F, 0xCE, 0x81, 0xDF, 0xDE, 0x05, 0xFF, 0xDE, 0xBF, 0xD6, 0x1F,
    0xE7, 0x3F, 0xE7, 0x5F, 0xEF, 0x1F, 0xE7, 0x82, 0xBF, 0xD6, 0x04, 0x3F, 0xE7, 0xDF, 0xDE, 0x1F,
    0xE7, 0x3F, 0xE7, 0x5F, 0xEF, 0x83, 0xFF, 0xDE, 0x0E, 0x5F, 0xEF, 0xFF, 0xDE, 0xDF, 0xDE, 0xFF,
    0xDE, 0xDF, 0xDE, 0x1F, 0xE7, 0xFF, 0xDE, 0x5F, 0xC6, 0x7F, 0xAD, 0xDF, 0xBD, 0xFF, 0xBD, 0x3F,
    0xC6, 0x5F, 0xCE, 0x1F, 0xC6, 0x5F, 0xCE, 0x81, 0xFF, 0xBD, 0x09, 0xDF, 0xBD, 0xFF, 0xBD, 0x7F,
    0xCE, 0xDF, 0xBD, 0x9F, 0xCE, 0x3F, 0xC6, 0x1F, 0xC6, 0x5F, 0xC6, 0x3F, 0xC6, 0xFF, 0xBD, 0x82,
    0xBF, 0xB5, 0x05, 0x7F, 0xAD, 0xBF, 0xB5, 0xFF, 0xBD, 0xDF, 0xBD, 0x5F, 0xA5, 0xFF, 0xBD, 0x81,
    0xBF, 0xB5, 0x07, 0xDF, 0xB5, 0xFF, 0xBD, 0xDF, 0xBD, 0x5F, 0xC6, 0x5F, 0xCE, 0x1F, 0xC6, 0x3F,
    0xC6, 0x1F, 0xC6, 0x82, 0xFF, 0xBD, 0x09, 0xDF, 0xB5, 0xFF, 0xBD, 0xBF, 0xB5, 0x9F, 0xB5, 0x9F,
    0xAD, 0x9F, 0x94, 0x00, 0x00, 0x33, 0xDE, 0x12, 0xDE, 0xF1, 0xDD, 0x82, 0x12, 0xDE, 0x01, 0x00,
    0x00, 0x4F, 0xC5, 0x82, 0x70, 0xC5, 0x02, 0x50, 0xC5, 0x4F, 0xC5, 0x2F, 0xC5, 0x81, 0x50, 0xC5,
    0x08, 0x70, 0xC5, 0x50, 0xC5, 0x70, 0xC5, 0x70, 0xCD, 0xCE, 0xB4, 0x00, 0x00, 0x50, 0xC5, 0x70,
    0xC5, 0x50, 0xC5, 0x84, 0x70, 0xC5, 0x01, 0x50, 0xC5, 0x70, 0xC5, 0x82, 0x50, 0xC5, 0x05, 0x00,
    0x00, 0x4F, 0xC5, 0x70, 0xC5, 0x71, 0xCD, 0x4F, 0xC5, 0x50, 0xC5, 0x81, 0x70, 0xC5, 0x00, 0x50,
    0xC5, 0x83, 0x70, 0xC5, 0x04, 0x50, 0xC5, 0x00, 0x00, 0x3F, 0xE7, 0x1F, 0xE7, 0x3F, 0xE7, 0x81,
    0xFF, 0xDE, 0x00, 0x5F, 0xCE, 0x81, 0xBF, 0xB5, 0x81, 0x5F, 0xA5, 0x06, 0xBF, 0xB5, 0x3F, 0xC6,
    0xDF, 0xDE, 0x1F, 0xE7, 0xBF, 0xD6, 0xFF, 0xDE, 0xDF, 0xDE, 0x82, 0x3F, 0xE7, 0x13, 0xDF, 0xDE,
    0xFF, 0xDE, 0x1F, 0xE7, 0xBF, 0xD6, 0x3F, 0xC6, 0xFF, 0xBD, 0xBF, 0xB5, 0x7F, 0xAD, 0x3F, 0xA5,
    0x7F, 0xAD, 0x1F, 0xC6, 0x1F, 0xBE, 0x9F, 0xCE, 0x7F, 0xCE, 0x3F, 0xC6, 0x5F, 0xCE, 0xBF, 0xD6,
    0x7F, 0xCE, 0x3F, 0xC6, 0x7F, 0xCE, 0x81, 0x1F, 0xC6, 0x81, 0xFF, 0xBD, 0x00, 0x5F, 0xAD, 0x81,
    0x3F, 0xA5, 0x01, 0xFF, 0x9C, 0x5F, 0xAD, 0x81, 0xFF, 0xBD, 0x81, 0xBF, 0xB5, 0x81, 0xDF, 0xBD,
    0x03, 0xDF, 0xB5, 0xFF, 0xBD, 0x7F, 0xAD, 0x9F, 0xB5, 0x81, 0xBF, 0xB5, 0x06, 0x3F, 0xA5, 0xDF,
    0x94, 0xFF, 0x9C, 0xBF, 0x94, 0x9F, 0x94, 0x5F, 0x84, 0x7F, 0xAD, 0x81, 0xFF, 0xBD, 0x81, 0xDF,
    0xBD, 0x09, 0xBF, 0xB5, 0x1F, 0xC6, 0xFF, 0xBD, 0x9F, 0xB5, 0xFF, 0x9C, 0x00, 0x00, 0x32, 0xDE,
    0xF1, 0xDD, 0xF1, 0xD5, 0xD1, 0xD5, 0x81, 0x12, 0xDE, 0xAB, 0x00, 0x00, 0x03, 0x5F, 0xCE, 0xDF,
    0xDE, 0x1F, 0xE7, 0x3F, 0xE7, 0x81, 0x1F, 0xE7, 0x15, 0xFF, 0xDE, 0x1F, 0xC6, 0xBF, 0xD6, 0x3F,
    0xE7, 0xFF, 0xDE, 0xDF, 0xD6, 0xDF, 0xDE, 0x7F, 0xCE, 0xBF, 0xD6, 0x9F, 0xCE, 0x9F, 0xD6, 0x3F,
    0xC6, 0xFF, 0xBD, 0x1F, 0xC6, 0xDF, 0xD6, 0xFF, 0xDE, 0x1F, 0xE7, 0x3F, 0xE7, 0xDF, 0xDE, 0xFF,
    0xDE, 0xBF, 0xD6, 0x1F, 0xDF, 0x82, 0x1F, 0xE7, 0x0B, 0xDF, 0xD6, 0x9F, 0xCE, 0x5F, 0xC6, 0x7F,
    0xCE, 0x5F, 0xC6, 0xFF, 0xBD, 0x5F, 0xAD, 0x1F, 0xC6, 0x5F, 0xC6, 0x7F, 0xCE, 0xBF, 0xD6, 0x9F,
    0xD6, 0x81, 0x7F, 0xCE, 0x01, 0x9F, 0xAD, 0x7F, 0xCE, 0x81, 0x3F, 0xC6, 0x1C, 0x5F, 0xCE, 0xFF,
    0xBD, 0xDF, 0xBD, 0x5F, 0xAD, 0xFF, 0xBD, 0x7F, 0xAD, 0x5F, 0xA5, 0x3F, 0xA5, 0xBF, 0xB5, 0x9F,
    0xAD, 0xFF, 0xBD, 0x9F, 0xAD, 0xDF, 0xB5, 0xBF, 0xB5, 0x5F, 0xA5, 0xBF, 0xB5, 0xFF, 0xBD, 0x3F,
    0xC6, 0xDF, 0xBD, 0xFF, 0xBD, 0xBF, 0xB5, 0x9F, 0xB5, 0xDF, 0xBD, 0x9F, 0xB5, 0x1F, 0xA5, 0xFF,
    0x9C, 0xBF, 0x94, 0x7F, 0x8C, 0x00, 0x00, 0x85, 0x12, 0xDE, 0x04, 0x00, 0x00, 0x12, 0xDE, 0xF1,
    0xDD, 0xD1, 0xD5, 0x12, 0xDE, 0x81, 0x33, 0xDE, 0x82, 0x12, 0xDE, 0x81, 0x33, 0xDE, 0x81, 0x12,
    0xDE, 0x01, 0x50, 0xC5, 0x00, 0x00, 0x81, 0x12, 0xDE, 0x00, 0x33, 0xDE, 0x81, 0x12, 0xDE, 0x02,
    0xF1, 0xDD, 0xD1, 0xD5, 0x12, 0xDE, 0x81, 0x33, 0xDE, 0x06, 0x12, 0xDE, 0x32, 0xDE, 0x12, 0xDE,
    0x00, 0x00, 0x32, 0xDE, 0x12, 0xDE, 0xF2, 0xDD, 0x83, 0x12, 0xDE, 0x00, 0x33, 0xDE, 0x81, 0x12,
    0xDE, 0x08, 0xD1, 0xD5, 0xF1, 0xDD, 0x33, 0xDE, 0x00, 0x00, 0x9F, 0xD6, 0xFF, 0xDE, 0x5F, 0xEF,
    0x1F, 0xE7, 0xFF, 0xDE, 0x81, 0x7F, 0xCE, 0x04, 0x1F, 0xC6, 0x7F, 0xCE, 0xDF, 0xDE, 0x9F, 0xD6,
    0x5F, 0xCE, 0x81, 0x3F, 0xC6, 0x02, 0x7F, 0xCE, 0x5F, 0xCE, 0x3F, 0xC6, 0x81, 0xDF, 0xBD, 0x00,
    0x9F, 0xD6, 0x81, 0x3F, 0xE7, 0x01, 0xFF, 0xDE, 0x1F, 0xE7, 0x81, 0x9F, 0xD6, 0x0E, 0xDF, 0xDE,
    0xFF, 0xDE, 0x1F, 0xDF, 0xBF, 0xD6, 0xDF, 0xD6, 0x5F, 0xCE, 0x9F, 0xD6, 0x5F, 0xCE, 0x9F, 0xCE,
    0xDF, 0xB5, 0x5F, 0xA5, 0x9F, 0xAD, 0x3F, 0xC6, 0x5F, 0xCE, 0xFF, 0xBD, 0x81, 0xDF, 0xBD, 0x03,
    0xBF, 0xB5, 0xDF, 0xBD, 0x3F, 0xC6, 0x9F, 0xD6, 0x81, 0x7F, 0xCE, 0x14, 0xFF, 0xBD, 0x5F, 0xCE,
    0x1F, 0xC6, 0xFF, 0xBD, 0xDF, 0xB5, 0xFF, 0x9C, 0x1F, 0x9D, 0x7F, 0xAD, 0x1F, 0xBE, 0xBF, 0xB5,
    0x1F, 0xBE, 0xBF, 0xB5, 0x9F, 0xAD, 0x3F, 0xA5, 0xBF, 0xB5, 0x1F, 0xBE, 0xFF, 0xBD, 0xDF, 0xBD,
    0xBF, 0xB5, 0xFF, 0xBD, 0xDF, 0xBD, 0x81, 0x7F, 0xAD, 0x06, 0x3F, 0xA5, 0xBF, 0x94, 0x9F, 0x8C,
    0xFF, 0x9C, 0xBF, 0x94, 0x00, 0x00, 0xF1, 0xDD, 0x83, 0x12, 0xDE, 0x08, 0x33, 0xDE, 0x00, 0x00,
    0x12, 0xDE, 0xF1, 0xD5, 0xD0, 0xD5, 0x32, 0xDE, 0x53, 0xDE, 0x33, 0xDE, 0x32, 0xDE, 0x83, 0x33,
    0xDE, 0x03, 0x12, 0xDE, 0xF1, 0xDD, 0x50, 0xC5, 0x00, 0x00, 0x84, 0x12, 0xDE, 0x05, 0xF1, 0xD5,
    0xD0, 0xD5, 0x32, 0xDE, 0x53, 0xDE, 0x33, 0xDE, 0x32, 0xDE, 0x81, 0x33, 0xDE, 0x03, 0x00, 0x00,
    0x33, 0xDE, 0x12, 0xDE, 0xF1, 0xDD, 0x86, 0x12, 0xDE, 0x04, 0xD0, 0xD5, 0xF1, 0xDD, 0x53, 0xDE,
    0x00, 0x00, 0xBF, 0xD6, 0x81, 0xDF, 0xD6, 0x01, 0x9F, 0xD6, 0x7F, 0xCE, 0x82, 0x9F, 0xD6, 0x00,
    0x5F, 0xCE, 0x81, 0x3F, 0xC6, 0x00, 0xDF, 0xBD, 0x81, 0xFF, 0xBD, 0x03, 0x1F, 0xC6, 0x5F, 0xCE,
    0x1F, 0xC6, 0x3F, 0xC6, 0x83, 0x9F, 0xD6, 0x03, 0x5F, 0xCE, 0xBF, 0xD6, 0x7F, 0xCE, 0x9F, 0xD6,
    0x81, 0x1F, 0xE7, 0x03, 0x9F, 0xD6, 0xDF, 0xDE, 0xBF, 0xD6, 0x5F, 0xCE, 0x81, 0xBF, 0xD6, 0x0E,
    0x5F, 0xC6, 0xBF, 0xD6, 0x1F, 0xC6, 0x3F, 0xC6, 0x5F, 0xC6, 0x3F, 0xC6, 0x1F, 0xC6, 0x9F, 0xD6,
    0xDF, 0xDE, 0x9F, 0xD6, 0xBF, 0xD6, 0x3F, 0xC6, 0x7F, 0xCE, 0x1F, 0xC6, 0x5F, 0xCE, 0x81, 0x7F,
    0xCE, 0x03, 0x5F, 0xCE, 0x3F, 0xC6, 0xBF, 0xB5, 0x9F, 0xAD, 0x81, 0x1F, 0xC6, 0x01, 0xFF, 0xBD,
    0xDF, 0xBD, 0x81, 0xFF, 0xBD, 0x81, 0xBF, 0xB5, 0x05, 0x3F, 0xC6, 0xFF, 0xBD, 0x5F, 0xCE, 0xBF,
    0xB5, 0x3F, 0xC6, 0xFF, 0xBD, 0x81, 0x1F, 0xC6, 0x01, 0x5F, 0xC6, 0x3F, 0xA5, 0x81, 0xBF, 0x94,
    0x81, 0x7F, 0x8C, 0x03, 0x00, 0x00, 0xD1, 0xD5, 0x12, 0xDE, 0x32, 0xDE, 0x82, 0x12, 0xDE, 0x08,
    0x00, 0x00, 0x33, 0xDE, 0x12, 0xDE, 0xF1, 0xD5, 0x12, 0xDE, 0x32, 0xDE, 0x33, 0xDE, 0x32, 0xDE,
    0x33, 0xDE, 0x82, 0x12, 0xDE, 0x81, 0xD1, 0xD5, 0x01, 0x70, 0xC5, 0x00, 0x00, 0x82, 0x12, 0xDE,
    0x04, 0x33, 0xDE, 0x32, 0xDE, 0x12, 0xDE, 0xF1, 0xD5, 0x12, 0xDE, 0x81, 0x33, 0xDE, 0x07, 0x12,
    0xDE, 0x33, 0xDE, 0x12, 0xDE, 0x00, 0x00, 0x12, 0xDE, 0xD1, 0xD5, 0xF2, 0xDD, 0x32, 0xDE, 0x83,
    0x12, 0xDE, 0x01, 0x33, 0xDE, 0x32, 0xDE, 0x81, 0xF1, 0xDD, 0x11, 0x32, 0xDE, 0x00, 0x00, 0xBF,
    0xD6, 0x3F, 0xC6, 0x1F, 0xBE, 0x3F, 0xC6, 0xDF, 0xBD, 0xDF, 0xB5, 0xFF, 0xBD, 0x9F, 0xAD, 0xBF,
    0xB5, 0x7F, 0xAD, 0x9F, 0xAD, 0x7F, 0xAD, 0xBF, 0xB5, 0x9F, 0xAD, 0xFF, 0xBD, 0x9F, 0xD6, 0x81,
    0x5F, 0xCE, 0x02, 0x7F, 0xCE, 0x9F, 0xD6, 0x7F, 0xCE, 0x81, 0xFF, 0xBD, 0x01, 0x7F, 0xCE, 0x5F,
    0xCE, 0x81, 0x7F, 0xCE, 0x81, 0xDF, 0xDE, 0x00, 0xBF, 0xD6, 0x81, 0x3F, 0xC6, 0x1F, 0x5F, 0xCE,
    0x3F, 0xC6, 0xBF, 0xD6, 0x5F, 0xCE, 0xDF, 0xDE, 0xBF, 0xD6, 0x3F, 0xC6, 0x1F, 0xBE, 0x9F, 0xCE,
    0x7F, 0xCE, 0x5F, 0xC6, 0x9F, 0xD6, 0xBF, 0xD6, 0x9F, 0xD6, 0x5F, 0xCE, 0x1F, 0xC6, 0x5F, 0xC6,
    0xFF, 0xBD, 0x5F, 0xC6, 0xFF, 0xBD, 0x5F, 0xCE, 0x1F, 0xC6, 0x5F, 0xCE, 0x3F, 0xC6, 0xFF, 0xBD,
    0xBF, 0xB5, 0x1F, 0xC6, 0xDF, 0xBD, 0xFF, 0xBD, 0xDF, 0xB5, 0x1F, 0xC6, 0x3F, 0xC6, 0x81, 0xFF,
    0xBD, 0x81, 0x3F, 0xC6, 0x0C, 0xFF, 0xBD, 0x3F, 0xC6, 0xBF, 0xD6, 0x9F, 0xB5, 0x1F, 0xC6, 0x1F,
    0x9D, 0xFF, 0x9C, 0x7F, 0x8C, 0x1F, 0x84, 0x00, 0x00, 0xB0, 0xD5, 0xF1, 0xDD, 0x33, 0xDE, 0x82,
    0x12, 0xDE, 0x00, 0x00, 0x00, 0x81, 0x12, 0xDE, 0x03, 0xF1, 0xDD, 0xF2, 0xDD, 0x12, 0xDE, 0x33,
    0xDE, 0x82, 0xF1, 0xDD, 0x01, 0xB0, 0xD5, 0xF1, 0xDD, 0x81, 0xB0, 0xD5, 0x01, 0x4F, 0xC5, 0x00,
    0x00, 0x85, 0x12, 0xDE, 0x0A, 0xF1, 0xDD, 0xF2, 0xDD, 0x32, 0xDE, 0x33, 0xDE, 0xF1, 0xD5, 0xF2,
    0xDD, 0xF1, 0xDD, 0x00, 0x00, 0xF1, 0xDD, 0xB0, 0xD5, 0xD1, 0xD5, 0x87, 0x12, 0xDE, 0x0A, 0xF1,
    0xD5, 0x12, 0xDE, 0x00, 0x00, 0x9F, 0xD6, 0xBF, 0xD6, 0x7F, 0xCE, 0x1F, 0xC6, 0x7F, 0xCE, 0xBF,
    0xB5, 0xDF, 0xB5, 0x7F, 0xAD, 0x81, 0x3F, 0xA5, 0x06, 0xFF, 0x9C, 0x1F, 0xA5, 0x3F, 0xA5, 0xDF,
    0xBD, 0xFF, 0xBD, 0x7F, 0xCE, 0x9F, 0xD6, 0x81, 0xBF, 0xD6, 0x06, 0x5F, 0xCE, 0x1F, 0xE7, 0xDF,
    0xD6, 0xBF, 0xD6, 0x9F, 0xD6, 0x7F, 0xCE, 0xBF, 0xD6, 0x82, 0x9F, 0xCE, 0x00, 0xBF, 0xD6, 0x81,
    0x1F, 0xC6, 0x08, 0x9F, 0xD6, 0x7F, 0xCE, 0x9F, 0xCE, 0x7F, 0xCE, 0xBF, 0xD6, 0x5F, 0xC6, 0x5F,
    0xCE, 0x1F, 0xE7, 0x7F, 0xCE, 0x81, 0xBF, 0xD6, 0x00, 0x9F, 0xD6, 0x81, 0x3F, 0xC6, 0x01, 0xDF,
    0xBD, 0x3F, 0xC6, 0x81, 0xDF, 0xBD, 0x0A, 0x3F, 0xC6, 0x9F, 0xD6, 0x7F, 0xCE, 0x9F, 0xD6, 0xFF,
    0xBD, 0x7F, 0xCE, 0x9F, 0xD6, 0xDF, 0xDE, 0xFF, 0xDE, 0x7F, 0xCE, 0x1F, 0xC6, 0x81, 0x1F, 0xBE,
    0x81, 0xBF, 0xB5, 0x00, 0x1F, 0xBE, 0x81, 0x1F, 0xC6, 0x04, 0x3F, 0xC6, 0x9F, 0xCE, 0x7F, 0xCE,
    0x5F, 0xCE, 0xDF, 0xB5, 0x81, 0xBF, 0x94, 0x03, 0x5F, 0x84, 0x3F, 0x84, 0x00, 0x00, 0xF1, 0xD5,
    0x82, 0x12, 0xDE, 0x09, 0x33, 0xDE, 0x32, 0xDE, 0x00, 0x00, 0xD1, 0xD5, 0xF1, 0xDD, 0x32, 0xDE,
    0x33, 0xDE, 0x32, 0xDE, 0x33, 0xDE, 0xD1, 0xD5, 0x81, 0x12, 0xDE, 0x00, 0xD0, 0xD5, 0x81, 0xD1,
    0xD5, 0x09, 0xF1, 0xD5, 0x70, 0xC5, 0x00, 0x00, 0x33, 0xDE, 0x32, 0xDE, 0x33, 0xDE, 0x12, 0xDE,
    0xD0, 0xD5, 0xF1, 0xDD, 0x32, 0xDE, 0x81, 0x33, 0xDE, 0x01, 0x12, 0xDE, 0xF1, 0xDD, 0x81, 0x12,
    0xDE, 0x00, 0x00, 0x00, 0x81, 0xD1, 0xD5, 0x82, 0x12, 0xDE, 0x08, 0x33, 0xDE, 0x32, 0xDE, 0x33,
    0xDE, 0x12, 0xDE, 0xD0, 0xD5, 0x32, 0xDE, 0x12, 0xDE, 0x32, 0xDE, 0x00, 0x00, 0x81, 0x5F, 0xCE,
    0x81, 0x7F, 0xAD, 0x13, 0x5F, 0xAD, 0x7F, 0xAD, 0x5F, 0xAD, 0x3F, 0xA5, 0x5F, 0xAD, 0x7F, 0xAD,
    0xDF, 0xBD, 0x5F, 0xA5, 0x7F, 0xAD, 0xDF, 0xBD, 0x5F, 0xC6, 0x1F, 0xBE, 0x3F, 0xC6, 0x5F, 0xC6,
    0xBF, 0xD6, 0x9F, 0xD6, 0xDF, 0xDE, 0x7F, 0xCE, 0xDF, 0xBD, 0x3F, 0xC6, 0x81, 0x9F, 0xD6, 0x81,
    0xDF, 0xDE, 0x02, 0x9F, 0xCE, 0xDF, 0xDE, 0xFF, 0xDE, 0x81, 0x3F, 0xC6, 0x02, 0x7F, 0xCE, 0x5F,
    0xCE, 0x1F, 0xBE, 0x82, 0x3F, 0xC6, 0x13, 0x9F, 0xD6, 0x5F, 0xC6, 0xFF, 0xBD, 0x5F, 0xCE, 0x7F,
    0xCE, 0x5F, 0xCE, 0x3F, 0xC6, 0xFF, 0xBD, 0x1F, 0xC6, 0x1F, 0xBE, 0x5F, 0xCE, 0x5F, 0xC6, 0x7F,
    0xCE, 0x3F, 0xC6, 0x1F, 0xC6, 0x5F, 0xC6, 0x5F, 0xCE, 0x7F, 0xCE, 0x9F, 0xD6, 0x3F, 0xC6, 0x81,
    0xBF, 0xB5, 0x10, 0x1F, 0xC6, 0x3F, 0xC6, 0x1F, 0xBE, 0xFF, 0xBD, 0x3F, 0xC6, 0x1F, 0xBE, 0x9F,
    0xD6, 0x5F, 0xC6, 0xBF, 0xD6, 0x7F, 0xCE, 0xFF, 0xBD, 0xBF, 0xB5, 0xBF, 0x94, 0x3F, 0xA5, 0x9F,
    0x8C, 0x7F, 0x8C, 0x00, 0x00, 0x82, 0x12, 0xDE, 0x00, 0xF1, 0xDD, 0x81, 0x12, 0xDE, 0x00, 0x00,
    0x00, 0x81, 0xF2, 0xDD, 0x02, 0x33, 0xDE, 0x53, 0xDE, 0x33, 0xDE, 0x81, 0x12, 0xDE, 0x08, 0x33,
    0xDE, 0x12, 0xDE, 0xD1, 0xD5, 0x12, 0xDE, 0xF1, 0xDD, 0x12, 0xDE, 0x70, 0xC5, 0x00, 0x00, 0xF1,
    0xDD, 0x81, 0x12, 0xDE, 0x00, 0xF1, 0xDD, 0x81, 0xF2, 0xDD, 0x02, 0x33, 0xDE, 0x53, 0xDE, 0x33,
    0xDE, 0x81, 0x12, 0xDE, 0x07, 0x33, 0xDE, 0x12, 0xDE, 0x00, 0x00, 0x12, 0xDE, 0xF1, 0xDD, 0x12,
    0xDE, 0x33, 0xDE, 0xF1, 0xDD, 0x82, 0x12, 0xDE, 0x02, 0xF1, 0xDD, 0xF2, 0xDD, 0x12, 0xDE, 0x81,
    0x33, 0xDE, 0x03, 0x00, 0x00, 0x7F, 0xCE, 0xFF, 0xBD, 0x1F, 0xC6, 0x81, 0xBF, 0xB5, 0x03, 0x7F,
    0xAD, 0x5F, 0xAD, 0xBF, 0x94, 0xFF, 0x9C, 0x81, 0x3F, 0xA5, 0x00, 0x5F, 0xAD, 0x81, 0xFF, 0xBD,
    0x27, 0x3F, 0xC6, 0x9F, 0xD6, 0x7F, 0xCE, 0xBF, 0xD6, 0x3F, 0xE7, 0xDF, 0xDE, 0x3F, 0xE7, 0x9F,
    0xD6, 0xDF, 0xDE, 0x1F, 0xE7, 0xBF, 0xD6, 0x3F, 0xC6, 0xDF, 0xBD, 0xDF, 0xB5, 0xFF, 0xBD, 0x5F,
    0xCE, 0x7F, 0xCE, 0x5F, 0xCE, 0x1F, 0xBE, 0x7F, 0xCE, 0x7F, 0xAD, 0x1F, 0xBE, 0x5F, 0xC6, 0xBF,
    0xB5, 0x5F, 0xCE, 0x7F, 0xCE, 0x5F, 0xCE, 0x9F, 0xCE, 0x3F, 0xC6, 0x1F, 0xC6, 0x9F, 0xAD, 0xDF,
    0x9C, 0x5F, 0xA5, 0x5F, 0xAD, 0x1F, 0xBE, 0x5F, 0xCE, 0x9F, 0xD6, 0x1F, 0xC6, 0x9F, 0xD6, 0x3F,
    0xC6, 0x82, 0xBF, 0xD6, 0x15, 0x7F, 0xCE, 0xBF, 0xD6, 0x5F, 0xCE, 0x1F, 0xBE, 0xBF, 0xB5, 0x9F,
    0xAD, 0x1F, 0x9D, 0xDF, 0x9C, 0x9F, 0xAD, 0x1F, 0xC6, 0xFF, 0xBD, 0x1F, 0xC6, 0xFF, 0xDE, 0x1F,
    0xDF, 0x9F, 0xD6, 0x5F, 0xC6, 0x7F, 0xAD, 0x5F, 0xAD, 0xFF, 0x9C, 0x3F, 0xA5, 0x00, 0x00, 0x32,
    0xDE, 0x81, 0x33, 0xDE, 0x81, 0x12, 0xDE, 0x04, 0x33, 0xDE, 0x00, 0x00, 0x33, 0xDE, 0xF2, 0xDD,
    0x32, 0xDE, 0x81, 0x53, 0xDE, 0x04, 0xF2, 0xDD, 0x12, 0xDE, 0xF1, 0xD5, 0x12, 0xDE, 0x33, 0xDE,
    0x81, 0x12, 0xDE, 0x04, 0x32, 0xDE, 0x91, 0xCD, 0x00, 0x00, 0xF1, 0xDD, 0x33, 0xDE, 0x82, 0x12,
    0xDE, 0x08, 0xF2, 0xDD, 0x32, 0xDE, 0x53, 0xDE, 0x33, 0xDE, 0xF1, 0xDD, 0x12, 0xDE, 0xD1, 0xD5,
    0x12, 0xDE, 0x00, 0x00, 0x81, 0x12, 0xDE, 0x01, 0x33, 0xDE, 0x53, 0xDE, 0x81, 0x12, 0xDE, 0x00,
    0x33, 0xDE, 0x83, 0x12, 0xDE, 0x0A, 0x33, 0xDE, 0x53, 0xDE, 0x00, 0x00, 0x1F, 0xC6, 0x5F, 0xC6,
    0x3F, 0xC6, 0x5F, 0xCE, 0xDF, 0xB5, 0x1F, 0xC6, 0xFF, 0xBD, 0x1F, 0xBE, 0x81, 0x7F, 0xAD, 0x01,
    0x5F, 0xA5, 0x3F, 0xA5, 0x81, 0x9F, 0xB5, 0x06, 0xBF, 0xB5, 0xDF, 0xB5, 0x1F, 0xBE, 0xBF, 0xD6,
    0xDF, 0xDE, 0xDF, 0xD6, 0x1F, 0xE7, 0x81, 0xDF, 0xDE, 0x00, 0xFF, 0xDE, 0x81, 0xDF, 0xDE, 0x17,
    0xBF, 0xD6, 0x9F, 0xCE, 0x9F, 0xB5, 0x7F, 0xAD, 0x3F, 0xA5, 0x9F, 0xB5, 0x3F, 0xA5, 0x1F, 0xA5,
    0x7F, 0xAD, 0x5F, 0xA5, 0xFF, 0xBD, 0x1F, 0xBE, 0x5F, 0xC6, 0x7F, 0xCE, 0x5F, 0xCE, 0x9F, 0xD6,
    0x5F, 0xC6, 0x5F, 0xCE, 0xFF, 0xBD, 0xBF, 0xB5, 0x3F, 0xA5, 0x5F, 0xAD, 0x1F, 0x9D, 0x7F, 0xAD,
    0x81, 0x9F, 0xB5, 0x06, 0x9F, 0xAD, 0xFF, 0xBD, 0x3F, 0xC6, 0x7F, 0xCE, 0x5F, 0xC6, 0xFF, 0xDE,
    0xBF, 0xD6, 0x81, 0xDF, 0xBD, 0x04, 0x5F, 0xAD, 0x1F, 0xC6, 0xBF, 0xB5, 0x7F, 0xAD, 0x1F, 0xA5,
    0x81, 0x7F, 0xAD, 0x0D, 0xFF, 0xBD, 0x7F, 0xAD, 0xBF, 0xB5, 0xFF, 0xBD, 0xBF, 0xB5, 0xDF, 0xBD,
    0x9F, 0xAD, 0xBF, 0xB5, 0x7F, 0xAD, 0x00, 0x00, 0x53, 0xDE, 0x33, 0xDE, 0x32, 0xDE, 0xF2, 0xDD,
    0x81, 0x12, 0xDE, 0x03, 0x00, 0x00, 0x32, 0xDE, 0x12, 0xDE, 0xF1, 0xDD, 0x81, 0x12, 0xDE, 0x02,
    0xB0, 0xD5, 0xF1, 0xDD, 0x12, 0xDE, 0x81, 0x33, 0xDE, 0x04, 0x12, 0xDE, 0x33, 0xDE, 0x53, 0xDE,
    0x91, 0xCD, 0x00, 0x00, 0x81, 0x12, 0xDE, 0x81, 0xF2, 0xDD, 0x81, 0x12, 0xDE, 0x04, 0xF1, 0xDD,
    0x12, 0xDE, 0xD1, 0xD5, 0xD0, 0xD5, 0x12, 0xDE, 0x81, 0x33, 0xDE, 0x05, 0x00, 0x00, 0x12, 0xDE,
    0x33, 0xDE, 0x53, 0xDE, 0x33, 0xDE, 0xF2, 0xDD, 0x81, 0x12, 0xDE, 0x81, 0xF2, 0xDD, 0x01, 0x12,
    0xDE, 0xF2, 0xDD, 0x81, 0x12, 0xDE, 0x02, 0x00, 0x00, 0x1F, 0xBE, 0xBF, 0xB5, 0x82, 0x9F, 0xB5,
    0x09, 0xBF, 0xB5, 0x9F, 0xAD, 0x9F, 0xB5, 0xBF, 0xB5, 0x5F, 0xCE, 0xDF, 0xDE, 0xBF, 0xD6, 0x5F,
    0xC6, 0x7F, 0xCE, 0x1F, 0xBE, 0x81, 0xFF, 0xBD, 0x10, 0x7F, 0xCE, 0x1F, 0xC6, 0x5F, 0xCE, 0x1F,
    0xBE, 0xDF, 0xBD, 0x1F, 0xC6, 0x7F, 0xCE, 0x9F, 0xD6, 0xBF, 0xD6, 0x5F, 0xC6, 0xBF, 0xD6, 0xDF,
    0xD6, 0xFF, 0xDE, 0x7F, 0xCE, 0xFF, 0xBD, 0x9F, 0xAD, 0x3F, 0xA5, 0x81, 0x9F, 0xAD, 0x07, 0xBF,
    0xB5, 0x9F, 0xAD, 0x3F, 0xC6, 0xBF, 0xB5, 0xDF, 0xB5, 0x1F, 0xC6, 0xFF, 0xBD, 0xDF, 0xBD, 0x81,
    0xFF, 0xBD, 0x02, 0xBF, 0xB5, 0x5F, 0xCE, 0x5F, 0xC6, 0x81, 0x1F, 0xC6, 0x0E, 0xFF, 0xBD, 0xBF,
    0xB5, 0xDF, 0xB5, 0xFF, 0xBD, 0x3F, 0xC6, 0xFF, 0xBD, 0x5F, 0xAD, 0x5F, 0xA5, 0x1F, 0xA5, 0x5F,
    0xA5, 0xDF, 0xBD, 0x9F, 0xB5, 0x5F, 0xAD, 0xDF, 0xB5, 0xFF, 0xBD, 0x81, 0x3F, 0xC6, 0x02, 0x5F,
    0xC6, 0x3F, 0xC6, 0xFF, 0xBD, 0x81, 0xDF, 0xBD, 0x04, 0x9F, 0xB5, 0xDF, 0xBD, 0x7F, 0xAD, 0xDF,
    0x9C, 0x00, 0x00, 0x81, 0x33, 0xDE, 0x04, 0x12, 0xDE, 0xF1, 0xDD, 0xD0, 0xD5, 0xF1, 0xDD, 0x00,
    0x00, 0x87, 0x12, 0xDE, 0x02, 0xF2, 0xDD, 0xF1, 0xDD, 0x12, 0xDE, 0x81, 0x33, 0xDE, 0x01, 0x71,
    0xCD, 0x00, 0x00, 0x81, 0xD1, 0xD5, 0x00, 0xF2, 0xDD, 0x84, 0x12, 0xDE, 0x06, 0x32, 0xDE, 0x12,
    0xDE, 0xF2, 0xDD, 0x12, 0xDE, 0xF2, 0xDD, 0x00, 0x00, 0x12, 0xDE, 0x81, 0x33, 0xDE, 0x04, 0x12,
    0xDE, 0xF1, 0xDD, 0xD0, 0xD5, 0xD1, 0xD5, 0xF2, 0xDD, 0x81, 0x12, 0xDE, 0x00, 0xF2, 0xDD, 0x81,
    0x12, 0xDE, 0x07, 0x00, 0x00, 0x1F, 0xA5, 0x5F, 0xAD, 0xDF, 0xB5, 0xBF, 0xB5, 0x9F, 0xB5, 0x7F,
    0xAD, 0x3F, 0xC6, 0x81, 0xBF, 0xD6, 0x0B, 0x9F, 0xD6, 0xBF, 0xD6, 0x9F, 0xD6, 0x5F, 0xCE, 0x9F,
    0xD6, 0xFF, 0xBD, 0xBF, 0xB5, 0xDF, 0xBD, 0x9F, 0xB5, 0x5F, 0xA5, 0x7F, 0xAD, 0xBF, 0xB5, 0x82,
    0x1F, 0xC6, 0x02, 0x5F, 0xCE, 0xFF, 0xDE, 0x3F, 0xE7, 0x82, 0x1F, 0xE7, 0x01, 0x7F, 0xCE, 0xDF,
    0xDE, 0x81, 0x5F, 0xC6, 0x01, 0xFF, 0xBD, 0x9F, 0xB5, 0x81, 0x5F, 0xAD, 0x06, 0x7F, 0xAD, 0xDF,
    0xB5, 0xDF, 0xBD, 0x3F, 0xC6, 0x9F, 0xAD, 0xFF, 0xBD, 0x3F, 0xC6, 0x81, 0x1F, 0xC6, 0x01, 0x7F,
    0xCE, 0x5F, 0xCE, 0x81, 0xBF, 0xD6, 0x0C, 0x9F, 0xD6, 0x1F, 0xBE, 0x3F, 0xC6, 0xBF, 0xB5, 0x5F,
    0xAD, 0x3F, 0xA5, 0x5F, 0xAD, 0x3F, 0xA5, 0x7F, 0xAD, 0x1F, 0xA5, 0x3F, 0xA5, 0xDF, 0xB5, 0xDF,
    0xBD, 0x81, 0x1F, 0xC6, 0x81, 0xFF, 0xBD, 0x00, 0x3F, 0xC6, 0x82, 0x5F, 0xCE, 0x0C, 0x9F, 0xB5,
    0xBF, 0xB5, 0x5F, 0xAD, 0x1F, 0xA5, 0xDF, 0x9C, 0x00, 0x00, 0x33, 0xDE, 0x32, 0xDE, 0x12, 0xDE,
    0xF1, 0xDD, 0xD1, 0xD5, 0x12, 0xDE, 0x00, 0x00, 0x82, 0x12, 0xDE, 0x81, 0x33, 0xDE, 0x09, 0x32,
    0xDE, 0x12, 0xDE, 0x33, 0xDE, 0xF2, 0xDD, 0x12, 0xDE, 0x33, 0xDE, 0x53, 0xDE, 0x33, 0xDE, 0x70,
    0xC5, 0x00, 0x00, 0x81, 0xD1, 0xD5, 0x84, 0x12, 0xDE, 0x81, 0x33, 0xDE, 0x09, 0x12, 0xDE, 0x32,
    0xDE, 0x12, 0xDE, 0xF2, 0xDD, 0x00, 0x00, 0x33, 0xDE, 0x53, 0xDE, 0x32, 0xDE, 0x12, 0xDE, 0xF1,
    0xDD, 0x81, 0xD1, 0xD5, 0x82, 0x12, 0xDE, 0x00, 0xF2, 0xDD, 0x81, 0x33, 0xDE, 0x12, 0x00, 0x00,
    0x1F, 0xC6, 0xFF, 0x9C, 0xDF, 0x9C, 0x1F, 0x9D, 0x5F, 0xA5, 0x1F, 0xBE, 0x7F, 0xCE, 0xDF, 0xDE,
    0xFF, 0xBD, 0x3F, 0xC6, 0xFF, 0xBD, 0x1F, 0xC6, 0xDF, 0xBD, 0x1F, 0xA5, 0x9F, 0xB5, 0xBF, 0xB5,
    0x3F, 0xC6, 0x5F, 0xCE, 0x81, 0x7F, 0xCE, 0x08, 0xDF, 0xB5, 0x7F, 0xAD, 0x9F, 0xB5, 0x3F, 0xC6,
    0xDF, 0xD6, 0x5F, 0xEF, 0x3F, 0xE7, 0xDF, 0xDE, 0xBF, 0xD6, 0x81, 0x7F, 0xCE, 0x13, 0xFF, 0xBD,
    0x9F, 0xB5, 0xDF, 0xB5, 0x1F, 0xBE, 0x5F, 0xCE, 0x9F, 0xD6, 0x9F, 0xCE, 0xFF, 0xBD, 0x7F, 0xAD,
    0x3F, 0xA5, 0xBF, 0xB5, 0x5F, 0xC6, 0x5F, 0xCE, 0x9F, 0xD6, 0xFF, 0xBD, 0x3F, 0xC6, 0xBF, 0xB5,
    0x7F, 0xAD, 0xFF, 0xBD, 0xDF, 0xB5, 0x81, 0xBF, 0xB5, 0x02, 0x3F, 0xC6, 0x5F, 0xC6, 0xBF, 0xD6,
    0x81, 0x7F, 0xAD, 0x02, 0x3F, 0xA5, 0xDF, 0x94, 0x1F, 0xA5, 0x81, 0xFF, 0xBD, 0x07, 0x5F, 0xC6,
    0x1F, 0xC6, 0xFF, 0xBD, 0xBF, 0xB5, 0xDF, 0xBD, 0xFF, 0xBD, 0x1F, 0xC6, 0xBF, 0xB5, 0x81, 0x3F,
    0xC6, 0x12, 0xDF, 0xBD, 0x3F, 0xC6, 0xBF, 0xB5, 0x1F, 0xA5, 0x00, 0x00, 0x12, 0xDE, 0xD1, 0xD5,
    0xF1, 0xDD, 0x33, 0xDE, 0xD1, 0xD5, 0x12, 0xDE, 0x00, 0x00, 0x12, 0xDE, 0xF1, 0xD5, 0x33, 0xDE,
    0x74, 0xDE, 0x54, 0xDE, 0x53, 0xDE, 0x12, 0xDE, 0x84, 0x33, 0xDE, 0x04, 0x12, 0xDE, 0x2F, 0xC5,
    0x00, 0x00, 0x12, 0xDE, 0xF1, 0xDD, 0x81, 0x12, 0xDE, 0x06, 0xF1, 0xDD, 0xF1, 0xD5, 0x33, 0xDE,
    0x74, 0xDE, 0x53, 0xDE, 0x33, 0xDE, 0x12, 0xDE, 0x81, 0x33, 0xDE, 0x00, 0x00, 0x00, 0x81, 0x33,
    0xDE, 0x04, 0x12, 0xDE, 0xD1, 0xD5, 0x33, 0xDE, 0xD1, 0xD5, 0xF1, 0xDD, 0x81, 0x12, 0xDE, 0x07,
    0xF1, 0xDD, 0x12, 0xDE, 0x53, 0xDE, 0x54, 0xDE, 0x00, 0x00, 0xBF, 0xB5, 0x5F, 0xC6, 0xFF, 0xBD,
    0x81, 0xBF, 0xB5, 0x07, 0x1F, 0xC6, 0xBF, 0xD6, 0x3F, 0xC6, 0x5F, 0xCE, 0x3F, 0xC6, 0x5F, 0xCE,
    0x1F, 0xC6, 0x9F, 0xB5, 0x81, 0x7F, 0xAD, 0x11, 0x5F, 0xA5, 0x7F, 0xAD, 0xBF, 0xB5, 0x3F, 0xC6,
    0x1F, 0xC6, 0x3F, 0xC6, 0xFF, 0xDE, 0x9F, 0xD6, 0xFF, 0xDE, 0x9F, 0xD6, 0x1F, 0xE7, 0xFF, 0xDE,
    0x1F, 0xE7, 0xFF, 0xDE, 0xDF, 0xDE, 0x9F, 0xD6, 0x3F, 0xC6, 0xDF, 0xBD, 0x81, 0x9F, 0xB5, 0x10,
    0xBF, 0xB5, 0xDF, 0xBD, 0x1F, 0xBE, 0x1F, 0xC6, 0x9F, 0xD6, 0xFF, 0xBD, 0x3F, 0xC6, 0x5F, 0xCE,
    0x7F, 0xCE, 0x3F, 0xC6, 0x9F, 0xB5, 0x3F, 0xC6, 0x5F, 0xCE, 0xDF, 0xBD, 0x1F, 0xBE, 0x9F, 0xB5,
    0xBF, 0xB5, 0x81, 0x7F, 0xAD, 0x00, 0xBF, 0xB5, 0x82, 0xDF, 0xBD, 0x03, 0x1F, 0xC6, 0x3F, 0xC6,
    0x1F, 0xC6, 0xDF, 0xBD, 0x81, 0x3F, 0xC6, 0x02, 0xBF, 0xB5, 0xFF, 0xBD, 0x1F, 0xC6, 0x81, 0xFF,
    0xBD, 0x02, 0x1F, 0xBE, 0xFF, 0xBD, 0xBF, 0xB5, 0x81, 0xFF, 0xBD, 0x0D, 0xDF, 0xB5, 0x7F, 0xAD,
    0x5F, 0xA5, 0x00, 0x00, 0xD1, 0xD5, 0xB0, 0xD5, 0x33, 0xDE, 0x53, 0xDE, 0x12, 0xDE, 0xF1, 0xDD,
    0x00, 0x00, 0x33, 0xDE, 0x12, 0xDE, 0x33, 0xDE, 0x81, 0x74, 0xDE, 0x01, 0x53, 0xDE, 0x33, 0xDE,
    0x81, 0x12, 0xDE, 0x09, 0xD1, 0xD5, 0x33, 0xDE, 0xF1, 0xDD, 0xD1, 0xD5, 0x0E, 0xC5, 0x00, 0x00,
    0x33, 0xDE, 0xF1, 0xDD, 0x12, 0xDE, 0x53, 0xDE, 0x81, 0x12, 0xDE, 0x01, 0x33, 0xDE, 0x74, 0xDE,
    0x81, 0x53, 0xDE, 0x82, 0x12, 0xDE, 0x13, 0x00, 0x00, 0x33, 0xDE, 0xF1, 0xDD, 0xB0, 0xD5, 0xF1,
    0xDD, 0x53, 0xDE, 0x12, 0xDE, 0xF1, 0xDD, 0x12, 0xDE, 0x53, 0xDE, 0x12, 0xDE, 0x33, 0xDE, 0x54,
    0xDE, 0x74, 0xDE, 0x00, 0x00, 0xFF, 0xBD, 0x5F, 0xAD, 0x9F, 0xB5, 0xBF, 0xB5, 0x9F, 0xB5, 0x82,
    0xBF, 0xB5, 0x00, 0xDF, 0xB5, 0x81, 0xDF, 0xBD, 0x08, 0xFF, 0xBD, 0xBF, 0xB5, 0x5F, 0xCE, 0x3F,
    0xC6, 0x1F, 0xBE, 0x5F, 0xAD, 0x1F, 0xBE, 0x7F, 0xCE, 0xBF, 0xD6, 0x81, 0x3F, 0xC6, 0x09, 0xDF,
    0xD6, 0x7F, 0xCE, 0x3F, 0xC6, 0xDF, 0xDE, 0xFF, 0xDE, 0x7F, 0xCE, 0xDF, 0xDE, 0x9F, 0xCE, 0x1F,
    0xBE, 0x5F, 0xCE, 0x81, 0x1F, 0xC6, 0x05, 0xDF, 0xBD, 0x1F, 0xC6, 0xFF, 0xBD, 0x3F, 0xC6, 0x5F,
    0xC6, 0xFF, 0xBD, 0x81, 0x1F, 0xC6, 0x82, 0xFF, 0xBD, 0x22, 0x1F, 0xBE, 0x1F, 0xC6, 0xFF, 0xBD,
    0x9F, 0xAD, 0x7F, 0xAD, 0xDF, 0xB5, 0xBF, 0xB5, 0xDF, 0xBD, 0x9F, 0xB5, 0xDF, 0xBD, 0xFF, 0xBD,
    0xDF, 0xBD, 0x1F, 0xBE, 0xBF, 0xB5, 0xFF, 0xBD, 0x3F, 0xC6, 0xDF, 0xBD, 0xBF, 0xB5, 0xFF, 0xBD,
    0xBF, 0xB5, 0xFF, 0xBD, 0xBF, 0xB5, 0x1F, 0xC6, 0xFF, 0xBD, 0x1F, 0xBE, 0xFF, 0xBD, 0x3F, 0xC6,
    0xBF, 0xB5, 0x1F, 0xC6, 0xBF, 0xB5, 0x9F, 0xB5, 0xDF, 0xB5, 0x00, 0x00, 0xB0, 0xD5, 0xF1, 0xDD,
    0x81, 0x54, 0xDE, 0x0A, 0x32, 0xDE, 0x12, 0xDE, 0x00, 0x00, 0x54, 0xDE, 0x33, 0xDE, 0x53, 0xDE,
    0x12, 0xDE, 0x32, 0xDE, 0x53, 0xDE, 0x33, 0xDE, 0xF1, 0xDD, 0x81, 0x12, 0xDE, 0x00, 0xF1, 0xDD,
    0x81, 0xB0, 0xD5, 0x05, 0x2F, 0xC5, 0x00, 0x00, 0x33, 0xDE, 0x12, 0xDE, 0x32, 0xDE, 0x54, 0xDE,
    0x81, 0x33, 0xDE, 0x04, 0x53, 0xDE, 0x12, 0xDE, 0x53, 0xDE, 0x33, 0xDE, 0xF2, 0xDD, 0x81, 0x12,
    0xDE, 0x09, 0x00, 0x00, 0xF1, 0xDD, 0xB0, 0xD5, 0xD1, 0xD5, 0x33, 0xDE, 0x54, 0xDE, 0x32, 0xDE,
    0x12, 0xDE, 0x32, 0xDE, 0x54, 0xDE, 0x81, 0x33, 0xDE, 0x12, 0x53, 0xDE, 0x32, 0xDE, 0x00, 0x00,
    0x9F, 0xAD, 0x5F, 0xA5, 0x3F, 0xA5, 0x1F, 0xA5, 0x5F, 0xAD, 0x3F, 0xA5, 0xDF, 0x9C, 0x3F, 0xA5,
    0x7F, 0xAD, 0x3F, 0xC6, 0x1F, 0xC6, 0x7F, 0xCE, 0x9F, 0xD6, 0xFF, 0xDE, 0x3F, 0xC6, 0xFF, 0xBD,
    0x83, 0x3F, 0xC6, 0x06, 0xBF, 0xB5, 0x9F, 0xAD, 0xBF, 0xB5, 0xDF, 0xB5, 0x9F, 0xB5, 0x3F, 0xA5,
    0x9F, 0xAD, 0x81, 0x5F, 0xCE, 0x82, 0x3F, 0xC6, 0x33, 0x1F, 0xC6, 0x7F, 0xAD, 0x5F, 0xAD, 0x7F,
    0xAD, 0xDF, 0xBD, 0x7F, 0xAD, 0x9F, 0xB5, 0x1F, 0x9D, 0x5F, 0xAD, 0x5F, 0xA5, 0x7F, 0xAD, 0x1F,
    0x9D, 0xFF, 0x9C, 0x1F, 0xA5, 0xBF, 0xB5, 0x9F, 0xB5, 0x5F, 0xA5, 0xBF, 0xB5, 0xFF, 0xBD, 0xDF,
    0xB5, 0x7F, 0xAD, 0x9F, 0xAD, 0xDF, 0xB5, 0xFF, 0xBD, 0xBF, 0xB5, 0x5F, 0xAD, 0x7F, 0xAD, 0xFF,
    0x9C, 0x5F, 0xA5, 0x3F, 0xA5, 0x9F, 0x94, 0xFF, 0x9C, 0x1F, 0xA5, 0x9F, 0xAD, 0xDF, 0xBD, 0x9F,
    0xB5, 0xBF, 0xB5, 0xDF, 0xBD, 0xFF, 0xBD, 0x1F, 0xC6, 0xDF, 0xBD, 0xBF, 0xB5, 0x9F, 0xB5, 0x1F,
    0xA5, 0xFF, 0x9C, 0x00, 0x00, 0xB0, 0xD5, 0x12, 0xDE, 0x32, 0xDE, 0x33, 0xDE, 0x12, 0xDE, 0x33,
    0xDE, 0xAB, 0x00, 0x00, 0x06, 0xDF, 0xBD, 0x9F, 0xAD, 0x7F, 0xAD, 0x3F, 0xA5, 0x5F, 0xA5, 0x1F,
    0xA5, 0xBF, 0xB5, 0x81, 0xFF, 0xBD, 0x04, 0x5F, 0xCE, 0x5F, 0xC6, 0x5F, 0xCE, 0x7F, 0xCE, 0xBF,
    0xD6, 0x82, 0xDF, 0xDE, 0x81, 0x9F, 0xD6, 0x81, 0x3F, 0xC6, 0x08, 0xBF, 0xB5, 0x1F, 0xBE, 0x9F,
    0xB5, 0x7F, 0xAD, 0xFF, 0xBD, 0x1F, 0xBE, 0xFF, 0xBD, 0x1F, 0xBE, 0xDF, 0xBD, 0x81, 0xDF, 0xB5,
    0x01, 0x7F, 0xAD, 0xDF, 0xB5, 0x82, 0xBF, 0xB5, 0x03, 0xFF, 0x9C, 0x3F, 0xA5, 0x5F, 0xA5, 0x1F,
    0x9D, 0x81, 0x1F, 0xA5, 0x06, 0x7F, 0xAD, 0xDF, 0xB5, 0x1F, 0xA5, 0x9F, 0xB5, 0x5F, 0xAD, 0x9F,
    0xB5, 0x3F, 0xA5, 0x82, 0x7F, 0xAD, 0x0C, 0x9F, 0xB5, 0x1F, 0xBE, 0xFF, 0xBD, 0xDF, 0xBD, 0x3F,
    0xA5, 0x7F, 0xAD, 0xBF, 0xB5, 0x5F, 0xA5, 0x3F, 0xA5, 0x5F, 0xAD, 0x1F, 0xA5, 0x5F, 0xA5, 0x3F,
    0xA5, 0x81, 0x7F, 0xAD, 0x0A, 0x9F, 0xB5, 0x7F, 0xAD, 0xAF, 0x52, 0x86, 0x32, 0x09, 0x54, 0x6D,
    0x7D, 0x2C, 0x6D, 0x89, 0x5B, 0x2C, 0x6D, 0x00, 0x00, 0xF1, 0xDD, 0x82, 0x12, 0xDE, 0x03, 0xD1,
    0xD5, 0x33, 0xDE, 0x00, 0x00, 0xF1, 0xD5, 0x82, 0x33, 0xDE, 0x00, 0x53, 0xDE, 0x81, 0x33, 0xDE,
    0x02, 0xF2, 0xDD, 0xF1, 0xD5, 0xD1, 0xD5, 0x81, 0xF1, 0xD5, 0x03, 0xF1, 0xDD, 0x70, 0xC5, 0x00,
    0x00, 0xF1, 0xD5, 0x84, 0x33, 0xDE, 0x03, 0x12, 0xDE, 0xF2, 0xDD, 0xF1, 0xD5, 0xD1, 0xD5, 0x81,
    0xF1, 0xD5, 0x01, 0x70, 0xC5, 0x00, 0x00, 0x81, 0xF1, 0xD5, 0x82, 0x12, 0xDE, 0x00, 0xD1, 0xD5,
    0x81, 0x12, 0xDE, 0x01, 0xD0, 0xD5, 0x12, 0xDE, 0x81, 0x33, 0xDE, 0x05, 0x53, 0xDE, 0x00, 0x00,
    0x7F, 0xCE, 0xBF, 0xD6, 0x1F, 0xE7, 0x7F, 0xCE, 0x81, 0x5F, 0xCE, 0x01, 0x9F, 0xD6, 0x9F, 0xCE,
    0x82, 0xBF, 0xD6, 0x0D, 0x7F, 0xCE, 0xBF, 0xD6, 0xDF, 0xDE, 0xFF, 0xDE, 0x5F, 0xE7, 0xDF, 0xDE,
    0x7F, 0xCE, 0x9F, 0xD6, 0xDF, 0xD6, 0xBF, 0xD6, 0xFF, 0xDE, 0x7F, 0xCE, 0xDF, 0xDE, 0x7F, 0xCE,
    0x82, 0xFF, 0xDE, 0x17, 0x3F, 0xC6, 0xDF, 0xBD, 0xFF, 0xBD, 0xBF, 0xB5, 0x9F, 0xB5, 0xDF, 0xBD,
    0x7F, 0xAD, 0xBF, 0xB5, 0x3F, 0xA5, 0xDF, 0x94, 0x3F, 0xA5, 0x5F, 0xA5, 0x9F, 0xB5, 0xDF, 0xBD,
    0xFF, 0xBD, 0x1F, 0xC6, 0x5F, 0xCE, 0x7F, 0xCE, 0x1F, 0xC6, 0xBF, 0xB5, 0xDF, 0xBD, 0xBF, 0xB5,
    0x7F, 0xAD, 0xDF, 0xBD, 0x81, 0x3F, 0xC6, 0x03, 0xFF, 0xBD, 0x3F, 0xC6, 0xBF, 0xB5, 0x1F, 0xC6,
    0x82, 0x1F, 0xBE, 0x1C, 0xDF, 0xB5, 0xBF, 0xB5, 0xFF, 0xBD, 0x3F, 0xC6, 0xDF, 0xBD, 0x3F, 0xA5,
    0x5F, 0xA5, 0x5F, 0xAD, 0xDF, 0xB5, 0x4D, 0x73, 0xAD, 0x75, 0x8D, 0x7D, 0x10, 0x9E, 0xAE, 0x7D,
    0x8E, 0x7D, 0xAE, 0x7D, 0x00, 0x00, 0x13, 0xD6, 0x33, 0xDE, 0x53, 0xDE, 0x33, 0xDE, 0xF1, 0xDD,
    0xF2, 0xDD, 0x00, 0x00, 0x12, 0xDE, 0x33, 0xDE, 0x32, 0xDE, 0x33, 0xDE, 0x53, 0xDE, 0x81, 0x33,
    0xDE, 0x02, 0x12, 0xDE, 0xB0, 0xD5, 0xF1, 0xD5, 0x82, 0x12, 0xDE, 0x04, 0x70, 0xCD, 0x00, 0x00,
    0x12, 0xDE, 0x0C, 0x94, 0x41, 0x08, 0x86, 0x82, 0x10, 0x03, 0x46, 0x52, 0x12, 0xDE, 0x70, 0xCD,
    0x00, 0x00, 0x81, 0x12, 0xDE, 0x82, 0x33, 0xDE, 0x81, 0xF1, 0xDD, 0x01, 0xF2, 0xDD, 0x12, 0xDE,
    0x81, 0x33, 0xDE, 0x06, 0x12, 0xDE, 0x53, 0xDE, 0x00, 0x00, 0x7F, 0xAD, 0x1F, 0xC6, 0x7F, 0xCE,
    0x9F, 0xCE, 0x82, 0xBF, 0xD6, 0x03, 0x9F, 0xD6, 0xDF, 0xDE, 0xDF, 0xD6, 0x5F, 0xCE, 0x81, 0x3F,
    0xC6, 0x00, 0x7F, 0xCE, 0x81, 0x5F, 0xCE, 0x16, 0x1F, 0xC6, 0x3F, 0xC6, 0x7F, 0xAD, 0xDF, 0xBD,
    0xFF, 0xBD, 0xDF, 0xD6, 0xFF, 0xDE, 0x1F, 0xE7, 0xFF, 0xDE, 0x9F, 0xCE, 0xFF, 0xDE, 0x5F, 0xC6,
    0x5F, 0xCE, 0xDF, 0xBD, 0xBF, 0xB5, 0x3F, 0xA5, 0x9F, 0xB5, 0x3F, 0xA5, 0x1F, 0x9D, 0x5F, 0xAD,
    0xBF, 0x94, 0x1F, 0x9D, 0xBF, 0x94, 0x81, 0x7F, 0xAD, 0x00, 0x1F, 0xBE, 0x81, 0xBF, 0xB5, 0x03,
    0x1F, 0xBE, 0x9F, 0xD6, 0xFF, 0xBD, 0x9F, 0xB5, 0x81, 0x5F, 0xA5, 0x04, 0xDF, 0xBD, 0x9F, 0xB5,
    0xBF, 0xB5, 0x9F, 0xB5, 0x1F, 0xC6, 0x81, 0x7F, 0xAD, 0x01, 0x9F, 0xB5, 0xBF, 0xB5, 0x81, 0x1F,
    0xC6, 0x05, 0xDF, 0xBD, 0x9F, 0xB5, 0x1F, 0xC6, 0x1F, 0xBE, 0xBF, 0xB5, 0x9F, 0xAD, 0x81, 0xFF,
    0x9C, 0x0C, 0xB7, 0x73, 0xC6, 0x39, 0x8D, 0x7D, 0xCF, 0x8D, 0x6D, 0x75, 0x6C, 0x6D, 0xAF, 0x95,
    0x6C, 0x6D, 0x00, 0x00, 0x0D, 0x94, 0x12, 0xDE, 0x33, 0xDE, 0x12, 0xDE, 0x81, 0xF1, 0xDD, 0x03,
    0x00, 0x00, 0x12, 0xDE, 0x32, 0xDE, 0xF2, 0xDD, 0x81, 0x32, 0xDE, 0x0B, 0x33, 0xDE, 0x12, 0xDE,
    0xF1, 0xD5, 0xD1, 0xD5, 0x12, 0xDE, 0xF2, 0xDD, 0x33, 0xDE, 0x32, 0xDE, 0x70, 0xCD, 0x00, 0x00,
    0x12, 0xDE, 0x00, 0x00, 0x87, 0x04, 0x21, 0x08, 0x82, 0x10, 0x12, 0xDE, 0x70, 0xC5, 0x00, 0x00,
    0xF1, 0xDD, 0x33, 0xDE, 0x32, 0xDE, 0x33, 0xDE, 0x12, 0xDE, 0x82, 0xF1, 0xDD, 0x0A, 0x12, 0xDE,
    0x33, 0xDE, 0xF1, 0xDD, 0x12, 0xDE, 0x32, 0xDE, 0x00, 0x00, 0x9F, 0xD6, 0x7F, 0xCE, 0xFF, 0xDE,
    0x1F, 0xDF, 0xBF, 0xD6, 0x81, 0xFF, 0xDE, 0x0E, 0x1F, 0xE7, 0x5F, 0xE7, 0xFF, 0xDE, 0x9F, 0xCE,
    0xBF, 0xD6, 0x7F, 0xCE, 0xFF, 0xDE, 0x5F, 0xCE, 0xFF, 0xDE, 0xBF, 0xD6, 0x1F, 0xE7, 0xDF, 0xDE,
    0x7F, 0xCE, 0xBF, 0xD6, 0xFF, 0xDE, 0x81, 0x3F, 0xE7, 0x12, 0xBF, 0xD6, 0x9F, 0xD6, 0xBF, 0xD6,
    0x1F, 0xDF, 0x9F, 0xCE, 0x1F, 0xC6, 0xFF, 0xBD, 0x5F, 0xCE, 0xFF, 0xBD, 0x9F, 0xB5, 0x7F, 0xAD,
    0x1F, 0xBE, 0xFF, 0xBD, 0x5F, 0xAD, 0x7F, 0xAD, 0x9F, 0xB5, 0x3F, 0xA5, 0x7F, 0xAD, 0x1F, 0xC6,
    0x81, 0x3F, 0xC6, 0x04, 0x9F, 0xD6, 0x5F, 0xCE, 0xFF, 0xBD, 0x1F, 0xC6, 0xBF, 0xB5, 0x82, 0xFF,
    0xBD, 0x81, 0x3F, 0xC6, 0x09, 0x7F, 0xCE, 0x1F, 0xC6, 0x5F, 0xC6, 0xFF, 0xBD, 0x3F, 0xC6, 0xDF,
    0xB5, 0x1F, 0xC6, 0xFF, 0xBD, 0x1F, 0xC6, 0xFF, 0xBD, 0x81, 0xDF, 0xBD, 0x0D, 0x5F, 0xAD, 0x1F,
    0x9D, 0x44, 0x31, 0xB5, 0xBD, 0x2B, 0x65, 0x10, 0xA6, 0x2B, 0x65, 0x4C, 0x6D, 0xAF, 0x85, 0x4C,
    0x6D, 0xAF, 0x85, 0x00, 0x00, 0x12, 0xDE, 0xF1, 0xDD, 0x82, 0x12, 0xDE, 0x00, 0x00, 0x00, 0x81,
    0x12, 0xDE, 0x00, 0x32, 0xDE, 0x81, 0x12, 0xDE, 0x01, 0xF1, 0xDD, 0xD1, 0xD5, 0x82, 0x12, 0xDE,
    0x06, 0xF2, 0xDD, 0x12, 0xDE, 0x33, 0xDE, 0x50, 0xC5, 0x00, 0x00, 0xF2, 0xDD, 0x41, 0x08, 0x87,
    0x04, 0x21, 0x07, 0xC3, 0x18, 0x70, 0xCD, 0x71, 0xCD, 0x00, 0x00, 0xF2, 0xDD, 0x12, 0xDE, 0x33,
    0xDE, 0xF1, 0xDD, 0x86, 0x12, 0xDE, 0x11, 0x32, 0xDE, 0x12, 0xDE, 0x00, 0x00, 0xDF, 0xDE, 0x9F,
    0xCE, 0xFF, 0xDE, 0xDF, 0xDE, 0x9F, 0xD6, 0xFF, 0xBD, 0x9F, 0xB5, 0x7F, 0xAD, 0x5F, 0xA5, 0xFF,
    0x9C, 0x9F, 0xB5, 0x5F, 0xCE, 0xDF, 0xDE, 0x3F, 0xC6, 0x9F, 0xD6, 0x81, 0x7F, 0xCE, 0x01, 0xDF,
    0xDE, 0x3F, 0xE7, 0x81, 0xBF, 0xD6, 0x09, 0xFF, 0xDE, 0x1F, 0xE7, 0x7F, 0xCE, 0xFF, 0xBD, 0x5F,
    0xAD, 0xFF, 0x9C, 0x3F, 0xA5, 0x9F, 0x94, 0xFF, 0x9C, 0xFF, 0xBD, 0x81, 0x1F, 0xC6, 0x81, 0xBF,
    0xB5, 0x02, 0x7F, 0xAD, 0xDF, 0xB5, 0x9F, 0xAD, 0x81, 0xBF, 0xB5, 0x05, 0xDF, 0xB5, 0x3F, 0xC6,
    0x5F, 0xA5, 0x7F, 0xAD, 0x5F, 0xA5, 0x1F, 0x9D, 0x81, 0xDF, 0x94, 0x02, 0xBF, 0xB5, 0x1F, 0xBE,
    0x3F, 0xC6, 0x82, 0x5F, 0xCE, 0x1B, 0x7F, 0xCE, 0x9F, 0xCE, 0x3F, 0xC6, 0x1F, 0xC6, 0xFF, 0xBD,
    0x1F, 0xC6, 0x5F, 0xCE, 0x5F, 0xA5, 0x9F, 0xAD, 0x3F, 0xA5, 0xBF, 0x94, 0x9F, 0x94, 0x7F, 0x8C,
    0x5F, 0xAD, 0x7F, 0xAD, 0x2C, 0x6B, 0xEE, 0x83, 0xCE, 0x85, 0xAE, 0x85, 0x6C, 0x7D, 0xCF, 0x9D,
    0xF1, 0xA5, 0xCF, 0x9D, 0xF1, 0xA5, 0x00, 0x00, 0x0F, 0xBD, 0xF1, 0xD5, 0xD1, 0xD5, 0x81, 0x12,
    0xDE, 0x00, 0x00, 0x00, 0x81, 0x33, 0xDE, 0x82, 0x12, 0xDE, 0x01, 0xF1, 0xDD, 0xF1, 0xD5, 0x82,
    0x12, 0xDE, 0x06, 0x32, 0xDE, 0x12, 0xDE, 0x32, 0xDE, 0x4F, 0xC5, 0x00, 0x00, 0x91, 0xCD, 0xC3,
    0x18, 0x88, 0x04, 0x21, 0x02, 0x67, 0x5A, 0x70, 0xC5, 0x00, 0x00, 0x82, 0x12, 0xDE, 0x81, 0xD1,
    0xD5, 0x82, 0x12, 0xDE, 0x02, 0x32, 0xDE, 0x33, 0xDE, 0x32, 0xDE, 0x81, 0x12, 0xDE, 0x05, 0x00,
    0x00, 0xBF, 0xB5, 0x9F, 0xD6, 0xDF, 0xDE, 0xBF, 0xD6, 0xDF, 0xDE, 0x81, 0x7F, 0xCE, 0x03, 0x1F,
    0xC6, 0x3F, 0xC6, 0xBF, 0xD6, 0xDF, 0xDE, 0x82, 0x7F, 0xCE, 0x06, 0xFF, 0xBD, 0x3F, 0xC6, 0x5F,
    0xCE, 0xFF, 0xBD, 0xDF, 0xB5, 0xFF, 0xBD, 0x9F, 0xD6, 0x81, 0x1F, 0xE7, 0x04, 0x1F, 0xDF, 0xBF,
    0xD6, 0x3F, 0xC6, 0x5F, 0xC6, 0x5F, 0xCE, 0x81, 0xDF, 0xDE, 0x0B, 0x9F, 0xD6, 0x7F, 0xCE, 0x1F,
    0xC6, 0x5F, 0xA5, 0x7F, 0xAD, 0xDF, 0xB5, 0xFF, 0x9C, 0xDF, 0x94, 0xFF, 0x9C, 0xBF, 0xB5, 0x9F,
    0xB5, 0xBF, 0xB5, 0x81, 0x3F, 0xC6, 0x01, 0xDF, 0xBD, 0xBF, 0xB5, 0x81, 0x9F, 0xD6, 0x0F, 0x7F,
    0xCE, 0x5F, 0xCE, 0x3F, 0xC6, 0xDF, 0xBD, 0xFF, 0xBD, 0x1F, 0xC6, 0x3F, 0xC6, 0xDF, 0xBD, 0xDF,
    0xB5, 0x1F, 0xC6, 0x3F, 0xC6, 0xBF, 0xD6, 0x5F, 0xCE, 0xFF, 0xBD, 0x1F, 0xBE, 0x5F, 0xCE, 0x81,
    0x1F, 0xC6, 0x0D, 0xDF, 0xB5, 0x1F, 0xC6, 0xBF, 0xB5, 0x0B, 0x63, 0x49, 0x4A, 0xAD, 0x75, 0x4C,
    0x6D, 0x4D, 0x75, 0x2C, 0x6D, 0x6C, 0x6D, 0x2C, 0x6D, 0x6C, 0x6D, 0x4D, 0x6D, 0x00, 0x00, 0x83,
    0x12, 0xDE, 0x04, 0x00, 0x00, 0x12, 0xDE, 0xF1, 0xDD, 0xD1, 0xD5, 0x12, 0xDE, 0x81, 0x33, 0xDE,
    0x82, 0x12, 0xDE, 0x81, 0x33, 0xDE, 0x81, 0x12, 0xDE, 0x02, 0x50, 0xC5, 0x00, 0x00, 0x2F, 0xC5,
    0x89, 0x04, 0x21, 0x05, 0x26, 0x52, 0x4F, 0xC5, 0x00, 0x00, 0x32, 0xDE, 0x12, 0xDE, 0xF2, 0xDD,
    0x83, 0x12, 0xDE, 0x00, 0x33, 0xDE, 0x81, 0x12, 0xDE, 0x03, 0xD1, 0xD5, 0xF1, 0xDD, 0x33, 0xDE,
    0x00, 0x00, 0x81, 0x7F, 0xCE, 0x07, 0xBF, 0xD6, 0xFF, 0xDE, 0x9F, 0xD6, 0x7F, 0xCE, 0x1F, 0xBE,
    0x5F, 0xCE, 0x1F, 0xC6, 0x5F, 0xCE, 0x81, 0xFF, 0xBD, 0x0A, 0x9F, 0xB5, 0xFF, 0xBD, 0x1F, 0xC6,
    0x3F, 0xC6, 0x7F, 0xCE, 0x3F, 0xC6, 0x7F, 0xCE, 0x5F, 0xCE, 0x3F, 0xE7, 0x1F, 0xE7, 0x3F, 0xE7,
    0x81, 0xFF, 0xDE, 0x03, 0x9F, 0xCE, 0xBF, 0xD6, 0x3F, 0xC6, 0x1F, 0xC6, 0x81, 0x3F, 0xC6, 0x03,
    0xFF, 0xBD, 0x5F, 0xAD, 0xDF, 0xBD, 0x9F, 0xB5, 0x81, 0x5F, 0xAD, 0x08, 0xDF, 0xBD, 0x1F, 0xC6,
    0x5F, 0xCE, 0x3F, 0xC6, 0x1F, 0xC6, 0xDF, 0xB5, 0x3F, 0xC6, 0x1F, 0xC6, 0x5F, 0xC6, 0x81, 0x3F,
    0xC6, 0x20, 0xFF, 0xBD, 0x1F, 0xC6, 0xBF, 0xB5, 0xDF, 0xB5, 0x3F, 0xC6, 0x5F, 0xCE, 0x1F, 0xC6,
    0x3F, 0xC6, 0xBF, 0xD6, 0x5F, 0xCE, 0xDF, 0xDE, 0x9F, 0xD6, 0xDF, 0xD6, 0x7F, 0xCE, 0xFF, 0xBD,
    0x1F, 0xC6, 0x7F, 0xCE, 0xFF, 0xBD, 0x5F, 0xCE, 0xBF, 0xB5, 0x57, 0x8C, 0xAC, 0x83, 0x85, 0x31,
    0x4A, 0x65, 0x2B, 0x65, 0x4C, 0x75, 0x6D, 0x75, 0xD0, 0x95, 0x6D, 0x75, 0xD0, 0x95, 0x4C, 0x6D,
    0x00, 0x00, 0xAB, 0x8B, 0x82, 0x12, 0xDE, 0x04, 0x00, 0x00, 0x33, 0xDE, 0xF1, 0xDD, 0xD1, 0xD5,
    0x32, 0xDE, 0x81, 0x33, 0xDE, 0x00, 0x32, 0xDE, 0x82, 0x33, 0xDE, 0x05, 0x12, 0xDE, 0xF1, 0xDD,
    0xD1, 0xD5, 0x50, 0xC5, 0x00, 0x00, 0x67, 0x5A, 0x89, 0x04, 0x21, 0x05, 0x00, 0x00, 0x2F, 0xC5,
    0x00, 0x00, 0x12, 0xDE, 0xF1, 0xDD, 0xF1, 0xD5, 0x86, 0x12, 0xDE, 0x03, 0xF1, 0xD5, 0xF1, 0xDD,
    0x33, 0xDE, 0x00, 0x00, 0x81, 0xFF, 0xBD, 0x05, 0x9F, 0xB5, 0xFF, 0xBD, 0xDF, 0xB5, 0xBF, 0xB5,
    0x3F, 0xC6, 0x7F, 0xCE, 0x81, 0x3F, 0xC6, 0x0A, 0xBF, 0xB5, 0xFF, 0xBD, 0xBF, 0xB5, 0x1F, 0xC6,
    0x3F, 0xC6, 0x1F, 0xC6, 0x1F, 0xBE, 0x3F, 0xC6, 0x7F, 0xCE, 0x9F, 0xD6, 0x3F, 0xC6, 0x81, 0x1F,
    0xC6, 0x02, 0x3F, 0xC6, 0x1F, 0xC6, 0xBF, 0xD6, 0x81, 0x7F, 0xCE, 0x0F, 0x5F, 0xCE, 0x1F, 0xBE,
    0x3F, 0xC6, 0x7F, 0xCE, 0x1F, 0xC6, 0xDF, 0xBD, 0x9F, 0xB5, 0x7F, 0xAD, 0x5F, 0xAD, 0xFF, 0xBD,
    0xBF, 0xB5, 0x1F, 0xA5, 0x3F, 0xA5, 0x9F, 0xAD, 0x9F, 0xB5, 0xBF, 0xB5, 0x81, 0x1F, 0xC6, 0x02,
    0xBF, 0xB5, 0x1F, 0xBE, 0xFF, 0xBD, 0x81, 0xDF, 0xBD, 0x02, 0xBF, 0xB5, 0xDF, 0xBD, 0xDF, 0xB5,
    0x82, 0x3F, 0xC6, 0x05, 0x1F, 0xC6, 0x7F, 0xAD, 0xBF, 0xB5, 0xFF, 0xBD, 0x3F, 0xC6, 0x5F, 0xCE,
    0x81, 0x3F, 0xC6, 0x10, 0x1F, 0xC6, 0xBF, 0xB5, 0xDF, 0xBD, 0x2C, 0x63, 0xE9, 0x6A, 0x4F, 0x94,
    0x42, 0x19, 0x2B, 0x65, 0xCF, 0x85, 0x8D, 0x7D, 0xAE, 0x85, 0x8D, 0x7D, 0xAE, 0x85, 0x2C, 0x65,
    0x2C, 0x6D, 0x00, 0x00, 0xAB, 0x8B, 0x81, 0x12, 0xDE, 0x06, 0x00, 0x00, 0x33, 0xDE, 0x12, 0xDE,
    0xF1, 0xD5, 0xF2, 0xDD, 0x12, 0xDE, 0x33, 0xDE, 0x81, 0x12, 0xDE, 0x07, 0xF1, 0xDD, 0xF2, 0xDD,
    0x32, 0xDE, 0xD1, 0xD5, 0xB0, 0xD5, 0x50, 0xC5, 0x00, 0x00, 0x67, 0x5A, 0x89, 0x04, 0x21, 0x05,
    0x00, 0x00, 0x4F, 0xC5, 0x00, 0x00, 0x12, 0xDE, 0xB0, 0xD5, 0xF1, 0xD5, 0x84, 0x12, 0xDE, 0x81,
    0x33, 0xDE, 0x0A, 0xF2, 0xDD, 0xF1, 0xD5, 0x12, 0xDE, 0x00, 0x00, 0xBF, 0xB5, 0xFF, 0xBD, 0x3F,
    0xC6, 0x9F, 0xD6, 0x7F, 0xCE, 0x5F, 0xCE, 0xFF, 0xBD, 0x81, 0x1F, 0xBE, 0x81, 0x3F, 0xC6, 0x01,
    0x1F, 0xC6, 0xDF, 0xBD, 0x81, 0x1F, 0xC6, 0x81, 0x5F, 0xCE, 0x00, 0x7F, 0xCE, 0x81, 0x5F, 0xCE,
    0x81, 0x9F, 0xD6, 0x01, 0xFF, 0xDE, 0x5F, 0xC6, 0x81, 0x3F, 0xC6, 0x00, 0xFF, 0xBD, 0x81, 0x5F,
    0xCE, 0x06, 0x3F, 0xC6, 0x5F, 0xCE, 0x3F, 0xC6, 0xFF, 0xBD, 0x3F, 0xC6, 0xFF, 0xBD, 0x3F, 0xC6,
    0x82, 0xFF, 0xBD, 0x81, 0x1F, 0xC6, 0x0B, 0x5F, 0xCE, 0xBF, 0xB5, 0x9F, 0xB5, 0x5F, 0xA5, 0xBF,
    0xB5, 0x1F, 0xC6, 0xDF, 0xBD, 0x9F, 0xB5, 0xFF, 0xBD, 0xBF, 0xB5, 0x5F, 0xCE, 0x1F, 0xC6, 0x81,
    0x3F, 0xC6, 0x1F, 0x9F, 0xD6, 0x3F, 0xC6, 0x5F, 0xCE, 0x7F, 0xCE, 0x5F, 0xCE, 0xDF, 0xD6, 0x3F,
    0xC6, 0xBF, 0xB5, 0xDF, 0xBD, 0xDF, 0xB5, 0xDF, 0xBD, 0x7F, 0xAD, 0x3F, 0xA5, 0x2F, 0x8C, 0xE7,
    0x41, 0x68, 0x52, 0xEA, 0x62, 0x6D, 0x6D, 0xCE, 0x85, 0xCF, 0x95, 0x32, 0xB6, 0xCF, 0x95, 0x32,
    0xB6, 0x8E, 0x8D, 0x6D, 0x7D, 0x6D, 0x6D, 0x00, 0x00, 0x12, 0xDE, 0x33, 0xDE, 0x00, 0x00, 0xD1,
    0xD5, 0xF1, 0xDD, 0x82, 0x12, 0xDE, 0x0A, 0x33, 0xDE, 0xF1, 0xD5, 0xF1, 0xDD, 0x12, 0xDE, 0xB0,
    0xD5, 0xD0, 0xD5, 0xB0, 0xD5, 0xD1, 0xD5, 0x4F, 0xC5, 0x00, 0x00, 0x46, 0x5A, 0x89, 0x04, 0x21,
    0x02, 0x00, 0x00, 0x4F, 0xC5, 0x00, 0x00, 0x81, 0xB0, 0xD5, 0x00, 0xF1, 0xDD, 0x82, 0x12, 0xDE,
    0x03, 0x32, 0xDE, 0x33, 0xDE, 0x12, 0xDE, 0xD1, 0xD5, 0x82, 0x12, 0xDE, 0x06, 0x00, 0x00, 0xFF,
    0xBD, 0xBF, 0xD6, 0x5F, 0xCE, 0x7F, 0xCE, 0xFF, 0xBD, 0xDF, 0xD6, 0x81, 0xBF, 0xD6, 0x06, 0x5F,
    0xCE, 0xBF, 0xD6, 0x7F, 0xCE, 0xBF, 0xD6, 0x5F, 0xC6, 0x5F, 0xCE, 0x1F, 0xBE, 0x81, 0x7F, 0xCE,
    0x02, 0x5F, 0xC6, 0x5F, 0xCE, 0x9F, 0xD6, 0x81, 0xFF, 0xDE, 0x81, 0xBF, 0xD6, 0x02, 0x9F, 0xD6,
    0xDF, 0xDE, 0x1F, 0xBE, 0x81, 0x7F, 0xCE, 0x10, 0xBF, 0xD6, 0x3F, 0xC6, 0xFF, 0xBD, 0x1F, 0xC6,
    0x9F, 0xB5, 0x7F, 0xCE, 0x5F, 0xCE, 0x3F, 0xC6, 0x7F, 0xCE, 0x5F, 0xCE, 0x7F, 0xCE, 0xDF, 0xBD,
    0x3F, 0xC6, 0xFF, 0xBD, 0x1F, 0xBE, 0x1F, 0xC6, 0xFF, 0xBD, 0x81, 0x3F, 0xC6, 0x26, 0xBF, 0xB5,
    0x1F, 0xBE, 0xFF, 0xBD, 0x5F, 0xC6, 0xDF, 0xBD, 0x3F, 0xC6, 0x9F, 0xD6, 0x3F, 0xC6, 0xBF, 0xD6,
    0xFF, 0xDE, 0x9F, 0xD6, 0xDF, 0xDE, 0x7F, 0xCE, 0xFF, 0xBD, 0x3F, 0xC6, 0xFF, 0xBD, 0x5F, 0xA5,
    0x9F, 0xB5, 0xDF, 0xB5, 0xBF, 0xB5, 0x4C, 0x73, 0x28, 0x4A, 0xB1, 0x9C, 0xD1, 0xA4, 0xA4, 0x29,
    0xAE, 0x7D, 0x52, 0xB6, 0xB5, 0xDE, 0x52, 0xB6, 0xB5, 0xDE, 0x53, 0xB6, 0xF0, 0x9D, 0x2C, 0x75,
    0x00, 0x00, 0x47, 0x52, 0x32, 0xDE, 0x00, 0x00, 0xF1, 0xD5, 0xF1, 0xDD, 0x83, 0x33, 0xDE, 0x04,
    0xD1, 0xD5, 0x32, 0xDE, 0x12, 0xDE, 0xD1, 0xD5, 0x12, 0xDE, 0x81, 0xF1, 0xDD, 0x02, 0x70, 0xC5,
    0x00, 0x00, 0x46, 0x5A, 0x89, 0x04, 0x21, 0x06, 0x00, 0x00, 0x50, 0xC5, 0x00, 0x00, 0xF2, 0xDD,
    0xF1, 0xDD, 0x12, 0xDE, 0x32, 0xDE, 0x81, 0x12, 0xDE, 0x81, 0x33, 0xDE, 0x02, 0xF2, 0xDD, 0xD1,
    0xD5, 0x12, 0xDE, 0x81, 0x33, 0xDE, 0x0F, 0x00, 0x00, 0xFF, 0xBD, 0xDF, 0xBD, 0x9F, 0xB5, 0x1F,
    0xBE, 0xDF, 0xB5, 0xBF, 0xD6, 0x9F, 0xD6, 0x7F, 0xCE, 0x9F, 0xD6, 0xFF, 0xDE, 0x1F, 0xE7, 0x7F,
    0xCE, 0x9F, 0xD6, 0x5F, 0xCE, 0x7F, 0xCE, 0x81, 0x3F, 0xC6, 0x05, 0xBF, 0xD6, 0x5F, 0xCE, 0x7F,
    0xCE, 0x5F, 0xCE, 0x3F, 0xC6, 0xBF, 0xB5, 0x81, 0x9F, 0xCE, 0x08, 0x5F, 0xCE, 0x7F, 0xCE, 0x5F,
    0xCE, 0x9F, 0xD6, 0x7F, 0xCE, 0x3F, 0xC6, 0x1F, 0xBE, 0x5F, 0xC6, 0x5F, 0xCE, 0x81, 0x3F, 0xC6,
    0x00, 0xFF, 0xBD, 0x81, 0x1F, 0xC6, 0x0A, 0xDF, 0xBD, 0x3F, 0xA5, 0xFF, 0xBD, 0x1F, 0xBE, 0x5F,
    0xC6, 0xDF, 0xB5, 0xBF, 0xB5, 0x7F, 0xCE, 0x5F, 0xCE, 0x7F, 0xCE, 0xFF, 0xBD, 0x81, 0x3F, 0xC6,
    0x00, 0x5F, 0xC6, 0x81, 0x9F, 0xD6, 0x04, 0xBF, 0xB5, 0xFF, 0xBD, 0x1F, 0xC6, 0x3F, 0xC6, 0x7F,
    0xAD, 0x81, 0xDF, 0xBD, 0x01, 0x7F, 0xAD, 0xBF, 0xB5, 0x81, 0x3F, 0xA5, 0x14, 0x5F, 0xAD, 0x6F,
    0x4A, 0x2C, 0x6B, 0xCE, 0x83, 0x07, 0x42, 0x71, 0x94, 0xC9, 0x62, 0x11, 0xA6, 0xF1, 0xAD, 0x32,
    0xBE, 0xF1, 0xAD, 0x32, 0xBE, 0x31, 0xAE, 0xF1, 0xAD, 0x6D, 0x85, 0x68, 0x54, 0x00, 0x00, 0xD1,
    0xD5, 0x00, 0x00, 0x32, 0xDE, 0x12, 0xDE, 0x82, 0x33, 0xDE, 0x01, 0x12, 0xDE, 0x33, 0xDE, 0x83,
    0x12, 0xDE, 0x04, 0xF2, 0xDD, 0x12, 0xDE, 0x70, 0xCD, 0x00, 0x00, 0x67, 0x5A, 0x89, 0x04, 0x21,
    0x02, 0x00, 0x00, 0x70, 0xC5, 0x00, 0x00, 0x81, 0xF2, 0xDD, 0x04, 0x12, 0xDE, 0x53, 0xDE, 0xF2,
    0xDD, 0x12, 0xDE, 0x33, 0xDE, 0x83, 0x12, 0xDE, 0x81, 0x33, 0xDE, 0x07, 0x00, 0x00, 0xBF, 0xD6,
    0x9F, 0xD6, 0x7F, 0xCE, 0xBF, 0xD6, 0x7F, 0xCE, 0xBF, 0xD6, 0x5F, 0xCE, 0x81, 0x7F, 0xAD, 0x10,
    0x9F, 0xB5, 0x5F, 0xCE, 0x3F, 0xC6, 0x9F, 0xD6, 0x9F, 0xCE, 0xBF, 0xD6, 0x5F, 0xCE, 0xDF, 0xDE,
    0xBF, 0xD6, 0x9F, 0xD6, 0x3F, 0xE7, 0xFF, 0xDE, 0xDF, 0xDE, 0xFF, 0xDE, 0x5F, 0xEF, 0x7F, 0xCE,
    0x1F, 0xC6, 0x81, 0x7F, 0xAD, 0x01, 0xDF, 0xB5, 0x7F, 0xCE, 0x81, 0x3F, 0xC6, 0x02, 0x5F, 0xCE,
    0xDF, 0xBD, 0x3F, 0xC6, 0x81, 0xDF, 0xDE, 0x0F, 0xFF, 0xDE, 0x9F, 0xCE, 0x3F, 0xC6, 0x9F, 0xD6,
    0x3F, 0xC6, 0x7F, 0xCE, 0x3F, 0xC6, 0x5F, 0xA5, 0x1F, 0xA5, 0x7F, 0xAD, 0x9F, 0xB5, 0x3F, 0xC6,
    0x7F, 0xCE, 0x7F, 0xAD, 0x3F, 0xC6, 0x5F, 0xC6, 0x81, 0xBF, 0xD6, 0x03, 0x5F, 0xC6, 0x9F, 0xD6,
    0x1F, 0xDF, 0x7F, 0xCE, 0x81, 0xFF, 0xBD, 0x15, 0x1F, 0xC6, 0x5F, 0xA5, 0x1F, 0x9D, 0x7F, 0x8C,
    0xBF, 0x94, 0x9F, 0x8C, 0x27, 0x21, 0x89, 0x52, 0x28, 0x4A, 0x08, 0x4A, 0x48, 0x4A, 0x24, 0x29,
    0x6D, 0x7D, 0x6E, 0x8D, 0x4C, 0x75, 0x6E, 0x8D, 0x4C, 0x75, 0x33, 0xB6, 0x6E, 0x7D, 0x4D, 0x75,
    0xCB, 0x64, 0xAB, 0x5C, 0x81, 0x00, 0x00, 0x02, 0x33, 0xDE, 0xF2, 0xDD, 0x32, 0xDE, 0x81, 0x53,
    0xDE, 0x04, 0xF2, 0xDD, 0x12, 0xDE, 0xF1, 0xD5, 0x12, 0xDE, 0x33, 0xDE, 0x81, 0x12, 0xDE, 0x03,
    0x32, 0xDE, 0x91, 0xCD, 0x00, 0x00, 0x67, 0x5A, 0x89, 0x04, 0x21, 0x02, 0x00, 0x00, 0x70, 0xCD,
    0x00, 0x00, 0x81, 0x12, 0xDE, 0x01, 0x33, 0xDE, 0x53, 0xDE, 0x81, 0x12, 0xDE, 0x00, 0x33, 0xDE,
    0x83, 0x12, 0xDE, 0x02, 0x33, 0xDE, 0x53, 0xDE, 0x00, 0x00, 0x81, 0xFF, 0xDE, 0x09, 0x3F, 0xE7,
    0xDF, 0xDE, 0xBF, 0xD6, 0x5F, 0xCE, 0x1F, 0xDF, 0x9F, 0xD6, 0x5F, 0xCE, 0x9F, 0xB5, 0xBF, 0xB5,
    0x7F, 0xAD, 0x81, 0x5F, 0xAD, 0x03, 0x7F, 0xAD, 0x9F, 0xB5, 0xFF, 0xBD, 0x5F, 0xCE, 0x81, 0x9F,
    0xD6, 0x81, 0x3F, 0xE7, 0x81, 0xDF, 0xDE, 0x0D, 0x1F, 0xE7, 0xBF, 0xD6, 0x3F, 0xC6, 0x7F, 0xCE,
    0x9F, 0xB5, 0x3F, 0xA5, 0x1F, 0x9D, 0x9F, 0xB5, 0x7F, 0xAD, 0x5F, 0xAD, 0x1F, 0xC6, 0x3F, 0xC6,
    0x1F, 0xC6, 0x5F, 0xCE, 0x81, 0x9F, 0xCE, 0x0D, 0x5F, 0xCE, 0x7F, 0xCE, 0x9F, 0xD6, 0x5F, 0xC6,
    0x3F, 0xC6, 0x9F, 0xB5, 0xBF, 0xB5, 0x7F, 0xAD, 0x5F, 0xA5, 0x9F, 0xB5, 0xBF, 0xB5, 0xDF, 0xBD,
    0xDF, 0xB5, 0x1F, 0xC6, 0x81, 0x7F, 0xCE, 0x1A, 0x9F, 0xCE, 0xBF, 0xD6, 0xDF, 0xDE, 0x7F, 0xCE,
    0x3F, 0xC6, 0xDF, 0xBD, 0xFF, 0xBD, 0x5F, 0xAD, 0x3F, 0xA5, 0x9F, 0x94, 0x5F, 0x8C, 0x00, 0x00,
    0xAB, 0x8B, 0x8D, 0x7B, 0x04, 0x21, 0xB1, 0xA4, 0xAE, 0x83, 0x2B, 0x6C, 0x8E, 0x95, 0x8D, 0x85,
    0x8E, 0x95, 0x8D, 0x85, 0xAF, 0x85, 0x0C, 0x6D, 0x89, 0x4C, 0x0B, 0x75, 0x87, 0x4C, 0x81, 0x00,
    0x00, 0x02, 0x32, 0xDE, 0x12, 0xDE, 0xF1, 0xDD, 0x81, 0x12, 0xDE, 0x02, 0xB0, 0xD5, 0xF1, 0xDD,
    0x12, 0xDE, 0x81, 0x33, 0xDE, 0x06, 0x12, 0xDE, 0x33, 0xDE, 0x53, 0xDE, 0x91, 0xCD, 0x00, 0x00,
    0x67, 0x5A, 0x45, 0x29, 0x87, 0x69, 0x4A, 0x08, 0x08, 0x42, 0x00, 0x00, 0x91, 0xCD, 0x00, 0x00,
    0x12, 0xDE, 0x33, 0xDE, 0x53, 0xDE, 0x33, 0xDE, 0xF2, 0xDD, 0x81, 0x12, 0xDE, 0x81, 0xF2, 0xDD,
    0x01, 0x12, 0xDE, 0xF2, 0xDD, 0x81, 0x12, 0xDE, 0x05, 0x00, 0x00, 0x9F, 0xCE, 0x3F, 0xC6, 0xDF,
    0xBD, 0x3F, 0xC6, 0xBF, 0xB5, 0x81, 0xFF, 0xBD, 0x03, 0xDF, 0xB5, 0xFF, 0xBD, 0x7F, 0xCE, 0x1F,
    0xDF, 0x81, 0x5F, 0xCE, 0x03, 0x3F, 0xC6, 0xDF, 0xBD, 0xBF, 0xB5, 0x1F, 0xC6, 0x81, 0x3F, 0xC6,
    0x06, 0x7F, 0xCE, 0xDF, 0xBD, 0xFF, 0xBD, 0x3F, 0xC6, 0x1F, 0xC6, 0x7F, 0xCE, 0x5F, 0xCE, 0x81,
    0xFF, 0xBD, 0x05, 0x1F, 0xC6, 0x3F, 0xC6, 0x5F, 0xC6, 0x3F, 0xC6, 0xFF, 0xBD, 0x7F, 0xAD, 0x81,
    0xBF, 0xB5, 0x03, 0xDF, 0xBD, 0xFF, 0xBD, 0x3F, 0xC6, 0x7F, 0xAD, 0x81, 0xBF, 0xB5, 0x0E, 0x7F,
    0xAD, 0xDF, 0xB5, 0xBF, 0xB5, 0x9F, 0xB5, 0xBF, 0xB5, 0xBF, 0xD6, 0xDF, 0xDE, 0x7F, 0xCE, 0x5F,
    0xCE, 0x7F, 0xCE, 0xDF, 0xB5, 0xDF, 0xBD, 0x1F, 0xC6, 0xBF, 0xD6, 0x5F, 0xC6, 0x82, 0xBF, 0xB5,
    0x00, 0x5F, 0xA5, 0x81, 0x7F, 0xAD, 0x81, 0x3F, 0xA5, 0x12, 0xFF, 0x9C, 0x9F, 0xAD, 0x07, 0x4A,
    0x6C, 0x73, 0x8C, 0x73, 0x12, 0xA5, 0x89, 0x52, 0x13, 0xAD, 0xE7, 0x3A, 0x0B, 0x65, 0xAF, 0x8D,
    0x0B, 0x65, 0xAF, 0x8D, 0xAF, 0x85, 0x8D, 0x7D, 0x4B, 0x6D, 0x2B, 0x65, 0x0A, 0x65, 0x2A, 0x65,
    0x8D, 0x00, 0x00, 0x00, 0x61, 0x10, 0x81, 0x00, 0x00, 0x82, 0x24, 0x21, 0x01, 0xC7, 0x39, 0x85,
    0x31, 0x81, 0x65, 0x29, 0x02, 0x85, 0x31, 0x65, 0x29, 0x24, 0x21, 0x90, 0x00, 0x00, 0x05, 0x5F,
    0xCE, 0x1F, 0xC6, 0xFF, 0xBD, 0x7F, 0xAD, 0x5F, 0xA5, 0xDF, 0xB5, 0x81, 0x3F, 0xC6, 0x00, 0xFF,
    0xBD, 0x81, 0x9F, 0xB5, 0x00, 0xFF, 0xBD, 0x82, 0x3F, 0xC6, 0x08, 0x1F, 0xBE, 0x7F, 0xCE, 0x1F,
    0xC6, 0x1F, 0xBE, 0xFF, 0xBD, 0x1F, 0xC6, 0xDF, 0xB5, 0x7F, 0xAD, 0xBF, 0xB5, 0x82, 0xFF, 0xBD,
    0x06, 0x9F, 0xAD, 0x7F, 0xAD, 0x3F, 0xA5, 0xFF, 0xBD, 0xDF, 0xBD, 0x9F, 0xAD, 0xFF, 0xBD, 0x81,
    0x3F, 0xC6, 0x81, 0xBF, 0xB5, 0x0D, 0xFF, 0xBD, 0xBF, 0xB5, 0x7F, 0xAD, 0x1F, 0xA5, 0x5F, 0xAD,
    0xBF, 0xB5, 0x3F, 0xC6, 0x7F, 0xAD, 0x5F, 0xAD, 0x7F, 0xAD, 0x3F, 0xC6, 0x7F, 0xAD, 0x3F, 0xC6,
    0xFF, 0xBD, 0x81, 0x9F, 0xD6, 0x02, 0x3F, 0xC6, 0xDF, 0xBD, 0xDF, 0xB5, 0x81, 0xFF, 0xBD, 0x01,
    0x5F, 0xAD, 0xFF, 0x9C, 0x81, 0x7F, 0xAD, 0x18, 0x9F, 0xB5, 0x3F, 0xA5, 0x1F, 0x9D, 0xBF, 0x94,
    0x48, 0x4A, 0x0F, 0x8C, 0x32, 0xB5, 0xD4, 0xC5, 0x96, 0xE6, 0xB4, 0xC5, 0x89, 0x52, 0xEA, 0x5C,
    0x4C, 0x6D, 0x8D, 0x7D, 0x4D, 0x75, 0x6D, 0x75, 0x8E, 0x85, 0x6C, 0x75, 0xAD, 0x7D, 0xAC, 0x75,
    0x2A, 0x65, 0x6C, 0x75, 0xAD, 0x85, 0xEA, 0x5C, 0x6C, 0x6D, 0x81, 0x4B, 0x65, 0x0B, 0x6D, 0x6D,
    0x6D, 0x75, 0xAD, 0x75, 0x0F, 0x96, 0xAD, 0x75, 0x2A, 0x65, 0x4B, 0x65, 0x2A, 0x5D, 0x4B, 0x6D,
    0x2B, 0x5D, 0x4B, 0x65, 0x4C, 0x6D, 0x81, 0x8E, 0x7D, 0x25, 0xCF, 0x8D, 0xCF, 0x95, 0x10, 0xA6,
    0x30, 0x9E, 0xF0, 0xA5, 0xCF, 0x95, 0xAE, 0x8D, 0x4C, 0x6D, 0x6C, 0x6D, 0x6B, 0x6D, 0x8E, 0x7D,
    0x8D, 0x7D, 0x6D, 0x6D, 0x4B, 0x65, 0x6C, 0x6D, 0xCD, 0x7D, 0x2A, 0x65, 0x4B, 0x65, 0x09, 0x5D,
    0xEA, 0x5C, 0x4C, 0x65, 0x4B, 0x65, 0x2C, 0x65, 0x4C, 0x6D, 0x1F, 0xC6, 0x7F, 0xAD, 0xBF, 0xB5,
    0xBF, 0xD6, 0x3F, 0xC6, 0x5F, 0xC6, 0x1F, 0xE7, 0xDF, 0xDE, 0xBF, 0xD6, 0xFF, 0xDE, 0x3F, 0xC6,
    0xFF, 0xBD, 0xBF, 0xB5, 0xFF, 0xBD, 0x82, 0x9F, 0xB5, 0x07, 0xFF, 0xBD, 0x1F, 0xC6, 0x5F, 0xA5,
    0x9F, 0xB5, 0x7F, 0xAD, 0x3F, 0xC6, 0x7F, 0xCE, 0xBF, 0xD6, 0x82, 0x7F, 0xCE, 0x18, 0x5F, 0xC6,
    0xFF, 0xBD, 0x9F, 0xB5, 0x7F, 0xAD, 0xBF, 0xB5, 0x5F, 0xAD, 0x1F, 0x9D, 0x7F, 0xAD, 0xDF, 0xB5,
    0x3F, 0xA5, 0x9F, 0xB5, 0x1F, 0x9D, 0xFF, 0x9C, 0x7F, 0xAD, 0x1F, 0xC6, 0x3F, 0xC6, 0xBF, 0xD6,
    0x7F, 0xCE, 0xBF, 0xD6, 0x7F, 0xCE, 0x5F, 0xC6, 0xDF, 0xBD, 0xFF, 0xBD, 0x5F, 0xC6, 0xFF, 0xBD,
    0x81, 0xDF, 0xBD, 0x81, 0xDF, 0xB5, 0x81, 0x3F, 0xA5, 0x05, 0xBF, 0xB5, 0xFF, 0xBD, 0x5F, 0xCE,
    0x3F, 0xC6, 0xFF, 0xBD, 0x3F, 0xC6, 0x81, 0xDF, 0xBD, 0x15, 0x28, 0x4A, 0x53, 0xBD, 0x0D, 0x94,
    0xB5, 0xBD, 0x95, 0xB5, 0xAD, 0x7B, 0xA6, 0x32, 0x4C, 0x6D, 0x4D, 0x65, 0x2C, 0x6D, 0xCF, 0x8D,
    0xCE, 0x8D, 0xAD, 0x7D, 0x6D, 0x6D, 0xCF, 0x85, 0xAD, 0x85, 0xCD, 0x8D, 0x6D, 0x75, 0x4C, 0x75,
    0x6D, 0x7D, 0x8E, 0x75, 0x4C, 0x75, 0x81, 0x6D, 0x75, 0x0F, 0x8C, 0x75, 0x6C, 0x6D, 0x6D, 0x6D,
    0xAD, 0x85, 0x8B, 0x75, 0x2B, 0x5D, 0x4B, 0x65, 0x2B, 0x65, 0x4C, 0x65, 0x2C, 0x65, 0xAF, 0x8D,
    0xCF, 0x95, 0x73, 0xC6, 0x93, 0xCE, 0x94, 0xCE, 0x72, 0xC6, 0x81, 0x73, 0xCE, 0x00, 0x10, 0xA6,
    0x81, 0xD0, 0x95, 0x12, 0xAF, 0x85, 0x4C, 0x6D, 0xAE, 0x85, 0x8D, 0x7D, 0xAD, 0x7D, 0x6C, 0x6D,
    0x6B, 0x6D, 0xAC, 0x75, 0x6B, 0x6D, 0x2B, 0x5D, 0x0A, 0x5D, 0x4C, 0x6D, 0x4D, 0x65, 0x0B, 0x5D,
    0x6D, 0x6D, 0x6C, 0x6D, 0x3F, 0xC6, 0x7F, 0xCE, 0x9F, 0xD6, 0x81, 0x5F, 0xCE, 0x11, 0x3F, 0xC6,
    0x9F, 0xD6, 0xBF, 0xD6, 0xDF, 0xD6, 0x7F, 0xCE, 0x5F, 0xCE, 0xFF, 0xBD, 0x1F, 0xC6, 0xDF, 0xBD,
    0xBF, 0xB5, 0xDF, 0xB5, 0xDF, 0xBD, 0x9F, 0xB5, 0xDF, 0xBD, 0x5F, 0xC6, 0xBF, 0xB5, 0x3F, 0xC6,
    0x7F, 0xCE, 0x82, 0x1F, 0xC6, 0x0C, 0x5F, 0xC6, 0x3F, 0xC6, 0x1F, 0xC6, 0x9F, 0xAD, 0x9F, 0xB5,
    0x9F, 0xAD, 0xFF, 0x9C, 0x1F, 0xA5, 0x9F, 0xAD, 0x1F, 0xA5, 0xFF, 0xBD, 0xDF, 0xBD, 0xDF, 0xB5,
    0x82, 0xFF, 0xBD, 0x02, 0x1F, 0xBE, 0xFF, 0xBD, 0x5F, 0xC6, 0x81, 0x7F, 0xCE, 0x08, 0xFF, 0xBD,
    0xBF, 0xB5, 0x1F, 0xC6, 0x9F, 0xAD, 0xDF, 0xB5, 0x9F, 0xAD, 0xBF, 0xB5, 0x1F, 0xBE, 0x1F, 0xC6,
    0x82, 0xFF, 0xBD, 0x44, 0xDF, 0xBD, 0xDF, 0xB5, 0xDF, 0xBD, 0x9F, 0xAD, 0xFF, 0xBD, 0x1F, 0xBE,
    0x9F, 0xB5, 0xDF, 0xBD, 0xE6, 0x41, 0x85, 0x31, 0x70, 0x94, 0xEE, 0x83, 0x8D, 0x7B, 0x12, 0xBD,
    0x12, 0xB5, 0x89, 0x52, 0x6D, 0x65, 0x8E, 0x75, 0x8D, 0x7D, 0x31, 0xAE, 0x11, 0xA6, 0xF0, 0x95,
    0xAF, 0x8D, 0x10, 0x9E, 0xCE, 0x8D, 0x31, 0xA6, 0x73, 0xCE, 0x8D, 0x7D, 0xCF, 0x8D, 0x6E, 0x75,
    0xAE, 0x7D, 0x2B, 0x75, 0xAD, 0x7D, 0xAF, 0x8D, 0xCF, 0x8D, 0x8D, 0x75, 0xAE, 0x8D, 0xAD, 0x75,
    0x6D, 0x75, 0x09, 0x5D, 0x2B, 0x65, 0x6D, 0x75, 0xAF, 0x85, 0xD0, 0xA5, 0x74, 0xCE, 0xD6, 0xEE,
    0xB5, 0xDE, 0xB5, 0xE6, 0xB5, 0xDE, 0x73, 0xC6, 0x94, 0xCE, 0xB5, 0xD6, 0x32, 0xB6, 0x8E, 0x7D,
    0x4D, 0x6D, 0x11, 0xA6, 0xEF, 0x9D, 0xCF, 0x8D, 0x8D, 0x7D, 0x8D, 0x75, 0x6C, 0x6D, 0x4B, 0x6D,
    0xAD, 0x75, 0x2B, 0x65, 0x4B, 0x65, 0x6D, 0x65, 0x4D, 0x6D, 0x6C, 0x6D, 0x8C, 0x75, 0x81, 0x9F,
    0xD6, 0x81, 0xBF, 0xD6, 0x06, 0xDF, 0xDE, 0x9F, 0xD6, 0xBF, 0xD6, 0x3F, 0xC6, 0x7F, 0xCE, 0xFF,
    0xDE, 0x7F, 0xCE, 0x81, 0x9F, 0xD6, 0x01, 0xBF, 0xD6, 0x5F, 0xCE, 0x81, 0x7F, 0xCE, 0x00, 0x3F,
    0xC6, 0x82, 0xFF, 0xBD, 0x01, 0x1F, 0xBE, 0x1F, 0xC6, 0x81, 0x7F, 0xCE, 0x06, 0x5F, 0xCE, 0x9F,
    0xCE, 0x3F, 0xC6, 0x9F, 0xCE, 0x1F, 0xC6, 0x3F, 0xC6, 0xDF, 0xB5, 0x81, 0xBF, 0xB5, 0x81, 0xDF,
    0xBD, 0x03, 0xFF, 0xBD, 0x7F, 0xCE, 0xDF, 0xBD, 0xFF, 0xBD, 0x81, 0x3F, 0xC6, 0x01, 0xDF, 0xBD,
    0x1F, 0xBE, 0x81, 0xDF, 0xBD, 0x06, 0x1F, 0xC6, 0xFF, 0xBD, 0x1F, 0xBE, 0xDF, 0xBD, 0xBF, 0xB5,
    0xDF, 0xBD, 0x9F, 0xB5, 0x81, 0xDF, 0xBD, 0x01, 0xDF, 0xB5, 0x9F, 0xB5, 0x81, 0xFF, 0xBD, 0x02,
    0x1F, 0xC6, 0x3F, 0xC6, 0x1F, 0xC6, 0x81, 0xDF, 0xB5, 0x03, 0x9F, 0xB5, 0x3F, 0xA5, 0x7F, 0xAD,
    0x3F, 0xA5, 0x81, 0x2F, 0x8C, 0x22, 0x6D, 0x6B, 0xE8, 0x6A, 0xF4, 0xD5, 0xB1, 0xA4, 0x48, 0x4A,
    0x6C, 0x6D, 0xAF, 0x85, 0x31, 0xA6, 0xF0, 0x9D, 0xCF, 0x95, 0xCF, 0x85, 0x74, 0xC6, 0xEF, 0x9D,
    0xAE, 0x8D, 0x11, 0xA6, 0x73, 0xBE, 0x4C, 0x75, 0x31, 0xAE, 0x8D, 0x75, 0x31, 0x9E, 0xCF, 0x85,
    0x6D, 0x7D, 0xAF, 0x8D, 0x11, 0x9E, 0xCF, 0x95, 0xAE, 0x8D, 0x6D, 0x75, 0x4C, 0x65, 0x4C, 0x6D,
    0x8E, 0x7D, 0xF1, 0x9D, 0x52, 0xB6, 0x95, 0xD6, 0xD6, 0xEE, 0xD7, 0xEE, 0x81, 0xD6, 0xEE, 0x10,
    0xD7, 0xEE, 0xB5, 0xDE, 0xB6, 0xDE, 0x53, 0xBE, 0x11, 0xA6, 0x74, 0xC6, 0xCF, 0x8D, 0x52, 0xB6,
    0xAE, 0x85, 0xF1, 0xA5, 0xAE, 0x85, 0xEE, 0x85, 0xAD, 0x85, 0x6C, 0x75, 0x6C, 0x6D, 0x4C, 0x65,
    0xEA, 0x5C, 0x81, 0x8D, 0x75, 0x03, 0xCE, 0x7D, 0x2C, 0x65, 0x9F, 0xD6, 0xDF, 0xBD, 0x81, 0x9F,
    0xB5, 0x00, 0xBF, 0xB5, 0x81, 0x3F, 0xC6, 0x0A, 0x5F, 0xC6, 0x5F, 0xCE, 0xDF, 0xBD, 0xFF, 0xBD,
    0x9F, 0xB5, 0x1F, 0xC6, 0x3F, 0xC6, 0x1F, 0xC6, 0x5F, 0xCE, 0x3F, 0xC6, 0x7F, 0xCE, 0x81, 0xDF,
    0xBD, 0x20, 0x7F, 0xAD, 0x1F, 0x9D, 0x3F, 0xA5, 0xDF, 0xBD, 0xBF, 0xB5, 0x5F, 0xCE, 0x5F, 0xC6,
    0x7F, 0xCE, 0xFF, 0xBD, 0x9F, 0xB5, 0x7F, 0xAD, 0x9F, 0xB5, 0x1F, 0xBE, 0xFF, 0xBD, 0x1F, 0xC6,
    0x5F, 0xCE, 0x7F, 0xCE, 0x5F, 0xCE, 0x1F, 0xC6, 0x1F, 0x9D, 0xFF, 0x9C, 0xDF, 0x9C, 0x7F, 0xAD,
    0xFF, 0xBD, 0x9F, 0xAD, 0xDF, 0xB5, 0xFF, 0xBD, 0x5F, 0xAD, 0x7F, 0xAD, 0x1F, 0xA5, 0x7F, 0xAD,
    0xDF, 0xB5, 0x9F, 0xB5, 0x82, 0xFF, 0xBD, 0x81, 0xBF, 0xB5, 0x05, 0x1F, 0xA5, 0xFF, 0x9C, 0x1F,
    0x9D, 0x3F, 0xA5, 0xDF, 0xB5, 0x7F, 0xAD, 0x81, 0xFF, 0x9C, 0x27, 0x7F, 0x8C, 0xBF, 0x94, 0xCD,
    0x7B, 0xAC, 0x83, 0x2B, 0x73, 0x4A, 0x7B, 0x89, 0x5A, 0x24, 0x21, 0x00, 0x00, 0x8E, 0x7D, 0x6D,
    0x7D, 0x74, 0xC6, 0x32, 0xBE, 0x54, 0xCE, 0xB6, 0xDE, 0x95, 0xCE, 0x73, 0xB6, 0xF0, 0x9D, 0xCE,
    0x8D, 0xF0, 0x9D, 0xD0, 0x95, 0xAF, 0x8D, 0x6D, 0x7D, 0xAF, 0x85, 0xCE, 0x85, 0x8E, 0x7D, 0x94,
    0xD6, 0x32, 0xB6, 0x94, 0xCE, 0xF0, 0xA5, 0xAE, 0x7D, 0xAF, 0x8D, 0xAE, 0x85, 0xCF, 0x95, 0x10,
    0x9E, 0x12, 0xAE, 0x53, 0xC6, 0x75, 0xDE, 0xB6, 0xE6, 0x95, 0xDE, 0x81, 0xF7, 0xEE, 0x20, 0x18,
    0xF7, 0xF7, 0xEE, 0xB4, 0xD6, 0x32, 0xB6, 0x32, 0xAE, 0x6D, 0x7D, 0x53, 0xB6, 0xF0, 0x95, 0x8E,
    0x85, 0x6E, 0x7D, 0xD0, 0x95, 0x32, 0xB6, 0xCF, 0x95, 0x10, 0xA6, 0xF0, 0x9D, 0xAE, 0x85, 0xCF,
    0x8D, 0x8E, 0x8D, 0xAE, 0x7D, 0x6C, 0x75, 0x7F, 0xCE, 0x9F, 0xD6, 0x7F, 0xCE, 0x3F, 0xC6, 0x1F,
    0xC6, 0x5F, 0xCE, 0xFF, 0xBD, 0x5F, 0xCE, 0x9F, 0xD6, 0xDF, 0xDE, 0x5F, 0xC6, 0x3F, 0xC6, 0x1F,
    0xBE, 0x81, 0xFF, 0xBD, 0x81, 0x3F, 0xC6, 0x12, 0xBF, 0xD6, 0x1F, 0xC6, 0x9F, 0xB5, 0xFF, 0xBD,
    0xBF, 0xB5, 0x9F, 0xB5, 0x7F, 0xAD, 0xFF, 0xBD, 0x9F, 0xD6, 0x9F, 0xCE, 0x3F, 0xC6, 0x5F, 0xC6,
    0x5F, 0xCE, 0xFF, 0xBD, 0x1F, 0xC6, 0x9F, 0xB5, 0x1F, 0xC6, 0x7F, 0xCE, 0x1F, 0xC6, 0x81, 0x1F,
    0xBE, 0x82, 0xDF, 0xB5, 0x00, 0x7F, 0xAD, 0x81, 0x9F, 0xAD, 0x06, 0xFF, 0xBD, 0xDF, 0xB5, 0x1F,
    0xBE, 0xDF, 0xB5, 0x9F, 0xB5, 0xDF, 0xB5, 0x7F, 0xAD, 0x82, 0xDF, 0xB5, 0x82, 0xFF, 0xBD, 0x00,
    0xDF, 0xBD, 0x81, 0xBF, 0xB5, 0x04, 0xDF, 0xB5, 0x9F, 0xAD, 0xBF, 0xB5, 0x9F, 0xAD, 0x7F, 0xAD,
    0x81, 0xFF, 0x9C, 0x26, 0x9F, 0x8C, 0x0B, 0x63, 0x0D, 0x94, 0xED, 0x8B, 0x6B, 0x7B, 0xE7, 0x41,
    0xB2, 0x9C, 0x71, 0x94, 0x43, 0x19, 0xF1, 0xA5, 0x53, 0xBE, 0x94, 0xCE, 0x74, 0xCE, 0x32, 0xAE,
    0xB5, 0xD6, 0x73, 0xBE, 0xF1, 0x9D, 0xCF, 0x9D, 0xF0, 0x9D, 0xCF, 0x95, 0xF0, 0x9D, 0x6D, 0x7D,
    0xCF, 0x8D, 0x12, 0xAE, 0x11, 0xAE, 0x54, 0xCE, 0x54, 0xC6, 0x94, 0xD6, 0x53, 0xBE, 0x32, 0xBE,
    0xCF, 0x95, 0x53, 0xBE, 0x32, 0xB6, 0xF0, 0xA5, 0x12, 0xBE, 0x74, 0xCE, 0x95, 0xDE, 0x95, 0xD6,
    0xD7, 0xE6, 0x81, 0xF7, 0xEE, 0x0D, 0xD6, 0xDE, 0xD7, 0xE6, 0x73, 0xCE, 0x11, 0xA6, 0x52, 0xBE,
    0x4C, 0x75, 0x8E, 0x7D, 0xAF, 0x8D, 0x32, 0xBE, 0xD0, 0x9D, 0x11, 0xA6, 0x94, 0xD6, 0x53, 0xAE,
    0xF0, 0xA5, 0x81, 0x32, 0xAE, 0x18, 0xF0, 0xA5, 0xCF, 0x9D, 0x8E, 0x7D, 0xAF, 0x8D, 0x7F, 0xCE,
    0xBF, 0xD6, 0x1F, 0xE7, 0xDF, 0xDE, 0x1F, 0xE7, 0xFF, 0xDE, 0x7F, 0xCE, 0x3F, 0xE7, 0x1F, 0xE7,
    0x7F, 0xCE, 0x5F, 0xC6, 0xDF, 0xD6, 0x5F, 0xCE, 0x7F, 0xCE, 0xBF, 0xD6, 0x7F, 0xCE, 0x1F, 0xC6,
    0xBF, 0xB5, 0xDF, 0xBD, 0xDF, 0xB5, 0xFF, 0xBD, 0x81, 0xBF, 0xD6, 0x04, 0xDF, 0xDE, 0x9F, 0xD6,
    0xFF, 0xDE, 0x3F, 0xE7, 0x9F, 0xD6, 0x81, 0x3F, 0xC6, 0x04, 0x1F, 0xC6, 0xDF, 0xBD, 0x5F, 0xCE,
    0x3F, 0xC6, 0x7F, 0xCE, 0x81, 0x3F, 0xC6, 0x17, 0x7F, 0xCE, 0xBF, 0xD6, 0xFF, 0xBD, 0x9F, 0xD6,
    0x7F, 0xCE, 0x9F, 0xCE, 0xDF, 0xBD, 0x5F, 0xC6, 0xFF, 0xDE, 0x3F, 0xC6, 0xBF, 0xB5, 0x5F, 0xA5,
    0xBF, 0xB5, 0xDF, 0xBD, 0xBF, 0xB5, 0xFF, 0xBD, 0x3F, 0xC6, 0xFF, 0xBD, 0xBF, 0xB5, 0xFF, 0xBD,
    0x7F, 0xCE, 0x3F, 0xC6, 0x7F, 0xCE, 0x3F, 0xC6, 0x81, 0xFF, 0xBD, 0x2B, 0xDF, 0xBD, 0x9F, 0xB5,
    0x1F, 0x9D, 0x7F, 0x8C, 0x5F, 0x8C, 0x91, 0x9C, 0xAD, 0x83, 0x03, 0x21, 0x91, 0x9C, 0x0E, 0x8C,
    0xEE, 0x83, 0xCE, 0x7B, 0xEE, 0x83, 0xCE, 0x95, 0x53, 0xB6, 0x74, 0xD6, 0xD6, 0xE6, 0x95, 0xD6,
    0x32, 0xB6, 0x53, 0xBE, 0x12, 0xAE, 0xF2, 0xBD, 0x11, 0xAE, 0x33, 0xC6, 0xF0, 0x9D, 0x31, 0xB6,
    0x10, 0x9E, 0x32, 0xBE, 0x74, 0xCE, 0x33, 0xC6, 0x95, 0xD6, 0x74, 0xCE, 0x12, 0xAE, 0x75, 0xD6,
    0x11, 0xAE, 0xAF, 0x8D, 0x52, 0xBE, 0xF0, 0xA5, 0x53, 0xBE, 0xB6, 0xE6, 0x74, 0xD6, 0x95, 0xD6,
    0xB6, 0xDE, 0xB6, 0xE6, 0x81, 0xB5, 0xDE, 0x01, 0x32, 0xBE, 0x94, 0xCE, 0x81, 0x11, 0xA6, 0x19,
    0x8D, 0x7D, 0x31, 0xA6, 0xD0, 0x9D, 0x32, 0xBE, 0x12, 0xAE, 0x32, 0xB6, 0x11, 0xAE, 0x95, 0xDE,
    0x74, 0xD6, 0x74, 0xCE, 0x95, 0xDE, 0x53, 0xC6, 0x31, 0xBE, 0x74, 0xC6, 0xB0, 0x95, 0x5F, 0xA5,
    0xBF, 0xB5, 0x9F, 0xD6, 0x1F, 0xE7, 0xDF, 0xDE, 0xBF, 0xD6, 0xDF, 0xD6, 0xFF, 0xDE, 0x9F, 0xD6,
    0x7F, 0xCE, 0x3F, 0xC6, 0x81, 0xFF, 0xBD, 0x08, 0xBF, 0xB5, 0x9F, 0xB5, 0xDF, 0xBD, 0x1F, 0xC6,
    0x5F, 0xA5, 0x1F, 0x9D, 0x3F, 0xA5, 0x7F, 0xAD, 0x1F, 0xC6, 0x81, 0xBF, 0xD6, 0x0F, 0xDF, 0xDE,
    0xBF, 0xD6, 0xFF, 0xDE, 0x7F, 0xCE, 0x3F, 0xC6, 0xBF, 0xB5, 0x7F, 0xAD, 0x5F, 0xAD, 0xFF, 0xBD,
    0x5F, 0xA5, 0xFF, 0xBD, 0xDF, 0xB5, 0x7F, 0xAD, 0x3F, 0xA5, 0x1F, 0xA5, 0xFF, 0xBD, 0x81, 0x1F,
    0xC6, 0x00, 0xFF, 0xBD, 0x81, 0x1F, 0xBE, 0x0C, 0xFF, 0xBD, 0x3F, 0xC6, 0xDF, 0xBD, 0x7F, 0xAD,
    0x1F, 0x9D, 0xBF, 0xB5, 0x9F, 0xAD, 0xDF, 0xBD, 0xBF, 0xB5, 0x9F, 0xB5, 0x7F, 0xAD, 0x1F, 0x9D,
    0x7F, 0xAD, 0x82, 0xDF, 0xBD, 0x2A, 0x1F, 0xC6, 0xDF, 0xB5, 0x7F, 0xAD, 0xFF, 0x9C, 0x5F, 0x8C,
    0x3F, 0x84, 0x5F, 0x84, 0x07, 0x42, 0x4F, 0x94, 0xF2, 0xAC, 0xEE, 0x83, 0x70, 0x94, 0x2F, 0x8C,
    0xCE, 0x83, 0xB2, 0x9C, 0xCF, 0x95, 0x53, 0xBE, 0x74, 0xCE, 0xB6, 0xDE, 0x12, 0xBE, 0x53, 0xCE,
    0x74, 0xC6, 0x94, 0xD6, 0x32, 0xB6, 0xF1, 0x9D, 0x10, 0xA6, 0x31, 0xB6, 0x74, 0xCE, 0x11, 0xAE,
    0x54, 0xC6, 0x94, 0xCE, 0x32, 0xBE, 0x33, 0xC6, 0x74, 0xCE, 0x11, 0xAE, 0x95, 0xDE, 0x54, 0xC6,
    0x95, 0xDE, 0xB5, 0xDE, 0x94, 0xCE, 0x74, 0xCE, 0xB6, 0xE6, 0xB5, 0xDE, 0x81, 0xD7, 0xEE, 0x0A,
    0x95, 0xDE, 0x95, 0xD6, 0xD6, 0xDE, 0x53, 0xC6, 0x53, 0xBE, 0xEF, 0x95, 0x10, 0xA6, 0xF0, 0x9D,
    0xD0, 0x9D, 0x74, 0xCE, 0x53, 0xBE, 0x83, 0xB6, 0xDE, 0x0E, 0x32, 0xB6, 0xB6, 0xE6, 0xD7, 0xEE,
    0xB5, 0xD6, 0x95, 0xD6, 0x32, 0xB6, 0xF1, 0xA5, 0xDF, 0xDE, 0x9F, 0xD6, 0xDF, 0xDE, 0x1F, 0xDF,
    0x1F, 0xE7, 0x9F, 0xD6, 0x3F, 0xC6, 0x5F, 0xCE, 0x81, 0xFF, 0xBD, 0x81, 0x5F, 0xCE, 0x17, 0x1F,
    0xBE, 0x5F, 0xCE, 0xDF, 0xBD, 0x1F, 0xC6, 0xFF, 0xBD, 0x9F, 0xD6, 0x9F, 0xCE, 0x7F, 0xCE, 0x5F,
    0xCE, 0x7F, 0xCE, 0xBF, 0xD6, 0x9F, 0xD6, 0xBF, 0xD6, 0x5F, 0xCE, 0xBF, 0xD6, 0x1F, 0xC6, 0x7F,
    0xCE, 0x3F, 0xC6, 0xDF, 0xD6, 0x3F, 0xC6, 0xDF, 0xB5, 0xBF, 0xB5, 0xDF, 0xB5, 0xBF, 0xB5, 0x82,
    0xFF, 0xBD, 0x00, 0x7F, 0xCE, 0x83, 0xFF, 0xBD, 0x40, 0xDF, 0xB5, 0xFF, 0xBD, 0x5F, 0xA5, 0xBF,
    0xB5, 0x3F, 0xC6, 0xFF, 0xBD, 0x1F, 0xBE, 0xFF, 0xBD, 0x5F, 0xA5, 0xDF, 0xB5, 0x7F, 0xCE, 0x9F,
    0xD6, 0x5F, 0xCE, 0x9F, 0xD6, 0x7F, 0xCE, 0x9F, 0xCE, 0xFF, 0xBD, 0x1F, 0xC6, 0x3F, 0xA5, 0xFF,
    0x9C, 0xBF, 0x94, 0x5F, 0x8C, 0x3F, 0x84, 0x1F, 0x7C, 0xEF, 0x39, 0x0B, 0x63, 0x04, 0x21, 0xD1,
    0xA4, 0xAD, 0x83, 0x89, 0x5A, 0x2F, 0x8C, 0xCA, 0x62, 0xCE, 0x8D, 0x53, 0xBE, 0xF1, 0xA5, 0x32,
    0xB6, 0xF1, 0xB5, 0x54, 0xCE, 0x53, 0xC6, 0xD1, 0x9D, 0xB0, 0x9D, 0x8E, 0x85, 0x12, 0xAE, 0x11,
    0xAE, 0x53, 0xBE, 0x74, 0xD6, 0x74, 0xCE, 0xD7, 0xE6, 0x95, 0xCE, 0x33, 0xBE, 0x53, 0xBE, 0x12,
    0xB6, 0x95, 0xDE, 0xB5, 0xE6, 0x53, 0xC6, 0x95, 0xD6, 0x74, 0xC6, 0x94, 0xC6, 0xB6, 0xDE, 0x95,
    0xD6, 0xD7, 0xEE, 0x53, 0xC6, 0x33, 0xC6, 0x95, 0xD6, 0xD6, 0xDE, 0x81, 0x74, 0xCE, 0x03, 0x74,
    0xC6, 0x54, 0xC6, 0x31, 0xAE, 0xCF, 0x9D, 0x81, 0xF1, 0xA5, 0x01, 0xF0, 0xAD, 0x74, 0xCE, 0x81,
    0x95, 0xD6, 0x07, 0x32, 0xBE, 0xB5, 0xE6, 0xB6, 0xE6, 0xD6, 0xE6, 0x11, 0xAE, 0x53, 0xBE, 0xB0,
    0x95, 0x9F, 0xD6, 0x81, 0xBF, 0xD6, 0x08, 0x1F, 0xBE, 0xFF, 0xBD, 0x3F, 0xA5, 0x5F, 0xAD, 0x3F,
    0xC6, 0x5F, 0xCE, 0x7F, 0xCE, 0xFF, 0xBD, 0x3F, 0xC6, 0x81, 0x7F, 0xCE, 0x06, 0x5F, 0xC6, 0xFF,
    0xBD, 0x5F, 0xCE, 0xFF, 0xBD, 0xDF, 0xBD, 0xDF, 0xB5, 0x9F, 0xD6, 0x81, 0xFF, 0xBD, 0x02, 0xDF,
    0xBD, 0x3F, 0xA5, 0x5F, 0xCE, 0x81, 0xDF, 0xDE, 0x01, 0x7F, 0xCE, 0x5F, 0xCE, 0x81, 0x7F, 0xCE,
    0x01, 0x5F, 0xCE, 0xFF, 0xBD, 0x81, 0x3F, 0xA5, 0x0F, 0x1F, 0x9D, 0x5F, 0xA5, 0x3F, 0xA5, 0x9F,
    0xB5, 0xFF, 0xBD, 0x5F, 0xA5, 0xDF, 0x9C, 0xFF, 0x9C, 0x5F, 0xA5, 0x3F, 0xC6, 0x1F, 0xBE, 0xBF,
    0xB5, 0x9F, 0xB5, 0x7F, 0xCE, 0x9F, 0xD6, 0x7F, 0xCE, 0x81, 0x1F, 0xC6, 0x00, 0x1F, 0xBE, 0x81,
    0xFF, 0xBD, 0x25, 0x3F, 0xC6, 0xDF, 0xB5, 0xFF, 0xBD, 0x5F, 0xA5, 0x9F, 0x8C, 0xDF, 0x94, 0xFF,
    0x9C, 0x1F, 0xA5, 0x9F, 0x8C, 0x7F, 0x8C, 0x1F, 0x7C, 0xEF, 0x39, 0x91, 0x9C, 0x0F, 0x8C, 0xE7,
    0x41, 0x8D, 0x7B, 0x07, 0x42, 0x28, 0x42, 0x43, 0x19, 0x8E, 0x85, 0xF0, 0x9D, 0xD0, 0x8D, 0x33,
    0xBE, 0xAF, 0x8D, 0x53, 0xC6, 0xD1, 0xA5, 0x53, 0xBE, 0x74, 0xD6, 0x74, 0xC6, 0x32, 0xBE, 0x74,
    0xCE, 0x95, 0xD6, 0x12, 0xB6, 0x95, 0xCE, 0x12, 0xB6, 0xD1, 0xAD, 0xAF, 0x9D, 0x90, 0x95, 0x81,
    0x12, 0xB6, 0x12, 0x74, 0xCE, 0x74, 0xC6, 0x53, 0xC6, 0x74, 0xCE, 0x53, 0xBE, 0xB6, 0xE6, 0x74,
    0xCE, 0x95, 0xDE, 0xB6, 0xE6, 0x75, 0xD6, 0xD6, 0xE6, 0xD7, 0xE6, 0xF7, 0xF6, 0xD6, 0xE6, 0x53,
    0xC6, 0xF0, 0xA5, 0xD0, 0x9D, 0xAF, 0x8D, 0x33, 0xB6, 0x81, 0x74, 0xCE, 0x0A, 0x95, 0xDE, 0xF2,
    0xB5, 0x95, 0xDE, 0x33, 0xBE, 0x73, 0xC6, 0x33, 0xBE, 0x32, 0xB6, 0x74, 0xCE, 0xAF, 0x95, 0xAF,
    0x85, 0x9F, 0xD6, 0x82, 0xFF, 0xDE, 0x15, 0xDF, 0xDE, 0xDF, 0xD6, 0x3F, 0xC6, 0x1F, 0xBE, 0x3F,
    0xC6, 0x9F, 0xCE, 0x7F, 0xCE, 0x5F, 0xCE, 0xDF, 0xBD, 0xFF, 0xBD, 0xDF, 0xBD, 0x9F, 0xB5, 0x7F,
    0xAD, 0x1F, 0xA5, 0x7F, 0xAD, 0xDF, 0xBD, 0x1F, 0xC6, 0x3F, 0xE7, 0xFF, 0xDE, 0x7F, 0xCE, 0x3F,
    0xC6, 0x7F, 0xCE, 0x81, 0x5F, 0xCE, 0x04, 0xDF, 0xDE, 0xBF, 0xD6, 0x9F, 0xD6, 0xDF, 0xBD, 0xBF,
    0xB5, 0x81, 0x7F, 0xAD, 0x08, 0xFF, 0x9C, 0xBF, 0x94, 0x9F, 0x94, 0x3F, 0xA5, 0x9F, 0xB5, 0x3F,
    0xC6, 0xBF, 0xB5, 0xDF, 0xB5, 0xDF, 0xBD, 0x81, 0xBF, 0xB5, 0x01, 0xFF, 0xBD, 0x9F, 0xCE, 0x81,
    0x1F, 0xC6, 0x25, 0x1F, 0xBE, 0x3F, 0xC6, 0x1F, 0xC6, 0xDF, 0xBD, 0xBF, 0xB5, 0x7F, 0xAD, 0x1F,
    0xBE, 0x3F, 0xC6, 0x9F, 0xCE, 0x7F, 0xCE, 0x1F, 0xC6, 0xDF, 0xBD, 0x3F, 0xA5, 0xFF, 0x9C, 0xBF,
    0x94, 0xDF, 0x9C, 0x9F, 0x8C, 0x1F, 0x84, 0x1F, 0x7C, 0x8D, 0x7B, 0xF2, 0xA4, 0xB1, 0xA4, 0xAD,
    0x83, 0xF2, 0xA4, 0x71, 0x94, 0xB1, 0xA4, 0x0B, 0x65, 0x6D, 0x75, 0xD0, 0x9D, 0xB0, 0x9D, 0x4D,
    0x85, 0xF1, 0xAD, 0x11, 0xB6, 0x0C, 0x6D, 0xD1, 0x9D, 0xAF, 0x95, 0x11, 0xAE, 0x8E, 0x8D, 0x81,
    0x11, 0xAE, 0x0F, 0xF1, 0x9D, 0xD0, 0x95, 0x0C, 0x6D, 0x4D, 0x7D, 0x0B, 0x75, 0x8F, 0x95, 0xB0,
    0x95, 0xD1, 0x95, 0x12, 0xAE, 0xD0, 0x95, 0x11, 0xA6, 0x74, 0xC6, 0xF1, 0xA5, 0xB5, 0xD6, 0xF2,
    0xB5, 0x74, 0xCE, 0x81, 0xD6, 0xE6, 0x18, 0xB6, 0xDE, 0xB5, 0xDE, 0x12, 0xB6, 0xB5, 0xDE, 0xCF,
    0xA5, 0x11, 0xAE, 0x53, 0xBE, 0x33, 0xB6, 0xD1, 0xA5, 0x12, 0xB6, 0x53, 0xBE, 0xD0, 0xA5, 0x6E,
    0x85, 0x12, 0xB6, 0x32, 0xB6, 0x11, 0xAE, 0x8D, 0x85, 0x8E, 0x8D, 0x4C, 0x6D, 0x8F, 0x85, 0x5F,
    0xCE, 0x3F, 0xC6, 0x7F, 0xCE, 0x3F, 0xC6, 0x7F, 0xCE, 0x82, 0x9F, 0xD6, 0x00, 0x7F, 0xCE, 0x81,
    0x9F, 0xD6, 0x04, 0x3F, 0xC6, 0xFF, 0xBD, 0x1F, 0xC6, 0x7F, 0xCE, 0x5F, 0xC6, 0x82, 0x3F, 0xC6,
    0x01, 0x7F, 0xCE, 0x9F, 0xD6, 0x81, 0x7F, 0xCE, 0x02, 0x9F, 0xCE, 0xBF, 0xD6, 0xDF, 0xDE, 0x81,
    0xFF, 0xDE, 0x00, 0xDF, 0xDE, 0x81, 0x7F, 0xCE, 0x0C, 0x3F, 0xC6, 0xBF, 0xB5, 0x3F, 0xC6, 0x9F,
    0xB5, 0x7F, 0xAD, 0x1F, 0x9D, 0x5F, 0xA5, 0x7F, 0xAD, 0x5F, 0xA5, 0xDF, 0xB5, 0xFF, 0xBD, 0xDF,
    0xB5, 0x5F, 0xCE, 0x82, 0x3F, 0xC6, 0x0B, 0x1F, 0xC6, 0x5F, 0xC6, 0x1F, 0xBE, 0xDF, 0xBD, 0x3F,
    0xC6, 0x9F, 0xD6, 0x3F, 0xC6, 0x7F, 0xCE, 0x3F, 0xC6, 0x5F, 0xCE, 0x3F, 0xC6, 0x9F, 0xD6, 0x81,
    0xFF, 0xBD, 0x00, 0xDF, 0xB5, 0x82, 0xBF, 0xB5, 0x07, 0x1F, 0x9D, 0x1F, 0xA5, 0x9F, 0x8C, 0x1F,
    0x7C, 0x8C, 0x73, 0x68, 0x52, 0x12, 0xAD, 0x24, 0x21, 0x81, 0x71, 0x94, 0x05, 0x92, 0x94, 0x4B,
    0x65, 0x2C, 0x65, 0x8E, 0x7D, 0xAE, 0x85, 0xCF, 0x95, 0x81, 0x8E, 0x85, 0x15, 0xEE, 0x9D, 0xF0,
    0x95, 0x31, 0xAE, 0xAF, 0x95, 0x32, 0xB6, 0xEF, 0x9D, 0x6D, 0x85, 0xD0, 0x8D, 0xCF, 0x8D, 0x4B,
    0x65, 0x6C, 0x6D, 0x4C, 0x6D, 0x6B, 0x75, 0x4C, 0x6D, 0x8D, 0x7D, 0x8E, 0x85, 0xCF, 0x95, 0x8D,
    0x7D, 0x4D, 0x7D, 0x8E, 0x85, 0x53, 0xB6, 0x52, 0xBE, 0x81, 0x32, 0xB6, 0x16, 0xD6, 0xE6, 0xD5,
    0xE6, 0xB6, 0xD6, 0x53, 0xC6, 0x11, 0xA6, 0x11, 0xAE, 0xCE, 0x95, 0x53, 0xBE, 0x8E, 0x7D, 0xEF,
    0x9D, 0xF0, 0x9D, 0x8D, 0x7D, 0xCF, 0x95, 0xEF, 0x9D, 0xAE, 0x8D, 0xAE, 0x85, 0x4D, 0x7D, 0x8D,
    0x7D, 0x6C, 0x75, 0x4C, 0x65, 0x6D, 0x75, 0x7F, 0xCE, 0xDF, 0xBD, 0x81, 0xBF, 0xB5, 0x02, 0x9F,
    0xAD, 0xDF, 0xBD, 0x5F, 0xC6, 0x81, 0xBF, 0xD6, 0x02, 0x3F, 0xC6, 0x5F, 0xCE, 0x7F, 0xCE, 0x82,
    0x3F, 0xC6, 0x02, 0x5F, 0xCE, 0xBF, 0xD6, 0xFF, 0xDE, 0x81, 0x9F, 0xD6, 0x0B, 0x3F, 0xC6, 0xFF,
    0xBD, 0xDF, 0xBD, 0x3F, 0xC6, 0x7F, 0xCE, 0xDF, 0xD6, 0x1F, 0xE7, 0x7F, 0xCE, 0x5F, 0xC6, 0x3F,
    0xC6, 0x1F, 0xBE, 0x3F, 0xC6, 0x81, 0x7F, 0xCE, 0x05, 0x1F, 0xC6, 0xDF, 0xB5, 0xBF, 0xB5, 0x7F,
    0xAD, 0xBF, 0xB5, 0x7F, 0xAD, 0x81, 0x9F, 0xB5, 0x14, 0xDF, 0xBD, 0xBF, 0xB5, 0x3F, 0xC6, 0xFF,
    0xBD, 0x5F, 0xC6, 0x1F, 0xC6, 0x9F, 0xB5, 0x1F, 0xBE, 0xFF, 0xBD, 0x3F, 0xC6, 0xBF, 0xD6, 0x5F,
    0xC6, 0x5F, 0xCE, 0x5F, 0xC6, 0x9F, 0xCE, 0x5F, 0xC6, 0x3F, 0xC6, 0xDF, 0xB5, 0x3F, 0xC6, 0xBF,
    0xB5, 0xFF, 0xBD, 0x81, 0x1F, 0xBE, 0x0C, 0x1F, 0x9D, 0xFF, 0x9C, 0x7F, 0x8C, 0x3F, 0x84, 0x32,
    0xB5, 0xD4, 0xC5, 0x2A, 0x6B, 0xB4, 0xC5, 0x8D, 0x73, 0x30, 0x8C, 0x91, 0x94, 0x4B, 0x65, 0x2C,
    0x65, 0x81, 0x4C, 0x6D, 0x03, 0x4B, 0x6D, 0xAD, 0x75, 0xCD, 0x7D, 0x4B, 0x75, 0x81, 0x8D, 0x7D,
    0x12, 0x8E, 0x8D, 0x53, 0xBE, 0xAD, 0x85, 0xCE, 0x8D, 0xF1, 0x9D, 0x8E, 0x7D, 0x8C, 0x6D, 0xAD,
    0x75, 0xAC, 0x75, 0x2A, 0x65, 0x4C, 0x6D, 0x2B, 0x65, 0x6C, 0x75, 0x4C, 0x6D, 0x6D, 0x75, 0x6C,
    0x75, 0x6D, 0x6D, 0x8D, 0x7D, 0xCE, 0x8D, 0x81, 0x11, 0xA6, 0x1C, 0xB4, 0xCE, 0xB5, 0xD6, 0xF0,
    0xA5, 0xB5, 0xD6, 0xF0, 0x9D, 0x11, 0xAE, 0x53, 0xBE, 0xD0, 0x95, 0xCF, 0x8D, 0x8E, 0x7D, 0xAE,
    0x85, 0x8C, 0x75, 0xEE, 0x85, 0x4B, 0x6D, 0x4B, 0x65, 0x09, 0x5D, 0xEA, 0x5C, 0x4C, 0x65, 0x4B,
    0x65, 0x2C, 0x65, 0x4C, 0x6D, 0xFF, 0xBD, 0x1F, 0xC6, 0x3F, 0xC6, 0x5F, 0xCE, 0x9F, 0xD6, 0xBF,
    0xB5, 0xFF, 0xBD, 0x1F, 0xC6, 0x82, 0x5F, 0xCE, 0x81, 0x3F, 0xC6, 0x81, 0xDF, 0xDE, 0x03, 0xFF,
    0xDE, 0xBF, 0xD6, 0x9F, 0xD6, 0xBF, 0xD6, 0x82, 0x9F, 0xD6, 0x06, 0xDF, 0xDE, 0x5F, 0xC6, 0x7F,
    0xCE, 0x5F, 0xCE, 0x9F, 0xD6, 0x7F, 0xCE, 0xFF, 0xBD, 0x81, 0x3F, 0xC6, 0x06, 0x5F, 0xCE, 0x3F,
    0xC6, 0x5F, 0xC6, 0x9F, 0xD6, 0x1F, 0xC6, 0xDF, 0xBD, 0x3F, 0xC6, 0x81, 0xFF, 0xBD, 0x0E, 0xDF,
    0xBD, 0x1F, 0xC6, 0xBF, 0xB5, 0xFF, 0xBD, 0x1F, 0xBE, 0x1F, 0xC6, 0x1F, 0xBE, 0xFF, 0xBD, 0xBF,
    0xB5, 0xFF, 0xBD, 0x3F, 0xC6, 0x7F, 0xCE, 0xFF, 0xBD, 0x7F, 0xCE, 0x1F, 0xC6, 0x81, 0x7F, 0xCE,
    0x28, 0x5F, 0xCE, 0x7F, 0xCE, 0x1F, 0xBE, 0x7F, 0xCE, 0xFF, 0xBD, 0xBF, 0xB5, 0xFF, 0xBD, 0x1F,
    0x9D, 0x3F, 0xA5, 0x1F, 0xA5, 0x5F, 0x8C, 0x3F, 0x84, 0x2F, 0x94, 0x19, 0xEF, 0x85, 0x31, 0x12,
    0xAD, 0x28, 0x4A, 0x2C, 0x63, 0xF4, 0xA4, 0xE9, 0x5C, 0x4D, 0x6D, 0x6D, 0x6D, 0x2B, 0x5D, 0x6B,
    0x6D, 0x8D, 0x75, 0xAD, 0x7D, 0x4A, 0x6D, 0x0A, 0x65, 0xAE, 0x8D, 0xF0, 0x9D, 0x0B, 0x5D, 0xE9,
    0x5C, 0x11, 0xAE, 0xAF, 0x85, 0xCE, 0x8D, 0x6C, 0x6D, 0x8D, 0x75, 0xAD, 0x75, 0x4A, 0x65, 0x0A,
    0x5D, 0x4C, 0x65, 0x81, 0x2B, 0x65, 0x02, 0x0B, 0x5D, 0xC8, 0x54, 0x6E, 0x75, 0x81, 0xAE, 0x85,
    0x0A, 0xF0, 0x9D, 0x32, 0xAE, 0x92, 0xBE, 0x11, 0xB6, 0xF1, 0xA5, 0x32, 0xB6, 0xCF, 0x9D, 0x11,
    0xAE, 0x6D, 0x7D, 0x8E, 0x7D, 0x8D, 0x75, 0x81, 0x6C, 0x6D, 0x07, 0x8D, 0x75, 0xCC, 0x75, 0x4A,
    0x6D, 0x64, 0x2A, 0x0B, 0x5D, 0x6C, 0x6D, 0x0B, 0x5D, 0xE9, 0x5C, 0x81, 0xA6, 0x32, 0x01, 0x7F,
    0xCE, 0x9F, 0xD6, 0x81, 0x3F, 0xC6, 0x81, 0x7F, 0xCE, 0x00, 0x1F, 0xC6, 0x81, 0x3F, 0xC6, 0x81,
    0xDF, 0xDE, 0x01, 0xFF, 0xDE, 0xBF, 0xD6, 0x81, 0xDF, 0xDE, 0x08, 0xBF, 0xD6, 0x3F, 0xE7, 0x7F,
    0xCE, 0xDF, 0xDE, 0x1F, 0xE7, 0xFF, 0xDE, 0x5F, 0xCE, 0xBF, 0xD6, 0x7F, 0xCE, 0x81, 0xDF, 0xDE,
    0x0F, 0x5F, 0xCE, 0x1F, 0xC6, 0x5F, 0xCE, 0xFF, 0xBD, 0x1F, 0xC6, 0x5F, 0xC6, 0x1F, 0xC6, 0x1F,
    0xBE, 0x9F, 0xCE, 0x1F, 0xC6, 0x5F, 0xC6, 0x1F, 0xBE, 0xFF, 0xBD, 0x1F, 0xC6, 0x1F, 0xBE, 0xBF,
    0xB5, 0x81, 0x3F, 0xC6, 0x07, 0xFF, 0xBD, 0x1F, 0xC6, 0x3F, 0xC6, 0x5F, 0xC6, 0x1F, 0xBE, 0x5F,
    0xCE, 0x1F, 0xBE, 0xFF, 0xBD, 0x82, 0x5F, 0xCE, 0x02, 0x1F, 0xBE, 0x5F, 0xCE, 0xBF, 0xD6, 0x82,
    0x9F, 0xCE, 0x10, 0x9F, 0xD6, 0x9F, 0xCE, 0x5F, 0xAD, 0x7F, 0xAD, 0xBF, 0xB5, 0x7F, 0xAD, 0xFF,
    0x9C, 0xDF, 0x94, 0x65, 0x29, 0x54, 0xAD, 0xD2, 0x9C, 0x33, 0xAD, 0x45, 0x29, 0x50, 0x8C, 0xCF,
    0x7B, 0xCA, 0x5A, 0xC7, 0x3A, 0x82, 0x6C, 0x6D, 0x02, 0x8D, 0x75, 0x4B, 0x6D, 0x4A, 0x65, 0x81,
    0x6D, 0x75, 0x09, 0x11, 0xAE, 0x11, 0xA6, 0xF1, 0x9D, 0x8E, 0x85, 0xAF, 0x95, 0xAE, 0x85, 0x4C,
    0x6D, 0x8D, 0x75, 0x4B, 0x6D, 0x4A, 0x65, 0x81, 0x4C, 0x6D, 0x10, 0x6B, 0x65, 0x6D, 0x6D, 0x4C,
    0x6D, 0x43, 0x19, 0x63, 0x19, 0x8D, 0x75, 0x6C, 0x6D, 0x8E, 0x7D, 0x8D, 0x7D, 0xAE, 0x95, 0xCF,
    0x95, 0x4C, 0x6D, 0xEF, 0x9D, 0x8E, 0x75, 0xAF, 0x85, 0x4C, 0x6D, 0x8E, 0x75, 0x83, 0x6C, 0x6D,
    0x08, 0x4A, 0x65, 0x44, 0x29, 0xD2, 0x9C, 0x13, 0xAD, 0x09, 0x54, 0x4C, 0x65, 0x85, 0x32, 0xD1,
    0x9C, 0xD1, 0xAC, 0x81, 0xDF, 0xBD, 0x13, 0x9F, 0xB5, 0xFF, 0xBD, 0x9F, 0xB5, 0xBF, 0xB5, 0x3F,
    0xC6, 0xFF, 0xBD, 0x9F, 0xD6, 0xDF, 0xDE, 0x3F, 0xE7, 0xBF, 0xD6, 0xFF, 0xDE, 0xBF, 0xD6, 0xDF,
    0xDE, 0xBF, 0xD6, 0x5F, 0xEF, 0x3F, 0xE7, 0xBF, 0xD6, 0x9F, 0xD6, 0x1F, 0xC6, 0xFF, 0xBD, 0x81,
    0x1F, 0xC6, 0x01, 0x9F, 0xCE, 0xBF, 0xD6, 0x81, 0x7F, 0xCE, 0x06, 0x9F, 0xD6, 0xFF, 0xBD, 0x3F,
    0xC6, 0x1F, 0xC6, 0x7F, 0xCE, 0x1F, 0xC6, 0x5F, 0xCE, 0x81, 0x1F, 0xBE, 0x0F, 0x3F, 0xC6, 0xBF,
    0xB5, 0x1F, 0xA5, 0x3F, 0xA5, 0xBF, 0xB5, 0xDF, 0xBD, 0x3F, 0xC6, 0x9F, 0xB5, 0xDF, 0xBD, 0x1F,
    0xC6, 0x7F, 0xCE, 0x3F, 0xC6, 0x1F, 0xBE, 0xFF, 0xBD, 0x5F, 0xC6, 0x7F, 0xCE, 0x81, 0x3F, 0xC6,
    0x1D, 0x5F, 0xCE, 0x3F, 0xC6, 0x7F, 0xCE, 0x1F, 0xC6, 0xDF, 0xBD, 0x1F, 0xBE, 0x3F, 0xC6, 0x5F,
    0xC6, 0xBF, 0xB5, 0x9F, 0xB5, 0x7F, 0xAD, 0x1F, 0xA5, 0xFF, 0x9C, 0xBF, 0x94, 0x0F, 0x8C, 0xEA,
    0x62, 0x03, 0x21, 0x11, 0xB5, 0x12, 0xB5, 0x71, 0x9C, 0x8A, 0x52, 0x10, 0x7C, 0x94, 0xBD, 0x22,
    0x11, 0x6C, 0x6D, 0x85, 0x32, 0x28, 0x42, 0x30, 0x8C, 0xE8, 0x4B, 0x6D, 0x6D, 0x81, 0x4C, 0x6D,
    0x35, 0x8D, 0x73, 0x07, 0x42, 0xA6, 0x32, 0xF0, 0x95, 0x8D, 0x7D, 0x69, 0x52, 0xA6, 0x32, 0xAD,
    0x75, 0x4B, 0x6D, 0x6D, 0x6D, 0x6C, 0x6D, 0x0B, 0x5D, 0x8D, 0x75, 0x4D, 0x6D, 0xAE, 0x73, 0x2E,
    0x8C, 0x90, 0x9C, 0x09, 0x54, 0x4C, 0x6D, 0x69, 0x52, 0x63, 0x19, 0x8D, 0x7D, 0x6C, 0x6D, 0x4C,
    0x6D, 0x30, 0x94, 0x45, 0x29, 0x8E, 0x75, 0xC6, 0x3A, 0x4F, 0x94, 0x6C, 0x6D, 0x4C, 0x65, 0xAD,
    0x75, 0x8C, 0x75, 0x28, 0x42, 0xF0, 0xB4, 0xD9, 0xE6, 0x69, 0x52, 0x2C, 0x65, 0xE3, 0x18, 0x65,
    0x29, 0x4F, 0x94, 0xDF, 0xDE, 0xBF, 0xD6, 0xFF, 0xDE, 0x7F, 0xCE, 0x1F, 0xE7, 0x9F, 0xD6, 0xBF,
    0xD6, 0x5F, 0xCE, 0x1F, 0xC6, 0xBF, 0xB5, 0xFF, 0xBD, 0x7F, 0xCE, 0xBF, 0xD6, 0x81, 0x9F, 0xD6,
    0x01, 0x3F, 0xE7, 0x5F, 0xEF, 0x81, 0xFF, 0xDE, 0x81, 0x1F, 0xE7, 0x09, 0xDF, 0xDE, 0x1F, 0xE7,
    0xFF, 0xDE, 0xDF, 0xDE, 0x7F, 0xCE, 0xBF, 0xD6, 0x3F, 0xC6, 0x5F, 0xA5, 0x7F, 0xAD, 0xBF, 0xB5,
    0x81, 0xDF, 0xBD, 0x1F, 0xFF, 0xBD, 0xDF, 0xBD, 0xBF, 0xB5, 0x9F, 0xAD, 0x1F, 0xC6, 0xFF, 0xBD,
    0xBF, 0xB5, 0xFF, 0xBD, 0x5F, 0xCE, 0x3F, 0xC6, 0xBF, 0xD6, 0x9F, 0xD6, 0x3F, 0xC6, 0xDF, 0xBD,
    0xBF, 0xB5, 0xDF, 0xBD, 0x3F, 0xC6, 0xFF, 0xBD, 0x5F, 0xCE, 0x5F, 0xC6, 0x7F, 0xCE, 0x1F, 0xC6,
    0x7F, 0xCE, 0x5F, 0xC6, 0x9F, 0xD6, 0x7F, 0xCE, 0xFF, 0xDE, 0xBF, 0xD6, 0x9F, 0xD6, 0x5F, 0xCE,
    0xFF, 0xBD, 0x1F, 0xA5, 0x81, 0xBF, 0x94, 0x41, 0xFF, 0x9C, 0x1F, 0x9D, 0x8C, 0x7B, 0x53, 0xB5,
    0xCB, 0x93, 0x4F, 0x9C, 0x28, 0x4A, 0x2C, 0x6B, 0xB3, 0x94, 0x2C, 0x6B, 0x15, 0xD6, 0xD0, 0xAC,
    0xE8, 0x4B, 0x28, 0x42, 0xAE, 0x7B, 0x53, 0xB5, 0x0B, 0x63, 0x6C, 0x6D, 0x4C, 0x65, 0x28, 0x4B,
    0xF4, 0x9C, 0xCA, 0x5A, 0x33, 0xAD, 0x27, 0x4B, 0x64, 0x2A, 0x2F, 0x8C, 0xAE, 0x7B, 0xC6, 0x3A,
    0x2A, 0x5D, 0x2D, 0x9C, 0x4F, 0x9C, 0xC7, 0x43, 0x4C, 0x6D, 0x04, 0x19, 0x33, 0xAD, 0x44, 0x29,
    0x11, 0xAD, 0x28, 0x4A, 0x42, 0x19, 0x90, 0x9C, 0x53, 0xB5, 0xE5, 0x49, 0x4C, 0x65, 0xA6, 0x32,
    0x50, 0x8C, 0xB3, 0x94, 0x42, 0x19, 0xA6, 0x32, 0xAD, 0x7B, 0x43, 0x19, 0x6D, 0x6D, 0x6B, 0x5C,
    0x53, 0xB5, 0xB4, 0xBD, 0x2D, 0x9C, 0x44, 0x29, 0x50, 0x94, 0xE8, 0x4B, 0x2C, 0x6B, 0x15, 0xD6,
    0xD0, 0xAC, 0x1F, 0xC6, 0x5F, 0xC6, 0x7F, 0xCE, 0x1F, 0xC6, 0xBF, 0xB5, 0x81, 0xDF, 0xBD, 0x03,
    0x7F, 0xCE, 0x3F, 0xC6, 0x7F, 0xCE, 0xDF, 0xDE, 0x81, 0x3F, 0xC6, 0x00, 0xFF, 0xBD, 0x81, 0xBF,
    0xB5, 0x08, 0xDF, 0xBD, 0x7F, 0xCE, 0x9F, 0xD6, 0x9F, 0xCE, 0xFF, 0xDE, 0xBF, 0xD6, 0x9F, 0xD6,
    0xFF, 0xBD, 0x5F, 0xCE, 0x81, 0x7F, 0xCE, 0x06, 0x5F, 0xCE, 0xFF, 0xBD, 0x3F, 0xC6, 0x1F, 0xC6,
    0x9F, 0xB5, 0x5F, 0xAD, 0xFF, 0x9C, 0x81, 0x1F, 0x9D, 0x05, 0x9F, 0xB5, 0xFF, 0xBD, 0xBF, 0xB5,
    0x1F, 0xC6, 0x3F, 0xC6, 0xDF, 0xB5, 0x81, 0x1F, 0xC6, 0x05, 0x3F, 0xC6, 0x1F, 0xC6, 0x5F, 0xC6,
    0x5F, 0xCE, 0xDF, 0xBD, 0xDF, 0xB5, 0x81, 0xDF, 0xBD, 0x04, 0xBF, 0xB5, 0x9F, 0xAD, 0xDF, 0xBD,
    0x5F, 0xCE, 0x9F, 0xD6, 0x81, 0x3F, 0xC6, 0x45, 0x1F, 0xBE, 0x7F, 0xAD, 0x3F, 0xA5, 0x1F, 0xBE,
    0x3F, 0xA5, 0x9F, 0xAD, 0x3F, 0xA5, 0x9F, 0xB5, 0x1F, 0xA5, 0xFF, 0x9C, 0xD7, 0x7B, 0x31, 0xBD,
    0x6E, 0xA4, 0x8D, 0x7B, 0xB2, 0x9C, 0x71, 0x94, 0x31, 0x84, 0x30, 0x8C, 0x44, 0x31, 0x56, 0xD6,
    0x2B, 0x6B, 0xAE, 0x73, 0x89, 0x5A, 0xE2, 0x20, 0x53, 0xB5, 0x0A, 0x5D, 0x2C, 0x65, 0x42, 0x19,
    0x51, 0x8C, 0x6D, 0x73, 0xED, 0x8B, 0xF1, 0xB4, 0x85, 0x2A, 0x2C, 0x6B, 0x4B, 0x73, 0x10, 0xB5,
    0x8E, 0x75, 0x90, 0x9C, 0x8D, 0x7B, 0xB2, 0x9C, 0x04, 0x21, 0x71, 0x8C, 0xA9, 0x62, 0xED, 0x8B,
    0x33, 0xAD, 0x2F, 0x8C, 0x28, 0x42, 0x0D, 0x94, 0xED, 0x8B, 0x6E, 0xA4, 0x8D, 0x7B, 0x28, 0x4A,
    0xEF, 0x7B, 0x04, 0x21, 0x30, 0x8C, 0x42, 0x19, 0x56, 0xD6, 0x0F, 0x8C, 0xEA, 0x53, 0xA6, 0x32,
    0x31, 0xBD, 0x53, 0xB5, 0x4C, 0x73, 0x10, 0x84, 0x71, 0x94, 0x08, 0x42, 0x30, 0x8C, 0x32, 0xB5,
    0x56, 0xD6, 0x3F, 0xA5, 0x81, 0xFF, 0xBD, 0x00, 0xDF, 0xBD, 0x81, 0xBF, 0xB5, 0x0B, 0xFF, 0xBD,
    0x1F, 0xBE, 0x5F, 0xCE, 0x7F, 0xCE, 0xFF, 0xDE, 0xDF, 0xDE, 0xFF, 0xDE, 0xBF, 0xD6, 0x9F, 0xD6,
    0x3F, 0xC6, 0x1F, 0xC6, 0xDF, 0xB5, 0x81, 0xBF, 0xB5, 0x00, 0xDF, 0xBD, 0x81, 0x7F, 0xCE, 0x02,
    0xDF, 0xBD, 0x3F, 0xC6, 0xDF, 0xD6, 0x81, 0x7F, 0xCE, 0x22, 0x9F, 0xD6, 0x5F, 0xCE, 0xDF, 0xBD,
    0x1F, 0xBE, 0xDF, 0xBD, 0xBF, 0xB5, 0x1F, 0xBE, 0x3F, 0xA5, 0x5F, 0xA5, 0x5F, 0xAD, 0x5F, 0xA5,
    0x3F, 0xA5, 0x1F, 0xC6, 0x9F, 0xAD, 0xBF, 0xB5, 0x3F, 0xC6, 0x1F, 0xC6, 0x3F, 0xC6, 0x5F, 0xCE,
    0xBF, 0xD6, 0x1F, 0xC6, 0x3F, 0xC6, 0x5F, 0xCE, 0x9F, 0xD6, 0x5F, 0xCE, 0x9F, 0xCE, 0x5F, 0xCE,
    0x9F, 0xB5, 0x5F, 0xA5, 0xBF, 0xB5, 0x3F, 0xC6, 0xFF, 0xBD, 0xBF, 0xB5, 0x5F, 0xAD, 0xDF, 0xB5,
    0x81, 0xDF, 0xBD, 0x43, 0x1F, 0xC6, 0xDF, 0xB5, 0x5F, 0xC6, 0xDF, 0xBD, 0x5F, 0xCE, 0x69, 0x52,
    0x91, 0x9C, 0x0E, 0x8C, 0xEE, 0x83, 0xCE, 0x7B, 0x04, 0x21, 0x13, 0xAD, 0x0F, 0x84, 0x74, 0xB5,
    0xE3, 0x18, 0x6D, 0x73, 0x4F, 0x94, 0x03, 0x21, 0x75, 0xB5, 0xE1, 0x08, 0x4C, 0x6D, 0xCE, 0x7B,
    0x48, 0x4A, 0xAE, 0x7B, 0x30, 0x8C, 0x90, 0x9C, 0xA5, 0x39, 0x50, 0x94, 0x4F, 0x94, 0xED, 0x83,
    0x89, 0x52, 0x50, 0x8C, 0x0E, 0x8C, 0xCA, 0x5A, 0x30, 0x8C, 0x53, 0xB5, 0x28, 0x42, 0x90, 0x9C,
    0xEE, 0x83, 0x2C, 0x6B, 0x03, 0x21, 0xAD, 0x83, 0x70, 0x9C, 0x6D, 0x73, 0x0E, 0x8C, 0xEE, 0x83,
    0x30, 0x8C, 0x70, 0x94, 0x13, 0xAD, 0x0F, 0x84, 0x74, 0xB5, 0x90, 0x94, 0x49, 0x4A, 0xA6, 0x32,
    0x4C, 0x73, 0x65, 0x29, 0x50, 0x8C, 0xE7, 0x41, 0xCE, 0x7B, 0x48, 0x52, 0xCE, 0x83, 0x0B, 0x63,
    0x74, 0xB5, 0x5F, 0xCE, 0xBF, 0xB5, 0x3F, 0xA5, 0x5F, 0xA5, 0x7F, 0xAD, 0x81, 0x3F, 0xC6, 0x08,
    0xBF, 0xD6, 0x7F, 0xCE, 0x1F, 0xC6, 0xFF, 0xBD, 0x5F, 0xCE, 0xFF, 0xBD, 0x9F, 0xB5, 0xDF, 0xB5,
    0x3F, 0xC6, 0x81, 0xFF, 0xDE, 0x05, 0x5F, 0xCE, 0x9F, 0xD6, 0x1F, 0xC6, 0x9F, 0xB5, 0x5F, 0xAD,
    0xFF, 0xBD, 0x81, 0x5F, 0xCE, 0x81, 0xBF, 0xD6, 0x07, 0xDF, 0xBD, 0x3F, 0xC6, 0xDF, 0xB5, 0xBF,
    0xB5, 0x5F, 0xA5, 0x9F, 0xAD, 0xDF, 0xBD, 0x5F, 0xCE, 0x81, 0x3F, 0xC6, 0x03, 0xFF, 0xBD, 0x3F,
    0xA5, 0xFF, 0x9C, 0x9F, 0xB5, 0x83, 0x7F, 0xCE, 0x04, 0x3F, 0xC6, 0x1F, 0xC6, 0x3F, 0xC6, 0x5F,
    0xCE, 0x3F, 0xC6, 0x81, 0x1F, 0xC6, 0x0D, 0xBF, 0xD6, 0x1F, 0xBE, 0x5F, 0xCE, 0xBF, 0xD6, 0xDF,
    0xB5, 0xBF, 0xB5, 0x1F, 0x9D, 0x1F, 0xA5, 0xBF, 0xB5, 0x1F, 0xC6, 0xFF, 0xBD, 0x3F, 0xC6, 0x7F,
    0xAD, 0xDF, 0xBD, 0x81, 0xDF, 0xB5, 0x28, 0x1F, 0xBE, 0x44, 0x29, 0xEE, 0x83, 0x28, 0x4A, 0x2F,
    0x8C, 0xC6, 0x39, 0x91, 0x9C, 0x0F, 0x8C, 0xEF, 0x83, 0x70, 0x9C, 0x69, 0x52, 0xCD, 0x83, 0xCE,
    0x83, 0xAD, 0x7B, 0x8D, 0x7B, 0x6C, 0x7B, 0x09, 0x54, 0x07, 0x42, 0x91, 0x9C, 0x0F, 0x8C, 0x34,
    0xAD, 0x13, 0xA5, 0x4F, 0x94, 0x2F, 0x8C, 0xCE, 0x83, 0xD1, 0xA4, 0x91, 0x9C, 0xA9, 0x5A, 0x4C,
    0x73, 0x2F, 0x8C, 0xCE, 0x7B, 0x91, 0x9C, 0x34, 0xAD, 0x13, 0xA5, 0x4F, 0x94, 0x69, 0x4A, 0xCD,
    0x83, 0x4F, 0x94, 0xF2, 0xAC, 0xC6, 0x39, 0x70, 0x94, 0x81, 0xE7, 0x41, 0x10, 0x91, 0x9C, 0x07,
    0x42, 0x33, 0xAD, 0x2B, 0x73, 0xD2, 0xA4, 0xCD, 0x83, 0x2B, 0x6B, 0xF2, 0xAC, 0x91, 0x9C, 0x6C,
    0x7B, 0x2F, 0x94, 0xCE, 0x83, 0x91, 0x9C, 0x0B, 0x63, 0x33, 0xAD, 0x70, 0x9C, 0xBF, 0xB5, 0x81,
    0x7F, 0xCE, 0x02, 0xFF, 0xBD, 0x9F, 0xD6, 0x9F, 0xCE, 0x81, 0x7F, 0xCE, 0x82, 0xBF, 0xD6, 0x21,
    0x5F, 0xCE, 0x1F, 0xC6, 0xFF, 0xBD, 0xBF, 0xB5, 0x9F, 0xB5, 0xDF, 0xBD, 0x3F, 0xC6, 0xFF, 0xBD,
    0x3F, 0xC6, 0xFF, 0xDE, 0xBF, 0xD6, 0x9F, 0xCE, 0xFF, 0xDE, 0x3F, 0xE7, 0x9F, 0xD6, 0x5F, 0xCE,
    0xBF, 0xD6, 0x5F, 0xCE, 0x7F, 0xCE, 0xFF, 0xBD, 0x3F, 0xC6, 0xFF, 0xBD, 0x9F, 0xAD, 0xFF, 0xBD,
    0xDF, 0xBD, 0x1F, 0xC6, 0x3F, 0xC6, 0xDF, 0xB5, 0x7F, 0xCE, 0x5F, 0xCE, 0x1F, 0xC6, 0x9F, 0xD6,
    0xFF, 0xDE, 0xDF, 0xDE, 0x83, 0x7F, 0xCE, 0x00, 0x9F, 0xD6, 0x81, 0x5F, 0xCE, 0x0A, 0xDF, 0xBD,
    0x3F, 0xC6, 0x1F, 0xBE, 0x5F, 0xC6, 0x1F, 0xBE, 0x5F, 0xCE, 0x1F, 0xBE, 0x5F, 0xCE, 0x1F, 0xBE,
    0x5F, 0xC6, 0x3F, 0xC6, 0x81, 0x1F, 0xC6, 0x06, 0xFF, 0xBD, 0x1F, 0xC6, 0xFF, 0xBD, 0xDF, 0xB5,
    0xBF, 0xB5, 0xDF, 0xBD, 0x8D, 0x7B, 0x81, 0xAD, 0x83, 0x11, 0x24, 0x21, 0x8D, 0x7B, 0xED, 0x8B,
    0x74, 0xB5, 0x23, 0x21, 0x70, 0x9C, 0x4C, 0x73, 0x04, 0x21, 0x50, 0x94, 0x0F, 0x8C, 0x6D, 0x7B,
    0xCE, 0x83, 0x43, 0x19, 0xB1, 0x9C, 0xCE, 0x83, 0x74, 0xB5, 0xB8, 0xDE, 0x07, 0x42, 0x81, 0x0F,
    0x8C, 0x2C, 0x28, 0x4A, 0x0F, 0x8C, 0x6D, 0x7B, 0xCA, 0x62, 0xAD, 0x83, 0x4C, 0x6B, 0x8C, 0x7B,
    0x74, 0xB5, 0x13, 0xA5, 0x4F, 0x94, 0xE3, 0x20, 0x4C, 0x73, 0xEE, 0x8B, 0x6D, 0x73, 0xD1, 0xA4,
    0xAD, 0x83, 0xA5, 0x39, 0x49, 0x4A, 0x27, 0x4A, 0xA9, 0x5A, 0x74, 0xB5, 0x68, 0x52, 0x03, 0x21,
    0x89, 0x5A, 0xEE, 0x8B, 0x92, 0x94, 0xEA, 0x62, 0x6D, 0x7B, 0xCE, 0x83, 0x2F, 0x8C, 0xB1, 0x9C,
    0x32, 0xB5, 0x0F, 0x84, 0xB0, 0xA4, 0x3F, 0xC6, 0x9F, 0xD6, 0x5F, 0xCE, 0x7F, 0xCE, 0xBF, 0xD6,
    0x5F, 0xCE, 0x7F, 0xCE, 0x9F, 0xD6, 0x7F, 0xCE, 0xBF, 0xD6, 0x7F, 0xCE, 0x81, 0xFF, 0xBD, 0x07,
    0xBF, 0xB5, 0x9F, 0xB5, 0xFF, 0xBD, 0x7F, 0xAD, 0xFF, 0xBD, 0xBF, 0xD6, 0x9F, 0xD6, 0xDF, 0xDE,
    0x81, 0xBF, 0xD6, 0x04, 0x3F, 0xC6, 0x9F, 0xD6, 0xFF, 0xDE, 0x7F, 0xCE, 0x3F, 0xC6, 0x81, 0x5F,
    0xCE, 0x04, 0x7F, 0xCE, 0xDF, 0xBD, 0xFF, 0xBD, 0xDF, 0xBD, 0x9F, 0xB5, 0x81, 0xFF, 0xBD, 0x03,
    0x1F, 0xC6, 0xBF, 0xB5, 0x1F, 0xBE, 0x5F, 0xC6, 0x81, 0x7F, 0xCE, 0x82, 0x3F, 0xC6, 0x51, 0xBF,
    0xD6, 0x7F, 0xCE, 0xFF, 0xBD, 0x1F, 0xC6, 0x5F, 0xCE, 0x1F, 0xC6, 0xFF, 0xBD, 0x3F, 0xC6, 0x5F,
    0xCE, 0x7F, 0xCE, 0x1F, 0xC6, 0x7F, 0xCE, 0xFF, 0xBD, 0x3F, 0xC6, 0xDF, 0xBD, 0xBF, 0xB5, 0x7F,
    0xAD, 0x5F, 0xC6, 0x1F, 0xC6, 0xFF, 0xBD, 0xBF, 0xB5, 0xDF, 0xB5, 0xBF, 0xB5, 0xDF, 0xBD, 0x9F,
    0xAD, 0x47, 0x29, 0xA6, 0x39, 0xCE, 0x83, 0x49, 0x4A, 0x8C, 0x7B, 0xB4, 0xC5, 0x74, 0xB5, 0xC9,
    0x62, 0x4F, 0x94, 0x2C, 0x6B, 0x0F, 0x8C, 0x50, 0x94, 0xEE, 0x83, 0xCD, 0x83, 0x8E, 0x73, 0x51,
    0x8C, 0xE6, 0x41, 0xAA, 0x5A, 0x13, 0xAD, 0x68, 0x52, 0x65, 0x29, 0x8D, 0x7B, 0x0F, 0x8C, 0x50,
    0x94, 0xEE, 0x83, 0xCD, 0x83, 0x4C, 0x7B, 0xCE, 0x83, 0x51, 0x8C, 0xC9, 0x62, 0x13, 0xAD, 0xEE,
    0x8B, 0xF2, 0xA4, 0xE7, 0x41, 0x28, 0x4A, 0xCE, 0x83, 0x07, 0x42, 0x48, 0x4A, 0x4C, 0x7B, 0xCE,
    0x83, 0x8B, 0x52, 0xA9, 0x5A, 0x0B, 0x63, 0x74, 0xB5, 0xCC, 0x8B, 0x4C, 0x6B, 0x2C, 0x6B, 0xCE,
    0x83, 0x50, 0x94, 0xCA, 0x62, 0xE6, 0x41, 0x8E, 0x73, 0x51, 0x8C, 0x8C, 0x7B, 0xB4, 0xC5, 0x74,
    0xB5, 0xCC, 0x8B, 0x81, 0x9F, 0xD6, 0x00, 0xFF, 0xDE, 0x81, 0xBF, 0xD6, 0x08, 0x9F, 0xD6, 0x5F,
    0xCE, 0x3F, 0xC6, 0x9F, 0xD6, 0xFF, 0xDE, 0xBF, 0xD6, 0x7F, 0xCE, 0x5F, 0xCE, 0x7F, 0xCE, 0x81,
    0x5F, 0xCE, 0x82, 0x9F, 0xD6, 0x10, 0x7F, 0xCE, 0x9F, 0xCE, 0x1F, 0xE7, 0xBF, 0xD6, 0x1F, 0xE7,
    0xDF, 0xDE, 0xBF, 0xD6, 0x3F, 0xC6, 0xDF, 0xB5, 0xBF, 0xD6, 0x5F, 0xCE, 0x1F, 0xBE, 0x9F, 0xD6,
    0x1F, 0xC6, 0x5F, 0xCE, 0xDF, 0xBD, 0x7F, 0xCE, 0x81, 0x5F, 0xCE, 0x09, 0x9F, 0xD6, 0x3F, 0xC6,
    0x5F, 0xCE, 0x9F, 0xD6, 0xDF, 0xDE, 0x5F, 0xC6, 0x3F, 0xC6, 0x5F, 0xC6, 0xDF, 0xDE, 0xBF, 0xD6,
    0x81, 0x5F, 0xCE, 0x53, 0x7F, 0xCE, 0x5F, 0xCE, 0x1F, 0xBE, 0x9F, 0xCE, 0x7F, 0xCE, 0x1F, 0xC6,
    0x5F, 0xCE, 0x3F, 0xC6, 0x1F, 0xC6, 0x3F, 0xC6, 0xFF, 0xBD, 0xBF, 0xB5, 0xDF, 0xB5, 0x7F, 0xAD,
    0x1F, 0xBE, 0xDF, 0xBD, 0x3F, 0xC6, 0x5F, 0xCE, 0xFF, 0xBD, 0xDF, 0xB5, 0x9F, 0xB5, 0xFF, 0xBD,
    0xDF, 0xBD, 0x1F, 0x9D, 0x28, 0x4A, 0xAD, 0x83, 0x53, 0xB5, 0x04, 0x21, 0x4B, 0x73, 0x04, 0x21,
    0x6C, 0x7B, 0x91, 0xA4, 0x03, 0x21, 0x4F, 0x9C, 0xCD, 0x83, 0x04, 0x21, 0x51, 0x94, 0x04, 0x21,
    0x53, 0xB5, 0x13, 0xAD, 0xAE, 0x7B, 0x69, 0x52, 0x89, 0x5A, 0x91, 0xA4, 0x4F, 0x94, 0x4F, 0x9C,
    0xCD, 0x83, 0x27, 0x4A, 0x51, 0x94, 0xEB, 0x62, 0xD1, 0xAC, 0xAD, 0x7B, 0xAE, 0x7B, 0x69, 0x4A,
    0xCD, 0x83, 0xE3, 0x20, 0x70, 0x94, 0x0E, 0x8C, 0x71, 0x94, 0x4B, 0x73, 0x51, 0x94, 0x0C, 0x63,
    0xC6, 0x39, 0x53, 0xB5, 0x49, 0x4A, 0xC6, 0x39, 0xE7, 0x41, 0xC6, 0x41, 0x4C, 0x6B, 0x0E, 0x8C,
    0x4F, 0x9C, 0xCD, 0x83, 0x07, 0x42, 0x51, 0x94, 0xAD, 0x83, 0x53, 0xB5, 0x65, 0x29, 0x4B, 0x73,
    0xBF, 0xD6, 0x1F, 0xBE, 0x9F, 0xAD, 0xBF, 0xB5, 0xDF, 0xBD, 0x5F, 0xCE, 0x81, 0x7F, 0xCE, 0x01,
    0x3F, 0xC6, 0xFF, 0xBD, 0x81, 0x1F, 0xC6, 0x0D, 0x5F, 0xCE, 0x7F, 0xCE, 0xBF, 0xD6, 0x9F, 0xD6,
    0xDF, 0xDE, 0xFF, 0xDE, 0xDF, 0xDE, 0x5F, 0xCE, 0x3F, 0xC6, 0xFF, 0xBD, 0x9F, 0xAD, 0x1F, 0xBE,
    0x5F, 0xCE, 0xBF, 0xD6, 0x82, 0x7F, 0xCE, 0x0F, 0xBF, 0xB5, 0x5F, 0xA5, 0x1F, 0xC6, 0x3F, 0xC6,
    0x7F, 0xCE, 0x9F, 0xD6, 0xBF, 0xD6, 0xFF, 0xDE, 0x7F, 0xCE, 0x1F, 0xBE, 0x7F, 0xAD, 0x3F, 0xA5,
    0x7F, 0xAD, 0xDF, 0xBD, 0x1F, 0xC6, 0x5F, 0xCE, 0x81, 0x3F, 0xC6, 0x03, 0xDF, 0xB5, 0xBF, 0xB5,
    0xDF, 0xB5, 0x3F, 0xC6, 0x81, 0x7F, 0xCE, 0x05, 0xBF, 0xD6, 0xDF, 0xDE, 0xFF, 0xDE, 0xFF, 0xBD,
    0xBF, 0xB5, 0x7F, 0xAD, 0x81, 0x1F, 0xA5, 0x09, 0x5F, 0xA5, 0x9F, 0xAD, 0x3F, 0xA5, 0x5F, 0xAD,
    0x5F, 0xA5, 0x3F, 0xA5, 0xFF, 0x9C, 0x5F, 0xA5, 0xBF, 0xB5, 0x9F, 0xAD, 0x81, 0x7F, 0xAD, 0x3D,
    0x5F, 0xA5, 0x08, 0x42, 0x13, 0xAD, 0x8E, 0x73, 0x6C, 0x73, 0xD0, 0xAC, 0x4E, 0x9C, 0x4F, 0x94,
    0xB0, 0xA4, 0x2F, 0x94, 0x90, 0x9C, 0xB1, 0xA4, 0xB1, 0x9C, 0x8E, 0x73, 0x13, 0xAD, 0xB2, 0x9C,
    0x0F, 0x8C, 0xAF, 0xAC, 0x07, 0x4A, 0x0E, 0x94, 0xB0, 0xA4, 0x07, 0x42, 0x90, 0x9C, 0xB1, 0xA4,
    0x30, 0x94, 0x44, 0x29, 0x2F, 0x8C, 0x50, 0x8C, 0x0F, 0x8C, 0xAF, 0xAC, 0x2E, 0x94, 0x0E, 0x94,
    0x48, 0x52, 0xAD, 0x83, 0x12, 0xAD, 0xB1, 0xA4, 0x28, 0x4A, 0x34, 0xAD, 0x27, 0x4A, 0x89, 0x5A,
    0xAE, 0x7B, 0x6C, 0x73, 0xD0, 0xAC, 0x4E, 0x9C, 0x4F, 0x94, 0xAD, 0x83, 0x12, 0xAD, 0x90, 0x9C,
    0xB1, 0xA4, 0xB1, 0x9C, 0xB2, 0x9C, 0x24, 0x29, 0xB2, 0x9C, 0x6C, 0x73, 0xD0, 0xAC, 0x3F, 0xC6,
    0x1F, 0xC6, 0xDF, 0xDE, 0x9F, 0xD6, 0xDF, 0xD6, 0xFF, 0xDE, 0x5F, 0xEF, 0x81, 0x3F, 0xE7, 0x08,
    0x5F, 0xE7, 0x1F, 0xE7, 0x9F, 0xD6, 0xBF, 0xD6, 0xDF, 0xDE, 0xBF, 0xD6, 0x7F, 0xCE, 0x5F, 0xCE,
    0x1F, 0xC6, 0x81, 0x3F, 0xC6, 0x09, 0x7F, 0xCE, 0xDF, 0xDE, 0x3F, 0xE7, 0x7F, 0xEF, 0xFF, 0xDE,
    0x1F, 0xDF, 0xFF, 0xDE, 0xDF, 0xDE, 0xBF, 0xD6, 0x3F, 0xC6, 0x82, 0xFF, 0xBD, 0x06, 0xBF, 0xB5,
    0xDF, 0xBD, 0xBF, 0xB5, 0x7F, 0xAD, 0x9F, 0xB5, 0xFF, 0xBD, 0xDF, 0xBD, 0x81, 0x3F, 0xC6, 0x08,
    0x9F, 0xD6, 0xBF, 0xD6, 0xFF, 0xDE, 0x3F, 0xE7, 0x1F, 0xE7, 0xBF, 0xD6, 0xDF, 0xDE, 0xBF, 0xD6,
    0xDF, 0xDE, 0x81, 0x9F, 0xD6, 0x11, 0x3F, 0xC6, 0xFF, 0xBD, 0x1F, 0xC6, 0xBF, 0xB5, 0x9F, 0xAD,
    0xBF, 0xB5, 0x7F, 0xAD, 0xDF, 0xBD, 0x1F, 0xBE, 0x5F, 0xCE, 0xDF, 0xBD, 0xFF, 0xBD, 0xDF, 0xBD,
    0xFF, 0xBD, 0x5F, 0xAD, 0x7F, 0xAD, 0x9F, 0xB5, 0x1F, 0xA5, 0x81, 0xFF, 0x9C, 0x81, 0xBF, 0x94,
    0x2C, 0xE8, 0x39, 0x6D, 0x6B, 0x14, 0x9D, 0x10, 0xB5, 0xE3, 0x20, 0x70, 0x8C, 0xAD, 0x83, 0x34,
    0xAD, 0x89, 0x52, 0x73, 0xBD, 0x12, 0xAD, 0x4D, 0x6B, 0x71, 0x8C, 0x6D, 0x6B, 0x6D, 0x73, 0x2F,
    0x94, 0x4B, 0x73, 0xE3, 0x20, 0xA9, 0x5A, 0x34, 0xAD, 0xAA, 0x5A, 0x73, 0xBD, 0x44, 0x29, 0x91,
    0x94, 0xD2, 0x9C, 0xC3, 0x18, 0x6D, 0x73, 0x2F, 0x94, 0x90, 0x9C, 0xEF, 0x83, 0x28, 0x4A, 0x24,
    0x21, 0x69, 0x52, 0x36, 0xD6, 0x0F, 0x8C, 0x6D, 0x73, 0xD3, 0x9C, 0x92, 0x94, 0x6D, 0x6B, 0xC7,
    0x39, 0x10, 0xB5, 0x07, 0x42, 0x9F, 0x94, 0x88, 0x31, 0xD3, 0x9C, 0x81, 0x94, 0xBD, 0x0A, 0xCE,
    0x7B, 0x6F, 0x4A, 0x9F, 0x94, 0x49, 0x4A, 0x14, 0x9D, 0x2F, 0x42, 0x9F, 0xCE, 0xBF, 0xD6, 0x1F,
    0xE7, 0xDF, 0xDE, 0x9F, 0xD6, 0x81, 0x7F, 0xCE, 0x07, 0xDF, 0xDE, 0xFF, 0xDE, 0xBF, 0xD6, 0xFF,
    0xDE, 0x1F, 0xE7, 0xFF, 0xDE, 0xDF, 0xDE, 0xBF, 0xD6, 0x81, 0x7F, 0xCE, 0x81, 0x5F, 0xCE, 0x0F,
    0x7F, 0xCE, 0x1F, 0xE7, 0x5F, 0xEF, 0xFF, 0xDE, 0xBF, 0xD6, 0xDF, 0xDE, 0xBF, 0xD6, 0xDF, 0xDE,
    0xBF, 0xD6, 0x9F, 0xD6, 0x7F, 0xCE, 0xBF, 0xD6, 0x9F, 0xCE, 0x5F, 0xCE, 0x1F, 0xBE, 0xFF, 0xBD,
    0x81, 0x3F, 0xC6, 0x00, 0xDF, 0xBD, 0x81, 0x7F, 0xCE, 0x06, 0xDF, 0xDE, 0x5F, 0xC6, 0x3F, 0xC6,
    0xFF, 0xBD, 0x9F, 0xD6, 0xBF, 0xD6, 0x7F, 0xCE, 0x81, 0x1F, 0xE7, 0x81, 0xDF, 0xDE, 0x0A, 0xBF,
    0xD6, 0x7F, 0xCE, 0x5F, 0xC6, 0x3F, 0xC6, 0xDF, 0xB5, 0xFF, 0xBD, 0x9F, 0xCE, 0xDF, 0xBD, 0x9F,
    0xCE, 0xBF, 0xB5, 0x7F, 0xAD, 0x81, 0xDF, 0xBD, 0x01, 0xBF, 0xB5, 0x9F, 0xAD, 0x81, 0xFF, 0xBD,
    0x05, 0x9F, 0xB5, 0xBF, 0xB5, 0x7F, 0xAD, 0x1F, 0xA5, 0x3F, 0xA5, 0xFF, 0x9C, 0x81, 0x1F, 0xA5,
    0x18, 0x7F, 0xAD, 0xBF, 0xB5, 0x7F, 0xAD, 0x1F, 0xA5, 0xBF, 0xB5, 0xFF, 0xBD, 0xA6, 0x31, 0xF4,
    0xCD, 0xD6, 0xC5, 0x8F, 0x52, 0xA8, 0x31, 0x14, 0xA5, 0x2C, 0x6B, 0xAA, 0x52, 0xCB, 0x5A, 0x23,
    0x29, 0xE6, 0x41, 0xAD, 0x83, 0x98, 0xDE, 0xA9, 0x5A, 0xF6, 0xC5, 0x85, 0x31, 0x9F, 0x94, 0x65,
    0x29, 0x04, 0x21, 0x81, 0x2F, 0x42, 0x03, 0x4F, 0x42, 0xDF, 0x94, 0xBF, 0x94, 0xDF, 0x94, 0x81,
    0x7F, 0x8C, 0x00, 0x9F, 0x94, 0x81, 0xBF, 0x94, 0x00, 0x9F, 0x94, 0x81, 0x5F, 0xA5, 0x16, 0xFF,
    0x9C, 0xDF, 0x9C, 0xFF, 0x9C, 0xBF, 0x94, 0x1F, 0xA5, 0x9F, 0xAD, 0xB0, 0x52, 0xDF, 0xBD, 0x5F,
    0xA5, 0xBF, 0xB5, 0x7F, 0xAD, 0x6F, 0x4A, 0x9F, 0x94, 0x1F, 0xC6, 0x5F, 0xC6, 0x9F, 0xCE, 0x1F,
    0xE7, 0xBF, 0xD6, 0x9F, 0xD6, 0xDF, 0xDE, 0xFF, 0xDE, 0x3F, 0xE7, 0xBF, 0xD6, 0x81, 0x7F, 0xCE,
    0x01, 0x9F, 0xD6, 0xDF, 0xDE, 0x81, 0xBF, 0xD6, 0x05, 0xFF, 0xDE, 0x1F, 0xE7, 0xFF, 0xDE, 0x1F,
    0xE7, 0xFF, 0xDE, 0x7F, 0xEF, 0x81, 0x5F, 0xEF, 0x09, 0x1F, 0xE7, 0xFF, 0xDE, 0x3F, 0xE7, 0xFF,
    0xDE, 0x9F, 0xCE, 0x1F, 0xC6, 0xDF, 0xBD, 0x1F, 0xBE, 0x1F, 0xC6, 0xFF, 0xBD, 0x81, 0xBF, 0xD6,
    0x00, 0xDF, 0xDE, 0x81, 0x3F, 0xC6, 0x08, 0xBF, 0xD6, 0x1F, 0xE7, 0xBF, 0xD6, 0xDF, 0xD6, 0x9F,
    0xCE, 0xFF, 0xDE, 0x5F, 0xEF, 0x7F, 0xEF, 0xBF, 0xD6, 0x81, 0xFF, 0xDE, 0x00, 0xDF, 0xDE, 0x81,
    0xFF, 0xDE, 0x02, 0x1F, 0xE7, 0x5F, 0xEF, 0xFF, 0xDE, 0x81, 0x9F, 0xD6, 0x0D, 0x5F, 0xCE, 0xBF,
    0xD6, 0xDF, 0xDE, 0x1F, 0xC6, 0x5F, 0xCE, 0x3F, 0xC6, 0x1F, 0xC6, 0xFF, 0xBD, 0xDF, 0xB5, 0x9F,
    0xB5, 0xFF, 0xBD, 0x9F, 0xB5, 0x1F, 0xC6, 0xDF, 0xBD, 0x81, 0x3F, 0xC6, 0x01, 0xDF, 0xBD, 0xFF,
    0xBD, 0x81, 0x5F, 0xC6, 0x0E, 0x3F, 0xC6, 0x9F, 0xD6, 0x5F, 0xCE, 0x5F, 0xC6, 0x7F, 0xCE, 0x9F,
    0xD6, 0x3F, 0xC6, 0xFF, 0xBD, 0xBF, 0xB5, 0x1F, 0xBE, 0x30, 0x63, 0xD0, 0x5A, 0xF0, 0x5A, 0xDF,
    0xBD, 0xBF, 0xB5, 0x81, 0x5F, 0xA5, 0x06, 0x7F, 0xAD, 0x3F, 0xA5, 0x9F, 0xAD, 0x9F, 0xB5, 0x9F,
    0xAD, 0x5F, 0xA5, 0x7F, 0xAD, 0x81, 0x9F, 0xB5, 0x01, 0x7F, 0xAD, 0x3F, 0xA5, 0x82, 0x7F, 0xAD,
    0x05, 0xBF, 0xB5, 0x3F, 0xC6, 0x1F, 0xBE, 0xFF, 0xBD, 0xBF, 0xB5, 0x1F, 0xBE, 0x81, 0x7F, 0xCE,
    0x81, 0xFF, 0xBD, 0x0A, 0x5F, 0xCE, 0x1F, 0xBE, 0x9F, 0xCE, 0x1F, 0xBE, 0xFF, 0xBD, 0xBF, 0xB5,
    0x9F, 0xB5, 0x7F, 0xAD, 0x9F, 0xB5, 0x7F, 0xAD, 0xBF, 0xB5, 0x81, 0x1F, 0xBE, 0x21, 0xFF, 0xBD,
    0x1F, 0xA5, 0x5F, 0xA5, 0xFF, 0x9C, 0xBF, 0x94, 0xDF, 0x94, 0x5F, 0xA5, 0xFF, 0xBD, 0xBF, 0xD6,
    0x5F, 0xCE, 0xDF, 0xDE, 0x3F, 0xC6, 0xBF, 0xD6, 0x1F, 0xE7, 0xFF, 0xDE, 0x9F, 0xD6, 0x7F, 0xCE,
    0x9F, 0xD6, 0xFF, 0xDE, 0x1F, 0xC6, 0x9F, 0xB5, 0xFF, 0xBD, 0x5F, 0xAD, 0x9F, 0xAD, 0x7F, 0xAD,
    0xBF, 0xB5, 0x7F, 0xCE, 0x1F, 0xBE, 0xFF, 0xBD, 0x5F, 0xCE, 0x1F, 0xBE, 0xBF, 0xB5, 0x5F, 0xCE,
    0x7F, 0xCE, 0x81, 0x5F, 0xC6, 0x01, 0x5F, 0xCE, 0x9F, 0xCE, 0x81, 0xBF, 0xB5, 0x09, 0x9F, 0xAD,
    0x5F, 0xAD, 0xDF, 0x9C, 0x5F, 0xA5, 0xFF, 0xBD, 0xFF, 0xDE, 0x1F, 0xDF, 0xDF, 0xDE, 0xDF, 0xD6,
    0x7F, 0xCE, 0x81, 0xFF, 0xDE, 0x00, 0x9F, 0xD6, 0x81, 0x7F, 0xCE, 0x02, 0xDF, 0xDE, 0x9F, 0xCE,
    0xFF, 0xBD, 0x81, 0x3F, 0xA5, 0x03, 0xDF, 0x9C, 0xBF, 0x94, 0x9F, 0x8C, 0x7F, 0xAD, 0x81, 0x5F,
    0xCE, 0x03, 0xDF, 0xBD, 0x5F, 0xC6, 0xFF, 0xBD, 0x5F, 0xCE, 0x81, 0xFF, 0xBD, 0x03, 0x1F, 0xC6,
    0x5F, 0xCE, 0x7F, 0xCE, 0x1F, 0xC6, 0x81, 0x3F, 0xA5, 0x81, 0xDF, 0x94, 0x05, 0x5F, 0x8C, 0x3F,
    0xA5, 0xBF, 0xB5, 0xFF, 0xBD, 0x1F, 0xC6, 0xDF, 0xBD, 0x81, 0xFF, 0xBD, 0x04, 0x5F, 0xC6, 0x1F,
    0xC6, 0xFF, 0xBD, 0xBF, 0xB5, 0x3F, 0xC6, 0x81, 0xFF, 0xBD, 0x26, 0x3F, 0xA5, 0xDF, 0x9C, 0xBF,
    0x94, 0x9F, 0x8C, 0x9F, 0x94, 0x5F, 0xA5, 0x9F, 0xAD, 0x9F, 0xB5, 0xBF, 0xB5, 0x7F, 0xCE, 0x3F,
    0xC6, 0x5F, 0xC6, 0xBF, 0xD6, 0x3F, 0xC6, 0x5F, 0xCE, 0xBF, 0xD6, 0xFF, 0xDE, 0x3F, 0xC6, 0xDF,
    0xB5, 0x5F, 0xAD, 0x3F, 0xA5, 0x1F, 0x9D, 0xDF, 0x94, 0xFF, 0x9C, 0x7F, 0xAD, 0x1F, 0xC6, 0xFF,
    0xBD, 0x7F, 0xAD, 0xBF, 0xB5, 0x7F, 0x8C, 0x9F, 0x94, 0xFF, 0x9C, 0x3F, 0xA5, 0x7F, 0xAD, 0x5F,
    0xAD, 0x1F, 0xA5, 0x5F, 0xA5, 0x9F, 0xB5, 0x7F, 0xAD, 0x81, 0xFF, 0xBD, 0x01, 0xBF, 0xB5, 0xDF,
    0xB5, 0x81, 0xDF, 0xBD, 0x03, 0x7F, 0xAD, 0x9F, 0xB5, 0x7F, 0xAD, 0x1F, 0xA5, 0x81, 0x1F, 0xBE,
    0x09, 0x5F, 0xCE, 0x3F, 0xC6, 0xDF, 0xBD, 0x7F, 0xCE, 0xFF, 0xBD, 0x9F, 0xCE, 0x3F, 0xC6, 0x5F,
    0xCE, 0x1F, 0xBE, 0x5F, 0xC6, 0x81, 0xDF, 0xBD, 0x0E, 0x3F, 0xC6, 0xBF, 0xB5, 0x3F, 0xA5, 0x5F,
    0xAD, 0xBF, 0xB5, 0x1F, 0xC6, 0x1F, 0xBE, 0x9F, 0xD6, 0x1F, 0xC6, 0x3F, 0xC6, 0x7F, 0xCE, 0xFF,
    0xBD, 0x9F, 0xD6, 0x1F, 0xE7, 0x9F, 0xD6, 0x81, 0xBF, 0xD6, 0x0D, 0x7F, 0xCE, 0xFF, 0xBD, 0x3F,
    0xC6, 0xDF, 0xBD, 0x5F, 0xAD, 0x9F, 0xAD, 0x7F, 0xCE, 0x5F, 0xCE, 0x7F, 0xCE, 0x3F, 0xC6, 0x9F,
    0xD6, 0x3F, 0xC6, 0x1F, 0xC6, 0xBF, 0xB5, 0x81, 0x3F, 0xC6, 0x06, 0x1F, 0xC6, 0x3F, 0xC6, 0x1F,
    0xC6, 0xDF, 0xBD, 0x5F, 0xC6, 0x1F, 0xC6, 0xBF, 0xB5, 0x81, 0xDF, 0xBD, 0x81, 0x7F, 0xCE, 0x81,
    0xBF, 0xD6, 0x06, 0xFF, 0xBD, 0x7F, 0xCE, 0x3F, 0xC6, 0x9F, 0xAD, 0xBF, 0xD6, 0x9F, 0xD6, 0x5F,
    0xC6, 0x81, 0x3F, 0xC6, 0x03, 0xBF, 0xB5, 0x1F, 0xBE, 0x1F, 0xC6, 0x5F, 0xAD, 0x81, 0x7F, 0xAD,
    0x81, 0x3F, 0xC6, 0x81, 0x5F, 0xC6, 0x01, 0xDF, 0xBD, 0x9F, 0xCE, 0x81, 0x1F, 0xC6, 0x0C, 0xBF,
    0xD6, 0x5F, 0xC6, 0xDF, 0xDE, 0x3F, 0xC6, 0xDF, 0xBD, 0x5F, 0xCE, 0xBF, 0xD6, 0x5F, 0xCE, 0xFF,
    0xBD, 0x1F, 0xBE, 0x1F, 0xC6, 0x9F, 0xD6, 0x1F, 0xDF, 0x81, 0x9F, 0xD6, 0x02, 0x1F, 0xC6, 0x7F,
    0xCE, 0x5F, 0xCE, 0x81, 0xFF, 0xDE, 0x04, 0x7F, 0xCE, 0x9F, 0xCE, 0x5F, 0xC6, 0xFF, 0xBD, 0x7F,
    0xAD,
};
