// Generated from: intro.png by tools/png2rle565.py
// Format: RGB565_LE, run length encoded, draw with drawImageRLE() or drawImageRLETransparent()
// Original size: 128x128 = 32768 bytes, encoded: 23051 bytes

const uint16_t default_intro_width = 128;
const uint16_t default_intro_height = 128;

const uint8_t default_intro_rle[] PLATFORM_PROGMEM = {
    0x86, 0x02, 0xC3, 0x00, 0xE2, 0xC2, 0x83, 0x02, 0xC3, 0x81, 0x23, 0xCB, 0x02, 0x02, 0xCB, 0x02,
    0xC3, 0x23, 0xCB, 0x88, 0x02, 0xC3, 0x82, 0xE2, 0xC2, 0x82, 0x02, 0xC3, 0x83, 0xE2, 0xC2, 0x83,
    0x02, 0xC3, 0x00, 0xE2, 0xC2, 0x81, 0x02, 0xC3, 0x01, 0xE2, 0xC2, 0x02, 0xC3, 0x81, 0xE2, 0xC2,
    0x00, 0x02, 0xC3, 0x85, 0xE2, 0xC2, 0x00, 0x02, 0xC3, 0x83, 0xE2, 0xC2, 0x8E, 0x02, 0xC3, 0x00,
    0xE2, 0xC2, 0x83, 0x02, 0xC3, 0x00, 0x23, 0xCB, 0x81, 0x02, 0xCB, 0x01, 0x02, 0xC3, 0x23, 0xCB,
    0x88, 0x02, 0xC3, 0x82, 0xE2, 0xC2, 0x82, 0x02, 0xC3, 0x83, 0xE2, 0xC2, 0x83, 0x02, 0xC3, 0x01,
    0xE2, 0xC2, 0x02, 0xC3, 0x81, 0xE2, 0xC2, 0x00, 0x02, 0xC3, 0x81, 0xE2, 0xC2, 0x00, 0x02, 0xC3,
    0x81, 0xE2, 0xC2, 0x02, 0x02, 0xC3, 0xE2, 0xC2, 0x02, 0xC3, 0x85, 0xE2, 0xC2, 0x83, 0x02, 0xC3,
    0x02, 0xE2, 0xC2, 0x02, 0xC3, 0xE2, 0xC2, 0x82, 0x02, 0xC3, 0x81, 0x23, 0xCB, 0x82, 0x02, 0xC3,
    0x00, 0xE2, 0xC2, 0x8D, 0x02, 0xC3, 0x00, 0xE2, 0xC2, 0x81, 0x02, 0xC3, 0x86, 0xE2, 0xC2, 0x82,
    0x02, 0xC3, 0x00, 0xE2, 0xC2, 0x88, 0x02, 0xC3, 0x03, 0x23, 0xCB, 0x43, 0xCB, 0x23, 0xCB, 0x03,
    0xCB, 0x83, 0x23, 0xCB, 0x82, 0x43, 0xCB, 0x84, 0x23, 0xCB, 0x00, 0x02, 0xC3, 0x81, 0xE2, 0xC2,
    0x84, 0x02, 0xC3, 0x81, 0x23, 0xCB, 0x81, 0x02, 0xC3, 0x00, 0xE2, 0xC2, 0x86, 0x02, 0xC3, 0x00,
    0xE2, 0xC2, 0x85, 0x02, 0xC3, 0x00, 0xE2, 0xC2, 0x82, 0x02, 0xC3, 0x83, 0xE2, 0xC2, 0x01, 0x02,
    0xC3, 0xE2, 0xC2, 0x83, 0x02, 0xC3, 0x00, 0xE2, 0xC2, 0x88, 0x02, 0xC3, 0x03, 0x23, 0xCB, 0x43,
    0xCB, 0x23, 0xCB, 0x02, 0xCB, 0x83, 0x23, 0xCB, 0x81, 0x43, 0xCB, 0x81, 0x23, 0xCB, 0x03, 0x02,
    0xC3, 0x02, 0xCB, 0x23, 0xCB, 0x43, 0xCB, 0x82, 0x23, 0xCB, 0x81, 0x43, 0xCB, 0x00, 0x23, 0xCB,
    0x81, 0x43, 0xCB, 0x82, 0x23, 0xCB, 0x01, 0x43, 0xCB, 0x23, 0xCB, 0x81, 0x43, 0xCB, 0x82, 0x23,
    0xCB, 0x00, 0x43, 0xCB, 0x81, 0x23, 0xCB, 0x00, 0x43, 0xCB, 0x84, 0x23, 0xCB, 0x00, 0x02, 0xCB,
    0x81, 0x23, 0xCB, 0x02, 0x02, 0xCB, 0x02, 0xC3, 0x03, 0xC3, 0x83, 0x23, 0xCB, 0x84, 0x43, 0xCB,
    0x00, 0x64, 0xCB, 0x82, 0x84, 0xD3, 0x00, 0x64, 0xCB, 0x81, 0x43, 0xCB, 0x02, 0x23, 0xCB, 0x02,
    0xC3, 0x23, 0xCB, 0x86, 0x02, 0xC3, 0x01, 0x02, 0xCB, 0x02, 0xC3, 0x81, 0x23, 0xCB, 0x00, 0x02,
    0xC3, 0x81, 0x23, 0xCB, 0x00, 0x43, 0xCB, 0x82, 0x23, 0xCB, 0x01, 0x43, 0xCB, 0x23, 0xCB, 0x82,
    0x43, 0xCB, 0x81, 0x23, 0xCB, 0x81, 0x43, 0xCB, 0x00, 0x23, 0xCB, 0x81, 0x43, 0xCB, 0x82, 0x23,
    0xCB, 0x01, 0x43, 0xCB, 0x23, 0xCB, 0x81, 0x43, 0xCB, 0x84, 0x23, 0xCB, 0x01, 0x02, 0xCB, 0x23,
    0xCB, 0x81, 0x03, 0xCB, 0x01, 0x02, 0xC3, 0x23, 0xC3, 0x83, 0x23, 0xCB, 0x84, 0x43, 0xCB, 0x00,
    0x64, 0xD3, 0x82, 0x84, 0xD3, 0x00, 0x64, 0xCB, 0x81, 0x43, 0xCB, 0x02, 0x23, 0xCB, 0x02, 0xC3,
    0x02, 0xCB, 0x84, 0x02, 0xC3, 0x02, 0x02, 0xCB, 0x02, 0xC3, 0x02, 0xCB, 0x81, 0x02, 0xC3, 0x00,
    0x02, 0xCB, 0x81, 0x02, 0xC3, 0x00, 0x02, 0xCB, 0x81, 0x23, 0xCB, 0x00, 0x02, 0xCB, 0x85, 0x23,
    0xCB, 0x82, 0x43, 0xCB, 0x83, 0x23, 0xCB, 0x8F, 0x43, 0xCB, 0x00, 0x23, 0xCB, 0x85, 0x43, 0xCB,
    0x88, 0x23, 0xCB, 0x83, 0x43, 0xCB, 0x00, 0x64, 0xCB, 0x81, 0x43, 0xCB, 0x84, 0x02, 0xC3, 0x00,
    0x02, 0xCB, 0x81, 0x02, 0xC3, 0x00, 0x02, 0xCB, 0x82, 0x02, 0xC3, 0x88, 0x23, 0xCB, 0x82, 0x43,
    0xCB, 0x83, 0x23, 0xCB, 0x87, 0x43, 0xCB, 0x00, 0x23, 0xCB, 0x82, 0x43, 0xCB, 0x00, 0x63, 0xCB,
    0x82, 0x43, 0xCB, 0x00, 0x23, 0xCB, 0x84, 0x43, 0xCB, 0x89, 0x23, 0xCB, 0x82, 0x43, 0xCB, 0x83,
    0x64, 0xCB, 0x00, 0x63, 0xCB, 0x81, 0x64, 0xCB, 0x00, 0x63, 0xCB, 0x81, 0x64, 0xCB, 0x01, 0x63,
    0xCB, 0x64, 0xCB, 0x81, 0x63, 0xCB, 0x81, 0x64, 0xCB, 0x00, 0x64, 0xD3, 0x82, 0x64, 0xCB, 0x00,
    0x63, 0xCB, 0x81, 0x43, 0xCB, 0x82, 0x64, 0xCB, 0x81, 0x43, 0xCB, 0x02, 0x23, 0xCB, 0x43, 0xCB,
    0x23, 0xCB, 0x81, 0x43, 0xCB, 0x85, 0x23, 0xCB, 0x00, 0x43, 0xCB, 0x88, 0x23, 0xCB, 0x85, 0x43,
    0xCB, 0x00, 0x63, 0xCB, 0x81, 0x43, 0xCB, 0x00, 0x63, 0xCB, 0x84, 0x43, 0xCB, 0x04, 0x64, 0xCB,
    0x63, 0xCB, 0x43, 0xCB, 0x64, 0xCB, 0x63, 0xCB, 0x81, 0x64, 0xCB, 0x00, 0x63, 0xCB, 0x83, 0x64,
    0xCB, 0x81, 0x63, 0xCB, 0x01, 0x64, 0xCB, 0x63, 0xCB, 0x82, 0x64, 0xCB, 0x01, 0x64, 0xD3, 0x64,
    0xCB, 0x81, 0x63, 0xCB, 0x00, 0x43, 0xCB, 0x81, 0x63, 0xCB, 0x81, 0x64, 0xCB, 0x00, 0x63, 0xCB,
    0x81, 0x43, 0xCB, 0x00, 0x23, 0xCB, 0x83, 0x43, 0xCB, 0x85, 0x23, 0xCB, 0x00, 0x43, 0xCB, 0x88,
    0x23, 0xCB, 0x85, 0x43, 0xCB, 0x00, 0x64, 0xCB, 0x81, 0x43, 0xCB, 0x00, 0x64, 0xCB, 0x81, 0x43,
    0xCB, 0x00, 0x64, 0xCB, 0x83, 0x43, 0xCB, 0x00, 0x64, 0xCB, 0x81, 0x43, 0xCB, 0x00, 0x63, 0xCB,
    0x83, 0x43, 0xCB, 0x00, 0x63, 0xCB, 0x85, 0x43, 0xCB, 0x81, 0x23, 0xCB, 0x00, 0x43, 0xCB, 0x85,
    0x23, 0xCB, 0x85, 0x02, 0xC3, 0x81, 0x23, 0xCB, 0x81, 0x02, 0xC3, 0x00, 0x02, 0xCB, 0x88, 0x02,
    0xC3, 0x00, 0x23, 0xCB, 0x8C, 0x43, 0xCB, 0x00, 0x63, 0xCB, 0x84, 0x43, 0xCB, 0x00, 0x64, 0xCB,
    0x81, 0x43, 0xCB, 0x00, 0x64, 0xCB, 0x83, 0x43, 0xCB, 0x00, 0x63, 0xCB, 0x81, 0x43, 0xCB, 0x00,
    0x63, 0xCB, 0x85, 0x43, 0xCB, 0x88, 0x23, 0xCB, 0x81, 0x02, 0xC3, 0x00, 0x23, 0xCB, 0x82, 0x02,
    0xC3, 0x81, 0x23, 0xCB, 0x8B, 0x02, 0xC3, 0x00, 0x23, 0xCB, 0x89, 0x43, 0xCB, 0x93, 0x23, 0xCB,
    0x01, 0x02, 0xC3, 0xE2, 0xC2, 0x81, 0x02, 0xC3, 0x03, 0x23, 0xCB, 0x02, 0xCB, 0x02, 0xC3, 0x03,
    0xCB, 0x86, 0x23, 0xCB, 0x82, 0x43, 0xCB, 0x00, 0x23, 0xCB, 0x81, 0x43, 0xCB, 0x00, 0x23, 0xCB,
    0x84, 0x43, 0xCB, 0x88, 0x23, 0xCB, 0x81, 0x02, 0xC3, 0x00, 0x23, 0xCB, 0x81, 0x43, 0xCB, 0x01,
    0x23, 0xCB, 0x43, 0xCB, 0x82, 0x23, 0xCB, 0x00, 0x43, 0xCB, 0x92, 0x23, 0xCB, 0x00, 0x03, 0xCB,
    0x81, 0xE2, 0xC2, 0x81, 0x02, 0xC3, 0x02, 0x23, 0xCB, 0x02, 0xCB, 0x02, 0xC3, 0x87, 0x23, 0xCB,
    0x82, 0x43, 0xCB, 0x00, 0x23, 0xCB, 0x81, 0x43, 0xCB, 0x00, 0x23, 0xCB, 0x84, 0x43, 0xCB, 0x88,
    0x23, 0xCB, 0x02, 0xE2, 0xC2, 0x02, 0xC3, 0x23, 0xCB, 0x81, 0x43, 0xCB, 0x03, 0x23, 0xCB, 0x43,
    0xCB, 0x23, 0xCB, 0x43, 0xCB, 0x81, 0x23, 0xCB, 0x89, 0x43, 0xCB, 0x81, 0x63, 0xCB, 0x81, 0x43,
    0xCB, 0x00, 0x63, 0xCB, 0x81, 0x64, 0xCB, 0x01, 0x43, 0xCB, 0x64, 0xCB, 0x81, 0x84, 0xD3, 0x81,
    0x64, 0xD3, 0x01, 0x64, 0xCB, 0x84, 0xD3, 0x83, 0x64, 0xD3, 0x82, 0x84, 0xD3, 0x01, 0x64, 0xD3,
    0x64, 0xCB, 0x82, 0x64, 0xD3, 0x02, 0x84, 0xD3, 0x64, 0xD3, 0x64, 0xCB, 0x81, 0x64, 0xD3, 0x00,
    0x64, 0xCB, 0x81, 0x64, 0xD3, 0x00, 0x64, 0xCB, 0x83, 0x43, 0xCB, 0x82, 0x23, 0xCB, 0x01, 0x02,
    0xC3, 0x03, 0xCB, 0x82, 0x23, 0xCB, 0x06, 0x22, 0xCB, 0x02, 0xC3, 0x22, 0xCB, 0x23, 0xCB, 0x43,
    0xCB, 0x23, 0xCB, 0x43, 0xCB, 0x81, 0x23, 0xCB, 0x89, 0x43, 0xCB, 0x01, 0x64, 0xCB, 0x63, 0xCB,
    0x81, 0x43, 0xCB, 0x82, 0x64, 0xCB, 0x01, 0x43, 0xCB, 0x64, 0xD3, 0x81, 0x84, 0xD3, 0x81, 0x64,
    0xD3, 0x01, 0x64, 0xCB, 0x84, 0xD3, 0x83, 0x64, 0xD3, 0x82, 0x84, 0xD3, 0x01, 0x64, 0xD3, 0x63,
    0xCB, 0x82, 0x64, 0xD3, 0x00, 0x84, 0xD3, 0x83, 0x64, 0xD3, 0x00, 0x64, 0xCB, 0x81, 0x64, 0xD3,
    0x00, 0x64, 0xCB, 0x83, 0x43, 0xCB, 0x84, 0x23, 0xCB, 0x84, 0x84, 0xD3, 0x00, 0xA4, 0xD3, 0x84,
    0x84, 0xD3, 0x82, 0x64, 0xD3, 0x02, 0x64, 0xCB, 0x43, 0xCB, 0x64, 0xCB, 0x81, 0x84, 0xD3, 0x00,
    0x64, 0xD3, 0x82, 0x64, 0xCB, 0x81, 0x43, 0xCB, 0x03, 0x64, 0xD3, 0x64, 0xCB, 0x63, 0xCB, 0x64,
    0xD3, 0x81, 0x84, 0xD3, 0x83, 0x43, 0xCB, 0x82, 0x64, 0xD3, 0x00, 0x63, 0xCB, 0x89, 0x43, 0xCB,
    0x00, 0x63, 0xCB, 0x81, 0x43, 0xCB, 0x01, 0x63, 0xCB, 0x64, 0xCB, 0x81, 0x64, 0xD3, 0x00, 0x84,
    0xD3, 0x81, 0x64, 0xD3, 0x03, 0x84, 0xD3, 0x64, 0xCB, 0x84, 0xD3, 0x64, 0xD3, 0x81, 0x84, 0xD3,
    0x00, 0x64, 0xD3, 0x85, 0x84, 0xD3, 0x00, 0xA4, 0xD3, 0x84, 0x84, 0xD3, 0x05, 0x64, 0xD3, 0x84,
    0xD3, 0x64, 0xD3, 0x64, 0xCB, 0x43, 0xCB, 0x64, 0xD3, 0x81, 0x84, 0xD3, 0x00, 0x64, 0xD3, 0x82,
    0x64, 0xCB, 0x01, 0x43, 0xCB, 0x64, 0xCB, 0x81, 0x64, 0xD3, 0x03, 0x64, 0xCB, 0x84, 0xD3, 0x64,
    0xD3, 0x84, 0xD3, 0x83, 0x43, 0xCB, 0x82, 0x64, 0xD3, 0x00, 0x63, 0xCB, 0x8C, 0x43, 0xCB, 0x81,
    0x64, 0xCB, 0x81, 0x64, 0xD3, 0x00, 0x84, 0xD3, 0x82, 0x64, 0xD3, 0x81, 0x64, 0xCB, 0x01, 0x64,
    0xD3, 0x64, 0xCB, 0x87, 0x43, 0xCB, 0x00, 0x23, 0xCB, 0x85, 0x43, 0xCB, 0x00, 0x63, 0xCB, 0x81,
    0x43, 0xCB, 0x86, 0x23, 0xCB, 0x82, 0x43, 0xCB, 0x94, 0x23, 0xCB, 0x06, 0x43, 0xCB, 0x64, 0xCB,
    0x64, 0xD3, 0x63, 0xCB, 0x64, 0xCB, 0x64, 0xD3, 0x64, 0xCB, 0x81, 0x64, 0xD3, 0x08, 0x84, 0xD3,
    0x63, 0xCB, 0x64, 0xCB, 0x64, 0xD3, 0x63, 0xCB, 0x64, 0xCB, 0x64, 0xD3, 0x64, 0xCB, 0x63, 0xCB,
    0x85, 0x43, 0xCB, 0x02, 0x64, 0xCB, 0x43, 0xCB, 0x23, 0xCB, 0x85, 0x43, 0xCB, 0x00, 0x63, 0xCB,
    0x81, 0x43, 0xCB, 0x83, 0x23, 0xCB, 0x00, 0x43, 0xCB, 0x81, 0x23, 0xCB, 0x82, 0x43, 0xCB, 0x94,
    0x23, 0xCB, 0x06, 0x43, 0xCB, 0x63, 0xCB, 0x84, 0xD3, 0x63, 0xCB, 0x64, 0xCB, 0x64, 0xD3, 0x64,
    0xCB, 0x81, 0x64, 0xD3, 0x01, 0x23, 0xCB, 0x02, 0xC3, 0x81, 0x23, 0xCB, 0x85, 0x43, 0xCB, 0x81,
    0x63, 0xCB, 0x81, 0x43, 0xCB, 0x84, 0x64, 0xD3, 0x02, 0x43, 0xCB, 0x64, 0xCB, 0x64, 0xD3, 0x81,
    0x63, 0xCB, 0x07, 0x64, 0xCB, 0x64, 0xD3, 0x64, 0xCB, 0x64, 0xD3, 0x64, 0xCB, 0x84, 0xD3, 0x64,
    0xD3, 0x84, 0xD3, 0x81, 0x64, 0xD3, 0x89, 0x84, 0xD3, 0x00, 0x64, 0xD3, 0x81, 0x64, 0xCB, 0x02,
    0x63, 0xCB, 0x64, 0xCB, 0x63, 0xCB, 0x81, 0x64, 0xCB, 0x82, 0x43, 0xCB, 0x82, 0x23, 0xCB, 0x83,
    0x43, 0xCB, 0x82, 0x23, 0xCB, 0x00, 0x43, 0xCB, 0x84, 0x23, 0xCB, 0x85, 0x43, 0xCB, 0x00, 0x64,
    0xCB, 0x81, 0x63, 0xCB, 0x00, 0x64, 0xCB, 0x82, 0x64, 0xD3, 0x01, 0x64, 0xCB, 0x64, 0xD3, 0x81,
    0x64, 0xCB, 0x00, 0x64, 0xD3, 0x81, 0x63, 0xCB, 0x02, 0x64, 0xCB, 0x64, 0xD3, 0x64, 0xCB, 0x81,
    0x64, 0xD3, 0x03, 0x84, 0xD3, 0x64, 0xD3, 0x84, 0xD3, 0x64, 0xD3, 0x89, 0x84, 0xD3, 0x81, 0x64,
    0xD3, 0x81, 0x64, 0xCB, 0x01, 0x63, 0xCB, 0x64, 0xCB, 0x82, 0x63, 0xCB, 0x82, 0x43, 0xCB, 0x82,
    0x23, 0xCB, 0x02, 0x43, 0xCB, 0x23, 0xCB, 0x43, 0xCB, 0x87, 0x84, 0xD3, 0x00, 0xA4, 0xD3, 0x82,
    0x84, 0xD3, 0x00, 0xA4, 0xD3, 0x85, 0x84, 0xD3, 0x00, 0x64, 0xD3, 0x82, 0x84, 0xD3, 0x02, 0xA4,
    0xD3, 0x84, 0xD3, 0x64, 0xD3, 0x81, 0x64, 0xCB, 0x81, 0x64, 0xD3, 0x81, 0x64, 0xCB, 0x83, 0x64,
    0xD3, 0x04, 0x64, 0xCB, 0x63, 0xCB, 0x64, 0xCB, 0x43, 0xCB, 0x63, 0xCB, 0x81, 0x43, 0xCB, 0x00,
    0x63, 0xCB, 0x84, 0x43, 0xCB, 0x02, 0x64, 0xCB, 0x64, 0xD3, 0x64, 0xCB, 0x81, 0x64, 0xD3, 0x84,
    0x84, 0xD3, 0x82, 0x64, 0xD3, 0x00, 0x63, 0xCB, 0x89, 0x84, 0xD3, 0x02, 0xA4, 0xD3, 0x84, 0xD3,
    0xA5, 0xD3, 0x82, 0x84, 0xD3, 0x00, 0xA4, 0xD3, 0x83, 0x84, 0xD3, 0x00, 0x64, 0xD3, 0x86, 0x84,
    0xD3, 0x81, 0x64, 0xCB, 0x03, 0x63, 0xCB, 0x64, 0xCB, 0x64, 0xD3, 0x64, 0xCB, 0x81, 0x64, 0xD3,
    0x01, 0x84, 0xD3, 0x64, 0xD3, 0x82, 0x64, 0xCB, 0x00, 0x43, 0xCB, 0x81, 0x63, 0xCB, 0x02, 0x43,
    0xCB, 0x64, 0xCB, 0x63, 0xCB, 0x83, 0x43, 0xCB, 0x00, 0x63, 0xCB, 0x82, 0x64, 0xCB, 0x81, 0x64,
    0xD3, 0x84, 0x84, 0xD3, 0x82, 0x64, 0xD3, 0x00, 0x64, 0xCB, 0x81, 0x64, 0xD3, 0x82, 0x84, 0xD3,
    0x01, 0x64, 0xD3, 0x63, 0xCB, 0x81, 0x64, 0xD3, 0x02, 0x63, 0xCB, 0x64, 0xCB, 0x63, 0xCB, 0x81,
    0x43, 0xCB, 0x00, 0x64, 0xCB, 0x81, 0x43, 0xCB, 0x00, 0x23, 0xCB, 0x84, 0x43, 0xCB, 0x00, 0x23,
    0xCB, 0x88, 0x43, 0xCB, 0x82, 0x23, 0xCB, 0x00, 0x63, 0xCB, 0x82, 0x23, 0xCB, 0x00, 0x03, 0xCB,
    0x81, 0x43, 0xCB, 0x82, 0x23, 0xCB, 0x01, 0x43, 0xCB, 0x63, 0xCB, 0x82, 0x43, 0xCB, 0x01, 0x64,
    0xD3, 0x64, 0xCB, 0x81, 0x43, 0xCB, 0x00, 0x23, 0xCB, 0x82, 0x43, 0xCB, 0x00, 0x63, 0xCB, 0x81,
    0x43, 0xCB, 0x00, 0x63, 0xCB, 0x81, 0x84, 0xD3, 0x01, 0x64, 0xD3, 0x64, 0xCB, 0x82, 0x64, 0xD3,
    0x00, 0x84, 0xD3, 0x81, 0x64, 0xD3, 0x00, 0x43, 0xCB, 0x81, 0x64, 0xD3, 0x03, 0x43, 0xCB, 0x64,
    0xD3, 0x63, 0xCB, 0x43, 0xCB, 0x81, 0x63, 0xCB, 0x87, 0x43, 0xCB, 0x00, 0x23, 0xCB, 0x87, 0x43,
    0xCB, 0x81, 0x23, 0xCB, 0x81, 0x43, 0xCB, 0x00, 0x63, 0xCB, 0x81, 0x23, 0xCB, 0x01, 0x02, 0xCB,
    0x23, 0xCB, 0x81, 0x43, 0xCB, 0x81, 0x23, 0xCB, 0x81, 0x43, 0xCB, 0x00, 0x64, 0xCB, 0x82, 0x43,
    0xCB, 0x04, 0x64, 0xD3, 0x63, 0xCB, 0x43, 0xCB, 0x64, 0xCB, 0x23, 0xCB, 0x82, 0x43, 0xCB, 0x00,
    0x23, 0xCB, 0x81, 0x43, 0xCB, 0x00, 0x63, 0xCB, 0x81, 0x43, 0xCB, 0x82, 0x23, 0xCB, 0x81, 0x43,
    0xCB, 0x81, 0x23, 0xCB, 0x82, 0x43, 0xCB, 0x81, 0x23, 0xCB, 0x00, 0x02, 0xC3, 0x82, 0x23, 0xCB,
    0x01, 0x43, 0xCB, 0x23, 0xCB, 0x82, 0x43, 0xCB, 0x00, 0x23, 0xCB, 0x87, 0x43, 0xCB, 0x02, 0x23,
    0xCB, 0x63, 0xCB, 0x23, 0xCB, 0x82, 0x43, 0xCB, 0x81, 0x63, 0xCB, 0x00, 0x43, 0xCB, 0x82, 0x64,
    0xD3, 0x03, 0x43, 0xCB, 0x23, 0xCB, 0x43, 0xCB, 0x23, 0xCB, 0x81, 0x43, 0xCB, 0x02, 0x64, 0xD3,
    0x43, 0xCB, 0x64, 0xCB, 0x82, 0x43, 0xCB, 0x00, 0x63, 0xCB, 0x84, 0x43, 0xCB, 0x81, 0x23, 0xCB,
    0x81, 0x43, 0xCB, 0x00, 0x63, 0xCB, 0x81, 0x43, 0xCB, 0x82, 0x23, 0xCB, 0x00, 0x43, 0xCB, 0x82,
    0x23, 0xCB, 0x02, 0x43, 0xCB, 0x23, 0xCB, 0x43, 0xCB, 0x81, 0x23, 0xCB, 0x00, 0x02, 0xC3, 0x81,
    0x23, 0xCB, 0x85, 0x43, 0xCB, 0x00, 0x23, 0xCB, 0x87, 0x43, 0xCB, 0x02, 0x23, 0xCB, 0x63, 0xCB,
    0x23, 0xCB, 0x82, 0x43, 0xCB, 0x82, 0x63, 0xCB, 0x81, 0x64, 0xD3, 0x04, 0x64, 0xCB, 0x43, 0xCB,
    0x23, 0xCB, 0x43, 0xCB, 0x23, 0xCB, 0x81, 0x43, 0xCB, 0x02, 0x64, 0xD3, 0x43, 0xCB, 0x63, 0xCB,
    0x83, 0x43, 0xCB, 0x02, 0x64, 0xD3, 0x63, 0xCB, 0x64, 0xCB, 0x82, 0x84, 0xD3, 0x00, 0x64, 0xD3,
    0x86, 0x84, 0xD3, 0x00, 0x64, 0xD3, 0x89, 0x84, 0xD3, 0x00, 0x64, 0xD3, 0x83, 0x84, 0xD3, 0x01,
    0x64, 0xD3, 0x84, 0xD3, 0x83, 0x64, 0xD3, 0x01, 0x84, 0xD3, 0x63, 0xCB, 0x82, 0x64, 0xD3, 0x02,
    0x43, 0xCB, 0x64, 0xD3, 0x64, 0xCB, 0x81, 0x64, 0xD3, 0x01, 0x64, 0xCB, 0x64, 0xD3, 0x83, 0x84,
    0xD3, 0x00, 0x64, 0xD3, 0x8A, 0x84, 0xD3, 0x05, 0x64, 0xD3, 0x64, 0xCB, 0x84, 0xD3, 0x64, 0xCB,
    0x43, 0xCB, 0x64, 0xD3, 0x82, 0x84, 0xD3, 0x00, 0x64, 0xD3, 0x86, 0x84, 0xD3, 0x00, 0x64, 0xD3,
    0x89, 0x84, 0xD3, 0x00, 0x64, 0xD3, 0x83, 0x84, 0xD3, 0x01, 0x64, 0xD3, 0x84, 0xD3, 0x83, 0x64,
    0xD3, 0x01, 0x84, 0xD3, 0x64, 0xCB, 0x82, 0x64, 0xD3, 0x02, 0x43, 0xCB, 0x64, 0xD3, 0x63, 0xCB,
    0x82, 0x64, 0xD3, 0x84, 0x84, 0xD3, 0x00, 0x64, 0xD3, 0x91, 0x84, 0xD3, 0x00, 0x64, 0xD3, 0x81,
    0x64, 0xCB, 0x01, 0x63, 0xCB, 0x43, 0xCB, 0x83, 0x64, 0xCB, 0x81, 0x43, 0xCB, 0x00, 0x64, 0xCB,
    0x86, 0x43, 0xCB, 0x86, 0x23, 0xCB, 0x00, 0x43, 0xCB, 0x86, 0x23, 0xCB, 0x00, 0x03, 0xCB, 0x81,
    0x23, 0xCB, 0x00, 0x43, 0xCB, 0x81, 0x64, 0xCB, 0x89, 0x64, 0xD3, 0x01, 0x84, 0xD3, 0x64, 0xD3,
    0x84, 0x84, 0xD3, 0x00, 0x64, 0xD3, 0x88, 0x84, 0xD3, 0x82, 0x64, 0xD3, 0x81, 0x63, 0xCB, 0x83,
    0x64, 0xCB, 0x81, 0x43, 0xCB, 0x00, 0x64, 0xCB, 0x86, 0x43, 0xCB, 0x85, 0x23, 0xCB, 0x81, 0x43,
    0xCB, 0x88, 0x23, 0xCB, 0x81, 0x43, 0xCB, 0x00, 0x64, 0xCB, 0x84, 0x64, 0xD3, 0x00, 0x64, 0xCB,
    0x84, 0x64, 0xD3, 0x01, 0x84, 0xD3, 0x23, 0xCB, 0x83, 0x43, 0xCB, 0x81, 0x23, 0xCB, 0x00, 0x43,
    0xCB, 0x85, 0x23, 0xCB, 0x81, 0x02, 0xC3, 0x84, 0x23, 0xCB, 0x00, 0x02, 0xC3, 0x84, 0x23, 0xCB,
    0x82, 0x43, 0xCB, 0x01, 0x23, 0xCB, 0x64, 0xCB, 0x82, 0x43, 0xCB, 0x81, 0x23, 0xCB, 0x83, 0x43,
    0xCB, 0x00, 0x23, 0xCB, 0x82, 0x43, 0xCB, 0x00, 0x23, 0xCB, 0x83, 0x43, 0xCB, 0x81, 0x23, 0xCB,
    0x00, 0x43, 0xCB, 0x83, 0x23, 0xCB, 0x81, 0x43, 0xCB, 0x81, 0x64, 0xCB, 0x81, 0x43, 0xCB, 0x81,
    0x23, 0xCB, 0x00, 0x43, 0xCB, 0x81, 0x23, 0xCB, 0x83, 0x43, 0xCB, 0x87, 0x23, 0xCB, 0x82, 0x02,
    0xC3, 0x84, 0x23, 0xCB, 0x00, 0x02, 0xC3, 0x84, 0x23, 0xCB, 0x82, 0x43, 0xCB, 0x00, 0x23, 0xCB,
    0x81, 0x43, 0xCB, 0x01, 0x23, 0xCB, 0x43, 0xCB, 0x81, 0x23, 0xCB, 0x84, 0x43, 0xCB, 0x00, 0x23,
    0xCB, 0x81, 0x43, 0xCB, 0x00, 0x23, 0xCB, 0x83, 0x43, 0xCB, 0x81, 0x23, 0xCB, 0x00, 0x43, 0xCB,
    0x83, 0x23, 0xCB, 0x81, 0x43, 0xCB, 0x81, 0x64, 0xCB, 0x01, 0x63, 0xCB, 0x43, 0xCB, 0x83, 0x64,
    0xCB, 0x00, 0x64, 0xD3, 0x81, 0x64, 0xCB, 0x00, 0x63, 0xCB, 0x81, 0x64, 0xD3, 0x01, 0x64, 0xCB,
    0x43, 0xCB, 0x81, 0x64, 0xCB, 0x02, 0x64, 0xD3, 0x84, 0xD3, 0x64, 0xCB, 0x83, 0x64, 0xD3, 0x00,
    0x43, 0xCB, 0x81, 0x64, 0xCB, 0x00, 0x43, 0xCB, 0x84, 0x64, 0xCB, 0x00, 0x64, 0xD3, 0x82, 0x84,
    0xD3, 0x02, 0x64, 0xCB, 0x84, 0xD3, 0x64, 0xCB, 0x82, 0x64, 0xD3, 0x82, 0x64, 0xCB, 0x00, 0x64,
    0xD3, 0x83, 0x43, 0xCB, 0x00, 0x64, 0xCB, 0x83, 0x43, 0xCB, 0x81, 0x64, 0xCB, 0x81, 0x43, 0xCB,
    0x00, 0x23, 0xCB, 0x82, 0x43, 0xCB, 0x00, 0x64, 0xCB, 0x82, 0x43, 0xCB, 0x82, 0x63, 0xCB, 0x00,
    0x64, 0xCB, 0x82, 0x64, 0xD3, 0x81, 0x64, 0xCB, 0x05, 0x63, 0xCB, 0x64, 0xD3, 0x64, 0xCB, 0x63,
    0xCB, 0x43, 0xCB, 0x64, 0xCB, 0x81, 0x64, 0xD3, 0x00, 0x84, 0xD3, 0x84, 0x64, 0xD3, 0x02, 0x43,
    0xCB, 0x64, 0xCB, 0x43, 0xCB, 0x81, 0x63, 0xCB, 0x04, 0x64, 0xD3, 0x43, 0xCB, 0x64, 0xCB, 0x63,
    0xCB, 0x64, 0xD3, 0x82, 0x84, 0xD3, 0x85, 0x64, 0xD3, 0x82, 0x64, 0xCB, 0x00, 0x64, 0xD3, 0x83,
    0x43, 0xCB, 0x00, 0x64, 0xCB, 0x83, 0x43, 0xCB, 0x81, 0x64, 0xCB, 0x81, 0x43, 0xCB, 0x05, 0x23,
    0xCB, 0x43, 0xCB, 0x84, 0xD3, 0x64, 0xD3, 0x84, 0xD3, 0x64, 0xD3, 0x81, 0x84, 0xD3, 0x02, 0x64,
    0xD3, 0x84, 0xD3, 0x64, 0xCB, 0x82, 0x84, 0xD3, 0x00, 0xA4, 0xD3, 0x87, 0x84, 0xD3, 0x02, 0x64,
    0xD3, 0x84, 0xD3, 0x64, 0xD3, 0x85, 0x84, 0xD3, 0x00, 0xA4, 0xD3, 0x84, 0x84, 0xD3, 0x00, 0xA4,
    0xD3, 0x81, 0x84, 0xD3, 0x00, 0x64, 0xD3, 0x82, 0x84, 0xD3, 0x82, 0x64, 0xD3, 0x01, 0x84, 0xD3,
    0x64, 0xD3, 0x95, 0x84, 0xD3, 0x00, 0x64, 0xD3, 0x81, 0x84, 0xD3, 0x02, 0x64, 0xD3, 0x84, 0xD3,
    0x64, 0xD3, 0x81, 0x84, 0xD3, 0x01, 0x64, 0xD3, 0xA4, 0xD3, 0x82, 0x84, 0xD3, 0x00, 0x64, 0xD3,
    0x85, 0x84, 0xD3, 0x00, 0x64, 0xD3, 0x85, 0x84, 0xD3, 0x00, 0xA4, 0xD3, 0x85, 0x84, 0xD3, 0x02,
    0x64, 0xD3, 0x84, 0xD3, 0x64, 0xD3, 0x82, 0x84, 0xD3, 0x82, 0x64, 0xD3, 0x01, 0x84, 0xD3, 0x64,
    0xD3, 0x8C, 0x84, 0xD3, 0x01, 0x64, 0xCB, 0x84, 0xD3, 0x81, 0x64, 0xD3, 0x06, 0x84, 0xD3, 0x64,
    0xD3, 0x64, 0xCB, 0x84, 0xD3, 0x64, 0xD3, 0x84, 0xD3, 0x64, 0xD3, 0x81, 0x84, 0xD3, 0x05, 0x64,
    0xD3, 0x84, 0xD3, 0x64, 0xD3, 0x64, 0xCB, 0x84, 0xD3, 0x64, 0xCB, 0x81, 0x63, 0xCB, 0x81, 0x43,
    0xCB, 0x04, 0x64, 0xD3, 0x63, 0xCB, 0x64, 0xCB, 0x64, 0xD3, 0x63, 0xCB, 0x81, 0x43, 0xCB, 0x00,
    0x63, 0xCB, 0x88, 0x43, 0xCB, 0x00, 0x64, 0xCB, 0x8A, 0x43, 0xCB, 0x82, 0x64, 0xCB, 0x01, 0x64,
    0xD3, 0x84, 0xD3, 0x82, 0x64, 0xD3, 0x01, 0x84, 0xD3, 0x64, 0xD3, 0x81, 0x84, 0xD3, 0x01, 0x64,
    0xD3, 0x84, 0xD3, 0x81, 0x64, 0xCB, 0x00, 0x84, 0xD3, 0x83, 0x64, 0xD3, 0x06, 0x64, 0xCB, 0x84,
    0xD3, 0x64, 0xD3, 0x84, 0xD3, 0x64, 0xD3, 0x84, 0xD3, 0x64, 0xD3, 0x81, 0x84, 0xD3, 0x82, 0x64,
    0xD3, 0x84, 0x43, 0xCB, 0x81, 0x64, 0xCB, 0x01, 0x63, 0xCB, 0x64, 0xCB, 0x82, 0x43, 0xCB, 0x02,
    0x64, 0xCB, 0x43, 0xCB, 0x63, 0xCB, 0x85, 0x43, 0xCB, 0x00, 0x63, 0xCB, 0x8A, 0x43, 0xCB, 0x00,
    0x63, 0xCB, 0x82, 0x64, 0xCB, 0x03, 0x64, 0xD3, 0x84, 0xD3, 0x64, 0xCB, 0x64, 0xD3, 0x81, 0x84,
    0xD3, 0x00, 0x64, 0xCB, 0x84, 0x43, 0xCB, 0x00, 0x63, 0xCB, 0x88, 0x43, 0xCB, 0x00, 0x64, 0xCB,
    0x82, 0x43, 0xCB, 0x00, 0x64, 0xCB, 0x84, 0x43, 0xCB, 0x02, 0x63, 0xCB, 0x43, 0xCB, 0x64, 0xCB,
    0x81, 0x23, 0xCB, 0x83, 0x43, 0xCB, 0x81, 0x23, 0xCB, 0x00, 0x02, 0xCB, 0x81, 0x23, 0xCB, 0x00,
    0x02, 0xCB, 0x86, 0x23, 0xCB, 0x01, 0x43, 0xCB, 0x23, 0xCB, 0x86, 0x43, 0xCB, 0x81, 0x63, 0xCB,
    0x87, 0x43, 0xCB, 0x81, 0x64, 0xCB, 0x81, 0x43, 0xCB, 0x02, 0x63, 0xCB, 0x43, 0xCB, 0x63, 0xCB,
    0x88, 0x43, 0xCB, 0x01, 0x64, 0xCB, 0x23, 0xCB, 0x81, 0x43, 0xCB, 0x00, 0x64, 0xCB, 0x84, 0x43,
    0xCB, 0x03, 0x64, 0xCB, 0x43, 0xCB, 0x64, 0xCB, 0x23, 0xCB, 0x84, 0x43, 0xCB, 0x81, 0x23, 0xCB,
    0x00, 0x02, 0xCB, 0x81, 0x23, 0xCB, 0x00, 0x02, 0xC3, 0x86, 0x23, 0xCB, 0x01, 0x43, 0xCB, 0x23,
    0xCB, 0x87, 0x43, 0xCB, 0x00, 0x64, 0xCB, 0x81, 0x43, 0xCB, 0x00, 0x84, 0xD3, 0x82, 0x64, 0xD3,
    0x81, 0x43, 0xCB, 0x05, 0x64, 0xCB, 0x64, 0xD3, 0x64, 0xCB, 0x84, 0xD3, 0x63, 0xCB, 0x64, 0xCB,
    0x81, 0x63, 0xCB, 0x03, 0x64, 0xCB, 0x43, 0xCB, 0x63, 0xCB, 0x43, 0xCB, 0x82, 0x64, 0xD3, 0x01,
    0x64, 0xCB, 0x64, 0xD3, 0x82, 0x84, 0xD3, 0x81, 0x64, 0xD3, 0x06, 0x84, 0xD3, 0x63, 0xCB, 0x64,
    0xCB, 0x63, 0xCB, 0x43, 0xCB, 0x63, 0xCB, 0x43, 0xCB, 0x82, 0x64, 0xD3, 0x00, 0x63, 0xCB, 0x82,
    0x43, 0xCB, 0x01, 0x64, 0xCB, 0x43, 0xCB, 0x81, 0x64, 0xCB, 0x81, 0x43, 0xCB, 0x00, 0x64, 0xCB,
    0x82, 0x64, 0xD3, 0x01, 0x43, 0xCB, 0x64, 0xCB, 0x81, 0x64, 0xD3, 0x81, 0x64, 0xCB, 0x81, 0x64,
    0xD3, 0x81, 0x64, 0xCB, 0x81, 0x64, 0xD3, 0x02, 0x64, 0xCB, 0x64, 0xD3, 0x64, 0xCB, 0x81, 0x84,
    0xD3, 0x81, 0x64, 0xD3, 0x81, 0x43, 0xCB, 0x00, 0x64, 0xCB, 0x82, 0x64, 0xD3, 0x81, 0x63, 0xCB,
    0x05, 0x64, 0xCB, 0x63, 0xCB, 0x64, 0xCB, 0x43, 0xCB, 0x64, 0xCB, 0x43, 0xCB, 0x82, 0x64, 0xD3,
    0x01, 0x64, 0xCB, 0x64, 0xD3, 0x82, 0x84, 0xD3, 0x82, 0x64, 0xD3, 0x82, 0x64, 0xCB, 0x81, 0x43,
    0xCB, 0x04, 0x64, 0xCB, 0x84, 0xD3, 0x64, 0xD3, 0x64, 0xCB, 0x63, 0xCB, 0x82, 0x43, 0xCB, 0x01,
    0x64, 0xCB, 0x43, 0xCB, 0x81, 0x64, 0xCB, 0x00, 0x43, 0xCB, 0x81, 0x64, 0xCB, 0x81, 0x64, 0xD3,
    0x01, 0x64, 0xCB, 0x63, 0xCB, 0x81, 0x64, 0xD3, 0x08, 0x64, 0xCB, 0x64, 0xD3, 0x64, 0xCB, 0x84,
    0xD3, 0x64, 0xD3, 0x64, 0xCB, 0x84, 0xD3, 0x64, 0xD3, 0x84, 0xD3, 0x83, 0x64, 0xD3, 0x01, 0x64,
    0xCB, 0x64, 0xD3, 0x81, 0x84, 0xD3, 0x02, 0x64, 0xD3, 0x64, 0xCB, 0x64, 0xD3, 0x82, 0x64, 0xCB,
    0x01, 0x63, 0xCB, 0x64, 0xCB, 0x84, 0x43, 0xCB, 0x03, 0x64, 0xCB, 0x64, 0xD3, 0x84, 0xD3, 0x64,
    0xCB, 0x81, 0x43, 0xCB, 0x00, 0x23, 0xCB, 0x81, 0x43, 0xCB, 0x04, 0x64, 0xD3, 0x43, 0xCB, 0x64,
    0xCB, 0x63, 0xCB, 0x64, 0xCB, 0x83, 0x43, 0xCB, 0x00, 0x64, 0xCB, 0x83, 0x43, 0xCB, 0x82, 0x63,
    0xCB, 0x03, 0x43, 0xCB, 0x63, 0xCB, 0x43, 0xCB, 0x64, 0xCB, 0x8D, 0x84, 0xD3, 0x85, 0x64, 0xD3,
    0x00, 0x64, 0xCB, 0x81, 0x64, 0xD3, 0x00, 0x84, 0xD3, 0x81, 0x64, 0xD3, 0x83, 0x64, 0xCB, 0x01,
    0x43, 0xCB, 0x64, 0xD3, 0x82, 0x43, 0xCB, 0x02, 0x63, 0xCB, 0x43, 0xCB, 0x64, 0xCB, 0x81, 0x84,
    0xD3, 0x00, 0x64, 0xCB, 0x81, 0x43, 0xCB, 0x00, 0x23, 0xCB, 0x81, 0x43, 0xCB, 0x01, 0x64, 0xCB,
    0x43, 0xCB, 0x82, 0x64, 0xCB, 0x83, 0x43, 0xCB, 0x00, 0x64, 0xCB, 0x83, 0x43, 0xCB, 0x00, 0x64,
    0xCB, 0x83, 0x43, 0xCB, 0x81, 0x64, 0xCB, 0x86, 0x84, 0xD3, 0x00, 0x64, 0xCB, 0x81, 0x64, 0xD3,
    0x8E, 0x84, 0xD3, 0x81, 0x64, 0xD3, 0x08, 0x64, 0xCB, 0x84, 0xD3, 0xA4, 0xD3, 0x84, 0xD3, 0x64,
    0xCB, 0x64, 0xD3, 0x63, 0xCB, 0x64, 0xD3, 0x64, 0xCB, 0x81, 0x43, 0xCB, 0x01, 0x64, 0xCB, 0x63,
    0xCB, 0x81, 0x64, 0xCB, 0x81, 0x84, 0xD3, 0x83, 0x64, 0xD3, 0x83, 0x64, 0xCB, 0x09, 0x43, 0xCB,
    0x64, 0xCB, 0x84, 0xD3, 0x64, 0xD3, 0x63, 0xCB, 0x43, 0xCB, 0x64, 0xCB, 0x84, 0xD3, 0x64, 0xD3,
    0x64, 0xCB, 0x83, 0x64, 0xD3, 0x81, 0x84, 0xD3, 0x00, 0x64, 0xD3, 0x82, 0x84, 0xD3, 0x81, 0x64,
    0xD3, 0x01, 0x64, 0xCB, 0x64, 0xD3, 0x8A, 0x84, 0xD3, 0x00, 0x64, 0xD3, 0x81, 0x84, 0xD3, 0x01,
    0x64, 0xD3, 0x84, 0xD3, 0x81, 0x64, 0xD3, 0x00, 0x64, 0xCB, 0x82, 0x84, 0xD3, 0x00, 0x64, 0xD3,
    0x81, 0x64, 0xCB, 0x02, 0x84, 0xD3, 0x64, 0xCB, 0x43, 0xCB, 0x81, 0x64, 0xCB, 0x02, 0x43, 0xCB,
    0x64, 0xCB, 0x64, 0xD3, 0x81, 0x84, 0xD3, 0x81, 0x64, 0xD3, 0x01, 0x84, 0xD3, 0x64, 0xD3, 0x83,
    0x64, 0xCB, 0x00, 0x43, 0xCB, 0x82, 0x64, 0xD3, 0x81, 0x63, 0xCB, 0x02, 0x64, 0xCB, 0x84, 0xD3,
    0x64, 0xD3, 0x81, 0x64, 0xCB, 0x81, 0x64, 0xD3, 0x82, 0x84, 0xD3, 0x01, 0x64, 0xCB, 0x63, 0xCB,
    0x84, 0x64, 0xCB, 0x81, 0x63, 0xCB, 0x81, 0x64, 0xCB, 0x88, 0x43, 0xCB, 0x00, 0x63, 0xCB, 0x81,
    0x43, 0xCB, 0x02, 0x23, 0xCB, 0x43, 0xCB, 0x23, 0xCB, 0x84, 0x43, 0xCB, 0x00, 0x63, 0xCB, 0x81,
    0x43, 0xCB, 0x00, 0x23, 0xCB, 0x89, 0x43, 0xCB, 0x81, 0x23, 0xCB, 0x8A, 0x43, 0xCB, 0x02, 0x63,
    0xCB, 0x64, 0xCB, 0x63, 0xCB, 0x81, 0x43, 0xCB, 0x81, 0x64, 0xCB, 0x00, 0x64, 0xD3, 0x81, 0x64,
    0xCB, 0x00, 0x43, 0xCB, 0x85, 0x64, 0xCB, 0x02, 0x43, 0xCB, 0x64, 0xD3, 0x64, 0xCB, 0x88, 0x43,
    0xCB, 0x00, 0x63, 0xCB, 0x81, 0x43, 0xCB, 0x02, 0x23, 0xCB, 0x43, 0xCB, 0x23, 0xCB, 0x84, 0x43,
    0xCB, 0x00, 0x64, 0xCB, 0x82, 0x43, 0xCB, 0x00, 0x23, 0xCB, 0x88, 0x43, 0xCB, 0x81, 0x23, 0xCB,
    0x8A, 0x43, 0xCB, 0x01, 0x64, 0xCB, 0x63, 0xCB, 0x90, 0x43, 0xCB, 0x81, 0x23, 0xCB, 0x01, 0x43,
    0xCB, 0x23, 0xCB, 0x83, 0x43, 0xCB, 0x85, 0x23, 0xCB, 0x00, 0x02, 0xC3, 0x81, 0x23, 0xCB, 0x00,
    0x43, 0xCB, 0x81, 0x23, 0xCB, 0x00, 0x02, 0xC3, 0x82, 0x23, 0xCB, 0x81, 0x02, 0xC3, 0x8E, 0x23,
    0xCB, 0x99, 0x43, 0xCB, 0x00, 0x23, 0xCB, 0x81, 0x43, 0xCB, 0x00, 0x23, 0xCB, 0x83, 0x43, 0xCB,
    0x85, 0x23, 0xCB, 0x00, 0x02, 0xC3, 0x81, 0x23, 0xCB, 0x00, 0x43, 0xCB, 0x81, 0x23, 0xCB, 0x00,
    0x02, 0xC3, 0x82, 0x23, 0xCB, 0x00, 0x02, 0xC3, 0x8D, 0x23, 0xCB, 0x03, 0x43, 0xCB, 0x23, 0xCB,
    0x43, 0xCB, 0x23, 0xCB, 0x81, 0x43, 0xCB, 0x02, 0x23, 0xCB, 0x43, 0xCB, 0x02, 0xCB, 0x81, 0x02,
    0xC3, 0x81, 0x23, 0xCB, 0x82, 0x43, 0xCB, 0x81, 0x23, 0xCB, 0x81, 0x43, 0xCB, 0x01, 0x23, 0xCB,
    0x02, 0xCB, 0x81, 0x43, 0xCB, 0x82, 0x23, 0xCB, 0x81, 0x43, 0xCB, 0x00, 0x64, 0xD3, 0x82, 0x43,
    0xCB, 0x05, 0x22, 0xC3, 0x23, 0xCB, 0x02, 0xCB, 0x23, 0xCB, 0x02, 0xC3, 0x02, 0xCB, 0x82, 0x43,
    0xCB, 0x85, 0x23, 0xCB, 0x00, 0x02, 0xCB, 0x85, 0x23, 0xCB, 0x84, 0x43, 0xCB, 0x82, 0x64, 0xCB,
    0x82, 0x43, 0xCB, 0x82, 0x23, 0xCB, 0x02, 0x02, 0xC3, 0xE2, 0xC2, 0x02, 0xC3, 0x81, 0x23, 0xCB,
    0x00, 0x43, 0xCB, 0x82, 0x02, 0xC3, 0x81, 0x23, 0xCB, 0x82, 0x43, 0xCB, 0x81, 0x23, 0xCB, 0x81,
    0x43, 0xCB, 0x81, 0x23, 0xCB, 0x00, 0x43, 0xCB, 0x83, 0x23, 0xCB, 0x05, 0x43, 0xCB, 0x63, 0xCB,
    0x64, 0xD3, 0x43, 0xCB, 0x23, 0xCB, 0x43, 0xCB, 0x83, 0x23, 0xCB, 0x00, 0x02, 0xC3, 0x81, 0x23,
    0xCB, 0x81, 0x43, 0xCB, 0x8B, 0x23, 0xCB, 0x83, 0x43, 0xCB, 0x01, 0x63, 0xCB, 0x43, 0xCB, 0x81,
    0x64, 0xCB, 0x01, 0x63, 0xCB, 0x43, 0xCB, 0x82, 0x23, 0xCB, 0x00, 0x43, 0xCB, 0x81, 0x63, 0xCB,
    0x82, 0x64, 0xCB, 0x82, 0x64, 0xD3, 0x84, 0x43, 0xCB, 0x00, 0x64, 0xD3, 0x84, 0x43, 0xCB, 0x00,
    0x23, 0xCB, 0x82, 0x43, 0xCB, 0x02, 0x64, 0xCB, 0x64, 0xD3, 0x64, 0xCB, 0x9A, 0x43, 0xCB, 0x82,
    0x64, 0xCB, 0x01, 0x63, 0xCB, 0x64, 0xD3, 0x81, 0x64, 0xCB, 0x82, 0x84, 0xD3, 0x01, 0x64, 0xD3,
    0x64, 0xCB, 0x81, 0x43, 0xCB, 0x04, 0x64, 0xCB, 0x43, 0xCB, 0x64, 0xD3, 0x63, 0xCB, 0x64, 0xCB,
    0x82, 0x64, 0xD3, 0x82, 0x43, 0xCB, 0x02, 0x63, 0xCB, 0x43, 0xCB, 0x64, 0xD3, 0x82, 0x43, 0xCB,
    0x81, 0x23, 0xCB, 0x83, 0x43, 0xCB, 0x02, 0x64, 0xCB, 0x64, 0xD3, 0x64, 0xCB, 0x92, 0x43, 0xCB,
    0x00, 0x63, 0xCB, 0x86, 0x43, 0xCB, 0x87, 0x64, 0xCB, 0x05, 0x63, 0xCB, 0x64, 0xCB, 0x43, 0xCB,
    0x64, 0xD3, 0x63, 0xCB, 0x64, 0xD3, 0x83, 0x43, 0xCB, 0x81, 0x64, 0xCB, 0x89, 0x43, 0xCB, 0x81,
    0x23, 0xCB, 0x85, 0x43, 0xCB, 0x81, 0x23, 0xCB, 0x85, 0x43, 0xCB, 0x81, 0x23, 0xCB, 0x87, 0x43,
    0xCB, 0x00, 0x23, 0xCB, 0x83, 0x43, 0xCB, 0x00, 0x63, 0xCB, 0x82, 0x43, 0xCB, 0x82, 0x64, 0xCB,
    0x81, 0x63, 0xCB, 0x02, 0x64, 0xD3, 0x64, 0xCB, 0x64, 0xD3, 0x83, 0x64, 0xCB, 0x03, 0x43, 0xCB,
    0x64, 0xD3, 0x63, 0xCB, 0x64, 0xD3, 0x81, 0x43, 0xCB, 0x03, 0x63, 0xCB, 0x43, 0xCB, 0x63, 0xCB,
    0x64, 0xCB, 0x83, 0x43, 0xCB, 0x00, 0x23, 0xCB, 0x84, 0x43, 0xCB, 0x00, 0x23, 0xCB, 0x85, 0x43,
    0xCB, 0x82, 0x23, 0xCB, 0x81, 0x43, 0xCB, 0x00, 0x23, 0xCB, 0x82, 0x43, 0xCB, 0x81, 0x23, 0xCB,
    0x87, 0x43, 0xCB, 0x81, 0x23, 0xCB, 0x82, 0x43, 0xCB, 0x00, 0x63, 0xCB, 0x81, 0x43, 0xCB, 0x00,
    0x63, 0xCB, 0x81, 0x64, 0xCB, 0x01, 0x63, 0xCB, 0x43, 0xCB, 0x81, 0x63, 0xCB, 0x00, 0x43, 0xCB,
    0x82, 0x64, 0xCB, 0x00, 0x64, 0xD3, 0x81, 0x43, 0xCB, 0x05, 0x64, 0xCB, 0x43, 0xCB, 0x64, 0xD3,
    0x43, 0xCB, 0x63, 0xCB, 0x43, 0xCB, 0x81, 0x64, 0xCB, 0x02, 0x43, 0xCB, 0x64, 0xD3, 0x64, 0xCB,
    0x81, 0x64, 0xD3, 0x01, 0x84, 0xD3, 0x64, 0xD3, 0x81, 0x43, 0xCB, 0x06, 0x64, 0xCB, 0x64, 0xD3,
    0x64, 0xCB, 0x63, 0xCB, 0x64, 0xCB, 0x43, 0xCB, 0x63, 0xCB, 0x81, 0x64, 0xCB, 0x8C, 0x43, 0xCB,
    0x83, 0x23, 0xCB, 0x01, 0x43, 0xCB, 0x23, 0xCB, 0x81, 0x43, 0xCB, 0x81, 0x63, 0xCB, 0x81, 0x43,
    0xCB, 0x81, 0x63, 0xCB, 0x81, 0x64, 0xD3, 0x81, 0x64, 0xCB, 0x05, 0x43, 0xCB, 0x63, 0xCB, 0x64,
    0xCB, 0x63, 0xCB, 0x43, 0xCB, 0x64, 0xD3, 0x81, 0x64, 0xCB, 0x81, 0x43, 0xCB, 0x02, 0x64, 0xCB,
    0x43, 0xCB, 0x64, 0xD3, 0x82, 0x43, 0xCB, 0x81, 0x64, 0xCB, 0x02, 0x43, 0xCB, 0x64, 0xD3, 0x63,
    0xCB, 0x83, 0x64, 0xD3, 0x02, 0x23, 0xCB, 0x43, 0xCB, 0x64, 0xD3, 0x81, 0x64, 0xCB, 0x03, 0x63,
    0xCB, 0x64, 0xCB, 0x43, 0xCB, 0x63, 0xCB, 0x81, 0x64, 0xCB, 0x8C, 0x43, 0xCB, 0x83, 0x23, 0xCB,
    0x01, 0x43, 0xCB, 0x23, 0xCB, 0x81, 0x43, 0xCB, 0x00, 0x63, 0xCB, 0x99, 0x43, 0xCB, 0x00, 0x23,
    0xCB, 0x81, 0x43, 0xCB, 0x00, 0x23, 0xCB, 0x84, 0x43, 0xCB, 0x00, 0x23, 0xCB, 0x83, 0x43, 0xCB,
    0x85, 0x23, 0xCB, 0x81, 0x43, 0xCB, 0x86, 0x23, 0xCB, 0x00, 0x43, 0xCB, 0x83, 0x23, 0xCB, 0x01,
    0x43, 0xCB, 0x23, 0xCB, 0x85, 0x43, 0xCB, 0x00, 0x63, 0xCB, 0x81, 0x43, 0xCB, 0x00, 0x63, 0xCB,
    0x89, 0x43, 0xCB, 0x00, 0x63, 0xCB, 0x89, 0x43, 0xCB, 0x00, 0x23, 0xCB, 0x81, 0x43, 0xCB, 0x00,
    0x23, 0xCB, 0x83, 0x43, 0xCB, 0x81, 0x23, 0xCB, 0x83, 0x43, 0xCB, 0x84, 0x23, 0xCB, 0x02, 0x43,
    0xCB, 0x23, 0xCB, 0x43, 0xCB, 0x86, 0x23, 0xCB, 0x00, 0x43, 0xCB, 0x85, 0x23, 0xCB, 0x81, 0x43,
    0xCB, 0x02, 0x23, 0xCB, 0x02, 0xC3, 0x23, 0xCB, 0x82, 0x43, 0xCB, 0x00, 0x23, 0xCB, 0x81, 0x43,
    0xCB, 0x81, 0x23, 0xCB, 0x00, 0x02, 0xC3, 0x84, 0x23, 0xCB, 0x81, 0x43, 0xCB, 0x83, 0x23, 0xCB,
    0x00, 0x43, 0xCB, 0x81, 0x23, 0xCB, 0x83, 0x02, 0xC3, 0x01, 0x02, 0xCB, 0x23, 0xCB, 0x81, 0x02,
    0xCB, 0x00, 0x43, 0xCB, 0x81, 0x23, 0xCB, 0x81, 0x02, 0xC3, 0x0A, 0xE2, 0xC2, 0x02, 0xC3, 0x02,
    0xCB, 0x02, 0xC3, 0x03, 0xCB, 0x23, 0xCB, 0x22, 0xCB, 0x23, 0xCB, 0x02, 0xCB, 0x02, 0xC3, 0x23,
    0xCB, 0x81, 0x02, 0xC3, 0x00, 0x23, 0xCB, 0x81, 0x43, 0xCB, 0x81, 0x23, 0xCB, 0x00, 0x02, 0xC3,
    0x81, 0x23, 0xCB, 0x00, 0x03, 0xCB, 0x81, 0x23, 0xCB, 0x00, 0x43, 0xCB, 0x82, 0x23, 0xCB, 0x01,
    0x03, 0xCB, 0x02, 0xC3, 0x81, 0x23, 0xCB, 0x84, 0x43, 0xCB, 0x02, 0x02, 0xC3, 0x23, 0xCB, 0x02,
    0xC3, 0x84, 0x23, 0xCB, 0x81, 0x43, 0xCB, 0x83, 0x23, 0xCB, 0x00, 0x43, 0xCB, 0x81, 0x23, 0xCB,
    0x81, 0x02, 0xC3, 0x02, 0xE2, 0xC2, 0x02, 0xC3, 0x02, 0xCB, 0x84, 0x23, 0xCB, 0x01, 0x03, 0xCB,
    0x02, 0xC3, 0x81, 0xE2, 0xC2, 0x02, 0x02, 0xC3, 0x02, 0xCB, 0x02, 0xC3, 0x82, 0x23, 0xCB, 0x03,
    0x02, 0xC3, 0x23, 0xCB, 0x02, 0xC3, 0x23, 0xCB, 0x81, 0x02, 0xC3, 0x81, 0x23, 0xCB, 0x03, 0x43,
    0xCB, 0x23, 0xCB, 0x22, 0xC3, 0x02, 0xC3, 0x87, 0x23, 0xCB, 0x00, 0x02, 0xC3, 0x81, 0x23, 0xCB,
    0x81, 0x02, 0xC3, 0x81, 0x23, 0xCB, 0x82, 0x02, 0xC3, 0x01, 0x02, 0xCB, 0x02, 0xC3, 0x81, 0xE2,
    0xC2, 0x00, 0x02, 0xC3, 0x81, 0xE2, 0xC2, 0x01, 0x02, 0xC3, 0x02, 0xCB, 0x81, 0x02, 0xC3, 0x02,
    0x02, 0xCB, 0x02, 0xC3, 0xE2, 0xC2, 0x81, 0x02, 0xCB, 0x00, 0x23, 0xCB, 0x81, 0x02, 0xC3, 0x03,
    0xE2, 0xC2, 0x02, 0xC3, 0xE2, 0xC2, 0x02, 0xC3, 0x81, 0xE2, 0xC2, 0x82, 0x02, 0xC3, 0x00, 0x02,
    0xCB, 0x8C, 0x02, 0xC3, 0x8E, 0x23, 0xCB, 0x03, 0x02, 0xC3, 0x23, 0xCB, 0x02, 0xC3, 0x02, 0xCB,
    0x81, 0x02, 0xC3, 0x00, 0x23, 0xCB, 0x82, 0x02, 0xC3, 0x01, 0x02, 0xCB, 0x02, 0xC3, 0x81, 0xE2,
    0xC2, 0x00, 0x02, 0xC3, 0x81, 0xE2, 0xC2, 0x82, 0x02, 0xC3, 0x81, 0x02, 0xCB, 0x04, 0x02, 0xC3,
    0xE2, 0xC2, 0x23, 0xCB, 0x02, 0xC3, 0x23, 0xCB, 0x81, 0x02, 0xC3, 0x03, 0xE2, 0xC2, 0x02, 0xC3,
    0xE2, 0xC2, 0x02, 0xC3, 0x81, 0xE2, 0xC2, 0x81, 0x02, 0xC3, 0x81, 0x02, 0xCB, 0x88, 0x02, 0xC3,
    0x81, 0xE2, 0xC2, 0x81, 0x02, 0xC3, 0x83, 0x23, 0xCB, 0x04, 0x02, 0xC3, 0x23, 0xCB, 0x02, 0xC3,
    0x23, 0xCB, 0x02, 0xCB, 0x85, 0x02, 0xC3, 0x81, 0x02, 0xCB, 0x82, 0x23, 0xCB, 0x00, 0x03, 0xCB,
    0x82, 0x23, 0xCB, 0x81, 0x02, 0xC3, 0x00, 0x23, 0xCB, 0x81, 0x02, 0xC3, 0x03, 0x23, 0xCB, 0x02,
    0xC3, 0x23, 0xCB, 0x02, 0xC3, 0x81, 0x23, 0xCB, 0x83, 0x02, 0xC3, 0x81, 0x23, 0xCB, 0x00, 0x02,
    0xCB, 0x82, 0x02, 0xC3, 0x81, 0x02, 0xCB, 0x81, 0x23, 0xCB, 0x88, 0x02, 0xC3, 0x00, 0x03, 0xCB,
    0x82, 0x02, 0xC3, 0x00, 0x23, 0xCB, 0x88, 0x02, 0xC3, 0x01, 0x23, 0xCB, 0x02, 0xCB, 0x81, 0x23,
    0xCB, 0x85, 0x02, 0xC3, 0x00, 0x02, 0xCB, 0x87, 0x23, 0xCB, 0x81, 0x02, 0xC3, 0x00, 0x23, 0xCB,
    0x81, 0x02, 0xC3, 0x09, 0x23, 0xCB, 0x02, 0xC3, 0x03, 0xCB, 0x23, 0xCB, 0x02, 0xC3, 0x23, 0xCB,
    0x02, 0xC3, 0x23, 0xCB, 0x02, 0xC3, 0x02, 0xCB, 0x82, 0x23, 0xCB, 0x02, 0x02, 0xC3, 0xE2, 0xC2,
    0x02, 0xC3, 0x82, 0x23, 0xCB, 0x89, 0x02, 0xC3, 0x81, 0x03, 0xCB, 0x02, 0x02, 0xC3, 0x02, 0xCB,
    0x23, 0xCB, 0x81, 0x02, 0xC3, 0x83, 0x23, 0xCB, 0x81, 0x43, 0xCB, 0x82, 0x23, 0xCB, 0x00, 0x02,
    0xC3, 0x81, 0x23, 0xCB, 0x00, 0x02, 0xC3, 0x81, 0x23, 0xCB, 0x01, 0x43, 0xCB, 0x23, 0xCB, 0x81,
    0x02, 0xC3, 0x82, 0x23, 0xCB, 0x00, 0x43, 0xCB, 0x81, 0x23, 0xCB, 0x00, 0x02, 0xCB, 0x83, 0x23,
    0xCB, 0x83, 0x43, 0xCB, 0x01, 0x63, 0xCB, 0x23, 0xCB, 0x82, 0x43, 0xCB, 0x00, 0x63, 0xCB, 0x81,
    0x43, 0xCB, 0x00, 0x23, 0xCB, 0x82, 0x43, 0xCB, 0x01, 0x23, 0xCB, 0x43, 0xCB, 0x86, 0x23, 0xCB,
    0x02, 0x43, 0xCB, 0x23, 0xCB, 0x02, 0xC3, 0x89, 0x23, 0xCB, 0x02, 0x02, 0xCB, 0x43, 0xCB, 0x23,
    0xCB, 0x81, 0x43, 0xCB, 0x82, 0x23, 0xCB, 0x81, 0x02, 0xC3, 0x01, 0x23, 0xCB, 0x02, 0xC3, 0x83,
    0x23, 0xCB, 0x00, 0x02, 0xC3, 0x82, 0x23, 0xCB, 0x81, 0x43, 0xCB, 0x81, 0x23, 0xCB, 0x00, 0x02,
    0xC3, 0x83, 0x23, 0xCB, 0x84, 0x43, 0xCB, 0x00, 0x23, 0xCB, 0x82, 0x43, 0xCB, 0x00, 0x64, 0xCB,
    0x85, 0x43, 0xCB, 0x01, 0x23, 0xCB, 0x43, 0xCB, 0x86, 0x23, 0xCB, 0x02, 0x43, 0xCB, 0x23, 0xCB,
    0x02, 0xC3, 0x81, 0x23, 0xCB, 0x00, 0x22, 0xCB, 0x86, 0x43, 0xCB, 0x82, 0x23, 0xCB, 0x00, 0x43,
    0xCB, 0x83, 0x23, 0xCB, 0x03, 0x02, 0xC3, 0x03, 0xCB, 0x23, 0xCB, 0x43, 0xCB, 0x81, 0x23, 0xCB,
    0x01, 0x43, 0xCB, 0x02, 0xC3, 0x82, 0x23, 0xCB, 0x00, 0x02, 0xC3, 0x82, 0x23, 0xCB, 0x03, 0x43,
    0xCB, 0x23, 0xCB, 0x43, 0xCB, 0x23, 0xCB, 0x82, 0x43, 0xCB, 0x81, 0x23, 0xCB, 0x00, 0x02, 0xCB,
    0x82, 0x23, 0xCB, 0x02, 0x02, 0xC3, 0x23, 0xCB, 0x22, 0xCB, 0x83, 0x23, 0xCB, 0x82, 0x43, 0xCB,
    0x00, 0x03, 0xCB, 0x82, 0x23, 0xCB, 0x82, 0x43, 0xCB, 0x84, 0x23, 0xCB, 0x88, 0x43, 0xCB, 0x82,
    0x23, 0xCB, 0x00, 0x43, 0xCB, 0x83, 0x23, 0xCB, 0x01, 0x02, 0xC3, 0x03, 0xCB, 0x82, 0x23, 0xCB,
    0x81, 0x43, 0xCB, 0x00, 0x02, 0xC3, 0x82, 0x23, 0xCB, 0x00, 0x02, 0xCB, 0x82, 0x23, 0xCB, 0x03,
    0x43, 0xCB, 0x23, 0xCB, 0x43, 0xCB, 0x23, 0xCB, 0x82, 0x43, 0xCB, 0x81, 0x23, 0xCB, 0x00, 0x03,
    0xCB, 0x82, 0x23, 0xCB, 0x02, 0x02, 0xC3, 0x23, 0xCB, 0x02, 0xCB, 0x83, 0x23, 0xCB, 0x81, 0x43,
    0xCB, 0x01, 0x23, 0xCB, 0x03, 0xCB, 0x82, 0x23, 0xCB, 0x82, 0x43, 0xCB, 0x02, 0x23, 0xCB, 0x43,
    0xCB, 0x23, 0xCB, 0x82, 0x43, 0xCB, 0x82, 0x23, 0xCB, 0x81, 0x43, 0xCB, 0x81, 0x23, 0xCB, 0x82,
    0x43, 0xCB, 0x02, 0x23, 0xCB, 0x43, 0xCB, 0x23, 0xCB, 0x81, 0x43, 0xCB, 0x01, 0x23, 0xCB, 0x43,
    0xCB, 0x82, 0x23, 0xCB, 0x82, 0x43, 0xCB, 0x00, 0x23, 0xCB, 0x88, 0x43, 0xCB, 0x01, 0x03, 0xCB,
    0x43, 0xCB, 0x82, 0x23, 0xCB, 0x81, 0x43, 0xCB, 0x85, 0x23, 0xCB, 0x01, 0x43, 0xCB, 0x63, 0xCB,
    0x83, 0x43, 0xCB, 0x89, 0x23, 0xCB, 0x01, 0x43, 0xCB, 0x23, 0xCB, 0x82, 0x43, 0xCB, 0x81, 0x23,
    0xCB, 0x02, 0x43, 0xCB, 0x23, 0xCB, 0x43, 0xCB, 0x81, 0x23, 0xCB, 0x82, 0x43, 0xCB, 0x02, 0x23,
    0xCB, 0x43, 0xCB, 0x23, 0xCB, 0x81, 0x43, 0xCB, 0x01, 0x23, 0xCB, 0x43, 0xCB, 0x82, 0x23, 0xCB,
    0x01, 0x43, 0xCB, 0x23, 0xCB, 0x8A, 0x43, 0xCB, 0x00, 0x02, 0xC3, 0x83, 0x23, 0xCB, 0x81, 0x43,
    0xCB, 0x84, 0x23, 0xCB, 0x81, 0x43, 0xCB, 0x00, 0x64, 0xCB, 0x83, 0x43, 0xCB, 0x01, 0x23, 0xCB,
    0x43, 0xCB, 0x81, 0x23, 0xCB, 0x81, 0x43, 0xCB, 0x02, 0x63, 0xCB, 0x43, 0xCB, 0x63, 0xCB, 0x81,
    0x43, 0xCB, 0x01, 0x63, 0xCB, 0x43, 0xCB, 0x81, 0x64, 0xCB, 0x87, 0x43, 0xCB, 0x81, 0x23, 0xCB,
    0x82, 0x43, 0xCB, 0x00, 0x23, 0xCB, 0x82, 0x43, 0xCB, 0x03, 0x64, 0xCB, 0x63, 0xCB, 0x43, 0xCB,
    0x63, 0xCB, 0x81, 0x64, 0xD3, 0x04, 0x64, 0xCB, 0x43, 0xCB, 0x23, 0xCB, 0x43, 0xCB, 0x23, 0xCB,
    0x87, 0x43, 0xCB, 0x83, 0x23, 0xCB, 0x00, 0x02, 0xCB, 0x82, 0x43, 0xCB, 0x00, 0x64, 0xCB, 0x82,
    0x43, 0xCB, 0x01, 0x23, 0xCB, 0x64, 0xCB, 0x81, 0x43, 0xCB, 0x81, 0x23, 0xCB, 0x83, 0x43, 0xCB,
    0x01, 0x64, 0xCB, 0x43, 0xCB, 0x81, 0x63, 0xCB, 0x03, 0x43, 0xCB, 0x64, 0xCB, 0x63, 0xCB, 0x64,
    0xCB, 0x89, 0x43, 0xCB, 0x00, 0x23, 0xCB, 0x82, 0x43, 0xCB, 0x81, 0x23, 0xCB, 0x82, 0x64, 0xCB,
    0x81, 0x43, 0xCB, 0x02, 0x63, 0xCB, 0x64, 0xD3, 0x64, 0xCB, 0x81, 0x43, 0xCB, 0x02, 0x23, 0xCB,
    0x43, 0xCB, 0x23, 0xCB, 0x87, 0x43, 0xCB, 0x84, 0x23, 0xCB, 0x87, 0x43, 0xCB, 0x01, 0x64, 0xCB,
    0x43, 0xCB, 0x84, 0x23, 0xCB, 0x83, 0x43, 0xCB, 0x81, 0x23, 0xCB, 0x00, 0x02, 0xC3, 0x82, 0x23,
    0xCB, 0x83, 0x43, 0xCB, 0x8A, 0x23, 0xCB, 0x84, 0x43, 0xCB, 0x00, 0x23, 0xCB, 0x82, 0x43, 0xCB,
    0x00, 0x23, 0xCB, 0x82, 0x43, 0xCB, 0x81, 0x23, 0xCB, 0x00, 0x43, 0xCB, 0x82, 0x23, 0xCB, 0x82,
    0x43, 0xCB, 0x02, 0x23, 0xCB, 0x43, 0xCB, 0x23, 0xCB, 0x89, 0x43, 0xCB, 0x00, 0x23, 0xCB, 0x81,
    0x43, 0xCB, 0x83, 0x23, 0xCB, 0x83, 0x43, 0xCB, 0x81, 0x23, 0xCB, 0x00, 0x02, 0xC3, 0x82, 0x23,
    0xCB, 0x83, 0x43, 0xCB, 0x82, 0x23, 0xCB, 0x01, 0x03, 0xCB, 0x43, 0xCB, 0x85, 0x23, 0xCB, 0x84,
    0x43, 0xCB, 0x00, 0x23, 0xCB, 0x85, 0x43, 0xCB, 0x86, 0x23, 0xCB, 0x82, 0x43, 0xCB, 0x82, 0x23,
    0xCB, 0x85, 0x43, 0xCB, 0x01, 0x23, 0xCB, 0x43, 0xCB, 0x84, 0x23, 0xCB, 0x82, 0x43, 0xCB, 0x82,
    0x23, 0xCB, 0x00, 0x43, 0xCB, 0x83, 0x23, 0xCB, 0x00, 0x03, 0xCB, 0x82, 0x02, 0xC3, 0x83, 0x23,
    0xCB, 0x00, 0x02, 0xC3, 0x81, 0x23, 0xCB, 0x04, 0x02, 0xC3, 0xE2, 0xC2, 0x02, 0xC3, 0x03, 0xC3,
    0x23, 0xCB, 0x81, 0x43, 0xCB, 0x83, 0x23, 0xCB, 0x01, 0x02, 0xC3, 0x02, 0xCB, 0x83, 0x02, 0xC3,
    0x02, 0x02, 0xCB, 0x23, 0xCB, 0x02, 0xC3, 0x81, 0xE2, 0xC2, 0x03, 0x02, 0xC3, 0x02, 0xCB, 0x02,
    0xC3, 0x02, 0xCB, 0x81, 0x02, 0xC3, 0x81, 0x23, 0xCB, 0x82, 0x02, 0xC3, 0x81, 0x23, 0xCB, 0x81,
    0x43, 0xCB, 0x81, 0x23, 0xCB, 0x00, 0x43, 0xCB, 0x84, 0x23, 0xCB, 0x81, 0x43, 0xCB, 0x83, 0x23,
    0xCB, 0x06, 0x43, 0xCB, 0x23, 0xCB, 0x02, 0xC3, 0x22, 0xCB, 0x23, 0xCB, 0x02, 0xC3, 0x03, 0xC3,
    0x81, 0x02, 0xC3, 0x83, 0x23, 0xCB, 0x00, 0x02, 0xC3, 0x81, 0x23, 0xCB, 0x03, 0x02, 0xC3, 0xE2,
    0xC2, 0x02, 0xC3, 0x23, 0xCB, 0x82, 0x43, 0xCB, 0x83, 0x23, 0xCB, 0x01, 0x02, 0xC3, 0x02, 0xCB,
    0x83, 0x02, 0xC3, 0x81, 0x23, 0xCB, 0x01, 0x02, 0xC3, 0xE2, 0xC2, 0x82, 0x02, 0xC3, 0x00, 0x02,
    0xCB, 0x82, 0x02, 0xC3, 0x81, 0x23, 0xCB, 0x01, 0x02, 0xC3, 0x23, 0xCB, 0x81, 0x02, 0xC3, 0x00,
    0x23, 0xCB, 0x83, 0x02, 0xC3, 0x81, 0x23, 0xCB, 0x81, 0x02, 0xC3, 0x83, 0x23, 0xCB, 0x00, 0x02,
    0xCB, 0x81, 0x02, 0xC3, 0x03, 0xE2, 0xC2, 0x02, 0xC3, 0xE2, 0xC2, 0x03, 0xCB, 0x84, 0x02, 0xC3,
    0x81, 0xA0, 0xBA, 0x0A, 0xC2, 0xB2, 0x02, 0xC3, 0xE2, 0xC2, 0xC0, 0xBA, 0xA0, 0xBA, 0xC2, 0xB2,
    0x02, 0xC3, 0xC2, 0xBA, 0x80, 0xB2, 0xA0, 0xBA, 0xC2, 0xBA, 0x84, 0xE2, 0xC2, 0x02, 0x02, 0xC3,
    0xE2, 0xC2, 0x02, 0xC3, 0x84, 0xE2, 0xC2, 0x00, 0x02, 0xC3, 0x83, 0xE2, 0xC2, 0x00, 0x02, 0xC3,
    0x83, 0xE2, 0xC2, 0x00, 0x02, 0xC3, 0x82, 0x23, 0xCB, 0x81, 0x02, 0xC3, 0x02, 0x23, 0xCB, 0x02,
    0xC3, 0x03, 0xCB, 0x81, 0x02, 0xC3, 0x81, 0x23, 0xCB, 0x81, 0x02, 0xC3, 0x82, 0x23, 0xCB, 0x00,
    0x43, 0xCB, 0x82, 0x02, 0xC3, 0x82, 0xE2, 0xC2, 0x00, 0x23, 0xCB, 0x82, 0x02, 0xC3, 0x00, 0xE2,
    0xC2, 0x81, 0x02, 0xC3, 0x00, 0xE2, 0xC2, 0x82, 0x02, 0xC3, 0x03, 0x23, 0xCB, 0x02, 0xC3, 0xE2,
    0xC2, 0x02, 0xC3, 0x87, 0xE2, 0xC2, 0x00, 0x02, 0xC3, 0x81, 0xE2, 0xC2, 0x00, 0x02, 0xC3, 0x84,
    0xE2, 0xC2, 0x00, 0x02, 0xC3, 0x82, 0xE2, 0xC2, 0x00, 0x02, 0xC3, 0x81, 0xE2, 0xC2, 0x01, 0x02,
    0xC3, 0x02, 0xCB, 0x81, 0x02, 0xC3, 0x00, 0xE2, 0xC2, 0x83, 0x02, 0xC3, 0x83, 0xE2, 0xC2, 0x22,
    0xA3, 0xAA, 0x0C, 0xB4, 0x07, 0xAB, 0x82, 0xA2, 0x23, 0xCB, 0xE2, 0xBA, 0x0C, 0xBC, 0xEB, 0xB3,
    0x21, 0x92, 0x03, 0xC3, 0x23, 0xCB, 0x69, 0xB3, 0x89, 0xB3, 0x61, 0xA2, 0xC2, 0xB2, 0x31, 0xC5,
    0x51, 0xCD, 0x80, 0x71, 0x82, 0xAA, 0xA0, 0xBA, 0x35, 0xD6, 0x92, 0xCD, 0x60, 0x61, 0xC2, 0xB2,
    0xC4, 0xB2, 0x35, 0xD6, 0x8E, 0xBC, 0xC1, 0x71, 0x03, 0xC3, 0x02, 0xCB, 0x23, 0xCB, 0x02, 0xCB,
    0x23, 0xCB, 0x02, 0xC3, 0x03, 0xCB, 0x83, 0x02, 0xC3, 0x00, 0x23, 0xCB, 0x89, 0x02, 0xC3, 0x81,
    0x23, 0xCB, 0x03, 0x02, 0xCB, 0x23, 0xCB, 0x02, 0xC3, 0x02, 0xCB, 0x81, 0x02, 0xC3, 0x00, 0xE2,
    0xC2, 0x83, 0x02, 0xC3, 0x00, 0x82, 0xAA, 0x83, 0x0C, 0xB4, 0x05, 0xCB, 0xB3, 0x60, 0xA2, 0xE2,
    0xBA, 0x23, 0xCB, 0x02, 0xC3, 0x02, 0xCB, 0x81, 0x02, 0xC3, 0x00, 0x23, 0xCB, 0x81, 0x02, 0xC3,
    0x02, 0x23, 0xCB, 0x02, 0xCB, 0x02, 0xC3, 0x82, 0xE2, 0xC2, 0x00, 0x02, 0xC3, 0x81, 0x23, 0xCB,
    0x81, 0xE2, 0xC2, 0x00, 0x02, 0xC3, 0x82, 0x23, 0xCB, 0x08, 0x43, 0xCB, 0x23, 0xCB, 0x02, 0xC3,
    0x23, 0xCB, 0x02, 0xCB, 0x03, 0xCB, 0x02, 0xC3, 0x03, 0xCB, 0x02, 0xCB, 0x82, 0x02, 0xC3, 0x00,
    0x23, 0xCB, 0x88, 0x02, 0xC3, 0x86, 0x23, 0xCB, 0x84, 0x02, 0xC3, 0x0A, 0x82, 0xAA, 0x92, 0xCD,
    0xAE, 0xBC, 0xE0, 0x81, 0x82, 0xAA, 0xE1, 0xC2, 0x14, 0xD6, 0xF3, 0xD5, 0x80, 0x69, 0x01, 0x8A,
    0xA1, 0xB2, 0x81, 0x30, 0xC5, 0x81, 0x60, 0x59, 0x01, 0x40, 0x59, 0x60, 0x59, 0x81, 0x40, 0x59,
    0x02, 0x40, 0xA2, 0x35, 0xD6, 0x92, 0xCD, 0x81, 0x60, 0x61, 0x05, 0xA4, 0xAA, 0x35, 0xD6, 0x6E,
    0xBC, 0x40, 0x59, 0xC1, 0x71, 0xE2, 0xC2, 0x81, 0x02, 0xC3, 0x00, 0x02, 0xCB, 0x81, 0x23, 0xCB,
    0x02, 0x02, 0xCB, 0x23, 0xCB, 0x02, 0xCB, 0x83, 0x02, 0xC3, 0x03, 0x22, 0xCB, 0x02, 0xC3, 0x23,
    0xCB, 0x43, 0xCB, 0x83, 0x23, 0xCB, 0x81, 0x02, 0xC3, 0x02, 0x03, 0xCB, 0x23, 0xCB, 0x02, 0xC3,
    0x86, 0x23, 0xCB, 0x03, 0x02, 0xC3, 0xA3, 0xB2, 0x35, 0xD6, 0xD3, 0xCD, 0x82, 0x92, 0xCD, 0x02,
    0xF3, 0xCD, 0xA3, 0xAA, 0xE2, 0xBA, 0x83, 0x23, 0xCB, 0x81, 0x02, 0xC3, 0x01, 0x02, 0xCB, 0x03,
    0xCB, 0x81, 0x23, 0xCB, 0x81, 0x02, 0xCB, 0x04, 0x02, 0xC3, 0x23, 0xCB, 0x03, 0xCB, 0x02, 0xC3,
    0x23, 0xCB, 0x81, 0x02, 0xC3, 0x81, 0x23, 0xCB, 0x00, 0x02, 0xCB, 0x81, 0x23, 0xCB, 0x03, 0x02,
    0xC3, 0x02, 0xCB, 0x02, 0xC3, 0x02, 0xCB, 0x81, 0x23, 0xCB, 0x02, 0x02, 0xC3, 0x23, 0xCB, 0x02,
    0xCB, 0x82, 0x02, 0xC3, 0x02, 0x02, 0xCB, 0x23, 0xCB, 0x02, 0xC3, 0x83, 0x23, 0xCB, 0x06, 0x63,
    0xCB, 0x43, 0xCB, 0x23, 0xCB, 0x43, 0xCB, 0x23, 0xCB, 0x02, 0xC3, 0x43, 0xCB, 0x81, 0x23, 0xCB,
    0x00, 0x02, 0xC3, 0x81, 0x23, 0xCB, 0x0D, 0x02, 0xC3, 0xE2, 0xC2, 0x92, 0xCD, 0x35, 0xD6, 0xA0,
    0x81, 0x80, 0x69, 0xA3, 0xAA, 0x14, 0xD6, 0xF4, 0xD5, 0x63, 0xA2, 0x20, 0x59, 0x00, 0x9A, 0x35,
    0xD6, 0x10, 0xC5, 0x81, 0x40, 0x59, 0x06, 0xC0, 0x81, 0x80, 0x69, 0x60, 0x61, 0x80, 0x61, 0x00,
    0x92, 0x35, 0xD6, 0x92, 0xCD, 0x81, 0x60, 0x61, 0x0A, 0x83, 0xA2, 0x35, 0xD6, 0x8E, 0xBC, 0x40,
    0x59, 0x60, 0x69, 0xC2, 0xB2, 0x02, 0xC3, 0xE2, 0xC2, 0x02, 0xC3, 0x03, 0xC3, 0x23, 0xC3, 0x82,
    0x23, 0xCB, 0x01, 0xE2, 0xC2, 0x02, 0xC3, 0x81, 0x23, 0xC3, 0x01, 0x23, 0xCB, 0x23, 0xC3, 0x81,
    0x23, 0xCB, 0x00, 0x02, 0xC3, 0x81, 0x23, 0xC3, 0x00, 0x02, 0xC3, 0x81, 0x23, 0xCB, 0x02, 0x43,
    0xCB, 0x23, 0xCB, 0x63, 0xCB, 0x81, 0x23, 0xC3, 0x81, 0x23, 0xCB, 0x01, 0x02, 0xC3, 0x43, 0xCB,
    0x81, 0x23, 0xCB, 0x0D, 0xA3, 0xB2, 0x35, 0xD6, 0x8E, 0xBC, 0x40, 0x61, 0x60, 0x61, 0x80, 0x71,
    0x69, 0xB3, 0xF4, 0xD5, 0x83, 0xAA, 0xE2, 0xBA, 0x02, 0xC3, 0x23, 0xCB, 0xE2, 0xC2, 0xC1, 0xBA,
    0x82, 0xE2, 0xC2, 0x81, 0x02, 0xC3, 0x00, 0xC2, 0xC2, 0x81, 0x02, 0xC3, 0x00, 0x02, 0xCB, 0x81,
    0xE2, 0xC2, 0x82, 0x02, 0xC3, 0x81, 0xE2, 0xC2, 0x00, 0x23, 0xCB, 0x82, 0xE2, 0xC2, 0x81, 0x02,
    0xC3, 0x81, 0x23, 0xCB, 0x01, 0x43, 0xCB, 0x02, 0xC3, 0x81, 0x23, 0xCB, 0x00, 0x02, 0xC3, 0x81,
    0x23, 0xCB, 0x00, 0x43, 0xCB, 0x81, 0x23, 0xCB, 0x03, 0x43, 0xCB, 0x23, 0xCB, 0x03, 0xCB, 0x23,
    0xCB, 0x81, 0x43, 0xCB, 0x81, 0x63, 0xCB, 0x83, 0x43, 0xCB, 0x81, 0x23, 0xCB, 0x00, 0x02, 0xC3,
    0x82, 0x43, 0xCB, 0x04, 0x27, 0xB3, 0x35, 0xD6, 0xE0, 0x89, 0x40, 0x59, 0x0C, 0xBC, 0x81, 0x34,
    0xD6, 0x25, 0x68, 0xB3, 0x60, 0x59, 0x40, 0x9A, 0x35, 0xD6, 0xC5, 0xAA, 0x40, 0x59, 0x80, 0x69,
    0xB3, 0xCD, 0xD3, 0xCD, 0xA0, 0x79, 0xC2, 0xB2, 0xA0, 0xB2, 0x35, 0xD6, 0x92, 0xCD, 0x60, 0x61,
    0x60, 0x59, 0x83, 0xA2, 0x35, 0xD6, 0x6E, 0xBC, 0x40, 0x59, 0x60, 0x61, 0xC2, 0xB2, 0x82, 0xB2,
    0x92, 0xCD, 0xD3, 0xCD, 0xF3, 0xCD, 0x82, 0xAA, 0xC2, 0xB2, 0x23, 0xCB, 0x02, 0xC3, 0xB3, 0xCD,
    0xD3, 0xCD, 0xE5, 0xB2, 0x10, 0xC5, 0xD3, 0xCD, 0xF0, 0xC4, 0x05, 0xB3, 0xAA, 0xB3, 0x81, 0xD3,
    0xCD, 0x0A, 0xA2, 0xAA, 0xE3, 0xBA, 0x23, 0xCB, 0x03, 0xC3, 0x05, 0xB3, 0xB2, 0xCD, 0xB3, 0xCD,
    0xD3, 0xCD, 0xC3, 0xB2, 0x03, 0xBB, 0x63, 0xCB, 0x83, 0x43, 0xCB, 0x03, 0xC3, 0xB2, 0x35, 0xD6,
    0x8E, 0xC4, 0x61, 0x59, 0x81, 0x61, 0x61, 0x06, 0x27, 0xAB, 0x34, 0xD6, 0xAA, 0xB3, 0x60, 0x61,
    0xE2, 0xBA, 0xC4, 0xB2, 0x0C, 0xBC, 0x81, 0xD3, 0xCD, 0x14, 0x69, 0xB3, 0x61, 0xA2, 0x02, 0xC3,
    0xC2, 0xBA, 0x2C, 0xBC, 0x31, 0xC5, 0xC1, 0x79, 0x03, 0xC3, 0xC4, 0xB2, 0xF3, 0xCD, 0x2C, 0xBC,
    0xE1, 0x89, 0x0C, 0xBC, 0x51, 0xCD, 0x61, 0xA2, 0xE2, 0xBA, 0xA3, 0xB2, 0xF3, 0xCD, 0x4D, 0xBC,
    0x60, 0x61, 0xA2, 0xAA, 0x82, 0x23, 0xCB, 0x00, 0x02, 0xCB, 0x82, 0x23, 0xCB, 0x85, 0x43, 0xCB,
    0x01, 0x23, 0xCB, 0x43, 0xCB, 0x82, 0x23, 0xCB, 0x82, 0x43, 0xCB, 0x01, 0x23, 0xCB, 0x43, 0xCB,
    0x81, 0x23, 0xCB, 0x02, 0x02, 0xC3, 0x02, 0xCB, 0x43, 0xCB, 0x81, 0x23, 0xCB, 0x1E, 0xC3, 0xB2,
    0x35, 0xD6, 0x4D, 0xBC, 0xC1, 0x79, 0x2C, 0xBC, 0xCA, 0xB3, 0x0B, 0xBC, 0x69, 0xB3, 0xC1, 0x71,
    0xCF, 0xC4, 0x35, 0xD6, 0x00, 0x92, 0x40, 0x59, 0xA0, 0x71, 0xF4, 0xD5, 0x14, 0xD6, 0xA0, 0x79,
    0x81, 0x61, 0x80, 0xAA, 0x35, 0xD6, 0x92, 0xCD, 0x81, 0x61, 0x61, 0x61, 0xA4, 0xAA, 0x35, 0xD6,
    0x8E, 0xC4, 0x40, 0x59, 0x80, 0x69, 0x81, 0xAA, 0x92, 0xCD, 0x0C, 0xBC, 0x81, 0xAA, 0xB3, 0x05,
    0xF4, 0xD5, 0x81, 0xAA, 0xE3, 0xB2, 0x02, 0xC3, 0xF4, 0xD5, 0x14, 0xD6, 0x81, 0xAA, 0xB3, 0x02,
    0x30, 0xC5, 0x34, 0xD6, 0x92, 0xCD, 0x81, 0xAA, 0xB3, 0x0D, 0xD3, 0xCD, 0xEB, 0xBB, 0xE1, 0x81,
    0xC2, 0xBA, 0x0C, 0xBC, 0x35, 0xD6, 0xA4, 0xA2, 0xA0, 0x79, 0x89, 0xB3, 0xD3, 0xCD, 0xE0, 0x89,
    0x03, 0xBB, 0x23, 0xCB, 0x43, 0xCB, 0x81, 0x23, 0xCB, 0x25, 0xC3, 0xB2, 0x35, 0xD6, 0x8E, 0xC4,
    0x40, 0x59, 0x81, 0x69, 0xC2, 0xB2, 0x47, 0xB3, 0x34, 0xD6, 0xAA, 0xB3, 0x60, 0x59, 0x00, 0x92,
    0xD3, 0xCD, 0x92, 0xCD, 0xCA, 0xBB, 0xAA, 0xB3, 0xD3, 0xCD, 0xAA, 0xB3, 0x82, 0xA2, 0x43, 0xCB,
    0x6D, 0xBC, 0x14, 0xD6, 0xA4, 0xA2, 0xC1, 0x71, 0xE5, 0xB2, 0x35, 0xD6, 0xE0, 0x89, 0x61, 0x59,
    0x4D, 0xBC, 0x35, 0xD6, 0xC5, 0xAA, 0xC1, 0x71, 0xC4, 0xB2, 0x35, 0xD6, 0x06, 0xB3, 0x40, 0x59,
    0x60, 0x61, 0xC2, 0xB2, 0x02, 0xCB, 0x81, 0x23, 0xCB, 0x00, 0x43, 0xCB, 0x8A, 0x23, 0xCB, 0x00,
    0x43, 0xCB, 0x81, 0x23, 0xCB, 0x00, 0x43, 0xCB, 0x83, 0x23, 0xCB, 0x00, 0x22, 0xCB, 0x83, 0x23,
    0xCB, 0x09, 0x02, 0xC3, 0xA2, 0xB2, 0x92, 0xCD, 0xAE, 0xC4, 0xA0, 0x81, 0x35, 0xD6, 0x83, 0xA2,
    0x27, 0xAB, 0x14, 0xD6, 0xA0, 0x71, 0x81, 0x31, 0xC5, 0x09, 0x00, 0x92, 0x40, 0x59, 0xC0, 0x79,
    0xF4, 0xD5, 0x14, 0xD6, 0xA0, 0x79, 0x40, 0x59, 0xE0, 0x91, 0x35, 0xD6, 0x92, 0xCD, 0x81, 0x60,
    0x61, 0x23, 0x83, 0xA2, 0x35, 0xD6, 0x6E, 0xBC, 0x40, 0x59, 0x80, 0x69, 0xAA, 0xB3, 0x34, 0xD6,
    0x27, 0xAB, 0x40, 0x59, 0x20, 0x9A, 0x35, 0xD6, 0x10, 0xC5, 0x81, 0x61, 0xA2, 0xAA, 0xF4, 0xD5,
    0x14, 0xD6, 0xA0, 0x71, 0x40, 0x59, 0xEF, 0xC4, 0x34, 0xD6, 0x72, 0xCD, 0x60, 0x61, 0x81, 0x69,
    0xD3, 0xCD, 0x35, 0xD6, 0xC0, 0x81, 0xE1, 0x79, 0x6D, 0xBC, 0x35, 0xD6, 0xC4, 0xAA, 0x81, 0x61,
    0xC1, 0x79, 0xC0, 0x81, 0xE1, 0x81, 0x81, 0x69, 0xE2, 0xBA, 0x82, 0x23, 0xCB, 0x0A, 0xC3, 0xB2,
    0x35, 0xD6, 0x8E, 0xC4, 0x40, 0x59, 0x60, 0x61, 0xC2, 0xB2, 0x47, 0xB3, 0x34, 0xD6, 0xAA, 0xB3,
    0x40, 0x59, 0xA1, 0x71, 0x81, 0xA0, 0x79, 0x17, 0x40, 0x59, 0x60, 0x61, 0xD3, 0xCD, 0x35, 0xD6,
    0xA0, 0x79, 0x21, 0x92, 0x27, 0xB3, 0x35, 0xD6, 0x84, 0xA2, 0x60, 0x61, 0xD3, 0xCD, 0xCF, 0xC4,
    0xC0, 0x81, 0x60, 0x59, 0xE0, 0x91, 0x34, 0xD6, 0xA4, 0xAA, 0x80, 0x69, 0xB3, 0xCD, 0x35, 0xD6,
    0x80, 0x81, 0x40, 0x59, 0x80, 0x69, 0xC2, 0xB2, 0x82, 0x23, 0xCB, 0x83, 0x43, 0xCB, 0x02, 0x23,
    0xCB, 0x03, 0xCB, 0x23, 0xCB, 0x83, 0x43, 0xCB, 0x04, 0x63, 0xCB, 0x23, 0xCB, 0x02, 0xC3, 0x23,
    0xCB, 0x43, 0xCB, 0x81, 0x23, 0xCB, 0x87, 0x43, 0xCB, 0x14, 0x23, 0xC3, 0x51, 0xCD, 0x92, 0xCD,
    0xF0, 0xC4, 0x71, 0xCD, 0x01, 0x82, 0x21, 0x8A, 0xD3, 0xCD, 0x10, 0xC5, 0xD3, 0xCD, 0xCF, 0xC4,
    0x61, 0x59, 0x81, 0x61, 0x21, 0x8A, 0xF4, 0xD5, 0x14, 0xD6, 0xC0, 0x79, 0x60, 0x59, 0x40, 0x9A,
    0x35, 0xD6, 0x92, 0xCD, 0x81, 0x81, 0x61, 0x07, 0xC4, 0xAA, 0x35, 0xD6, 0x8E, 0xC4, 0x61, 0x59,
    0xC1, 0x79, 0xCA, 0xB3, 0x34, 0xD6, 0x31, 0xC5, 0x81, 0x10, 0xC5, 0x16, 0x35, 0xD6, 0x10, 0xC5,
    0x40, 0x59, 0x80, 0x71, 0xF4, 0xD5, 0x14, 0xD6, 0x80, 0x71, 0x40, 0x59, 0xEF, 0xC4, 0x34, 0xD6,
    0x72, 0xCD, 0x60, 0x61, 0x80, 0x69, 0xD3, 0xCD, 0x34, 0xD6, 0xC0, 0x81, 0x60, 0x59, 0x00, 0x92,
    0x8E, 0xC4, 0x14, 0xD6, 0x10, 0xC5, 0xEF, 0xC4, 0x20, 0x9A, 0x81, 0x40, 0x59, 0x00, 0x01, 0x82,
    0x82, 0x43, 0xCB, 0x0B, 0xE4, 0xB2, 0x35, 0xD6, 0x8E, 0xC4, 0x61, 0x59, 0xA1, 0x69, 0x03, 0xBB,
    0x67, 0xB3, 0x34, 0xD6, 0xCA, 0xBB, 0x61, 0x59, 0x22, 0x8A, 0x60, 0xAA, 0x82, 0x10, 0xC5, 0x15,
    0x14, 0xD6, 0x34, 0xD6, 0xE0, 0x81, 0x61, 0x59, 0x00, 0x8A, 0x35, 0xD6, 0xCF, 0xC4, 0xA1, 0x71,
    0xD3, 0xCD, 0x0B, 0xBC, 0x61, 0x59, 0x81, 0x61, 0x61, 0x9A, 0x10, 0xC5, 0x14, 0xD6, 0x10, 0xC5,
    0xF4, 0xD5, 0x0B, 0xBC, 0xA1, 0x71, 0x60, 0x59, 0xE1, 0x79, 0xE2, 0xBA, 0x84, 0x23, 0xCB, 0x01,
    0x02, 0xC3, 0x23, 0xCB, 0x81, 0x02, 0xC3, 0x00, 0x03, 0xCB, 0x81, 0x23, 0xCB, 0x00, 0x02, 0xCB,
    0x81, 0x23, 0xCB, 0x81, 0x02, 0xC3, 0x81, 0x23, 0xCB, 0x01, 0x43, 0xCB, 0x02, 0xCB, 0x84, 0x23,
    0xCB, 0x81, 0x43, 0xCB, 0x81, 0x23, 0xCB, 0x00, 0x51, 0xC5, 0x81, 0x34, 0xD6, 0x03, 0x72, 0xCD,
    0x40, 0x59, 0x80, 0x69, 0xD3, 0xCD, 0x81, 0x34, 0xD6, 0x0A, 0xEB, 0xBB, 0x60, 0x59, 0x81, 0x61,
    0x41, 0x92, 0xF4, 0xD5, 0x14, 0xD6, 0xA0, 0x79, 0x61, 0x61, 0x40, 0x9A, 0x35, 0xD6, 0x92, 0xCD,
    0x81, 0x60, 0x61, 0x09, 0x83, 0xA2, 0x35, 0xD6, 0x6E, 0xBC, 0x40, 0x59, 0xA0, 0x71, 0xAA, 0xB3,
    0x34, 0xD6, 0x27, 0xB3, 0xE0, 0x89, 0xE0, 0x91, 0x81, 0x00, 0x92, 0x18, 0x60, 0x59, 0xA0, 0x71,
    0xF4, 0xD5, 0x14, 0xD6, 0xA0, 0x71, 0x60, 0x59, 0xEF, 0xC4, 0x34, 0xD6, 0x72, 0xCD, 0x81, 0x61,
    0x81, 0x69, 0xD3, 0xCD, 0x34, 0xD6, 0xA0, 0x81, 0x61, 0x59, 0x21, 0x8A, 0x01, 0x82, 0xE0, 0x89,
    0xA3, 0xAA, 0xF0, 0xC4, 0x10, 0xC5, 0x40, 0xA2, 0xA2, 0xAA, 0xA2, 0xB2, 0x03, 0xC3, 0x81, 0x23,
    0xCB, 0x0C, 0xC3, 0xB2, 0x35, 0xD6, 0x8E, 0xC4, 0x60, 0x59, 0x81, 0x69, 0xC2, 0xB2, 0x47, 0xB3,
    0x34, 0xD6, 0xAA, 0xB3, 0x40, 0x59, 0x00, 0x9A, 0x35, 0xD6, 0x6D, 0xBC, 0x81, 0x00, 0x92, 0x0D,
    0xD3, 0xCD, 0x34, 0xD6, 0xC0, 0x81, 0x60, 0x59, 0x22, 0x8A, 0xEB, 0xBB, 0xF4, 0xD5, 0xAE, 0xC4,
    0xF3, 0xD5, 0x88, 0xBB, 0x60, 0x59, 0x81, 0x61, 0x42, 0x92, 0xCB, 0xB3, 0x81, 0x34, 0xD6, 0x04,
    0x14, 0xD6, 0x69, 0xB3, 0x40, 0x59, 0x60, 0x59, 0x42, 0x92, 0x81, 0x23, 0xCB, 0x83, 0x43, 0xCB,
    0x81, 0x23, 0xCB, 0x86, 0x43, 0xCB, 0x00, 0x23, 0xCB, 0x82, 0x43, 0xCB, 0x00, 0x64, 0xD3, 0x82,
    0x43, 0xCB, 0x81, 0x23, 0xCB, 0x01, 0x03, 0xC3, 0x02, 0xC3, 0x81, 0x23, 0xCB, 0x81, 0x43, 0xCB,
    0x00, 0x40, 0xAA, 0x81, 0x35, 0xD6, 0x03, 0x60, 0xAA, 0x40, 0x59, 0x81, 0x61, 0xC4, 0xAA, 0x81,
    0x35, 0xD6, 0x0A, 0xC0, 0x89, 0x60, 0x59, 0x81, 0x69, 0xC2, 0xB2, 0xF4, 0xD5, 0x14, 0xD6, 0xA0,
    0x79, 0x60, 0x59, 0x00, 0x9A, 0x35, 0xD6, 0x92, 0xCD, 0x81, 0x60, 0x61, 0x08, 0x83, 0xA2, 0x35,
    0xD6, 0x6E, 0xBC, 0x40, 0x59, 0x80, 0x69, 0x48, 0xB3, 0x34, 0xD6, 0x07, 0xAB, 0x80, 0x79, 0x81,
    0xA0, 0x79, 0x19, 0x21, 0x92, 0x60, 0x59, 0x80, 0x71, 0xF4, 0xD5, 0x14, 0xD6, 0xA0, 0x79, 0x40,
    0x59, 0xEF, 0xC4, 0x34, 0xD6, 0x72, 0xCD, 0x81, 0x61, 0x81, 0x69, 0xD3, 0xCD, 0x34, 0xD6, 0xC0,
    0x81, 0x01, 0x82, 0x48, 0xB3, 0xCA, 0xBB, 0xC1, 0x79, 0x61, 0x61, 0xA3, 0xAA, 0x35, 0xD6, 0x0B,
    0xBC, 0xC1, 0x71, 0x23, 0xC3, 0x43, 0xCB, 0x81, 0x23, 0xCB, 0x24, 0xC3, 0xB2, 0x35, 0xD6, 0x8E,
    0xBC, 0xA0, 0x79, 0xC0, 0x81, 0xA0, 0xB2, 0x4D, 0xBC, 0x51, 0xCD, 0x20, 0x9A, 0x40, 0x59, 0x4D,
    0xBC, 0x35, 0xD6, 0x20, 0xA2, 0xA0, 0x79, 0xC0, 0x81, 0xD3, 0xCD, 0x34, 0xD6, 0xC0, 0x81, 0x60,
    0x59, 0x62, 0x9A, 0x89, 0xB3, 0x14, 0xD6, 0x34, 0xD6, 0x14, 0xD6, 0xA0, 0x79, 0x60, 0x59, 0xA1,
    0x69, 0xE2, 0xBA, 0x40, 0xA2, 0x14, 0xD6, 0x34, 0xD6, 0x72, 0xCD, 0xA0, 0x79, 0x40, 0x59, 0x81,
    0x69, 0x82, 0xAA, 0x02, 0xC3, 0x82, 0x23, 0xCB, 0x00, 0x43, 0xCB, 0x82, 0x23, 0xCB, 0x02, 0x43,
    0xCB, 0x02, 0xC3, 0x23, 0xCB, 0x84, 0x43, 0xCB, 0x01, 0x23, 0xCB, 0x02, 0xCB, 0x81, 0x23, 0xCB,
    0x81, 0x02, 0xC3, 0x01, 0xE2, 0xC2, 0x02, 0xC3, 0x82, 0x23, 0xCB, 0x01, 0x02, 0xC3, 0xE2, 0xC2,
    0x81, 0x02, 0xC3, 0x06, 0x80, 0xB2, 0x35, 0xD6, 0xF4, 0xD5, 0x20, 0x9A, 0x40, 0x59, 0x60, 0x61,
    0xA4, 0xA2, 0x81, 0x35, 0xD6, 0x13, 0xC0, 0x89, 0x40, 0x59, 0x80, 0x69, 0xA1, 0xB2, 0xF4, 0xD5,
    0x14, 0xD6, 0x80, 0x79, 0x40, 0x59, 0xE0, 0x91, 0x35, 0xD6, 0x92, 0xCD, 0x60, 0x61, 0x40, 0x59,
    0x83, 0xA2, 0x35, 0xD6, 0x6E, 0xBC, 0x20, 0x51, 0x60, 0x61, 0x01, 0x92, 0x07, 0xAB, 0x82, 0x14,
    0xD6, 0x03, 0xD3, 0xCD, 0x60, 0xAA, 0x81, 0x61, 0x61, 0xA2, 0x81, 0x14, 0xD6, 0x04, 0xA0, 0x71,
    0x40, 0x59, 0xEF, 0xC4, 0x34, 0xD6, 0x72, 0xCD, 0x81, 0x60, 0x61, 0x12, 0xD3, 0xCD, 0x34, 0xD6,
    0xA0, 0x81, 0x40, 0x59, 0x40, 0xA2, 0xD3, 0xCD, 0xCB, 0xB3, 0xAA, 0xB3, 0xD3, 0xCD, 0xCA, 0xB3,
    0xE1, 0x81, 0x40, 0x59, 0xC1, 0x71, 0xE2, 0xC2, 0x02, 0xC3, 0x23, 0xCB, 0xC3, 0xB2, 0x35, 0xD6,
    0x34, 0xD6, 0x82, 0x14, 0xD6, 0x01, 0x71, 0xCD, 0x41, 0x9A, 0x81, 0x40, 0x59, 0x01, 0xC0, 0x89,
    0xF3, 0xD5, 0x81, 0x14, 0xD6, 0x15, 0x92, 0xCD, 0x14, 0xD6, 0x34, 0xD6, 0x80, 0x79, 0x40, 0x59,
    0x41, 0x92, 0x60, 0xA2, 0x14, 0xD6, 0x34, 0xD6, 0x69, 0xB3, 0xA0, 0x71, 0x40, 0x59, 0xA1, 0x71,
    0xC2, 0xBA, 0xC1, 0xBA, 0x92, 0xCD, 0x34, 0xD6, 0x69, 0xAB, 0x20, 0x59, 0x40, 0x59, 0xA0, 0x71,
    0xC2, 0xBA, 0x81, 0xE2, 0xC2, 0x00, 0x02, 0xC3, 0x81, 0x23, 0xCB, 0x00, 0x43, 0xCB, 0x81, 0x23,
    0xCB, 0x00, 0x43, 0xCB, 0x84, 0x23, 0xCB, 0x01, 0x02, 0xC3, 0x02, 0xCB, 0x83, 0x23, 0xCB, 0x00,
    0x02, 0xC3, 0x81, 0x23, 0xCB, 0x00, 0x43, 0xCB, 0x83, 0x23, 0xCB, 0x81, 0x43, 0xCB, 0x0D, 0x23,
    0xCB, 0xC2, 0xBA, 0xC5, 0xAA, 0xC4, 0xAA, 0x60, 0x61, 0x60, 0x59, 0xE1, 0x81, 0x62, 0xAA, 0xC5,
    0xA2, 0xC5, 0xAA, 0xE1, 0x81, 0x60, 0x59, 0x42, 0x92, 0x02, 0xC3, 0x81, 0xC5, 0xAA, 0x02, 0xA0,
    0x71, 0x40, 0x59, 0x41, 0x9A, 0x81, 0xC5, 0xAA, 0x81, 0x60, 0x61, 0x06, 0x62, 0xA2, 0xC5, 0xAA,
    0xA3, 0xAA, 0x40, 0x59, 0x81, 0x69, 0xE2, 0xBA, 0x82, 0xAA, 0x82, 0xC5, 0xAA, 0x03, 0xA3, 0xAA,
    0x60, 0x61, 0x60, 0x59, 0xE1, 0x81, 0x81, 0xC5, 0xAA, 0x06, 0xA0, 0x71, 0x60, 0x59, 0xA4, 0xAA,
    0xC5, 0xAA, 0xC4, 0xAA, 0x60, 0x61, 0x80, 0x61, 0x81, 0xC5, 0xAA, 0x04, 0xC0, 0x79, 0x40, 0x59,
    0x01, 0x82, 0xA3, 0xAA, 0xE5, 0xAA, 0x81, 0xC5, 0xAA, 0x07, 0xC1, 0x79, 0x60, 0x59, 0x40, 0x59,
    0xA1, 0x69, 0x03, 0xBB, 0x43, 0xCB, 0x23, 0xCB, 0xA2, 0xB2, 0x81, 0xC5, 0xAA, 0x81, 0xE5, 0xAA,
    0x01, 0xC5, 0xAA, 0x81, 0x69, 0x81, 0x60, 0x59, 0x05, 0x60, 0x61, 0x01, 0x82, 0xA3, 0xAA, 0xC5,
    0xAA, 0xA4, 0xA2, 0xA0, 0x71, 0x81, 0xC5, 0xAA, 0x03, 0x61, 0xA2, 0x40, 0x59, 0x41, 0x92, 0x02,
    0xC3, 0x81, 0xC5, 0xAA, 0x00, 0x82, 0xA2, 0x81, 0x60, 0x59, 0x08, 0x62, 0x9A, 0x23, 0xCB, 0x03,
    0xC3, 0x68, 0xB3, 0xF4, 0xD5, 0x62, 0xA2, 0x40, 0x59, 0x60, 0x61, 0x62, 0x9A, 0x8B, 0x23, 0xCB,
    0x00, 0x02, 0xCB, 0x81, 0x43, 0xCB, 0x81, 0x23, 0xCB, 0x04, 0x63, 0xCB, 0x43, 0xCB, 0x23, 0xCB,
    0x43, 0xCB, 0x23, 0xCB, 0x84, 0x43, 0xCB, 0x00, 0x63, 0xCB, 0x84, 0x43, 0xCB, 0x07, 0x01, 0x82,
    0x81, 0x61, 0x61, 0x59, 0x60, 0x59, 0x21, 0x8A, 0x23, 0xC3, 0xC1, 0x71, 0x61, 0x59, 0x81, 0x60,
    0x59, 0x02, 0x42, 0x92, 0x43, 0xCB, 0x82, 0x9A, 0x82, 0x60, 0x59, 0x01, 0x62, 0x9A, 0x21, 0x8A,
    0x81, 0x60, 0x59, 0x02, 0x60, 0x61, 0xA2, 0xAA, 0xC1, 0x71, 0x81, 0x60, 0x59, 0x03, 0x81, 0x69,
    0xE2, 0xBA, 0x02, 0xC3, 0x41, 0x9A, 0x83, 0x40, 0x59, 0x07, 0x60, 0x59, 0x81, 0x69, 0xE1, 0x79,
    0x60, 0x59, 0x40, 0x59, 0x60, 0x59, 0xE1, 0x81, 0x60, 0x61, 0x81, 0x60, 0x59, 0x01, 0x81, 0x61,
    0x01, 0x82, 0x81, 0x61, 0x61, 0x04, 0x61, 0x59, 0x82, 0x9A, 0x23, 0xC3, 0x81, 0x61, 0x61, 0x59,
    0x82, 0x60, 0x59, 0x01, 0xA1, 0x71, 0x82, 0xA2, 0x83, 0x43, 0xCB, 0x00, 0xE1, 0x79, 0x81, 0x61,
    0x61, 0x01, 0x60, 0x59, 0x61, 0x59, 0x81, 0x61, 0x61, 0x04, 0x81, 0x61, 0x42, 0x92, 0x03, 0xBB,
    0xE3, 0xBA, 0x81, 0x61, 0x81, 0x61, 0x61, 0x81, 0x60, 0x59, 0x05, 0x61, 0x61, 0x60, 0x59, 0x62,
    0x9A, 0x23, 0xCB, 0x62, 0x9A, 0x61, 0x61, 0x81, 0x60, 0x59, 0x09, 0xA1, 0x71, 0xA2, 0xAA, 0x23,
    0xCB, 0x03, 0xC3, 0x89, 0xB3, 0xD3, 0xCD, 0xA0, 0x71, 0x60, 0x59, 0xA1, 0x71, 0xE2, 0xBA, 0x82,
    0x02, 0xC3, 0x01, 0x02, 0xCB, 0x02, 0xC3, 0x83, 0x23, 0xCB, 0x05, 0x02, 0xC3, 0x23, 0xCB, 0x02,
    0xC3, 0x23, 0xCB, 0x43, 0xCB, 0x23, 0xCB, 0x81, 0x43, 0xCB, 0x00, 0x23, 0xCB, 0x81, 0x02, 0xC3,
    0x00, 0xE2, 0xC2, 0x83, 0x23, 0xCB, 0x81, 0x43, 0xCB, 0x01, 0x23, 0xCB, 0x43, 0xCB, 0x81, 0x23,
    0xCB, 0x09, 0x43, 0xCB, 0x23, 0xCB, 0x23, 0xC3, 0x61, 0x9A, 0x21, 0x92, 0x41, 0x92, 0xA2, 0xAA,
    0x23, 0xCB, 0x02, 0xC3, 0x62, 0x9A, 0x81, 0x21, 0x92, 0x00, 0x62, 0x9A, 0x81, 0x23, 0xCB, 0x0D,
    0xA2, 0xAA, 0x42, 0x92, 0x21, 0x92, 0x82, 0xA2, 0x43, 0xCB, 0xA2, 0xA2, 0x62, 0x92, 0x42, 0x92,
    0xE2, 0xB2, 0x23, 0xC3, 0x62, 0x9A, 0x41, 0x92, 0x42, 0x92, 0xC2, 0xBA, 0x81, 0x23, 0xCB, 0x00,
    0xA2, 0xAA, 0x81, 0x21, 0x92, 0x81, 0x42, 0x92, 0x02, 0xE3, 0xB2, 0x23, 0xC3, 0xA2, 0xAA, 0x81,
    0x62, 0x92, 0x02, 0xC2, 0xAA, 0x03, 0xBB, 0x21, 0x92, 0x81, 0x42, 0x92, 0x81, 0xA2, 0xAA, 0x81,
    0x42, 0x92, 0x02, 0xA2, 0xA2, 0x23, 0xCB, 0xC2, 0xBA, 0x81, 0x21, 0x92, 0x81, 0x21, 0x8A, 0x00,
    0x82, 0xA2, 0x82, 0x23, 0xCB, 0x81, 0x43, 0xCB, 0x0D, 0x23, 0xC3, 0x82, 0x9A, 0x42, 0x92, 0x41,
    0x92, 0x42, 0x92, 0x21, 0x92, 0x42, 0x92, 0xA2, 0xAA, 0x02, 0xC3, 0x23, 0xCB, 0x02, 0xC3, 0xE2,
    0xBA, 0x21, 0x92, 0x41, 0x92, 0x82, 0x21, 0x92, 0x12, 0x41, 0x92, 0x42, 0x92, 0x03, 0xBB, 0x23,
    0xCB, 0x82, 0xAA, 0x41, 0x92, 0x42, 0x92, 0x62, 0x9A, 0x23, 0xC3, 0xA1, 0xB2, 0x92, 0xCD, 0xD3,
    0xCD, 0xA3, 0xAA, 0x60, 0x61, 0x60, 0x59, 0x21, 0x8A, 0x03, 0xBB, 0x23, 0xCB, 0x02, 0xC3, 0x84,
    0x23, 0xCB, 0x03, 0x43, 0xCB, 0x23, 0xCB, 0x43, 0xCB, 0x63, 0xCB, 0x81, 0x43, 0xCB, 0x00, 0x23,
    0xCB, 0x81, 0x43, 0xCB, 0x00, 0x02, 0xC3, 0x83, 0x23, 0xCB, 0x00, 0x43, 0xCB, 0x83, 0x23, 0xCB,
    0x03, 0x03, 0xCB, 0x02, 0xC3, 0x23, 0xCB, 0x02, 0xCB, 0x81, 0x23, 0xCB, 0x00, 0xE2, 0xC2, 0x81,
    0x02, 0xC3, 0x82, 0x23, 0xCB, 0x81, 0x02, 0xCB, 0x02, 0x02, 0xC3, 0x03, 0xCB, 0x02, 0xCB, 0x82,
    0x02, 0xC3, 0x03, 0x23, 0xCB, 0x43, 0xCB, 0x03, 0xCB, 0x23, 0xCB, 0x83, 0x43, 0xCB, 0x02, 0x23,
    0xCB, 0x43, 0xCB, 0x23, 0xCB, 0x81, 0x43, 0xCB, 0x83, 0x23, 0xCB, 0x03, 0x43, 0xCB, 0x23, 0xCB,
    0x43, 0xCB, 0x23, 0xCB, 0x88, 0x43, 0xCB, 0x00, 0x23, 0xCB, 0x82, 0x43, 0xCB, 0x00, 0x23, 0xCB,
    0x81, 0x43, 0xCB, 0x84, 0x23, 0xCB, 0x00, 0x43, 0xCB, 0x83, 0x23, 0xCB, 0x00, 0x02, 0xC3, 0x84,
    0x23, 0xCB, 0x00, 0xE2, 0xC2, 0x81, 0x02, 0xC3, 0x81, 0x23, 0xCB, 0x05, 0x03, 0xCB, 0x02, 0xC3,
    0x23, 0xCB, 0x02, 0xC3, 0x23, 0xCB, 0x02, 0xCB, 0x81, 0x02, 0xC3, 0x81, 0x23, 0xCB, 0x00, 0x43,
    0xCB, 0x81, 0x02, 0xCB, 0x82, 0x43, 0xCB, 0x03, 0x48, 0xB3, 0x2C, 0xBC, 0x82, 0xAA, 0x60, 0x61,
    0x81, 0x60, 0x59, 0x00, 0x82, 0xA2, 0x84, 0x23, 0xCB, 0x01, 0x43, 0xCB, 0x23, 0xCB, 0x86, 0x43,
    0xCB, 0x03, 0x23, 0xCB, 0x43, 0xCB, 0x23, 0xCB, 0x43, 0xCB, 0x81, 0x23, 0xCB, 0x01, 0x43, 0xCB,
    0x23, 0xCB, 0x87, 0x43, 0xCB, 0x00, 0x23, 0xCB, 0x81, 0x43, 0xCB, 0x04, 0x23, 0xCB, 0x43, 0xCB,
    0x23, 0xCB, 0x43, 0xCB, 0x23, 0xCB, 0x8A, 0x43, 0xCB, 0x81, 0x23, 0xCB, 0x83, 0x43, 0xCB, 0x81,
    0x23, 0xCB, 0x00, 0x02, 0xCB, 0x83, 0x23, 0xCB, 0x83, 0x02, 0xC3, 0x82, 0x23, 0xCB, 0x01, 0x02,
    0xC3, 0x23, 0xCB, 0x85, 0x43, 0xCB, 0x00, 0x23, 0xCB, 0x85, 0x43, 0xCB, 0x81, 0x23, 0xCB, 0x81,
    0x43, 0xCB, 0x02, 0x23, 0xCB, 0x43, 0xCB, 0x63, 0xCB, 0x85, 0x43, 0xCB, 0x81, 0x23, 0xCB, 0x01,
    0x43, 0xCB, 0x23, 0xCB, 0x82, 0x43, 0xCB, 0x81, 0x23, 0xCB, 0x85, 0x43, 0xCB, 0x00, 0x23, 0xCB,
    0x82, 0x43, 0xCB, 0x81, 0x23, 0xCB, 0x82, 0x43, 0xCB, 0x00, 0xA2, 0xAA, 0x82, 0x40, 0x59, 0x03,
    0x60, 0x59, 0x01, 0x8A, 0xC2, 0xB2, 0x23, 0xCB, 0x83, 0x02, 0xC3, 0x82, 0x23, 0xCB, 0x01, 0x02,
    0xC3, 0x23, 0xCB, 0x87, 0x43, 0xCB, 0x83, 0x02, 0xC3, 0x88, 0x23, 0xCB, 0x00, 0x03, 0xCB, 0x84,
    0x02, 0xC3, 0x82, 0x23, 0xCB, 0x00, 0x02, 0xC3, 0x82, 0x23, 0xCB, 0x00, 0x02, 0xC3, 0x82, 0x23,
    0xCB, 0x00, 0x43, 0xCB, 0x82, 0x02, 0xC3, 0x00, 0xE2, 0xC2, 0x89, 0x02, 0xC3, 0x00, 0x23, 0xCB,
    0x81, 0x02, 0xCB, 0x83, 0x23, 0xCB, 0x82, 0x02, 0xC3, 0x00, 0x02, 0xCB, 0x82, 0x23, 0xCB, 0x81,
    0x43, 0xCB, 0x00, 0x23, 0xCB, 0x82, 0x43, 0xCB, 0x00, 0x23, 0xCB, 0x84, 0x02, 0xC3, 0x88, 0x23,
    0xCB, 0x84, 0x02, 0xC3, 0x81, 0x23, 0xCB, 0x02, 0x02, 0xC3, 0x23, 0xCB, 0x02, 0xCB, 0x82, 0x23,
    0xCB, 0x00, 0x02, 0xC3, 0x83, 0x23, 0xCB, 0x00, 0x03, 0xCB, 0x84, 0x02, 0xC3, 0x00, 0x82, 0xAA,
    0x81, 0xC1, 0x79, 0x01, 0x01, 0x8A, 0xC2, 0xB2, 0x82, 0x02, 0xC3, 0x01, 0x23, 0xCB, 0x02, 0xC3,
    0x82, 0x23, 0xCB, 0x01, 0x02, 0xC3, 0x23, 0xCB, 0x82, 0x02, 0xC3, 0x00, 0x02, 0xCB, 0x82, 0x23,
    0xCB, 0x81, 0x43, 0xCB, 0x81, 0x23, 0xCB, 0x81, 0x02, 0xC3, 0x82, 0x23, 0xCB, 0x00, 0x43, 0xCB,
    0x83, 0x23, 0xCB, 0x04, 0x43, 0xCB, 0x23, 0xCB, 0x22, 0xC3, 0x23, 0xCB, 0x02, 0xCB, 0x89, 0x23,
    0xCB, 0x03, 0x43, 0xCB, 0x64, 0xD3, 0x64, 0xCB, 0x63, 0xCB, 0x84, 0x43, 0xCB, 0x00, 0x23, 0xCB,
    0x82, 0x43, 0xCB, 0x81, 0x23, 0xCB, 0x81, 0x43, 0xCB, 0x01, 0x23, 0xCB, 0x43, 0xCB, 0x82, 0x23,
    0xCB, 0x02, 0x43, 0xCB, 0x63, 0xCB, 0x64, 0xD3, 0x81, 0x43, 0xCB, 0x88, 0x23, 0xCB, 0x01, 0x02,
    0xCB, 0x02, 0xC3, 0x82, 0x23, 0xCB, 0x02, 0x02, 0xCB, 0x02, 0xC3, 0x02, 0xCB, 0x82, 0x23, 0xCB,
    0x00, 0x43, 0xCB, 0x83, 0x23, 0xCB, 0x04, 0x43, 0xCB, 0x23, 0xCB, 0x22, 0xC3, 0x23, 0xCB, 0x02,
    0xCB, 0x87, 0x23, 0xCB, 0x04, 0x43, 0xCB, 0x23, 0xCB, 0x43, 0xCB, 0x64, 0xCB, 0x64, 0xD3, 0x83,
    0x43, 0xCB, 0x02, 0x23, 0xCB, 0x43, 0xCB, 0x23, 0xCB, 0x82, 0x43, 0xCB, 0x81, 0x23, 0xCB, 0x81,
    0x43, 0xCB, 0x01, 0x23, 0xCB, 0x43, 0xCB, 0x82, 0x23, 0xCB, 0x02, 0x64, 0xCB, 0x43, 0xCB, 0x64,
    0xD3, 0x81, 0x43, 0xCB, 0x81, 0x23, 0xCB, 0x00, 0x43, 0xCB, 0x83, 0x23, 0xCB, 0x04, 0x63, 0xCB,
    0x43, 0xCB, 0x63, 0xCB, 0x43, 0xCB, 0x63, 0xCB, 0x83, 0x43, 0xCB, 0x04, 0x03, 0xC3, 0xCA, 0xBB,
    0x89, 0xB3, 0x82, 0x9A, 0x23, 0xCB, 0x83, 0x43, 0xCB, 0x00, 0x63, 0xCB, 0x85, 0x43, 0xCB, 0x00,
    0x23, 0xCB, 0x88, 0x43, 0xCB, 0x00, 0x23, 0xC3, 0x81, 0x02, 0xC3, 0x01, 0x23, 0xC3, 0x43, 0xCB,
    0x87, 0x23, 0xCB, 0x81, 0x43, 0xCB, 0x81, 0x64, 0xD3, 0x81, 0x64, 0xCB, 0x0C, 0x64, 0xD3, 0x84,
    0xD3, 0x64, 0xD3, 0x43, 0xCB, 0x64, 0xD3, 0x43, 0xCB, 0x64, 0xD3, 0x43, 0xCB, 0x63, 0xCB, 0x47,
    0xB3, 0xCA, 0xBB, 0xC2, 0xAA, 0x43, 0xC3, 0x84, 0x43, 0xCB, 0x04, 0x23, 0xC3, 0xCA, 0xBB, 0xA9,
    0xBB, 0x82, 0x9A, 0x63, 0xCB, 0x82, 0x43, 0xCB, 0x00, 0x23, 0xCB, 0x89, 0x43, 0xCB, 0x81, 0x23,
    0xCB, 0x82, 0x22, 0xC3, 0x01, 0x23, 0xCB, 0x23, 0xC3, 0x81, 0x43, 0xCB, 0x00, 0x23, 0xCB, 0x81,
    0x22, 0xC3, 0x01, 0x02, 0xC3, 0xE2, 0xC2, 0x82, 0x02, 0xC3, 0x81, 0x23, 0xC3, 0x00, 0xE2, 0xC2,
    0x83, 0x02, 0xC3, 0x03, 0x22, 0xC3, 0x43, 0xCB, 0x64, 0xCB, 0x64, 0xD3, 0x81, 0x64, 0xCB, 0x03,
    0x64, 0xD3, 0x64, 0xCB, 0x43, 0xCB, 0x23, 0xC3, 0x81, 0x43, 0xCB, 0x00, 0x64, 0xD3, 0x81, 0x63,
    0xCB, 0x03, 0x43, 0xCB, 0x23, 0xCB, 0x43, 0xCB, 0x64, 0xCB, 0x81, 0x43, 0xCB, 0x05, 0x84, 0xD3,
    0x01, 0xC3, 0x35, 0xD6, 0xB2, 0xCD, 0x81, 0x69, 0x82, 0x9A, 0x81, 0x43, 0xCB, 0x81, 0x23, 0xCB,
    0x87, 0x43, 0xCB, 0x00, 0x23, 0xCB, 0x81, 0x43, 0xCB, 0x00, 0x23, 0xCB, 0x81, 0x43, 0xCB, 0x06,
    0x64, 0xCB, 0x63, 0xCB, 0x43, 0xCB, 0x68, 0xB3, 0x14, 0xD6, 0x89, 0xB3, 0x22, 0x8A, 0x82, 0x43,
    0xCB, 0x85, 0x23, 0xCB, 0x82, 0x43, 0xCB, 0x00, 0x63, 0xCB, 0x81, 0x64, 0xCB, 0x81, 0x64, 0xD3,
    0x00, 0x64, 0xCB, 0x83, 0x64, 0xD3, 0x06, 0x84, 0xD3, 0x63, 0xCB, 0xC4, 0xAA, 0x05, 0xAB, 0x62,
    0x9A, 0xC1, 0x71, 0x43, 0xC3, 0x81, 0x43, 0xCB, 0x06, 0x23, 0xCB, 0x43, 0xCB, 0x02, 0xC3, 0x14,
    0xD6, 0xD3, 0xCD, 0xA1, 0x69, 0x62, 0x9A, 0x81, 0x64, 0xD3, 0x00, 0x64, 0xCB, 0x82, 0x43, 0xCB,
    0x81, 0x23, 0xCB, 0x86, 0x43, 0xCB, 0x01, 0xC2, 0xBA, 0x31, 0xC5, 0x81, 0x14, 0xD6, 0x04, 0x72,
    0xCD, 0x47, 0xB3, 0xA2, 0xA2, 0x64, 0xCB, 0xE2, 0xBA, 0x85, 0x14, 0xD6, 0x02, 0x89, 0xB3, 0x22,
    0x8A, 0xC0, 0xBA, 0x85, 0x14, 0xD6, 0x02, 0x2C, 0xBC, 0x22, 0x82, 0x43, 0xCB, 0x81, 0x64, 0xCB,
    0x01, 0x64, 0xD3, 0x25, 0xBB, 0x81, 0x14, 0xD6, 0x02, 0x00, 0x92, 0x03, 0xB3, 0x84, 0xD3, 0x82,
    0x43, 0xCB, 0x85, 0x23, 0xCB, 0x05, 0xC0, 0xBA, 0x35, 0xD6, 0xB2, 0xCD, 0x81, 0x61, 0x60, 0x61,
    0xC3, 0xB2, 0x82, 0x43, 0xCB, 0x84, 0x23, 0xCB, 0x00, 0x02, 0xCB, 0x86, 0x23, 0xCB, 0x00, 0x43,
    0xCB, 0x82, 0x23, 0xCB, 0x04, 0x68, 0xB3, 0x34, 0xD6, 0x89, 0xB3, 0x40, 0x59, 0x21, 0x8A, 0x81,
    0x23, 0xCB, 0x81, 0x02, 0xC3, 0x81, 0x23, 0xCB, 0x84, 0x43, 0xCB, 0x00, 0x23, 0xCB, 0x88, 0x43,
    0xCB, 0x81, 0x63, 0xCB, 0x01, 0xE2, 0xB2, 0x60, 0x61, 0x81, 0x60, 0x59, 0x01, 0x21, 0x8A, 0x43,
    0xCB, 0x82, 0x23, 0xCB, 0x05, 0xE1, 0xC2, 0x14, 0xD6, 0xD3, 0xCD, 0x81, 0x69, 0x60, 0x59, 0xC2,
    0xAA, 0x81, 0x43, 0xCB, 0x00, 0x23, 0xCB, 0x83, 0x43, 0xCB, 0x82, 0x23, 0xCB, 0x00, 0x02, 0xCB,
    0x81, 0x23, 0xCB, 0x0A, 0xC2, 0xB2, 0x51, 0xCD, 0x8E, 0xBC, 0x27, 0xAB, 0x47, 0xAB, 0x4D, 0xBC,
    0xD3, 0xCD, 0x82, 0xA2, 0x62, 0x9A, 0xA2, 0xB2, 0x28, 0xAB, 0x82, 0x27, 0xAB, 0x05, 0xCB, 0xB3,
    0x34, 0xD6, 0x89, 0xB3, 0x40, 0x59, 0x01, 0x92, 0x28, 0xAB, 0x81, 0x27, 0xAB, 0x05, 0x48, 0xB3,
    0x89, 0xB3, 0x34, 0xD6, 0x2C, 0xBC, 0x60, 0x59, 0x01, 0x82, 0x81, 0x43, 0xCB, 0x06, 0xC3, 0xB2,
    0x92, 0xCD, 0x34, 0xD6, 0x35, 0xD6, 0xE0, 0x89, 0x81, 0x61, 0xC3, 0xB2, 0x81, 0x23, 0xCB, 0x09,
    0x03, 0xC3, 0xC3, 0xB2, 0xA3, 0xB2, 0xC3, 0xB2, 0xA2, 0xAA, 0x23, 0xCB, 0x43, 0xCB, 0xE0, 0xBA,
    0x35, 0xD6, 0xB2, 0xCD, 0x81, 0x81, 0x61, 0x05, 0xC3, 0xB2, 0xE3, 0xBA, 0xC2, 0xBA, 0x03, 0xBB,
    0x43, 0xCB, 0x23, 0xCB, 0x82, 0xC3, 0xB2, 0x02, 0xA2, 0xAA, 0x23, 0xCB, 0x43, 0xCB, 0x86, 0x23,
    0xCB, 0x81, 0x43, 0xCB, 0x04, 0x68, 0xB3, 0x34, 0xD6, 0x89, 0xB3, 0x61, 0x59, 0xC1, 0x71, 0x81,
    0x03, 0xC3, 0x81, 0xC3, 0xB2, 0x0B, 0xA3, 0xB2, 0xA2, 0xAA, 0x23, 0xCB, 0x02, 0xCB, 0xE2, 0xC2,
    0xA2, 0xB2, 0xC3, 0xB2, 0xA2, 0xAA, 0x43, 0xCB, 0xE2, 0xBA, 0xE3, 0xB2, 0xC3, 0xB2, 0x81, 0xA2,
    0xB2, 0x00, 0xA3, 0xB2, 0x81, 0xC2, 0xB2, 0x11, 0xC3, 0xBA, 0x03, 0xC3, 0xC3, 0xB2, 0xA3, 0xAA,
    0x41, 0x9A, 0x21, 0x92, 0x41, 0x9A, 0x03, 0xC3, 0xC2, 0xBA, 0xC3, 0xB2, 0xA2, 0xB2, 0x60, 0xAA,
    0x14, 0xD6, 0xD3, 0xCD, 0x81, 0x69, 0x60, 0x61, 0xA2, 0xAA, 0x03, 0xC3, 0x82, 0xE3, 0xBA, 0x00,
    0xC3, 0xB2, 0x81, 0x43, 0xCB, 0x08, 0xE3, 0xBA, 0xE3, 0xB2, 0xC3, 0xB2, 0xA2, 0xAA, 0xC3, 0xB2,
    0xC2, 0xAA, 0xA2, 0xAA, 0x69, 0xB3, 0x06, 0xB3, 0x81, 0x40, 0x59, 0x05, 0xEB, 0xBB, 0x34, 0xD6,
    0x06, 0xAB, 0x60, 0x59, 0xA2, 0xAA, 0xC1, 0x79, 0x81, 0x60, 0x59, 0x04, 0xA1, 0x71, 0x89, 0xB3,
    0x0B, 0xBC, 0xE1, 0x81, 0x60, 0x59, 0x81, 0xA1, 0x69, 0x0A, 0x40, 0x59, 0x60, 0x59, 0x80, 0x69,
    0xE6, 0xAA, 0x6D, 0xBC, 0xE0, 0x89, 0x60, 0x59, 0xA1, 0x69, 0x03, 0xBB, 0x23, 0xCB, 0x47, 0xB3,
    0x81, 0x34, 0xD6, 0x06, 0x35, 0xD6, 0xC0, 0x89, 0x60, 0x59, 0x42, 0x92, 0x43, 0xCB, 0x80, 0xB2,
    0x51, 0xCD, 0x81, 0x35, 0xD6, 0x0F, 0x34, 0xD6, 0x48, 0xB3, 0xC2, 0xAA, 0x43, 0xCB, 0xE0, 0xBA,
    0x35, 0xD6, 0xB2, 0xCD, 0x60, 0x61, 0x21, 0x92, 0xB2, 0xCD, 0xF0, 0xC4, 0xE0, 0x89, 0x81, 0x69,
    0xA0, 0xB2, 0x51, 0xCD, 0x34, 0xD6, 0x81, 0x35, 0xD6, 0x01, 0xCA, 0xBB, 0xC2, 0xAA, 0x81, 0x43,
    0xCB, 0x82, 0x23, 0xCB, 0x83, 0x43, 0xCB, 0x07, 0x23, 0xCB, 0x68, 0xB3, 0x34, 0xD6, 0x89, 0xB3,
    0x40, 0x59, 0xA1, 0x71, 0xC2, 0xB2, 0xAA, 0xB3, 0x81, 0x35, 0xD6, 0x02, 0x34, 0xD6, 0x51, 0xCD,
    0x60, 0xAA, 0x81, 0x03, 0xBB, 0x09, 0x2C, 0xBC, 0x14, 0xD6, 0xC5, 0xAA, 0xA2, 0xAA, 0xC3, 0xB2,
    0x35, 0xD6, 0xCF, 0xC4, 0x61, 0x59, 0x0B, 0xBC, 0x35, 0xD6, 0x81, 0x71, 0xCD, 0x11, 0xEB, 0xBB,
    0xA1, 0x69, 0xCF, 0xC4, 0x35, 0xD6, 0x62, 0x9A, 0x01, 0x82, 0x43, 0xCB, 0xE3, 0xB2, 0x51, 0xCD,
    0x35, 0xD6, 0xD3, 0xCD, 0x51, 0xCD, 0x34, 0xD6, 0xD3, 0xCD, 0xA1, 0x69, 0x61, 0x61, 0x82, 0xA2,
    0x6D, 0xBC, 0x81, 0x35, 0xD6, 0x0B, 0x14, 0xD6, 0xC4, 0xAA, 0xC2, 0xAA, 0x43, 0xCB, 0xA1, 0xBA,
    0x35, 0xD6, 0xD3, 0xCD, 0x51, 0xCD, 0xB3, 0xCD, 0x81, 0x69, 0xC3, 0xAA, 0x62, 0x9A, 0x81, 0x60,
    0x59, 0x30, 0xC1, 0x79, 0xEB, 0xBB, 0xF3, 0xD5, 0xC4, 0xAA, 0x61, 0x59, 0xE1, 0x81, 0x03, 0xBB,
    0x42, 0x92, 0x21, 0x8A, 0x69, 0xB3, 0xF4, 0xD5, 0xA4, 0xAA, 0x40, 0x59, 0x60, 0x59, 0xA1, 0x71,
    0xE2, 0xBA, 0x62, 0x9A, 0x21, 0x8A, 0x06, 0xB3, 0x14, 0xD6, 0x06, 0xB3, 0x61, 0x59, 0x60, 0x59,
    0xA1, 0x69, 0xE3, 0xBA, 0xA1, 0xB2, 0xD3, 0xCD, 0x2C, 0xBC, 0xD3, 0xCD, 0x35, 0xD6, 0xE0, 0x89,
    0x60, 0x59, 0x21, 0x92, 0x23, 0xCB, 0xAA, 0xB3, 0x8E, 0xC4, 0x40, 0xA2, 0xC0, 0x89, 0xC5, 0xAA,
    0x35, 0xD6, 0x69, 0xB3, 0x62, 0x9A, 0xC0, 0xBA, 0x35, 0xD6, 0xB2, 0xCD, 0xA0, 0x71, 0xCF, 0xC4,
    0x35, 0xD6, 0x00, 0x92, 0x81, 0x40, 0x59, 0x08, 0x48, 0xB3, 0x8E, 0xC4, 0x82, 0xAA, 0xC0, 0x81,
    0x40, 0xA2, 0x35, 0xD6, 0xEB, 0xBB, 0x41, 0x92, 0x02, 0xCB, 0x81, 0x02, 0xC3, 0x81, 0x23, 0xCB,
    0x82, 0x02, 0xC3, 0x3F, 0x23, 0xCB, 0x68, 0xB3, 0x34, 0xD6, 0x89, 0xB3, 0x60, 0x59, 0xC1, 0x71,
    0xEB, 0xBB, 0x35, 0xD6, 0x60, 0xA2, 0xC0, 0x89, 0x82, 0xAA, 0xD3, 0xCD, 0x0C, 0xBC, 0xE1, 0x81,
    0xE2, 0xBA, 0x48, 0xB3, 0x34, 0xD6, 0xE5, 0xAA, 0x60, 0x61, 0x8E, 0xC4, 0x35, 0xD6, 0x20, 0x9A,
    0x60, 0x59, 0x0B, 0xBC, 0x34, 0xD6, 0xCF, 0xC4, 0xE5, 0xB2, 0x21, 0x8A, 0x61, 0x59, 0xCF, 0xC4,
    0x35, 0xD6, 0x62, 0x9A, 0x60, 0x59, 0x21, 0x8A, 0xAF, 0xC4, 0x35, 0xD6, 0xE0, 0x91, 0xC0, 0x81,
    0x48, 0xB3, 0x34, 0xD6, 0xD3, 0xCD, 0x80, 0x69, 0x60, 0x61, 0x6D, 0xBC, 0x35, 0xD6, 0x00, 0x9A,
    0xC0, 0x81, 0xA9, 0xB3, 0x14, 0xD6, 0xE6, 0xAA, 0xA2, 0xAA, 0xA0, 0xB2, 0x35, 0xD6, 0x92, 0xCD,
    0x0C, 0xBC, 0xC0, 0x81, 0x60, 0x61, 0x60, 0x59, 0xC2, 0xB2, 0x80, 0xB2, 0x10, 0xC5, 0xF0, 0xC4,
    0x35, 0xD6, 0x83, 0xAA, 0x81, 0x40, 0x59, 0x36, 0xC1, 0x79, 0x02, 0xC3, 0x23, 0xCB, 0xA0, 0xBA,
    0x51, 0xCD, 0xA4, 0xAA, 0x61, 0x61, 0x60, 0x59, 0xA1, 0x69, 0x82, 0xA2, 0x23, 0xC3, 0x23, 0xCB,
    0xA1, 0xB2, 0x10, 0xC5, 0x07, 0xAB, 0x60, 0x61, 0x60, 0x59, 0x80, 0x69, 0x62, 0x9A, 0xE2, 0xBA,
    0xEF, 0xC4, 0xA3, 0xAA, 0x81, 0x69, 0x92, 0xCD, 0x35, 0xD6, 0xE0, 0x89, 0x60, 0x59, 0x42, 0x92,
    0x02, 0xCB, 0x62, 0x9A, 0xE0, 0x81, 0xC0, 0x81, 0xE0, 0x89, 0xC5, 0xAA, 0x34, 0xD6, 0x0C, 0xBC,
    0x40, 0x59, 0x20, 0x9A, 0x35, 0xD6, 0xD3, 0xCD, 0x8E, 0xC4, 0xF4, 0xD5, 0xCA, 0xBB, 0xA1, 0x71,
    0x61, 0x59, 0x81, 0x61, 0xE1, 0x79, 0x01, 0x8A, 0xE0, 0x89, 0xC0, 0x89, 0x60, 0xA2, 0x35, 0xD6,
    0xAF, 0xC4, 0x40, 0x59, 0x21, 0x92, 0x84, 0x23, 0xCB, 0x82, 0x02, 0xC3, 0x35, 0x48, 0xB3, 0x34,
    0xD6, 0x69, 0xB3, 0x40, 0x59, 0x80, 0x69, 0x8E, 0xBC, 0x35, 0xD6, 0x42, 0x9A, 0x40, 0x59, 0x60,
    0x61, 0xB2, 0xCD, 0x35, 0xD6, 0xC0, 0x81, 0xC1, 0x71, 0x80, 0xAA, 0x34, 0xD6, 0x8E, 0xBC, 0xE0,
    0x89, 0x92, 0xCD, 0x72, 0xCD, 0xE0, 0x89, 0x40, 0x59, 0x0B, 0xBC, 0x34, 0xD6, 0xE6, 0xAA, 0x40,
    0x59, 0x60, 0x59, 0x40, 0x59, 0xCF, 0xC4, 0x35, 0xD6, 0x41, 0x9A, 0x40, 0x59, 0x21, 0x92, 0xB3,
    0xCD, 0x34, 0xD6, 0xC0, 0x81, 0x61, 0x59, 0xC0, 0x79, 0x14, 0xD6, 0xD3, 0xCD, 0x81, 0x69, 0x60,
    0x59, 0x71, 0xCD, 0x35, 0xD6, 0x20, 0xA2, 0xE0, 0x89, 0xA9, 0xBB, 0x34, 0xD6, 0x48, 0xB3, 0x60,
    0x59, 0x60, 0xA2, 0x35, 0xD6, 0x10, 0xC5, 0x40, 0x59, 0x82, 0x60, 0x59, 0x0D, 0xA2, 0xAA, 0xA2,
    0xB2, 0x0B, 0xBC, 0x10, 0xC5, 0x51, 0xCD, 0x4D, 0xBC, 0x01, 0x8A, 0x40, 0x59, 0xE1, 0x81, 0xE2,
    0xBA, 0x02, 0xC3, 0x4D, 0xBC, 0xF3, 0xCD, 0x63, 0xA2, 0x81, 0x40, 0x59, 0x01, 0xE1, 0x81, 0xE2,
    0xBA, 0x81, 0x02, 0xC3, 0x08, 0xAA, 0xB3, 0x14, 0xD6, 0xE6, 0xAA, 0x60, 0x59, 0x40, 0x59, 0xE1,
    0x81, 0xC2, 0xBA, 0x27, 0xB3, 0xB2, 0xCD, 0x81, 0x60, 0x61, 0x20, 0x92, 0xCD, 0x35, 0xD6, 0xC0,
    0x89, 0x40, 0x59, 0x21, 0x92, 0x43, 0xCB, 0x88, 0xB3, 0x10, 0xC5, 0x71, 0xCD, 0x51, 0xCD, 0x72,
    0xCD, 0x34, 0xD6, 0x2C, 0xBC, 0x40, 0x59, 0xC0, 0x89, 0x35, 0xD6, 0xF4, 0xD5, 0x51, 0xCD, 0x14,
    0xD6, 0xAA, 0xB3, 0x60, 0x61, 0x40, 0x59, 0x21, 0x92, 0x07, 0xB3, 0xAE, 0xC4, 0x72, 0xCD, 0x51,
    0xCD, 0x51, 0xC5, 0x34, 0xD6, 0xCF, 0xC4, 0x60, 0x59, 0x81, 0x69, 0xE3, 0xBA, 0x81, 0x43, 0xCB,
    0x02, 0x23, 0xC3, 0x02, 0xC3, 0x23, 0xC3, 0x81, 0x64, 0xD3, 0x13, 0x68, 0xB3, 0x34, 0xD6, 0x89,
    0xB3, 0x60, 0x59, 0x01, 0x82, 0xAE, 0xC4, 0x35, 0xD6, 0x62, 0xA2, 0x60, 0x59, 0x01, 0x82, 0xB2,
    0xCD, 0x35, 0xD6, 0xC0, 0x81, 0x40, 0x59, 0x41, 0x9A, 0x89, 0xB3, 0x34, 0xD6, 0x35, 0xD6, 0x34,
    0xD6, 0x4D, 0xBC, 0x81, 0x40, 0x59, 0x15, 0xEB, 0xB3, 0x34, 0xD6, 0xE6, 0xAA, 0x40, 0x59, 0x60,
    0x61, 0xE1, 0x81, 0xCF, 0xC4, 0x35, 0xD6, 0x62, 0xA2, 0x61, 0x61, 0xE5, 0xAA, 0x14, 0xD6, 0x34,
    0xD6, 0xE0, 0x89, 0x60, 0x59, 0x20, 0x92, 0x14, 0xD6, 0xD3, 0xCD, 0x80, 0x69, 0x61, 0xA2, 0x51,
    0xCD, 0x34, 0xD6, 0x82, 0x51, 0xCD, 0x26, 0x51, 0xC5, 0xE6, 0xAA, 0x40, 0x59, 0x00, 0x9A, 0x35,
    0xD6, 0x10, 0xC5, 0x60, 0x59, 0x60, 0x61, 0xC1, 0x71, 0x82, 0xA2, 0xE3, 0xBA, 0x43, 0xCB, 0x42,
    0x92, 0x40, 0x59, 0xEB, 0xBB, 0x34, 0xD6, 0x06, 0xB3, 0x02, 0x7A, 0x03, 0xBB, 0x64, 0xCB, 0xE2,
    0xBA, 0x10, 0xC5, 0x92, 0xCD, 0x61, 0x61, 0x60, 0x59, 0xE1, 0x79, 0xE2, 0xB2, 0x23, 0xCB, 0x43,
    0xCB, 0x02, 0xC3, 0xAE, 0xC4, 0xD3, 0xCD, 0x80, 0x69, 0x40, 0x59, 0xC1, 0x79, 0xA2, 0xB2, 0x80,
    0xB2, 0x35, 0xD6, 0xD3, 0xCD, 0x81, 0x2C, 0xBC, 0x20, 0xD3, 0xCD, 0x35, 0xD6, 0x0C, 0xBC, 0x00,
    0x92, 0x21, 0x92, 0xA1, 0xB2, 0x10, 0xC5, 0x51, 0xC5, 0x21, 0x92, 0x60, 0x59, 0xC6, 0xAA, 0x34,
    0xD6, 0x0C, 0xBC, 0x60, 0x59, 0xC0, 0x81, 0x35, 0xD6, 0xB2, 0xCD, 0xA1, 0x71, 0x71, 0xCD, 0x14,
    0xD6, 0xC0, 0x89, 0xA1, 0x71, 0x61, 0xA2, 0x8E, 0xC4, 0xB3, 0xCD, 0x41, 0x9A, 0x60, 0x59, 0x42,
    0x9A, 0x35, 0xD6, 0xCF, 0xC4, 0x40, 0x59, 0x80, 0x61, 0xA2, 0xB2, 0x81, 0x02, 0xC3, 0x15, 0xA2,
    0xB2, 0x35, 0xD6, 0x06, 0xAB, 0x82, 0xAA, 0xE2, 0xC2, 0x48, 0xB3, 0x34, 0xD6, 0x69, 0xB3, 0x40,
    0x59, 0xA0, 0x71, 0xAE, 0xBC, 0x35, 0xD6, 0x42, 0x9A, 0x40, 0x59, 0xE1, 0x81, 0x92, 0xCD, 0xD3,
    0xCD, 0xC0, 0x81, 0x40, 0x59, 0x21, 0x92, 0x68, 0xB3, 0x14, 0xD6, 0x81, 0x34, 0xD6, 0x00, 0x20,
    0xA2, 0x81, 0x40, 0x59, 0x18, 0xEB, 0xB3, 0x34, 0xD6, 0xE6, 0xAA, 0x40, 0x59, 0xC1, 0x79, 0xE2,
    0xBA, 0xCF, 0xC4, 0x35, 0xD6, 0x41, 0x9A, 0x40, 0x59, 0x80, 0x69, 0xB3, 0xCD, 0x34, 0xD6, 0xA0,
    0x81, 0x40, 0x59, 0x00, 0x92, 0x14, 0xD6, 0xD3, 0xCD, 0x81, 0x69, 0x60, 0x61, 0x71, 0xCD, 0x35,
    0xD6, 0xE0, 0x91, 0x60, 0x59, 0x40, 0x59, 0x81, 0x60, 0x61, 0x17, 0x60, 0x59, 0x20, 0x9A, 0x35,
    0xD6, 0x10, 0xC5, 0x40, 0x59, 0x81, 0x61, 0xC2, 0xB2, 0xC3, 0xB2, 0xAA, 0xB3, 0x06, 0xB3, 0x82,
    0xAA, 0x41, 0x92, 0xEB, 0xB3, 0x34, 0xD6, 0x72, 0xCD, 0x80, 0x69, 0x01, 0x8A, 0xE2, 0xC2, 0x80,
    0xB2, 0x35, 0xD6, 0x92, 0xCD, 0x40, 0x61, 0x40, 0x59, 0xE1, 0x81, 0x81, 0xE2, 0xC2, 0x09, 0x02,
    0xC3, 0xA0, 0xBA, 0x14, 0xD6, 0xD3, 0xCD, 0x60, 0x69, 0x40, 0x59, 0xC1, 0x79, 0xE2, 0xBA, 0x40,
    0xA2, 0xB2, 0xCD, 0x82, 0x92, 0xCD, 0x07, 0x14, 0xD6, 0x34, 0xD6, 0xB2, 0xCD, 0xE0, 0x91, 0x80,
    0x69, 0xA1, 0xB2, 0xCF, 0xC4, 0x51, 0xC5, 0x81, 0x27, 0xAB, 0x0E, 0x69, 0xB3, 0x34, 0xD6, 0x0C,
    0xB4, 0x40, 0x59, 0xA0, 0x81, 0x35, 0xD6, 0x92, 0xCD, 0x60, 0x61, 0x41, 0x9A, 0xB2, 0xCD, 0x6D,
    0xBC, 0xE0, 0x81, 0x41, 0xA2, 0x2C, 0xBC, 0xB3, 0xCD, 0x81, 0x27, 0xAB, 0x05, 0x28, 0xAB, 0x35,
    0xD6, 0xAF, 0xBC, 0x40, 0x59, 0x60, 0x61, 0xA2, 0xB2, 0x81, 0xE2, 0xC2, 0x10, 0x81, 0xAA, 0xF0,
    0xC4, 0x34, 0xD6, 0x07, 0xAB, 0x27, 0xB3, 0xCB, 0xB3, 0xB3, 0xCD, 0x62, 0xA2, 0x40, 0x59, 0xA0,
    0x71, 0x62, 0xAA, 0x14, 0xD6, 0x28, 0xB3, 0x27, 0xAB, 0x69, 0xB3, 0x14, 0xD6, 0xEB, 0xB3, 0x81,
    0x40, 0x59, 0x1E, 0x01, 0x8A, 0x40, 0xA2, 0xF4, 0xD5, 0x34, 0xD6, 0xEB, 0xB3, 0xA0, 0x79, 0x40,
    0x59, 0x80, 0x69, 0xEB, 0xB3, 0x34, 0xD6, 0xE6, 0xAA, 0x40, 0x59, 0xC1, 0x79, 0xE2, 0xC2, 0xCF,
    0xC4, 0x35, 0xD6, 0x21, 0x9A, 0x40, 0x59, 0xC1, 0x79, 0xE6, 0xAA, 0x35, 0xD6, 0x07, 0xAB, 0x27,
    0xAB, 0x6D, 0xBC, 0x34, 0xD6, 0xD3, 0xCD, 0x60, 0x69, 0x40, 0x59, 0xA4, 0xAA, 0x14, 0xD6, 0x07,
    0xAB, 0x81, 0x27, 0xAB, 0x10, 0x07, 0xAB, 0xA0, 0x71, 0x40, 0x59, 0xE0, 0x91, 0x35, 0xD6, 0x10,
    0xC5, 0x40, 0x59, 0x60, 0x61, 0xA2, 0xB2, 0x61, 0xAA, 0x51, 0xC5, 0x8E, 0xBC, 0x27, 0xAB, 0x27,
    0xB3, 0x2D, 0xBC, 0x14, 0xD6, 0xC6, 0xAA, 0x81, 0x40, 0x59, 0x06, 0xA2, 0xB2, 0x80, 0xB2, 0x35,
    0xD6, 0x92, 0xCD, 0x40, 0x61, 0x40, 0x59, 0x81, 0xAA, 0x81, 0x02, 0xC3, 0x0A, 0xE2, 0xC2, 0xA0,
    0xBA, 0x14, 0xD6, 0xD3, 0xCD, 0x60, 0x69, 0x40, 0x59, 0x41, 0xA2, 0xE2, 0xC2, 0xC2, 0xB2, 0x80,
    0x69, 0x40, 0x61, 0x81, 0x60, 0x61, 0x06, 0x92, 0xCD, 0x35, 0xD6, 0xC0, 0x89, 0x60, 0x61, 0x40,
    0x59, 0x02, 0xC3, 0xC4, 0xAA, 0x81, 0x14, 0xD6, 0x07, 0x68, 0xB3, 0x89, 0xB3, 0x14, 0xD6, 0xEB,
    0xBB, 0x60, 0x59, 0xC0, 0x89, 0x14, 0xD6, 0x92, 0xCD, 0x81, 0x60, 0x61, 0x12, 0x27, 0xB3, 0x14,
    0xD6, 0x40, 0xAA, 0xE1, 0x79, 0xA3, 0xAA, 0xF4, 0xD5, 0x14, 0xD6, 0xCA, 0xB3, 0x28, 0xB3, 0x14,
    0xD6, 0xAE, 0xC4, 0x60, 0x59, 0x60, 0x61, 0xC2, 0xB2, 0x02, 0xC3, 0x02, 0xCB, 0x02, 0xC3, 0x61,
    0xA2, 0x07, 0xAB, 0x81, 0x14, 0xD6, 0x01, 0xB3, 0xCD, 0x62, 0xA2, 0x81, 0x40, 0x59, 0x07, 0xA1,
    0x71, 0x82, 0xAA, 0x83, 0xAA, 0xF4, 0xD5, 0x14, 0xD6, 0xF3, 0xD5, 0x27, 0xAB, 0xC0, 0x81, 0x81,
    0x60, 0x59, 0x04, 0x62, 0x92, 0x23, 0xC3, 0xCA, 0xBB, 0x34, 0xD6, 0xCA, 0xBB, 0x81, 0x60, 0x59,
    0x16, 0x21, 0x8A, 0xEB, 0xBB, 0x14, 0xD6, 0x06, 0xAB, 0x61, 0x59, 0xE1, 0x79, 0x02, 0xC3, 0xAE,
    0xBC, 0x14, 0xD6, 0x41, 0x9A, 0x40, 0x59, 0xE1, 0x81, 0x82, 0xAA, 0x27, 0xB3, 0x14, 0xD6, 0xF0,
    0xC4, 0x27, 0xB3, 0xF4, 0xD5, 0xB3, 0xCD, 0x80, 0x69, 0x60, 0x59, 0xE1, 0x81, 0xC5, 0xAA, 0x82,
    0x14, 0xD6, 0x0B, 0x68, 0xB3, 0x61, 0xA2, 0x60, 0x61, 0x60, 0xA2, 0x14, 0xD6, 0xF0, 0xC4, 0x40,
    0x59, 0x60, 0x61, 0xC2, 0xB2, 0x03, 0xC3, 0x81, 0xAA, 0x31, 0xC5, 0x81, 0x14, 0xD6, 0x02, 0x72,
    0xCD, 0x07, 0xAB, 0x80, 0x69, 0x81, 0x40, 0x59, 0x18, 0x61, 0xA2, 0xA0, 0xBA, 0x14, 0xD6, 0x72,
    0xCD, 0x60, 0x61, 0x40, 0x59, 0x82, 0xAA, 0xE2, 0xC2, 0x02, 0xC3, 0x23, 0xCB, 0xC0, 0xBA, 0xF4,
    0xD5, 0xB3, 0xCD, 0x80, 0x69, 0x60, 0x59, 0xA2, 0xAA, 0x43, 0xCB, 0x64, 0xCB, 0x23, 0xBB, 0x81,
    0x69, 0x81, 0x61, 0x80, 0x69, 0x72, 0xCD, 0x14, 0xD6, 0xE0, 0x89, 0x81, 0x61, 0x61, 0x01, 0x23,
    0xCB, 0xC2, 0xB2, 0x81, 0x80, 0x71, 0x01, 0xA0, 0x71, 0xA1, 0x71, 0x81, 0xA0, 0x71, 0x01, 0x80,
    0x69, 0x81, 0x69, 0x81, 0xA0, 0x71, 0x81, 0x60, 0x61, 0x04, 0x01, 0x8A, 0xA0, 0x71, 0xA1, 0x71,
    0xA1, 0x69, 0xE1, 0x81, 0x81, 0xA0, 0x71, 0x81, 0xA1, 0x71, 0x81, 0xA0, 0x71, 0x02, 0xA1, 0x69,
    0x81, 0x69, 0xE3, 0xBA, 0x81, 0x43, 0xCB, 0x02, 0x23, 0xCB, 0x23, 0xC3, 0x01, 0x82, 0x82, 0xA0,
    0x71, 0x00, 0x60, 0x61, 0x81, 0x60, 0x59, 0x02, 0x42, 0x8A, 0x03, 0xC3, 0x03, 0xBB, 0x82, 0xA0,
    0x71, 0x0C, 0x81, 0x61, 0x61, 0x61, 0x61, 0x59, 0xC1, 0x71, 0x03, 0xBB, 0x43, 0xCB, 0x67, 0xBB,
    0x14, 0xD6, 0xE0, 0x81, 0x40, 0x59, 0x80, 0x69, 0x61, 0xA2, 0x21, 0x92, 0x81, 0x80, 0x71, 0x0C,
    0x40, 0x59, 0xC1, 0x79, 0xE2, 0xC2, 0x01, 0x8A, 0x80, 0x71, 0x80, 0x69, 0x40, 0x59, 0x01, 0x82,
    0x02, 0xBB, 0xC1, 0x79, 0x80, 0x71, 0xA0, 0x71, 0x81, 0x61, 0x81, 0xA0, 0x71, 0x03, 0x60, 0x61,
    0x60, 0x59, 0xA2, 0xA2, 0xC2, 0xB2, 0x82, 0xA0, 0x71, 0x00, 0xA1, 0x71, 0x81, 0x60, 0x59, 0x00,
    0xA1, 0x71, 0x81, 0xA0, 0x71, 0x05, 0x61, 0x59, 0x81, 0x61, 0xC2, 0xB2, 0x43, 0xCB, 0x03, 0xC3,
    0x01, 0x8A, 0x82, 0xA0, 0x71, 0x82, 0x60, 0x59, 0x02, 0xE1, 0x79, 0x03, 0xC3, 0xE2, 0xBA, 0x81,
    0xA0, 0x71, 0x02, 0x60, 0x61, 0x81, 0x61, 0xC2, 0xAA, 0x82, 0x43, 0xCB, 0x00, 0x03, 0xC3, 0x81,
    0xA0, 0x71, 0x06, 0x81, 0x61, 0x61, 0x61, 0xC2, 0xAA, 0x63, 0xCB, 0x64, 0xCB, 0x43, 0xCB, 0x02,
    0xC3, 0x81, 0xE2, 0xBA, 0x04, 0xC0, 0x79, 0x80, 0x71, 0x60, 0x69, 0x40, 0x59, 0x21, 0x8A, 0x81,
    0x23, 0xCB, 0x00, 0xC2, 0xB2, 0x81, 0x60, 0x59, 0x00, 0x40, 0x59, 0x81, 0x60, 0x59, 0x02, 0x40,
    0x59, 0x60, 0x61, 0x62, 0x92, 0x81, 0x60, 0x59, 0x0E, 0x60, 0x61, 0xC2, 0xAA, 0x82, 0xA2, 0x60,
    0x59, 0x61, 0x59, 0x81, 0x61, 0x82, 0xA2, 0x81, 0x61, 0x61, 0x61, 0x61, 0x59, 0x60, 0x59, 0x61,
    0x59, 0x60, 0x59, 0x61, 0x61, 0xC2, 0xAA, 0x83, 0x43, 0xCB, 0x01, 0x23, 0xCB, 0x42, 0x92, 0x83,
    0x60, 0x59, 0x01, 0x22, 0x8A, 0x03, 0xBB, 0x81, 0x43, 0xCB, 0x01, 0xE3, 0xB2, 0x60, 0x61, 0x82,
    0x60, 0x59, 0x0B, 0x01, 0x82, 0x82, 0xA2, 0x03, 0xC3, 0xA0, 0xB2, 0x51, 0xCD, 0x6D, 0xBC, 0xC0,
    0x71, 0x60, 0x59, 0xA1, 0x71, 0x03, 0xC3, 0x43, 0xCB, 0x22, 0x8A, 0x81, 0x61, 0x59, 0x03, 0xE1,
    0x79, 0x23, 0xC3, 0x43, 0xCB, 0x01, 0x7A, 0x81, 0x60, 0x59, 0x05, 0xE1, 0x81, 0x23, 0xC3, 0x03,
    0xC3, 0x21, 0x8A, 0x60, 0x59, 0x40, 0x59, 0x81, 0x60, 0x59, 0x05, 0x40, 0x59, 0x60, 0x59, 0xA2,
    0xA2, 0x43, 0xCB, 0xC2, 0xAA, 0x40, 0x59, 0x82, 0x60, 0x59, 0x06, 0xC1, 0x71, 0x42, 0x92, 0x82,
    0x9A, 0x61, 0x59, 0x61, 0x61, 0x81, 0x61, 0xE3, 0xB2, 0x81, 0x43, 0xCB, 0x01, 0x23, 0xC3, 0xE1,
    0x79, 0x82, 0x60, 0x59, 0x05, 0x60, 0x61, 0x22, 0x8A, 0xA2, 0xAA, 0x23, 0xCB, 0x43, 0xCB, 0xC2,
    0xB2, 0x81, 0x60, 0x59, 0x01, 0x81, 0x61, 0xC2, 0xB2, 0x81, 0x43, 0xCB, 0x03, 0x23, 0xCB, 0x43,
    0xCB, 0xE3, 0xBA, 0x60, 0x61, 0x81, 0x60, 0x59, 0x02, 0xA2, 0xAA, 0x43, 0xCB, 0x23, 0xCB, 0x83,
    0x43, 0xCB, 0x01, 0x23, 0xC3, 0xC1, 0x71, 0x81, 0x60, 0x59, 0x04, 0x42, 0x92, 0x43, 0xCB, 0x63,
    0xCB, 0x43, 0xCB, 0x23, 0xC3, 0x86, 0x03, 0xBB, 0x00, 0x23, 0xC3, 0x81, 0x03, 0xBB, 0x02, 0x23,
    0xC3, 0x43, 0xCB, 0x23, 0xC3, 0x82, 0x03, 0xBB, 0x00, 0x23, 0xC3, 0x85, 0x03, 0xBB, 0x00, 0xE3,
    0xBA, 0x85, 0x23, 0xCB, 0x04, 0x02, 0xBB, 0xE2, 0xB2, 0xE2, 0xBA, 0xC2, 0xB2, 0xE2, 0xBA, 0x83,
    0x23, 0xCB, 0x00, 0x02, 0xC3, 0x82, 0xC2, 0xB2, 0x05, 0xE2, 0xBA, 0x22, 0xCB, 0x89, 0xB3, 0x35,
    0xD6, 0x8E, 0xC4, 0x21, 0x92, 0x81, 0x61, 0x59, 0x00, 0x82, 0x9A, 0x82, 0x43, 0xCB, 0x82, 0x03,
    0xBB, 0x82, 0x43, 0xCB, 0x82, 0x03, 0xBB, 0x03, 0x43, 0xCB, 0x63, 0xCB, 0x64, 0xD3, 0x03, 0xC3,
    0x84, 0x03, 0xBB, 0x03, 0x23, 0xC3, 0x63, 0xCB, 0x43, 0xCB, 0x23, 0xC3, 0x83, 0x03, 0xBB, 0x81,
    0x43, 0xCB, 0x00, 0x23, 0xC3, 0x81, 0x03, 0xBB, 0x01, 0x23, 0xC3, 0x63, 0xCB, 0x81, 0x43, 0xCB,
    0x05, 0x23, 0xCB, 0xE2, 0xBA, 0xE2, 0xB2, 0xE2, 0xBA, 0xE2, 0xB2, 0x03, 0xC3, 0x83, 0x23, 0xCB,
    0x00, 0x02, 0xBB, 0x81, 0xC2, 0xB2, 0x00, 0x03, 0xBB, 0x84, 0x23, 0xCB, 0x00, 0xE2, 0xC2, 0x81,
    0xC2, 0xB2, 0x00, 0xE2, 0xBA, 0x85, 0x43, 0xCB, 0x01, 0x63, 0xCB, 0x23, 0xCB, 0x82, 0x03, 0xBB,
    0x92, 0x43, 0xCB, 0x81, 0x23, 0xCB, 0x00, 0x02, 0xCB, 0x82, 0x23, 0xCB, 0x03, 0x02, 0xCB, 0x02,
    0xC3, 0x23, 0xCB, 0x02, 0xCB, 0x85, 0x02, 0xC3, 0x02, 0xE2, 0xC2, 0x03, 0xCB, 0x23, 0xCB, 0x8A,
    0x02, 0xC3, 0x02, 0x40, 0x9A, 0xE0, 0x91, 0x21, 0x8A, 0x81, 0x60, 0x59, 0x04, 0xA1, 0x69, 0x82,
    0xA2, 0x23, 0xCB, 0x43, 0xCB, 0x23, 0xCB, 0x8D, 0x43, 0xCB, 0x00, 0x63, 0xCB, 0x8B, 0x43, 0xCB,
    0x81, 0x23, 0xCB, 0x00, 0x02, 0xC3, 0x82, 0x23, 0xCB, 0x01, 0x02, 0xCB, 0x02, 0xC3, 0x81, 0x02,
    0xCB, 0x86, 0x02, 0xC3, 0x01, 0x03, 0xCB, 0x23, 0xCB, 0x8B, 0x02, 0xC3, 0x00, 0x23, 0xCB, 0x83,
    0x43, 0xCB, 0x81, 0x23, 0xCB, 0x01, 0x43, 0xCB, 0x23, 0xCB, 0x81, 0x43, 0xCB, 0x87, 0x23, 0xCB,
    0x00, 0x22, 0xC3, 0x82, 0x23, 0xCB, 0x00, 0x03, 0xCB, 0x86, 0x23, 0xCB, 0x82, 0x02, 0xC3, 0x82,
    0x23, 0xCB, 0x01, 0x43, 0xCB, 0x23, 0xCB, 0x84, 0x43, 0xCB, 0x01, 0x63, 0xCB, 0x43, 0xCB, 0x81,
    0x64, 0xCB, 0x01, 0x64, 0xD3, 0x43, 0xCB, 0x82, 0x64, 0xCB, 0x00, 0x63, 0xCB, 0x81, 0x64, 0xD3,
    0x01, 0x64, 0xCB, 0x63, 0xCB, 0x81, 0x43, 0xCB, 0x05, 0x23, 0xC3, 0xC1, 0x71, 0x60, 0x59, 0x40,
    0x59, 0x81, 0x69, 0x41, 0x9A, 0x82, 0x02, 0xC3, 0x00, 0x02, 0xCB, 0x85, 0x23, 0xCB, 0x00, 0x02,
    0xC3, 0x87, 0x23, 0xCB, 0x00, 0x02, 0xCB, 0x81, 0x23, 0xCB, 0x02, 0x02, 0xC3, 0x23, 0xCB, 0x03,
    0xCB, 0x86, 0x23, 0xCB, 0x82, 0x02, 0xC3, 0x84, 0x23, 0xCB, 0x86, 0x43, 0xCB, 0x82, 0x64, 0xCB,
    0x02, 0x43, 0xCB, 0x64, 0xCB, 0x64, 0xD3, 0x81, 0x64, 0xCB, 0x81, 0x64, 0xD3, 0x00, 0x64, 0xCB,
    0x84, 0x43, 0xCB, 0x82, 0x23, 0xCB, 0x03, 0x02, 0xC3, 0x23, 0xCB, 0xE2, 0xC2, 0x02, 0xC3, 0x82,
    0x23, 0xCB, 0x81, 0x43, 0xCB, 0x03, 0x63, 0xCB, 0x43, 0xCB, 0x64, 0xCB, 0x63, 0xCB, 0x88, 0x64,
    0xD3, 0x00, 0x64, 0xCB, 0x82, 0x64, 0xD3, 0x00, 0x64, 0xCB, 0x82, 0x64, 0xD3, 0x01, 0x43, 0xCB,
    0x64, 0xD3, 0x81, 0x84, 0xD3, 0x01, 0x64, 0xD3, 0x84, 0xD3, 0x83, 0x64, 0xD3, 0x03, 0x64, 0xCB,
    0x64, 0xD3, 0x84, 0xD3, 0x64, 0xD3, 0x81, 0x84, 0xD3, 0x02, 0x43, 0xCB, 0x64, 0xCB, 0x63, 0xCB,
    0x82, 0x64, 0xD3, 0x00, 0x64, 0xCB, 0x81, 0x64, 0xD3, 0x07, 0x64, 0xCB, 0x64, 0xD3, 0x64, 0xCB,
    0xC3, 0xAA, 0xA2, 0xAA, 0xC3, 0xAA, 0x44, 0xCB, 0x64, 0xCB, 0x82, 0x43, 0xCB, 0x81, 0x23, 0xCB,
    0x83, 0x43, 0xCB, 0x00, 0x23, 0xCB, 0x82, 0x43, 0xCB, 0x81, 0x63, 0xCB, 0x81, 0x64, 0xCB, 0x89,
    0x64, 0xD3, 0x00, 0x84, 0xD3, 0x85, 0x64, 0xD3, 0x00, 0x43, 0xCB, 0x82, 0x84, 0xD3, 0x03, 0x64,
    0xCB, 0x84, 0xD3, 0x64, 0xCB, 0x84, 0xD3, 0x83, 0x64, 0xD3, 0x81, 0x84, 0xD3, 0x81, 0x64, 0xD3,
    0x00, 0x43, 0xCB, 0x81, 0x64, 0xCB, 0x81, 0x64, 0xD3, 0x81, 0x64, 0xCB, 0x81, 0x64, 0xD3, 0x01,
    0x63, 0xCB, 0x84, 0xD3, 0x81, 0x64, 0xD3, 0x00, 0x63, 0xCB, 0x81, 0x64, 0xD3, 0x82, 0x43, 0xCB,
    0x82, 0x23, 0xCB, 0x88, 0x84, 0xD3, 0x04, 0x64, 0xD3, 0x84, 0xD3, 0x63, 0xCB, 0x64, 0xCB, 0x64,
    0xD3, 0x82, 0x43, 0xCB, 0x02, 0x64, 0xD3, 0x84, 0xD3, 0x64, 0xCB, 0x83, 0x63, 0xCB, 0x00, 0x43,
    0xCB, 0x81, 0x63, 0xCB, 0x03, 0x43, 0xCB, 0x64, 0xD3, 0x84, 0xD3, 0x64, 0xD3, 0x84, 0x43, 0xCB,
    0x01, 0x64, 0xCB, 0x63, 0xCB, 0x87, 0x43, 0xCB, 0x00, 0x23, 0xCB, 0x82, 0x43, 0xCB, 0x01, 0x23,
    0xCB, 0x43, 0xCB, 0x81, 0x63, 0xCB, 0x00, 0x64, 0xD3, 0x95, 0x84, 0xD3, 0x01, 0x64, 0xD3, 0x63,
    0xCB, 0x81, 0x64, 0xD3, 0x81, 0x43, 0xCB, 0x06, 0x64, 0xCB, 0x64, 0xD3, 0x84, 0xD3, 0x64, 0xCB,
    0x63, 0xCB, 0x43, 0xCB, 0x64, 0xCB, 0x81, 0x43, 0xCB, 0x05, 0x64, 0xCB, 0x63, 0xCB, 0x64, 0xCB,
    0x64, 0xD3, 0x84, 0xD3, 0x64, 0xD3, 0x84, 0x43, 0xCB, 0x01, 0x64, 0xCB, 0x63, 0xCB, 0x8B, 0x43,
    0xCB, 0x01, 0x23, 0xCB, 0x43, 0xCB, 0x81, 0x64, 0xCB, 0x86, 0x84, 0xD3, 0x82, 0x43, 0xCB, 0x85,
    0x23, 0xCB, 0x00, 0x43, 0xCB, 0x84, 0x23, 0xCB, 0x01, 0x43, 0xCB, 0x23, 0xCB, 0x81, 0x43, 0xCB,
    0x81, 0x23, 0xCB, 0x01, 0x02, 0xC3, 0x02, 0xCB, 0x81, 0x23, 0xCB, 0x01, 0xC4, 0xB2, 0xE5, 0xB2,
    0x83, 0x05, 0xB3, 0x00, 0xA2, 0xAA, 0x82, 0x23, 0xCB, 0x92, 0x43, 0xCB, 0x01, 0x64, 0xCB, 0x23,
    0xCB, 0x84, 0x43, 0xCB, 0x01, 0x64, 0xD3, 0x23, 0xCB, 0x85, 0x43, 0xCB, 0x88, 0x23, 0xCB, 0x00,
    0x23, 0xC3, 0x81, 0x23, 0xCB, 0x82, 0x43, 0xCB, 0x01, 0x23, 0xCB, 0x43, 0xCB, 0x81, 0x23, 0xCB,
    0x00, 0x02, 0xC3, 0x85, 0x23, 0xCB, 0x82, 0x43, 0xCB, 0x01, 0x23, 0xCB, 0x43, 0xCB, 0x81, 0x23,
    0xCB, 0x92, 0x43, 0xCB, 0x01, 0x64, 0xCB, 0x23, 0xCB, 0x82, 0x43, 0xCB, 0x04, 0x63, 0xCB, 0x43,
    0xCB, 0x64, 0xCB, 0x43, 0xCB, 0x64, 0xD3, 0x81, 0x64, 0xCB, 0x82, 0x84, 0xD3, 0x81, 0x64, 0xD3,
    0x8D, 0x84, 0xD3, 0x03, 0x64, 0xD3, 0x8D, 0xC4, 0x35, 0xD6, 0x34, 0xD6, 0x81, 0x14, 0xD6, 0x03,
    0x34, 0xD6, 0xB2, 0xCD, 0xC1, 0xB2, 0x23, 0xBB, 0x86, 0x84, 0xD3, 0x01, 0x64, 0xD3, 0x84, 0xD3,
    0x81, 0x64, 0xD3, 0x81, 0x63, 0xCB, 0x87, 0x43, 0xCB, 0x00, 0x23, 0xCB, 0x86, 0x43, 0xCB, 0x81,
    0x63, 0xCB, 0x00, 0x64, 0xCB, 0x82, 0x63, 0xCB, 0x82, 0x64, 0xCB, 0x07, 0x84, 0xD3, 0x64, 0xD3,
    0x84, 0xD3, 0x64, 0xCB, 0x31, 0xC5, 0xB2, 0xCD, 0x20, 0x92, 0x44, 0xC3, 0x88, 0x84, 0xD3, 0x01,
    0x64, 0xD3, 0x84, 0xD3, 0x84, 0x64, 0xD3, 0x89, 0x84, 0xD3, 0x03, 0x64, 0xD3, 0x84, 0xD3, 0x64,
    0xD3, 0x84, 0xD3, 0x81, 0x64, 0xD3, 0x81, 0x63, 0xCB, 0x8D, 0x43, 0xCB, 0x8A, 0x84, 0xD3, 0x00,
    0x64, 0xD3, 0x84, 0x84, 0xD3, 0x81, 0x64, 0xD3, 0x81, 0x64, 0xCB, 0x81, 0x64, 0xD3, 0x81, 0x84,
    0xD3, 0x02, 0x6D, 0xC4, 0x35, 0xD6, 0xA3, 0xAA, 0x81, 0xC0, 0x81, 0x07, 0x60, 0xA2, 0x92, 0xCD,
    0xEF, 0xC4, 0x22, 0x92, 0x03, 0xBB, 0x63, 0xCB, 0x43, 0xCB, 0x64, 0xCB, 0x8A, 0x43, 0xCB, 0x85,
    0x64, 0xD3, 0x82, 0x84, 0xD3, 0x04, 0x64, 0xD3, 0x64, 0xCB, 0x64, 0xD3, 0x84, 0xD3, 0x63, 0xCB,
    0x81, 0x64, 0xD3, 0x8A, 0x84, 0xD3, 0x09, 0xB3, 0xCD, 0x35, 0xD6, 0xE0, 0x89, 0xC1, 0x69, 0x23,
    0xBB, 0x84, 0xD3, 0x64, 0xD3, 0x84, 0xD3, 0x64, 0xCB, 0x84, 0xD3, 0x81, 0x64, 0xCB, 0x81, 0x64,
    0xD3, 0x81, 0x84, 0xD3, 0x81, 0x64, 0xCB, 0x04, 0x43, 0xCB, 0x63, 0xCB, 0x64, 0xCB, 0x43, 0xCB,
    0x63, 0xCB, 0x81, 0x64, 0xCB, 0x00, 0x63, 0xCB, 0x81, 0x43, 0xCB, 0x00, 0x64, 0xCB, 0x89, 0x43,
    0xCB, 0x01, 0x63, 0xCB, 0x64, 0xD3, 0x81, 0x64, 0xCB, 0x82, 0x64, 0xD3, 0x82, 0x84, 0xD3, 0x05,
    0x64, 0xD3, 0x64, 0xCB, 0x64, 0xD3, 0x63, 0xCB, 0x43, 0xCB, 0x64, 0xD3, 0x81, 0x64, 0xCB, 0x00,
    0x63, 0xCB, 0x82, 0x43, 0xCB, 0x01, 0x63, 0xCB, 0x64, 0xCB, 0x85, 0x43, 0xCB, 0x82, 0x23, 0xCB,
    0x07, 0x43, 0xCB, 0x23, 0xCB, 0x43, 0xCB, 0x23, 0xCB, 0x43, 0xCB, 0x6D, 0xBC, 0x35, 0xD6, 0xA4,
    0xA2, 0x81, 0x60, 0x59, 0x0D, 0x40, 0x59, 0x30, 0xC5, 0x35, 0xD6, 0x00, 0x92, 0x81, 0x69, 0x06,
    0xB3, 0xF0, 0xC4, 0x06, 0xB3, 0x80, 0xAA, 0xCB, 0xBB, 0x62, 0x9A, 0x23, 0xCB, 0xA1, 0xB2, 0xEF,
    0xC4, 0x81, 0xF0, 0xC4, 0x01, 0x60, 0xAA, 0x03, 0xC3, 0x81, 0x43, 0xCB, 0x01, 0xC2, 0xBA, 0xC5,
    0xB2, 0x81, 0x10, 0xC5, 0x05, 0xA9, 0xBB, 0xA2, 0xAA, 0x43, 0xCB, 0x23, 0xCB, 0x23, 0xC3, 0xC4,
    0xB2, 0x81, 0x10, 0xC5, 0x07, 0xAA, 0xB3, 0xA2, 0xAA, 0x43, 0xCB, 0x64, 0xD3, 0x27, 0xB3, 0x10,
    0xC5, 0x26, 0xB3, 0xA0, 0xB2, 0x81, 0x10, 0xC5, 0x0B, 0x80, 0xAA, 0x03, 0xBB, 0x43, 0xCB, 0xCF,
    0xC4, 0xF4, 0xD5, 0x34, 0xD6, 0x10, 0xC5, 0x20, 0x92, 0x62, 0x92, 0x23, 0xCB, 0xC0, 0xBA, 0xCF,
    0xC4, 0x81, 0x10, 0xC5, 0x07, 0x60, 0xAA, 0x03, 0xBB, 0x23, 0xCB, 0x43, 0xCB, 0x23, 0xCB, 0x43,
    0xCB, 0x02, 0xCB, 0x43, 0xCB, 0x81, 0x23, 0xCB, 0x01, 0x43, 0xCB, 0x23, 0xCB, 0x81, 0x43, 0xCB,
    0x84, 0x23, 0xCB, 0x00, 0x43, 0xCB, 0x81, 0x23, 0xCB, 0x00, 0x02, 0xCB, 0x81, 0x23, 0xCB, 0x01,
    0x43, 0xCB, 0x23, 0xCB, 0x83, 0x43, 0xCB, 0x81, 0x23, 0xCB, 0x81, 0x43, 0xCB, 0x00, 0x63, 0xCB,
    0x81, 0x43, 0xCB, 0x81, 0x23, 0xCB, 0x81, 0x43, 0xCB, 0x00, 0x23, 0xCB, 0x81, 0x43, 0xCB, 0x00,
    0x63, 0xCB, 0x82, 0x43, 0xCB, 0x81, 0x23, 0xCB, 0x82, 0x43, 0xCB, 0x00, 0x23, 0xCB, 0x84, 0x43,
    0xCB, 0x00, 0x23, 0xCB, 0x82, 0x43, 0xCB, 0x00, 0x64, 0xCB, 0x81, 0x43, 0xCB, 0x10, 0x6D, 0xBC,
    0x35, 0xD6, 0xA4, 0xAA, 0x61, 0x59, 0x02, 0x82, 0xA2, 0xAA, 0x30, 0xC5, 0xB2, 0xCD, 0x41, 0x9A,
    0x81, 0x61, 0x68, 0xB3, 0x34, 0xD6, 0x35, 0xD6, 0x72, 0xCD, 0xEA, 0xBB, 0x61, 0x59, 0xA1, 0xAA,
    0x83, 0x10, 0xC5, 0x0D, 0x31, 0xCD, 0xA0, 0xAA, 0x43, 0xC3, 0x02, 0xC3, 0xEF, 0xC4, 0xF4, 0xD5,
    0x20, 0x92, 0x80, 0xAA, 0xF3, 0xD5, 0xCA, 0xBB, 0xA2, 0xA2, 0x64, 0xCB, 0x06, 0xB3, 0xF4, 0xD5,
    0x81, 0x10, 0xCD, 0x06, 0xD3, 0xCD, 0xCA, 0xBB, 0xC2, 0xB2, 0x43, 0xCB, 0x68, 0xB3, 0x34, 0xD6,
    0x51, 0xCD, 0x81, 0x10, 0xC5, 0x12, 0x35, 0xD6, 0x51, 0xCD, 0x81, 0x61, 0xC2, 0xB2, 0x00, 0x92,
    0xB2, 0xCD, 0x35, 0xD6, 0x00, 0x9A, 0xE1, 0x79, 0xA1, 0x69, 0x26, 0xB3, 0x14, 0xD6, 0x47, 0xB3,
    0xE0, 0x91, 0x4D, 0xBC, 0x72, 0xCD, 0x61, 0x9A, 0x23, 0xC3, 0x64, 0xCB, 0x82, 0x43, 0xCB, 0x02,
    0x63, 0xCB, 0x43, 0xCB, 0x64, 0xCB, 0x81, 0x63, 0xCB, 0x82, 0x64, 0xD3, 0x00, 0x64, 0xCB, 0x81,
    0x43, 0xCB, 0x01, 0x64, 0xCB, 0x43, 0xCB, 0x82, 0x64, 0xCB, 0x82, 0x64, 0xD3, 0x81, 0x84, 0xD3,
    0x00, 0x64, 0xD3, 0x81, 0x43, 0xCB, 0x00, 0x64, 0xD3, 0x81, 0x43, 0xCB, 0x00, 0x64, 0xCB, 0x83,
    0x64, 0xD3, 0x00, 0x64, 0xCB, 0x81, 0x64, 0xD3, 0x01, 0x84, 0xD3, 0x64, 0xD3, 0x88, 0x84, 0xD3,
    0x00, 0xA4, 0xD3, 0x85, 0x84, 0xD3, 0x00, 0xA4, 0xD3, 0x83, 0x84, 0xD3, 0x05, 0x64, 0xD3, 0x84,
    0xD3, 0x6D, 0xC4, 0x35, 0xD6, 0x6D, 0xC4, 0x4C, 0xC4, 0x81, 0x4C, 0xBC, 0x01, 0x35, 0xD6, 0x4D,
    0xC4, 0x81, 0x61, 0x59, 0x03, 0x68, 0xB3, 0x34, 0xD6, 0xA9, 0xBB, 0x62, 0x9A, 0x81, 0x61, 0x59,
    0x25, 0x4C, 0xBC, 0x35, 0xD6, 0xE5, 0xAA, 0x61, 0x59, 0xA3, 0xA2, 0x35, 0xD6, 0xAE, 0xC4, 0xE2,
    0x71, 0x22, 0xC3, 0x34, 0xD6, 0xF3, 0xD5, 0x21, 0x8A, 0x81, 0x59, 0x61, 0x9A, 0x82, 0xA2, 0x22,
    0x8A, 0x61, 0x9A, 0x14, 0xD6, 0xF4, 0xD5, 0xC1, 0x71, 0x81, 0x59, 0x31, 0xCD, 0x35, 0xD6, 0x40,
    0x9A, 0xA3, 0xA2, 0xA9, 0xBB, 0x34, 0xD6, 0xA9, 0xBB, 0x81, 0x61, 0x22, 0x8A, 0xCE, 0xC4, 0x92,
    0xCD, 0xA2, 0xAA, 0xC1, 0x69, 0xE3, 0xAA, 0xB3, 0xCD, 0x35, 0xD6, 0x20, 0x8A, 0x81, 0x81, 0x61,
    0x0B, 0xCA, 0xBB, 0x34, 0xD6, 0x68, 0xBB, 0xA1, 0x69, 0x42, 0x92, 0x61, 0xA2, 0xA2, 0xA2, 0xE2,
    0x71, 0x64, 0xCB, 0x64, 0xD3, 0x84, 0xD3, 0x64, 0xD3, 0x82, 0x84, 0xD3, 0x00, 0x64, 0xD3, 0x84,
    0x64, 0xCB, 0x81, 0x64, 0xD3, 0x00, 0x63, 0xCB, 0x81, 0x64, 0xCB, 0x83, 0x43, 0xCB, 0x81, 0x63,
    0xCB, 0x01, 0x64, 0xCB, 0x64, 0xD3, 0x8C, 0x84, 0xD3, 0x01, 0x64, 0xCB, 0x84, 0xD3, 0x82, 0x64,
    0xD3, 0x01, 0x84, 0xD3, 0x63, 0xCB, 0x81, 0x64, 0xCB, 0x00, 0x63, 0xCB, 0x83, 0x43, 0xCB, 0x00,
    0x23, 0xCB, 0x83, 0x43, 0xCB, 0x81, 0x23, 0xCB, 0x00, 0x43, 0xCB, 0x82, 0x23, 0xCB, 0x01, 0x6D,
    0xBC, 0x34, 0xD6, 0x83, 0xB2, 0xCD, 0x01, 0x61, 0xA2, 0xE1, 0x81, 0x81, 0x60, 0x59, 0x08, 0x68,
    0xB3, 0x34, 0xD6, 0x89, 0xB3, 0x40, 0x59, 0x60, 0x59, 0x60, 0x61, 0x2C, 0xBC, 0x34, 0xD6, 0xCB,
    0xB3, 0x81, 0xAA, 0xB3, 0x0D, 0x35, 0xD6, 0xAE, 0xC4, 0x61, 0x59, 0xE1, 0x79, 0xA9, 0xBB, 0xB3,
    0xCD, 0x2C, 0xBC, 0xCA, 0xBB, 0x26, 0xB3, 0x81, 0x69, 0x61, 0x61, 0x00, 0x8A, 0x14, 0xD6, 0xF4,
    0xD5, 0x81, 0xCA, 0xBB, 0x15, 0x72, 0xCD, 0x35, 0xD6, 0x40, 0x9A, 0x81, 0x61, 0x89, 0xB3, 0x34,
    0xD6, 0xA9, 0xBB, 0x61, 0x61, 0x81, 0x61, 0xCF, 0xC4, 0x35, 0xD6, 0x83, 0xA2, 0x81, 0x61, 0xE3,
    0xB2, 0xB3, 0xCD, 0x35, 0xD6, 0xE0, 0x89, 0x61, 0x59, 0x22, 0x8A, 0x81, 0xAA, 0x92, 0xCD, 0xF4,
    0xD5, 0x81, 0xCA, 0xBB, 0x00, 0x00, 0x92, 0x81, 0x60, 0x59, 0x00, 0x01, 0x82, 0x81, 0x23, 0xCB,
    0x00, 0x43, 0xCB, 0x83, 0x23, 0xCB, 0x00, 0x02, 0xCB, 0x88, 0x23, 0xCB, 0x01, 0x02, 0xC3, 0x02,
    0xCB, 0x83, 0x02, 0xC3, 0x00, 0x23, 0xCB, 0x81, 0x43, 0xCB, 0x81, 0x64, 0xD3, 0x81, 0x64, 0xCB,
    0x05, 0x64, 0xD3, 0x63, 0xCB, 0x43, 0xCB, 0x64, 0xCB, 0x84, 0xD3, 0x64, 0xD3, 0x81, 0x84, 0xD3,
    0x00, 0x02, 0xC3, 0x85, 0x23, 0xCB, 0x00, 0x43, 0xCB, 0x83, 0x23, 0xCB, 0x03, 0x43, 0xCB, 0x23,
    0xCB, 0x03, 0xC3, 0x23, 0xCB, 0x88, 0x43, 0xCB, 0x04, 0x6D, 0xBC, 0x35, 0xD6, 0xC4, 0xAA, 0x81,
    0x61, 0x81, 0x69, 0x83, 0x81, 0x61, 0x0A, 0xC1, 0x71, 0x88, 0xB3, 0x34, 0xD6, 0xA9, 0xBB, 0x61,
    0x59, 0xE1, 0x71, 0xA2, 0xAA, 0x4C, 0xBC, 0x35, 0xD6, 0x47, 0xB3, 0x05, 0xAB, 0x81, 0xE5, 0xAA,
    0x0C, 0xA4, 0xAA, 0x60, 0x59, 0x81, 0x69, 0x01, 0x82, 0x62, 0xA2, 0xC5, 0xAA, 0x51, 0xCD, 0xF4,
    0xD5, 0xC4, 0xAA, 0x21, 0x8A, 0x60, 0xAA, 0x14, 0xD6, 0xF4, 0xD5, 0x83, 0xC5, 0xAA, 0x1A, 0x01,
    0x8A, 0x60, 0x59, 0x48, 0xB3, 0x34, 0xD6, 0x89, 0xB3, 0x60, 0x59, 0xC1, 0x71, 0xAE, 0xC4, 0x35,
    0xD6, 0x62, 0xA2, 0x60, 0x59, 0xE1, 0x81, 0xB2, 0xCD, 0x35, 0xD6, 0xC0, 0x81, 0x61, 0x59, 0x21,
    0x92, 0xE2, 0xC2, 0xC1, 0x79, 0xC5, 0xAA, 0x06, 0xB3, 0xF3, 0xD5, 0xCF, 0xC4, 0x61, 0x9A, 0x62,
    0x9A, 0x82, 0xA2, 0xE3, 0xBA, 0x83, 0x43, 0xCB, 0x00, 0x64, 0xCB, 0x83, 0x64, 0xD3, 0x03, 0x64,
    0xCB, 0x64, 0xD3, 0x63, 0xCB, 0x43, 0xCB, 0x81, 0x64, 0xCB, 0x03, 0x64, 0xD3, 0x64, 0xCB, 0x63,
    0xCB, 0x43, 0xCB, 0x81, 0x64, 0xCB, 0x00, 0x63, 0xCB, 0x82, 0x43, 0xCB, 0x83, 0x23, 0xCB, 0x81,
    0x02, 0xC3, 0x83, 0x23, 0xCB, 0x02, 0x43, 0xCB, 0x23, 0xCB, 0x84, 0xD3, 0x81, 0x64, 0xD3, 0x01,
    0x64, 0xCB, 0x64, 0xD3, 0x81, 0x84, 0xD3, 0x03, 0x64, 0xD3, 0x84, 0xD3, 0x64, 0xCB, 0x84, 0xD3,
    0x81, 0x64, 0xD3, 0x00, 0x64, 0xCB, 0x82, 0x64, 0xD3, 0x01, 0x84, 0xD3, 0x64, 0xD3, 0x81, 0x84,
    0xD3, 0x09, 0x64, 0xD3, 0x84, 0xD3, 0x63, 0xCB, 0x64, 0xD3, 0x6D, 0xC4, 0x35, 0xD6, 0xC4, 0xAA,
    0x61, 0x61, 0x81, 0x61, 0xA1, 0x61, 0x81, 0x81, 0x61, 0x18, 0x42, 0x8A, 0xC3, 0xAA, 0x88, 0xBB,
    0x34, 0xD6, 0xA9, 0xBB, 0x81, 0x61, 0xE1, 0x71, 0x43, 0xC3, 0x2C, 0xBC, 0x35, 0xD6, 0xE5, 0xAA,
    0x81, 0x69, 0xA1, 0x69, 0x81, 0x61, 0x01, 0x8A, 0x61, 0x59, 0xA2, 0xAA, 0x26, 0xB3, 0x82, 0xA2,
    0x81, 0x61, 0xC1, 0x71, 0x51, 0xCD, 0xF4, 0xD5, 0x40, 0x9A, 0xA2, 0xAA, 0x81, 0xF4, 0xD5, 0x25,
    0xC1, 0x71, 0x81, 0x69, 0xA1, 0x69, 0x42, 0x92, 0x61, 0x59, 0x81, 0x61, 0x89, 0xB3, 0x34, 0xD6,
    0xA9, 0xBB, 0x81, 0x61, 0xE1, 0x71, 0xCF, 0xC4, 0x35, 0xD6, 0xA3, 0xA2, 0x81, 0x61, 0x22, 0x82,
    0xB3, 0xCD, 0x35, 0xD6, 0x00, 0x8A, 0x81, 0x61, 0x62, 0x92, 0xE3, 0xB2, 0x05, 0xB3, 0xC1, 0x71,
    0xA1, 0x69, 0x60, 0xA2, 0x35, 0xD6, 0xCF, 0xC4, 0x02, 0x82, 0x64, 0xCB, 0x43, 0xCB, 0x64, 0xCB,
    0x43, 0xCB, 0x64, 0xCB, 0x63, 0xCB, 0x64, 0xCB, 0x63, 0xCB, 0x64, 0xCB, 0x81, 0x64, 0xD3, 0x83,
    0x84, 0xD3, 0x01, 0x64, 0xD3, 0x84, 0xD3, 0x84, 0x64, 0xD3, 0x09, 0x64, 0xCB, 0x64, 0xD3, 0x64,
    0xCB, 0x64, 0xD3, 0x64, 0xCB, 0x64, 0xD3, 0x84, 0xD3, 0x64, 0xCB, 0x84, 0xD3, 0x64, 0xD3, 0x84,
    0x84, 0xD3, 0x03, 0x43, 0xCB, 0x64, 0xD3, 0x84, 0xD3, 0x64, 0xD3, 0x83, 0x84, 0xD3, 0x03, 0x64,
    0xD3, 0xA4, 0xD3, 0x64, 0xD3, 0xA4, 0xD3, 0x81, 0x84, 0xD3, 0x00, 0xA4, 0xD3, 0x87, 0x84, 0xD3,
    0x00, 0x64, 0xD3, 0x82, 0x84, 0xD3, 0x05, 0x6D, 0xC4, 0x35, 0xD6, 0xE4, 0xAA, 0x81, 0x61, 0x22,
    0x82, 0x44, 0xC3, 0x81, 0x43, 0xC3, 0x09, 0x43, 0xCB, 0x64, 0xD3, 0x88, 0xBB, 0x34, 0xD6, 0xA9,
    0xBB, 0x81, 0x59, 0xC1, 0x71, 0x43, 0xC3, 0xA2, 0xAA, 0x6D, 0xC4, 0x83, 0xB2, 0xCD, 0x0C, 0x80,
    0xAA, 0xA1, 0x69, 0x82, 0xA2, 0x6D, 0xC4, 0x72, 0xCD, 0xA3, 0xAA, 0xE4, 0xB2, 0x14, 0xD6, 0x46,
    0xBB, 0xC1, 0x71, 0xA1, 0x69, 0xE4, 0xB2, 0xF4, 0xD5, 0x82, 0xB2, 0xCD, 0x1A, 0x8D, 0xC4, 0x42,
    0x92, 0x22, 0x82, 0x89, 0xBB, 0x34, 0xD6, 0xA9, 0xBB, 0x81, 0x61, 0xE2, 0x79, 0xCF, 0xC4, 0x35,
    0xD6, 0x83, 0xA2, 0x81, 0x61, 0x22, 0x82, 0xC9, 0xBB, 0x35, 0xD6, 0xB3, 0xCD, 0x60, 0x9A, 0x82,
    0x92, 0x05, 0xB3, 0xF4, 0xD5, 0x67, 0xB3, 0xC3, 0xAA, 0xEF, 0xC4, 0x10, 0xC5, 0x61, 0x9A, 0x81,
    0x61, 0x01, 0x82, 0x81, 0x92, 0xCD, 0x0B, 0x21, 0x8A, 0x44, 0xC3, 0x22, 0xC3, 0xB3, 0xCD, 0x10,
    0xC5, 0x22, 0x82, 0x43, 0xCB, 0x04, 0xBB, 0xB2, 0xCD, 0x2C, 0xBC, 0x62, 0x92, 0x84, 0xD3, 0x81,
    0x64, 0xD3, 0x00, 0x63, 0xCB, 0x83, 0x64, 0xD3, 0x00, 0x64, 0xCB, 0x81, 0x64, 0xD3, 0x01, 0x64,
    0xCB, 0x64, 0xD3, 0x83, 0x84, 0xD3, 0x81, 0x64, 0xD3, 0x85, 0x84, 0xD3, 0x08, 0x43, 0xCB, 0x64,
    0xCB, 0x43, 0xCB, 0x64, 0xCB, 0x64, 0xD3, 0x63, 0xCB, 0x43, 0xCB, 0x63, 0xCB, 0x43, 0xCB, 0x82,
    0x64, 0xCB, 0x02, 0x43, 0xCB, 0x64, 0xD3, 0x64, 0xCB, 0x82, 0x63, 0xCB, 0x84, 0x43, 0xCB, 0x07,
    0x64, 0xCB, 0x43, 0xCB, 0x68, 0xB3, 0x2C, 0xBC, 0x83, 0xA2, 0x61, 0x59, 0x01, 0x82, 0x23, 0xC3,
    0x81, 0x64, 0xCB, 0x81, 0x43, 0xCB, 0x08, 0xE5, 0xB2, 0x2C, 0xBC, 0xE5, 0xB2, 0x61, 0x59, 0xC1,
    0x71, 0x23, 0xC3, 0x43, 0xCB, 0x81, 0xAA, 0x0C, 0xBC, 0x81, 0x2C, 0xBC, 0x0D, 0x27, 0xB3, 0xE1,
    0x79, 0x40, 0x59, 0x62, 0x9A, 0x81, 0xA2, 0x0C, 0xBC, 0x4C, 0xBC, 0x2C, 0xBC, 0x47, 0xB3, 0xA1,
    0x71, 0x81, 0x61, 0x61, 0x61, 0xE1, 0x79, 0xC3, 0xB2, 0x82, 0x2C, 0xBC, 0x13, 0x40, 0x9A, 0xC1,
    0x71, 0xC1, 0x69, 0x05, 0xB3, 0x2C, 0xBC, 0x05, 0xB3, 0x61, 0x59, 0xE1, 0x79, 0x89, 0xBB, 0x2C,
    0xBC, 0x82, 0xA2, 0x61, 0x61, 0x02, 0x82, 0xA2, 0xAA, 0xCA, 0xBB, 0x2C, 0xBC, 0x21, 0x92, 0xA1,
    0x69, 0xA2, 0xA2, 0xE4, 0xB2, 0x81, 0x4C, 0xBC, 0x12, 0x2C, 0xBC, 0x20, 0x9A, 0x61, 0x59, 0x61,
    0x61, 0xC1, 0x71, 0x0C, 0xBC, 0x2C, 0xBC, 0xC1, 0x79, 0xC1, 0x71, 0xA2, 0xB2, 0x2C, 0xBC, 0xEA,
    0xBB, 0x81, 0x61, 0xE1, 0x79, 0xC3, 0xB2, 0x2C, 0xBC, 0x68, 0xB3, 0x60, 0x59, 0x42, 0x92, 0x86,
    0x43, 0xCB, 0x00, 0x23, 0xCB, 0x81, 0x43, 0xCB, 0x82, 0x23, 0xCB, 0x83, 0x43, 0xCB, 0x81, 0x63,
    0xCB, 0x02, 0x84, 0xD3, 0x64, 0xCB, 0x63, 0xCB, 0x82, 0x64, 0xCB, 0x01, 0x43, 0xCB, 0x63, 0xCB,
    0x82, 0x43, 0xCB, 0x01, 0x63, 0xCB, 0x64, 0xCB, 0x82, 0x43, 0xCB, 0x00, 0x23, 0xCB, 0x84, 0x43,
    0xCB, 0x81, 0x23, 0xCB, 0x01, 0x43, 0xCB, 0x64, 0xCB, 0x83, 0x43, 0xCB, 0x00, 0xA2, 0xAA, 0x81,
    0x61, 0x59, 0x02, 0x81, 0x61, 0xE1, 0x79, 0x23, 0xC3, 0x83, 0x43, 0xCB, 0x08, 0xE3, 0xB2, 0x60,
    0x59, 0x40, 0x59, 0x60, 0x59, 0xC1, 0x71, 0xE2, 0xBA, 0x23, 0xCB, 0x02, 0xC3, 0xE1, 0x81, 0x82,
    0x40, 0x59, 0x04, 0x60, 0x59, 0x61, 0x59, 0xA1, 0x69, 0x03, 0xC3, 0x01, 0x82, 0x81, 0x60, 0x59,
    0x00, 0x61, 0x59, 0x81, 0x60, 0x59, 0x04, 0xE1, 0x79, 0xE3, 0xB2, 0xE3, 0xBA, 0x81, 0x61, 0x60,
    0x59, 0x81, 0x61, 0x59, 0x02, 0x60, 0x59, 0x61, 0x59, 0xA1, 0x71, 0x81, 0x61, 0x59, 0x09, 0x61,
    0x61, 0xC1, 0x71, 0x62, 0x92, 0x60, 0x59, 0x61, 0x59, 0x61, 0x61, 0x02, 0x82, 0x43, 0xCB, 0x62,
    0x9A, 0x40, 0x59, 0x81, 0x60, 0x59, 0x03, 0x42, 0x92, 0xC2, 0xB2, 0x81, 0x61, 0x40, 0x59, 0x81,
    0x60, 0x59, 0x81, 0x81, 0x61, 0x0F, 0x62, 0x92, 0x22, 0x82, 0x60, 0x59, 0x61, 0x59, 0x61, 0x61,
    0x62, 0x92, 0xE1, 0x79, 0x40, 0x59, 0x60, 0x59, 0x60, 0x61, 0x62, 0x9A, 0x81, 0x69, 0x61, 0x59,
    0x60, 0x59, 0x81, 0x69, 0xC2, 0xBA, 0x81, 0x23, 0xCB, 0x01, 0x02, 0xCB, 0x03, 0xCB, 0x84, 0x23,
    0xCB, 0x8A, 0x43, 0xCB, 0x00, 0x64, 0xCB, 0x81, 0x43, 0xCB, 0x82, 0x84, 0xD3, 0x81, 0x64, 0xD3,
    0x01, 0x63, 0xCB, 0x64, 0xCB, 0x81, 0x64, 0xD3, 0x82, 0x84, 0xD3, 0x82, 0x64, 0xD3, 0x00, 0x43,
    0xCB, 0x81, 0x64, 0xD3, 0x81, 0x84, 0xD3, 0x02, 0x64, 0xD3, 0x43, 0xCB, 0x64, 0xCB, 0x82, 0x84,
    0xD3, 0x00, 0xE3, 0xB2, 0x81, 0x02, 0x82, 0x01, 0x42, 0x8A, 0x43, 0xCB, 0x82, 0x64, 0xCB, 0x12,
    0x43, 0xCB, 0x64, 0xD3, 0x03, 0xBB, 0x22, 0x82, 0x01, 0x82, 0x22, 0x8A, 0x23, 0xC3, 0x63, 0xCB,
    0x64, 0xD3, 0x43, 0xCB, 0x62, 0x92, 0x02, 0x82, 0x01, 0x7A, 0x01, 0x82, 0x22, 0x82, 0xE3, 0xB2,
    0x44, 0xC3, 0x64, 0xCB, 0x42, 0x92, 0x81, 0x02, 0x82, 0x02, 0x22, 0x82, 0x22, 0x8A, 0x03, 0xB3,
    0x81, 0x84, 0xD3, 0x00, 0x23, 0xBB, 0x83, 0x22, 0x82, 0x07, 0x82, 0x9A, 0x24, 0xBB, 0x23, 0xBB,
    0x22, 0x82, 0x02, 0x82, 0x42, 0x8A, 0x43, 0xC3, 0xC3, 0xAA, 0x81, 0x02, 0x82, 0x03, 0x62, 0x92,
    0x64, 0xCB, 0x84, 0xD3, 0xA3, 0xA2, 0x81, 0x02, 0x82, 0x04, 0x82, 0x9A, 0x43, 0xCB, 0x23, 0xBB,
    0x02, 0x82, 0x22, 0x82, 0x81, 0x02, 0x82, 0x0C, 0x62, 0x9A, 0x43, 0xC3, 0x64, 0xD3, 0x83, 0x9A,
    0x22, 0x82, 0x02, 0x82, 0xA3, 0xA2, 0x44, 0xCB, 0x22, 0x8A, 0x01, 0x7A, 0x02, 0x82, 0xE3, 0xB2,
    0x03, 0xBB, 0x81, 0x02, 0x82, 0x03, 0x22, 0x82, 0x23, 0xC3, 0x63, 0xCB, 0x43, 0xCB, 0x81, 0x63,
    0xCB, 0x00, 0x64, 0xD3, 0x81, 0x64, 0xCB, 0x03, 0x64, 0xD3, 0x43, 0xCB, 0x64, 0xD3, 0x63, 0xCB,
    0x82, 0x64, 0xD3, 0x01, 0x63, 0xCB, 0x64, 0xD3, 0x87, 0x84, 0xD3, 0x00, 0x64, 0xCB, 0x83, 0x64,
    0xD3, 0x00, 0x84, 0xD3, 0x81, 0x64, 0xD3, 0x00, 0x84, 0xD3, 0x81, 0x64, 0xD3, 0x82, 0x64, 0xCB,
    0x03, 0x64, 0xD3, 0x64, 0xCB, 0x63, 0xCB, 0x64, 0xCB, 0x82, 0x43, 0xCB, 0x81, 0x64, 0xCB, 0x06,
    0x43, 0xCB, 0x64, 0xD3, 0x84, 0xD3, 0x64, 0xD3, 0x63, 0xCB, 0x43, 0xCB, 0x23, 0xCB, 0x81, 0x43,
    0xCB, 0x01, 0x64, 0xD3, 0x64, 0xCB, 0x82, 0x64, 0xD3, 0x81, 0x63, 0xCB, 0x81, 0x43, 0xCB, 0x06,
    0x64, 0xCB, 0x43, 0xCB, 0x63, 0xCB, 0x43, 0xCB, 0x63, 0xCB, 0x64, 0xD3, 0x64, 0xCB, 0x81, 0x43,
    0xCB, 0x00, 0x63, 0xCB, 0x81, 0x64, 0xD3, 0x8B, 0x84, 0xD3, 0x86, 0x64, 0xD3, 0x02, 0x84, 0xD3,
    0x64, 0xD3, 0x84, 0xD3, 0x83, 0x64, 0xD3, 0x83, 0x64, 0xCB, 0x01, 0x43, 0xCB, 0x64, 0xD3, 0x82,
    0x43, 0xCB, 0x02, 0x64, 0xD3, 0x63, 0xCB, 0x43, 0xCB, 0x82, 0x64, 0xD3, 0x00, 0x63, 0xCB, 0x83,
    0x43, 0xCB, 0x01, 0x64, 0xD3, 0x64, 0xCB, 0x82, 0x64, 0xD3, 0x01, 0x43, 0xCB, 0x63, 0xCB, 0x81,
    0x43, 0xCB, 0x00, 0x64, 0xCB, 0x82, 0x43, 0xCB, 0x02, 0x64, 0xCB, 0x64, 0xD3, 0x63, 0xCB, 0x81,
    0x43, 0xCB, 0x02, 0x63, 0xCB, 0x64, 0xD3, 0x64, 0xCB, 0x82, 0x84, 0xD3, 0x00, 0x64, 0xD3, 0x82,
    0x84, 0xD3, 0x82, 0x64, 0xD3, 0x8A, 0x84, 0xD3, 0x83, 0x64, 0xD3, 0x00, 0x64, 0xCB, 0x82, 0x64,
    0xD3, 0x01, 0x84, 0xD3, 0x64, 0xD3, 0x81, 0x64, 0xCB, 0x01, 0x43, 0xCB, 0x63, 0xCB, 0x82, 0x43,
    0xCB, 0x00, 0x63, 0xCB, 0x82, 0x43, 0xCB, 0x03, 0x64, 0xCB, 0x64, 0xD3, 0x43, 0xCB, 0x64, 0xCB,
    0x81, 0x64, 0xD3, 0x00, 0x63, 0xCB, 0x84, 0x43, 0xCB, 0x01, 0x64, 0xCB, 0x63, 0xCB, 0x81, 0x43,
    0xCB, 0x04, 0x63, 0xCB, 0x64, 0xD3, 0x63, 0xCB, 0x43, 0xCB, 0x63, 0xCB, 0x85, 0x64, 0xD3, 0x82,
    0x84, 0xD3, 0x03, 0x64, 0xD3, 0x84, 0xD3, 0x64, 0xCB, 0x64, 0xD3, 0x86, 0x84, 0xD3, 0x00, 0xA4,
    0xD3, 0x82, 0x84, 0xD3, 0x01, 0x64, 0xD3, 0x84, 0xD3, 0x82, 0x64, 0xD3, 0x00, 0x64, 0xCB, 0x81,
    0x64, 0xD3, 0x81, 0x84, 0xD3, 0x81, 0x64, 0xD3, 0x81, 0x43, 0xCB, 0x00, 0x63, 0xCB, 0x81, 0x43,
    0xCB, 0x04, 0x63, 0xCB, 0x43, 0xCB, 0x63, 0xCB, 0x43, 0xCB, 0x63, 0xCB, 0x81, 0x64, 0xD3, 0x03,
    0x43, 0xCB, 0x64, 0xCB, 0x64, 0xD3, 0x64, 0xCB, 0x85, 0x43, 0xCB, 0x81, 0x63, 0xCB, 0x81, 0x43,
    0xCB, 0x04, 0x63, 0xCB, 0x64, 0xD3, 0x63, 0xCB, 0x43, 0xCB, 0x63, 0xCB, 0x81, 0x64, 0xD3, 0x00,
    0x84, 0xD3, 0x81, 0x64, 0xD3, 0x04, 0x43, 0xCB, 0x63, 0xCB, 0x43, 0xCB, 0x64, 0xCB, 0x63, 0xCB,
    0x82, 0x64, 0xCB, 0x02, 0x63, 0xCB, 0x43, 0xCB, 0x64, 0xD3, 0x89, 0x43, 0xCB, 0x00, 0x63, 0xCB,
    0x82, 0x43, 0xCB, 0x00, 0x23, 0xCB, 0x84, 0x43, 0xCB, 0x00, 0x64, 0xD3, 0x87, 0x43, 0xCB, 0x00,
    0x23, 0xCB, 0x8C, 0x43, 0xCB, 0x00, 0x23, 0xCB, 0x89, 0x43, 0xCB, 0x01, 0x64, 0xCB, 0x63, 0xCB,
    0x82, 0x43, 0xCB, 0x81, 0x63, 0xCB, 0x00, 0x43, 0xCB, 0x81, 0x64, 0xCB, 0x81, 0x43, 0xCB, 0x00,
    0x64, 0xCB, 0x8D, 0x43, 0xCB, 0x00, 0x23, 0xCB, 0x81, 0x43, 0xCB, 0x00, 0x64, 0xCB, 0x81, 0x43,
    0xCB, 0x00, 0x64, 0xD3, 0x82, 0x43, 0xCB, 0x00, 0x23, 0xCB, 0x81, 0x43, 0xCB, 0x01, 0x23, 0xCB,
    0x43, 0xCB, 0x81, 0x23, 0xCB, 0x8B, 0x43, 0xCB, 0x00, 0x23, 0xCB, 0x85, 0x43, 0xCB, 0x01, 0x23,
    0xCB, 0x43, 0xCB, 0x88, 0x23, 0xCB, 0x81, 0x43, 0xCB, 0x88, 0x23, 0xCB, 0x81, 0x43, 0xCB, 0x02,
    0x23, 0xCB, 0x02, 0xC3, 0x23, 0xCB, 0x82, 0x02, 0xC3, 0x81, 0xE2, 0xC2, 0x00, 0x02, 0xC3, 0x82,
    0x23, 0xCB, 0x00, 0x02, 0xC3, 0x81, 0x02, 0xCB, 0x00, 0x23, 0xCB, 0x85, 0x02, 0xC3, 0x04, 0x02,
    0xCB, 0x02, 0xC3, 0x23, 0xCB, 0x02, 0xCB, 0x02, 0xC3, 0x81, 0x23, 0xCB, 0x84, 0x43, 0xCB, 0x87,
    0x23, 0xCB, 0x02, 0x43, 0xCB, 0x23, 0xCB, 0x43, 0xCB, 0x88, 0x23, 0xCB, 0x81, 0x43, 0xCB, 0x87,
    0x23, 0xCB, 0x82, 0x43, 0xCB, 0x00, 0x23, 0xCB, 0x84, 0x02, 0xC3, 0x00, 0xE2, 0xC2, 0x81, 0x02,
    0xC3, 0x82, 0x23, 0xCB, 0x00, 0x02, 0xC3, 0x81, 0x02, 0xCB, 0x87, 0x02, 0xC3, 0x83, 0x02, 0xCB,
    0x00, 0x23, 0xCB, 0x85, 0x43, 0xCB, 0x83, 0x23, 0xCB, 0x00, 0x43, 0xCB, 0x82, 0x23, 0xCB, 0x84,
    0x43, 0xCB, 0x82, 0x23, 0xCB, 0x81, 0x43, 0xCB, 0x00, 0x23, 0xCB, 0x82, 0x43, 0xCB, 0x81, 0x23,
    0xCB, 0x81, 0x43, 0xCB, 0x00, 0x64, 0xCB, 0x82, 0x43, 0xCB, 0x00, 0x23, 0xCB, 0x82, 0x43, 0xCB,
    0x81, 0x23, 0xCB, 0x83, 0x43, 0xCB, 0x00, 0x23, 0xCB, 0x83, 0x43, 0xCB, 0x00, 0x23, 0xCB, 0x88,
    0x43, 0xCB, 0x01, 0x63, 0xCB, 0x43, 0xCB, 0x82, 0x64, 0xCB, 0x00, 0x63, 0xCB, 0x84, 0x43, 0xCB,
    0x05, 0x23, 0xCB, 0x02, 0xC3, 0x02, 0xCB, 0x43, 0xCB, 0x23, 0xCB, 0x43, 0xCB, 0x82, 0x23, 0xCB,
    0x84, 0x43, 0xCB, 0x81, 0x23, 0xCB, 0x82, 0x43, 0xCB, 0x02, 0x23, 0xCB, 0x63, 0xCB, 0x43, 0xCB,
    0x82, 0x23, 0xCB, 0x00, 0x43, 0xCB, 0x81, 0x63, 0xCB, 0x82, 0x43, 0xCB, 0x00, 0x23, 0xCB, 0x82,
    0x43, 0xCB, 0x00, 0x23, 0xCB, 0x84, 0x43, 0xCB, 0x00, 0x23, 0xCB, 0x83, 0x43, 0xCB, 0x00, 0x23,
    0xCB, 0x88, 0x43, 0xCB, 0x01, 0x63, 0xCB, 0x43, 0xCB, 0x82, 0x64, 0xCB, 0x00, 0x63, 0xCB, 0x83,
    0x43, 0xCB, 0x02, 0x63, 0xCB, 0x43, 0xCB, 0x63, 0xCB, 0x83, 0x64, 0xD3, 0x00, 0x64, 0xCB, 0x81,
    0x43, 0xCB, 0x81, 0x64, 0xCB, 0x01, 0x43, 0xCB, 0x64, 0xD3, 0x89, 0x43, 0xCB, 0x00, 0x63, 0xCB,
    0x8D, 0x43, 0xCB, 0x00, 0x23, 0xCB, 0x8C, 0x43, 0xCB, 0x01, 0x63, 0xCB, 0x43, 0xCB, 0x81, 0x63,
    0xCB, 0x00, 0x64, 0xD3, 0x81, 0x64, 0xCB, 0x81, 0x64, 0xD3, 0x00, 0x84, 0xD3, 0x81, 0x64, 0xD3,
    0x81, 0x43, 0xCB, 0x01, 0x64, 0xCB, 0x43, 0xCB, 0x83, 0x64, 0xD3, 0x81, 0x64, 0xCB, 0x00, 0x43,
    0xCB, 0x82, 0x64, 0xCB, 0x01, 0x43, 0xCB, 0x64, 0xD3, 0x89, 0x43, 0xCB, 0x00, 0x64, 0xCB, 0x85,
    0x43, 0xCB, 0x00, 0x23, 0xCB, 0x86, 0x43, 0xCB, 0x00, 0x23, 0xCB, 0x8C, 0x43, 0xCB, 0x00, 0x64,
    0xCB, 0x81, 0x63, 0xCB, 0x01, 0x64, 0xCB, 0x64, 0xD3, 0x81, 0x64, 0xCB, 0x00, 0x43, 0xCB, 0x81,
    0x64, 0xCB, 0x03, 0x63, 0xCB, 0x64, 0xCB, 0x43, 0xCB, 0x64, 0xD3, 0x83, 0x43, 0xCB, 0x00, 0x64,
    0xCB, 0x81, 0x43, 0xCB, 0x00, 0x23, 0xCB, 0x85, 0x43, 0xCB, 0x01, 0x63, 0xCB, 0x64, 0xCB, 0x83,
    0x43, 0xCB, 0x00, 0x64, 0xCB, 0x82, 0x43, 0xCB, 0x81, 0x23, 0xCB, 0x86, 0x43, 0xCB, 0x00, 0x23,
    0xCB, 0x87, 0x43, 0xCB, 0x81, 0x23, 0xCB, 0x86, 0x43, 0xCB, 0x81, 0x64, 0xCB, 0x03, 0x43, 0xCB,
    0x64, 0xCB, 0x63, 0xCB, 0x64, 0xCB, 0x81, 0x64, 0xD3, 0x07, 0x64, 0xCB, 0x43, 0xCB, 0x64, 0xD3,
    0x64, 0xCB, 0x43, 0xCB, 0x64, 0xCB, 0x43, 0xCB, 0x64, 0xCB, 0x85, 0x43, 0xCB, 0x81, 0x23, 0xCB,
    0x85, 0x43, 0xCB, 0x01, 0x63, 0xCB, 0x64, 0xCB, 0x83, 0x43, 0xCB, 0x00, 0x63, 0xCB, 0x85, 0x43,
    0xCB, 0x00, 0x63, 0xCB, 0x84, 0x43, 0xCB, 0x00, 0x23, 0xCB, 0x87, 0x43, 0xCB, 0x00, 0x23, 0xCB,
    0x87, 0x43, 0xCB, 0x81, 0x64, 0xCB, 0x81, 0x43, 0xCB, 0x06, 0x64, 0xCB, 0x63, 0xCB, 0x43, 0xCB,
    0x63, 0xCB, 0x64, 0xCB, 0x63, 0xCB, 0x64, 0xD3, 0x81, 0x43, 0xCB, 0x02, 0x64, 0xCB, 0x43, 0xCB,
    0x84, 0xD3, 0x81, 0x64, 0xCB, 0x00, 0x43, 0xCB, 0x81, 0x64, 0xCB, 0x00, 0x63, 0xCB, 0x81, 0x64,
    0xCB, 0x03, 0x64, 0xD3, 0x64, 0xCB, 0x64, 0xD3, 0x64, 0xCB, 0x81, 0x43, 0xCB, 0x03, 0x64, 0xCB,
    0x64, 0xD3, 0x64, 0xCB, 0x63, 0xCB, 0x83, 0x43, 0xCB, 0x00, 0x63, 0xCB, 0x8C, 0x43, 0xCB, 0x83,
    0x23, 0xCB, 0x01, 0x43, 0xCB, 0x23, 0xCB, 0x87, 0x43, 0xCB, 0x00, 0x64, 0xD3, 0x82, 0x64, 0xCB,
    0x81, 0x63, 0xCB, 0x05, 0x64, 0xCB, 0x63, 0xCB, 0x43, 0xCB, 0x64, 0xD3, 0x43, 0xCB, 0x64, 0xD3,
    0x81, 0x43, 0xCB, 0x02, 0x64, 0xCB, 0x43, 0xCB, 0x84, 0xD3, 0x81, 0x64, 0xCB, 0x00, 0x43, 0xCB,
    0x81, 0x64, 0xCB, 0x00, 0x63, 0xCB, 0x81, 0x64, 0xCB, 0x03, 0x64, 0xD3, 0x64, 0xCB, 0x64, 0xD3,
    0x63, 0xCB, 0x81, 0x43, 0xCB, 0x81, 0x64, 0xCB, 0x81, 0x63, 0xCB, 0x81, 0x43, 0xCB, 0x02, 0x63,
    0xCB, 0x43, 0xCB, 0x63, 0xCB, 0x8C, 0x43, 0xCB, 0x83, 0x23, 0xCB, 0x01, 0x43, 0xCB, 0x23, 0xCB,
    0x85, 0x43, 0xCB, 0x82, 0x23, 0xCB, 0x81, 0x43, 0xCB, 0x00, 0x23, 0xCB, 0x82, 0x43, 0xCB, 0x81,
    0x23, 0xCB, 0x82, 0x43, 0xCB, 0x81, 0x23, 0xCB, 0x82, 0x43, 0xCB, 0x03, 0x23, 0xCB, 0x43, 0xCB,
    0x23, 0xCB, 0x43, 0xCB, 0x87, 0x23, 0xCB, 0x00, 0x43, 0xCB, 0x81, 0x23, 0xCB, 0x82, 0x43, 0xCB,
    0x8B, 0x23, 0xCB, 0x03, 0x02, 0xCB, 0x02, 0xC3, 0x23, 0xCB, 0x43, 0xCB, 0x81, 0x23, 0xCB, 0x00,
    0x02, 0xC3, 0x82, 0x23, 0xCB, 0x83, 0x43, 0xCB, 0x81, 0x23, 0xCB, 0x81, 0x43, 0xCB, 0x00, 0x23,
    0xCB, 0x87, 0x43, 0xCB, 0x82, 0x23, 0xCB, 0x03, 0x43, 0xCB, 0x23, 0xCB, 0x43, 0xCB, 0x23, 0xCB,
    0x81, 0x43, 0xCB, 0x81, 0x23, 0xCB, 0x02, 0x43, 0xCB, 0x23, 0xCB, 0x43, 0xCB, 0x87, 0x23, 0xCB,
    0x00, 0x43, 0xCB, 0x81, 0x23, 0xCB, 0x81, 0x43, 0xCB, 0x8C, 0x23, 0xCB, 0x81, 0x02, 0xC3, 0x01,
    0x23, 0xCB, 0x43, 0xCB, 0x81, 0x23, 0xCB, 0x00, 0x02, 0xC3, 0x82, 0x23, 0xCB, 0x81, 0x43, 0xCB,
    0x81, 0x23, 0xCB, 0x86, 0x43, 0xCB, 0x04, 0x23, 0xCB, 0x43, 0xCB, 0x03, 0xCB, 0x23, 0xCB, 0x02,
    0xC3, 0x81, 0x23, 0xCB, 0x00, 0x02, 0xCB, 0x82, 0x23, 0xCB, 0x00, 0x03, 0xCB, 0x81, 0x23, 0xCB,
    0x00, 0x43, 0xCB, 0x81, 0x23, 0xCB, 0x81, 0x02, 0xC3, 0x02, 0xE2, 0xC2, 0x02, 0xC3, 0x02, 0xCB,
    0x82, 0x02, 0xC3, 0x00, 0x23, 0xCB, 0x81, 0x02, 0xC3, 0x05, 0x02, 0xCB, 0x02, 0xC3, 0xE2, 0xC2,
    0x02, 0xC3, 0x23, 0xCB, 0x02, 0xC3, 0x84, 0x23, 0xCB, 0x04, 0x02, 0xC3, 0x23, 0xCB, 0x02, 0xC3,
    0x23, 0xCB, 0x02, 0xC3, 0x82, 0x23, 0xCB, 0x05, 0x22, 0xCB, 0xE2, 0xC2, 0x02, 0xC3, 0x23, 0xCB,
    0x02, 0xC3, 0x23, 0xCB, 0x81, 0x43, 0xCB, 0x84, 0x23, 0xCB, 0x86, 0x43, 0xCB, 0x86, 0x23, 0xCB,
    0x00, 0x02, 0xC3, 0x82, 0x23, 0xCB, 0x00, 0x03, 0xCB, 0x81, 0x23, 0xCB, 0x00, 0x43, 0xCB, 0x81,
    0x23, 0xCB, 0x81, 0x02, 0xC3, 0x02, 0xE2, 0xC2, 0x02, 0xC3, 0x02, 0xCB, 0x82, 0x02, 0xC3, 0x00,
    0x23, 0xCB, 0x85, 0x02, 0xC3, 0x01, 0x23, 0xCB, 0x02, 0xC3, 0x84, 0x23, 0xCB, 0x00, 0x02, 0xC3,
    0x81, 0x23, 0xCB, 0x0B, 0x02, 0xC3, 0x03, 0xCB, 0x23, 0xCB, 0x43, 0xCB, 0x23, 0xCB, 0x02, 0xC3,
    0xE2, 0xC2, 0x02, 0xC3, 0x23, 0xCB, 0x02, 0xC3, 0x02, 0xCB, 0x23, 0xCB, 0x81, 0x02, 0xC3, 0x05,
    0x03, 0xCB, 0xE2, 0xC2, 0x02, 0xCB, 0x23, 0xCB, 0x02, 0xC3, 0xE2, 0xC2, 0x82, 0x02, 0xC3, 0x00,
    0x03, 0xCB, 0x82, 0x23, 0xCB, 0x87, 0x02, 0xC3, 0x81, 0x02, 0xCB, 0x01, 0x23, 0xCB, 0x02, 0xC3,
    0x82, 0x23, 0xCB, 0x03, 0x02, 0xC3, 0x02, 0xCB, 0x02, 0xC3, 0x23, 0xCB, 0x82, 0x02, 0xC3, 0x81,
    0xE2, 0xC2, 0x81, 0x02, 0xC3, 0x00, 0x02, 0xCB, 0x82, 0x02, 0xC3, 0x00, 0xE2, 0xC2, 0x81, 0x02,
    0xC3, 0x00, 0xE2, 0xC2, 0x85, 0x02, 0xC3, 0x84, 0x23, 0xCB, 0x81, 0x02, 0xC3, 0x00, 0xE2, 0xC2,
    0x82, 0x02, 0xC3, 0x00, 0x23, 0xCB, 0x81, 0x02, 0xC3, 0x02, 0x23, 0xCB, 0xE2, 0xC2, 0x23, 0xCB,
    0x81, 0x02, 0xC3, 0x81, 0xE2, 0xC2, 0x81, 0x02, 0xC3, 0x00, 0x03, 0xC3, 0x82, 0x23, 0xCB, 0x81,
    0x02, 0xC3, 0x00, 0x03, 0xCB, 0x84, 0x02, 0xC3, 0x0A, 0x23, 0xCB, 0x02, 0xC3, 0x02, 0xCB, 0x02,
    0xC3, 0x23, 0xCB, 0x02, 0xCB, 0x23, 0xCB, 0x02, 0xC3, 0x02, 0xCB, 0x02, 0xC3, 0x23, 0xCB, 0x81,
    0x02, 0xC3, 0x82, 0xE2, 0xC2, 0x01, 0x02, 0xCB, 0x23, 0xCB, 0x83, 0x02, 0xC3, 0x00, 0xE2, 0xC2,
    0x81, 0x02, 0xC3, 0x00, 0xE2, 0xC2, 0x85, 0x02, 0xC3, 0x83, 0x23, 0xCB, 0x04, 0x02, 0xC3, 0x23,
    0xCB, 0x02, 0xC3, 0x23, 0xCB, 0x02, 0xCB, 0x88, 0x02, 0xC3, 0x00, 0x02, 0xCB, 0x81, 0x02, 0xC3,
    0x00, 0x02, 0xCB, 0x81, 0x23, 0xCB, 0x81, 0x02, 0xC3, 0x01, 0x23, 0xCB, 0x02, 0xCB, 0x85, 0x02,
    0xC3, 0x05, 0x23, 0xCB, 0x02, 0xC3, 0x02, 0xCB, 0x02, 0xC3, 0x02, 0xCB, 0x02, 0xC3, 0x81, 0x23,
    0xCB, 0x01, 0x03, 0xCB, 0x02, 0xCB, 0x81, 0x02, 0xC3, 0x84, 0x23, 0xCB, 0x00, 0x02, 0xCB, 0x82,
    0x02, 0xC3, 0x01, 0x02, 0xCB, 0x02, 0xC3, 0x83, 0x23, 0xCB, 0x00, 0x02, 0xCB, 0x81, 0x23, 0xCB,
    0x86, 0x02, 0xC3, 0x00, 0x02, 0xCB, 0x81, 0x23, 0xCB, 0x81, 0x02, 0xCB, 0x8B, 0x02, 0xC3, 0x82,
    0x23, 0xCB, 0x03, 0x02, 0xC3, 0x03, 0xCB, 0x23, 0xCB, 0x22, 0xCB, 0x85, 0x02, 0xC3, 0x05, 0x23,
    0xCB, 0x02, 0xC3, 0x02, 0xCB, 0x02, 0xC3, 0x02, 0xCB, 0x02, 0xC3, 0x81, 0x23, 0xCB, 0x01, 0x02,
    0xC3, 0x23, 0xCB, 0x81, 0x02, 0xC3, 0x85, 0x23, 0xCB, 0x82, 0x02, 0xC3, 0x01, 0x02, 0xCB, 0x02,
    0xC3, 0x85, 0x23, 0xCB, 0x03, 0x02, 0xCB, 0x02, 0xC3, 0x23, 0xCB, 0x02, 0xCB, 0x81, 0x23, 0xCB,
    0x83, 0x43, 0xCB, 0x01, 0x23, 0xCB, 0x02, 0xC3, 0x84, 0x23, 0xCB, 0x81, 0x43, 0xCB, 0x83, 0x23,
    0xCB, 0x81, 0x43, 0xCB, 0x01, 0x23, 0xCB, 0x43, 0xCB, 0x82, 0x23, 0xCB, 0x81, 0x43, 0xCB, 0x04,
    0x64, 0xCB, 0x63, 0xCB, 0x64, 0xCB, 0x63, 0xCB, 0x64, 0xD3, 0x82, 0x43, 0xCB, 0x01, 0x64, 0xCB,
    0x63, 0xCB, 0x81, 0x43, 0xCB, 0x00, 0x23, 0xCB, 0x82, 0x43, 0xCB, 0x87, 0x23, 0xCB, 0x00, 0x02,
    0xCB, 0x85, 0x23, 0xCB, 0x00, 0x02, 0xCB, 0x82, 0x23, 0xCB, 0x81, 0x43, 0xCB, 0x01, 0x23, 0xCB,
    0x02, 0xCB, 0x81, 0x23, 0xCB, 0x01, 0x43, 0xCB, 0x63, 0xCB, 0x81, 0x43, 0xCB, 0x01, 0x23, 0xCB,
    0x02, 0xC3, 0x84, 0x23, 0xCB, 0x81, 0x43, 0xCB, 0x00, 0x02, 0xCB, 0x82, 0x23, 0xCB, 0x00, 0x43,
    0xCB, 0x81, 0x23, 0xCB, 0x00, 0x43, 0xCB, 0x82, 0x23, 0xCB, 0x81, 0x43, 0xCB, 0x84, 0x64, 0xCB,
    0x82, 0x43, 0xCB, 0x81, 0x64, 0xCB, 0x85, 0x43, 0xCB, 0x87, 0x23, 0xCB, 0x00, 0x02, 0xCB, 0x81,
    0x23, 0xCB, 0x00, 0x02, 0xCB, 0x82, 0x23, 0xCB, 0x00, 0x63, 0xCB, 0x83, 0x43, 0xCB, 0x01, 0x23,
    0xCB, 0x43, 0xCB, 0x81, 0x23, 0xCB, 0x00, 0x43, 0xCB, 0x82, 0x23, 0xCB, 0x01, 0x02, 0xC3, 0x23,
    0xCB, 0x81, 0x02, 0xC3, 0x02, 0x23, 0xCB, 0x43, 0xCB, 0x23, 0xCB, 0x81, 0x43, 0xCB, 0x08, 0x02,
    0xC3, 0x23, 0xCB, 0x02, 0xCB, 0x23, 0xCB, 0x02, 0xC3, 0x23, 0xCB, 0x02, 0xC3, 0x23, 0xCB, 0x43,
    0xCB, 0x81, 0x23, 0xCB, 0x00, 0x03, 0xCB, 0x81, 0x23, 0xCB, 0x01, 0x43, 0xCB, 0x23, 0xCB, 0x81,
    0x02, 0xC3, 0x82, 0x23, 0xCB, 0x02, 0x02, 0xC3, 0x23, 0xCB, 0x02, 0xC3, 0x83, 0x23, 0xCB, 0x82,
    0x43, 0xCB, 0x00, 0x23, 0xCB, 0x85, 0x43, 0xCB, 0x84, 0x23, 0xCB, 0x81, 0x43, 0xCB, 0x00, 0x63,
    0xCB, 0x83, 0x43, 0xCB, 0x01, 0x23, 0xCB, 0x43, 0xCB, 0x81, 0x23, 0xCB, 0x00, 0x43, 0xCB, 0x82,
    0x23, 0xCB, 0x01, 0x02, 0xC3, 0x23, 0xCB, 0x81, 0x02, 0xC3, 0x81, 0x23, 0xCB, 0x82, 0x43, 0xCB,
    0x04, 0x02, 0xC3, 0x23, 0xCB, 0x02, 0xC3, 0x23, 0xCB, 0x02, 0xC3, 0x82, 0x23, 0xCB, 0x00, 0x43,
    0xCB, 0x82, 0x23, 0xCB, 0x00, 0x43, 0xCB, 0x82, 0x23, 0xCB, 0x81, 0x02, 0xC3, 0x82, 0x23, 0xCB,
    0x02, 0x02, 0xC3, 0x23, 0xCB, 0x02, 0xC3, 0x83, 0x23, 0xCB, 0x82, 0x43, 0xCB, 0x00, 0x23, 0xCB,
    0x85, 0x43, 0xCB, 0x00, 0x23, 0xCB, 0x85, 0x43, 0xCB, 0x00, 0x23, 0xCB, 0x83, 0x43, 0xCB, 0x81,
    0x23, 0xCB, 0x84, 0x43, 0xCB, 0x00, 0x63, 0xCB, 0x83, 0x43, 0xCB, 0x81, 0x23, 0xCB, 0x84, 0x43,
    0xCB, 0x01, 0x63, 0xCB, 0x43, 0xCB, 0x81, 0x63, 0xCB, 0x83, 0x43, 0xCB, 0x00, 0x23, 0xCB, 0x86,
    0x43, 0xCB, 0x85, 0x23, 0xCB, 0x84, 0x43, 0xCB, 0x82, 0x23, 0xCB, 0x00, 0x43, 0xCB, 0x84, 0x23,
    0xCB, 0x03, 0x43, 0xCB, 0x23, 0xCB, 0x43, 0xCB, 0x64, 0xCB, 0x82, 0x43, 0xCB, 0x00, 0x23, 0xCB,
    0x83, 0x43, 0xCB, 0x00, 0x23, 0xCB, 0x87, 0x43, 0xCB, 0x00, 0x23, 0xCB, 0x81, 0x43, 0xCB, 0x81,
    0x23, 0xCB, 0x84, 0x43, 0xCB, 0x02, 0x63, 0xCB, 0x43, 0xCB, 0x63, 0xCB, 0x84, 0x43, 0xCB, 0x00,
    0x23, 0xCB, 0x82, 0x43, 0xCB, 0x00, 0x23, 0xCB, 0x82, 0x43, 0xCB, 0x83, 0x23, 0xCB, 0x01, 0x43,
    0xCB, 0x23, 0xCB, 0x84, 0x43, 0xCB, 0x82, 0x23, 0xCB, 0x89, 0x43, 0xCB, 0x00, 0x64, 0xCB, 0x86,
    0x43, 0xCB, 0x01, 0x23, 0xCB, 0x43, 0xCB, 0x81, 0x23, 0xCB, 0x82, 0x43, 0xCB, 0x00, 0x23, 0xCB,
    0x85, 0x43, 0xCB, 0x81, 0x64, 0xCB, 0x05, 0x64, 0xD3, 0x64, 0xCB, 0x43, 0xCB, 0x23, 0xCB, 0x43,
    0xCB, 0x23, 0xCB, 0x85, 0x43, 0xCB, 0x01, 0x23, 0xCB, 0x43, 0xCB, 0x82, 0x23, 0xCB, 0x01, 0x43,
    0xCB, 0x23, 0xCB, 0x82, 0x43, 0xCB, 0x00, 0x63, 0xCB, 0x81, 0x43, 0xCB, 0x04, 0x64, 0xCB, 0x43,
    0xCB, 0x63, 0xCB, 0x43, 0xCB, 0x64, 0xCB, 0x88, 0x43, 0xCB, 0x00, 0x63, 0xCB, 0x82, 0x43, 0xCB,
    0x00, 0x63, 0xCB, 0x86, 0x43, 0xCB, 0x83, 0x23, 0xCB, 0x83, 0x43, 0xCB, 0x00, 0x23, 0xCB, 0x84,
    0x43, 0xCB, 0x02, 0x64, 0xCB, 0x64, 0xD3, 0x64, 0xCB, 0x81, 0x43, 0xCB, 0x01, 0x23, 0xCB, 0x43,
    0xCB, 0x81, 0x23, 0xCB, 0x86, 0x43, 0xCB, 0x84, 0x23, 0xCB, 0x83, 0x43, 0xCB, 0x00, 0x63, 0xCB,
    0x82, 0x43, 0xCB, 0x00, 0x63, 0xCB, 0x81, 0x23, 0xCB, 0x00, 0x43, 0xCB, 0x81, 0x23, 0xCB, 0x01,
    0x02, 0xC3, 0x23, 0xCB, 0x82, 0x43, 0xCB, 0x00, 0x23, 0xCB, 0x84, 0x02, 0xC3, 0x84, 0x43, 0xCB,
    0x00, 0x23, 0xCB, 0x81, 0x02, 0xC3, 0x01, 0x23, 0xCB, 0x43, 0xCB, 0x81, 0x23, 0xCB, 0x00, 0x02,
    0xCB, 0x81, 0x23, 0xCB, 0x00, 0x02, 0xC3, 0x81, 0x23, 0xCB, 0x86, 0x43, 0xCB, 0x01, 0x23, 0xCB,
    0x43, 0xCB, 0x8B, 0x23, 0xCB, 0x00, 0x03, 0xCB, 0x88, 0x23, 0xCB, 0x00, 0x43, 0xCB, 0x82, 0x23,
    0xCB, 0x00, 0x43, 0xCB, 0x81, 0x23, 0xCB, 0x00, 0x02, 0xC3, 0x83, 0x43, 0xCB, 0x00, 0x23, 0xCB,
    0x82, 0x02, 0xC3, 0x01, 0x02, 0xCB, 0x02, 0xC3, 0x84, 0x43, 0xCB, 0x00, 0x23, 0xCB, 0x81, 0x02,
    0xC3, 0x83, 0x23, 0xCB, 0x01, 0x02, 0xC3, 0x23, 0xCB, 0x81, 0x02, 0xC3, 0x81, 0x23, 0xCB, 0x86,
    0x43, 0xCB, 0x01, 0x23, 0xCB, 0x43, 0xCB, 0x8D, 0x23, 0xCB, 0x81, 0x43, 0xCB, 0x81, 0x23, 0xCB,
    0x00, 0x43, 0xCB, 0x84, 0x23, 0xCB, 0x81, 0x02, 0xC3, 0x83, 0x23, 0xCB, 0x82, 0x43, 0xCB, 0x00,
    0x23, 0xCB, 0x82, 0x02, 0xC3, 0x81, 0xE2, 0xC2, 0x01, 0x02, 0xC3, 0x02, 0xCB, 0x81, 0x23, 0xCB,
    0x02, 0x22, 0xCB, 0x23, 0xCB, 0x02, 0xC3, 0x81, 0x23, 0xCB, 0x82, 0x02, 0xC3, 0x83, 0x23, 0xCB,
    0x8A, 0x02, 0xC3, 0x00, 0x23, 0xCB, 0x84, 0x02, 0xC3, 0x00, 0x02, 0xCB, 0x82, 0x02, 0xC3, 0x81,
    0x23, 0xCB, 0x02, 0x02, 0xC3, 0xE2, 0xC2, 0x02, 0xC3, 0x81, 0x23, 0xCB, 0x00, 0x63, 0xCB, 0x81,
    0x43, 0xCB, 0x84, 0x23, 0xCB, 0x81, 0x02, 0xC3, 0x83, 0x23, 0xCB, 0x82, 0x43, 0xCB, 0x04, 0x23,
    0xCB, 0x02, 0xC3, 0xE2, 0xC2, 0x02, 0xC3, 0xE2, 0xC2, 0x81, 0x02, 0xC3, 0x00, 0x02, 0xCB, 0x81,
    0x23, 0xCB, 0x02, 0x02, 0xCB, 0x23, 0xCB, 0x02, 0xC3, 0x81, 0x23, 0xCB, 0x82, 0x02, 0xC3, 0x83,
    0x23, 0xCB, 0x8A, 0x02, 0xC3, 0x06, 0x23, 0xCB, 0x02, 0xC3, 0xE2, 0xC2, 0x02, 0xC3, 0x02, 0xCB,
    0x02, 0xC3, 0x02, 0xCB, 0x82, 0x02, 0xC3, 0x81, 0x23, 0xCB, 0x05, 0x02, 0xC3, 0x23, 0xCB, 0x02,
    0xC3, 0xE2, 0xC2, 0x02, 0xC3, 0xE2, 0xC2, 0x85, 0x02, 0xC3, 0x00, 0xE2, 0xC2, 0x82, 0x02, 0xC3,
    0x02, 0x23, 0xCB, 0x02, 0xCB, 0x03, 0xCB, 0x82, 0x02, 0xC3, 0x00, 0xE2, 0xC2, 0x85, 0x02, 0xC3,
    0x81, 0xE2, 0xC2, 0x01, 0x02, 0xC3, 0xE2, 0xC2, 0x81, 0x02, 0xC3, 0x82, 0xE2, 0xC2, 0x84, 0x02,
    0xC3, 0x83, 0xE2, 0xC2, 0x00, 0x02, 0xC3, 0x90, 0xE2, 0xC2, 0x08, 0x02, 0xC3, 0x23, 0xCB, 0x02,
    0xC3, 0x23, 0xCB, 0x02, 0xC3, 0xE2, 0xC2, 0x02, 0xC3, 0xE2, 0xC2, 0x23, 0xCB, 0x84, 0x02, 0xC3,
    0x04, 0xE2, 0xC2, 0x02, 0xC3, 0xE2, 0xC2, 0x02, 0xC3, 0x23, 0xCB, 0x81, 0x02, 0xC3, 0x01, 0xE2,
    0xC2, 0x02, 0xC3, 0x81, 0xE2, 0xC2, 0x00, 0x02, 0xCB, 0x82, 0x02, 0xC3, 0x01, 0xE2, 0xC2, 0x02,
    0xC3, 0x81, 0xE2, 0xC2, 0x00, 0x02, 0xC3, 0x81, 0xE2, 0xC2, 0x00, 0x02, 0xC3, 0x82, 0xE2, 0xC2,
    0x84, 0x02, 0xC3, 0x82, 0xE2, 0xC2, 0x00, 0x02, 0xC3, 0x89, 0xE2, 0xC2, 0x00, 0x02, 0xC3, 0x83,
    0xE2, 0xC2, 0x84, 0x02, 0xC3, 0x01, 0x23, 0xCB, 0x02, 0xCB, 0x81, 0x23, 0xCB, 0x81, 0x02, 0xC3,
    0x04, 0xE2, 0xC2, 0x02, 0xC3, 0x23, 0xCB, 0x02, 0xC3, 0x03, 0xCB, 0x85, 0x23, 0xCB, 0x00, 0x43,
    0xCB, 0x84, 0x23, 0xCB, 0x03, 0xE2, 0xC2, 0x02, 0xC3, 0xE2, 0xC2, 0x02, 0xC3, 0x82, 0x23, 0xCB,
    0x81, 0x02, 0xC3, 0x00, 0x43, 0xCB, 0x81, 0x23, 0xCB, 0x81, 0x43, 0xCB, 0x01, 0x23, 0xCB, 0x43,
    0xCB, 0x81, 0x23, 0xCB, 0x00, 0x02, 0xCB, 0x81, 0x23, 0xCB, 0x00, 0x02, 0xC3, 0x81, 0x02, 0xCB,
    0x00, 0x23, 0xCB, 0x81, 0x02, 0xCB, 0x82, 0x02, 0xC3, 0x00, 0x23, 0xCB, 0x81, 0x02, 0xC3, 0x81,
    0x02, 0xCB, 0x01, 0x23, 0xCB, 0x02, 0xCB, 0x81, 0x23, 0xCB, 0x84, 0x02, 0xC3, 0x01, 0x23, 0xCB,
    0x02, 0xC3, 0x81, 0x23, 0xCB, 0x81, 0x02, 0xC3, 0x03, 0xE2, 0xC2, 0x02, 0xC3, 0x23, 0xCB, 0x02,
    0xC3, 0x86, 0x23, 0xCB, 0x00, 0x43, 0xCB, 0x84, 0x23, 0xCB, 0x02, 0xE2, 0xC2, 0x02, 0xC3, 0xE2,
    0xC2, 0x82, 0x23, 0xCB, 0x82, 0x02, 0xC3, 0x01, 0x43, 0xCB, 0x23, 0xCB, 0x82, 0x43, 0xCB, 0x01,
    0x23, 0xCB, 0x43, 0xCB, 0x84, 0x23, 0xCB, 0x06, 0x02, 0xC3, 0x23, 0xCB, 0x02, 0xCB, 0x23, 0xCB,
    0x02, 0xCB, 0x02, 0xC3, 0x02, 0xCB, 0x81, 0x02, 0xC3, 0x00, 0x02, 0xCB, 0x81, 0x02, 0xC3, 0x82,
    0x23, 0xCB, 0x00, 0x43, 0xCB, 0x82, 0x23, 0xCB, 0x02, 0x22, 0xCB, 0x02, 0xC3, 0xE2, 0xC2, 0x84,
    0x02, 0xC3, 0x03, 0xE2, 0xC2, 0x02, 0xC3, 0xE2, 0xC2, 0x02, 0xC3, 0x81, 0x23, 0xCB, 0x00, 0x02,
    0xC3, 0x81, 0xE2, 0xC2, 0x01, 0x02, 0xC3, 0xE2, 0xC2, 0x81, 0x02, 0xC3, 0x00, 0xE2, 0xC2, 0x82,
    0x02, 0xC3, 0x00, 0xE2, 0xC2, 0x81, 0x02, 0xC3, 0x00, 0xE2, 0xC2, 0x83, 0x02, 0xC3, 0x84, 0xE2,
    0xC2, 0x00, 0x02, 0xC3, 0x82, 0x23, 0xCB, 0x00, 0x43, 0xCB, 0x81, 0x23, 0xCB, 0x00, 0x02, 0xCB,
    0x84, 0x23, 0xCB, 0x02, 0x43, 0xCB, 0x23, 0xCB, 0x43, 0xCB, 0x84, 0x23, 0xCB, 0x00, 0x43, 0xCB,
    0x81, 0x23, 0xCB, 0x81, 0x43, 0xCB, 0x82, 0x23, 0xCB, 0x81, 0x02, 0xC3, 0x00, 0xE2, 0xC2, 0x84,
    0x02, 0xC3, 0x03, 0xE2, 0xC2, 0x02, 0xC3, 0xE2, 0xC2, 0x02, 0xC3, 0x81, 0x23, 0xCB, 0x01, 0x02,
    0xC3, 0xE2, 0xC2, 0x81, 0x02, 0xC3, 0x00, 0xE2, 0xC2, 0x85, 0x02, 0xC3, 0x00, 0xE2, 0xC2, 0x86,
    0x02, 0xC3, 0x82, 0xE2, 0xC2, 0x02, 0x02, 0xC3, 0xE2, 0xC2, 0x02, 0xC3, 0x82, 0x23, 0xCB, 0x00,
    0x43, 0xCB, 0x81, 0x23, 0xCB, 0x00, 0x03, 0xCB, 0x85, 0x23, 0xCB, 0x83, 0x43, 0xCB, 0x01, 0x23,
    0xCB, 0x43, 0xCB, 0x81, 0x23, 0xCB, 0x81, 0x43, 0xCB, 0x02, 0x23, 0xCB, 0x43, 0xCB, 0x23, 0xCB,
    0x81, 0x43, 0xCB, 0x01, 0x23, 0xCB, 0x02, 0xC3, 0x86, 0x23, 0xCB, 0x84, 0x02, 0xC3, 0x00, 0x23,
    0xCB, 0x81, 0x02, 0xC3, 0x85, 0x23, 0xCB, 0x04, 0x43, 0xCB, 0x23, 0xCB, 0x02, 0xC3, 0x43, 0xCB,
    0x22, 0xC3, 0x82, 0x02, 0xC3, 0x83, 0x23, 0xCB, 0x03, 0x02, 0xCB, 0x02, 0xC3, 0x23, 0xCB, 0x03,
    0xCB, 0x81, 0x43, 0xCB, 0x82, 0x23, 0xCB, 0x02, 0x43, 0xCB, 0x23, 0xCB, 0x02, 0xC3, 0x82, 0x23,
    0xCB, 0x06, 0x43, 0xCB, 0x23, 0xCB, 0x43, 0xCB, 0x23, 0xCB, 0x63, 0xCB, 0x23, 0xCB, 0x43, 0xCB,
    0x82, 0x23, 0xCB, 0x02, 0x43, 0xCB, 0x23, 0xCB, 0x43, 0xCB, 0x81, 0x23, 0xCB, 0x81, 0x43, 0xCB,
    0x01, 0x23, 0xCB, 0x02, 0xC3, 0x81, 0x23, 0xCB, 0x00, 0x03, 0xCB, 0x83, 0x23, 0xCB, 0x84, 0x02,
    0xC3, 0x02, 0x23, 0xCB, 0x02, 0xC3, 0x02, 0xCB, 0x83, 0x23, 0xCB, 0x00, 0x43, 0xCB, 0x82, 0x23,
    0xCB, 0x01, 0x02, 0xC3, 0x23, 0xCB, 0x83, 0x02, 0xC3, 0x83, 0x23, 0xCB, 0x00, 0x02, 0xC3, 0x82,
    0x23, 0xCB, 0x81, 0x43, 0xCB, 0x82, 0x23, 0xCB, 0x03, 0x43, 0xCB, 0x23, 0xCB, 0x02, 0xC3, 0x23,
    0xCB, 0x86, 0x43, 0xCB, 0x81, 0x23, 0xCB, 0x81, 0x02, 0xC3, 0x02, 0x43, 0xCB, 0x23, 0xCB, 0x43,
    0xCB, 0x82, 0x23, 0xCB, 0x02, 0x02, 0xC3, 0x23, 0xCB, 0x02, 0xCB, 0x82, 0x23, 0xCB, 0x01, 0x02,
    0xCB, 0x02, 0xC3, 0x82, 0xE2, 0xC2, 0x81, 0x02, 0xC3, 0x02, 0x23, 0xCB, 0x02, 0xCB, 0x23, 0xCB,
    0x87, 0x02, 0xC3, 0x00, 0xE2, 0xC2, 0x81, 0x02, 0xC3, 0x89, 0x23, 0xCB, 0x85, 0x43, 0xCB, 0x82,
    0x23, 0xCB, 0x01, 0x02, 0xC3, 0x23, 0xCB, 0x83, 0x43, 0xCB, 0x02, 0x64, 0xCB, 0x43, 0xCB, 0x63,
    0xCB, 0x81, 0x43, 0xCB, 0x81, 0x23, 0xCB, 0x81, 0x02, 0xC3, 0x82, 0x43, 0xCB, 0x82, 0x23, 0xCB,
    0x01, 0x02, 0xC3, 0x02, 0xCB, 0x83, 0x23, 0xCB, 0x00, 0x03, 0xCB, 0x83, 0xE2, 0xC2, 0x81, 0x02,
    0xC3, 0x02, 0x23, 0xCB, 0x02, 0xCB, 0x23, 0xCB, 0x8A, 0x02, 0xC3, 0x87, 0x23, 0xCB, 0x02, 0x02,
    0xCB, 0x43, 0xCB, 0x23, 0xCB, 0x84, 0x43, 0xCB, 0x08, 0x23, 0xCB, 0x43, 0xCB, 0x64, 0xCB, 0x63,
    0xCB, 0x43, 0xCB, 0x63, 0xCB, 0x64, 0xCB, 0x63, 0xCB, 0x64, 0xD3, 0x81, 0x43, 0xCB, 0x02, 0x64,
    0xCB, 0x43, 0xCB, 0x84, 0xD3, 0x81, 0x64, 0xCB, 0x00, 0x43, 0xCB, 0x81, 0x64, 0xCB, 0x00, 0x63,
    0xCB, 0x81, 0x64, 0xCB, 0x03, 0x64, 0xD3, 0x64, 0xCB, 0x64, 0xD3, 0x64, 0xCB, 0x81, 0x43, 0xCB,
    0x03, 0x64, 0xCB, 0x64, 0xD3, 0x64, 0xCB, 0x63, 0xCB, 0x83, 0x43, 0xCB, 0x00, 0x63, 0xCB, 0x8C,
    0x43, 0xCB, 0x83, 0x23, 0xCB, 0x01, 0x43, 0xCB, 0x23, 0xCB, 0x87, 0x43, 0xCB, 0x00, 0x64, 0xD3,
    0x82, 0x64, 0xCB, 0x81, 0x63, 0xCB, 0x05, 0x64, 0xCB, 0x63, 0xCB, 0x43, 0xCB, 0x64, 0xD3, 0x43,
    0xCB, 0x64, 0xD3, 0x81, 0x43, 0xCB, 0x02, 0x64, 0xCB, 0x43, 0xCB, 0x84, 0xD3, 0x81, 0x64, 0xCB,
    0x00, 0x43, 0xCB, 0x81, 0x64, 0xCB, 0x00, 0x63, 0xCB, 0x81, 0x64, 0xCB, 0x03, 0x64, 0xD3, 0x64,
    0xCB, 0x64, 0xD3, 0x63, 0xCB, 0x81, 0x43, 0xCB, 0x81, 0x64, 0xCB, 0x81, 0x63, 0xCB, 0x81, 0x43,
    0xCB, 0x02, 0x63, 0xCB, 0x43, 0xCB, 0x63, 0xCB, 0x8C, 0x43, 0xCB, 0x83, 0x23, 0xCB, 0x01, 0x43,
    0xCB, 0x23, 0xCB, 0x85, 0x43, 0xCB, 0x82, 0x23, 0xCB, 0x81, 0x43, 0xCB, 0x00, 0x23, 0xCB, 0x82,
    0x43, 0xCB, 0x81, 0x23, 0xCB, 0x82, 0x43, 0xCB, 0x81, 0x23, 0xCB, 0x82, 0x43, 0xCB, 0x03, 0x23,
    0xCB, 0x43, 0xCB, 0x23, 0xCB, 0x43, 0xCB, 0x87, 0x23, 0xCB, 0x00, 0x43, 0xCB, 0x81, 0x23, 0xCB,
    0x82, 0x43, 0xCB, 0x8B, 0x23, 0xCB, 0x03, 0x02, 0xCB, 0x02, 0xC3, 0x23, 0xCB, 0x43, 0xCB, 0x81,
    0x23, 0xCB, 0x00, 0x02, 0xC3, 0x82, 0x23, 0xCB, 0x83, 0x43, 0xCB, 0x81, 0x23, 0xCB, 0x81, 0x43,
    0xCB, 0x00, 0x23, 0xCB, 0x87, 0x43, 0xCB, 0x82, 0x23, 0xCB, 0x03, 0x43, 0xCB, 0x23, 0xCB, 0x43,
    0xCB, 0x23, 0xCB, 0x81, 0x43, 0xCB, 0x81, 0x23, 0xCB, 0x02, 0x43, 0xCB, 0x23, 0xCB, 0x43, 0xCB,
    0x87, 0x23, 0xCB, 0x00, 0x43, 0xCB, 0x81, 0x23, 0xCB, 0x81, 0x43, 0xCB, 0x8C, 0x23, 0xCB, 0x81,
    0x02, 0xC3, 0x01, 0x23, 0xCB, 0x43, 0xCB, 0x81, 0x23, 0xCB, 0x00, 0x02, 0xC3, 0x82, 0x23, 0xCB,
    0x81, 0x43, 0xCB, 0x81, 0x23, 0xCB, 0x86, 0x43, 0xCB, 0x04, 0x23, 0xCB, 0x43, 0xCB, 0x03, 0xCB,
    0x23, 0xCB, 0x02, 0xC3, 0x81, 0x23, 0xCB, 0x00, 0x02, 0xCB, 0x82, 0x23, 0xCB, 0x00, 0x03, 0xCB,
    0x81, 0x23, 0xCB, 0x00, 0x43, 0xCB, 0x81, 0x23, 0xCB, 0x81, 0x02, 0xC3, 0x02, 0xE2, 0xC2, 0x02,
    0xC3, 0x02, 0xCB, 0x82, 0x02, 0xC3, 0x00, 0x23, 0xCB, 0x81, 0x02, 0xC3, 0x05, 0x02, 0xCB, 0x02,
    0xC3, 0xE2, 0xC2, 0x02, 0xC3, 0x23, 0xCB, 0x02, 0xC3, 0x84, 0x23, 0xCB, 0x04, 0x02, 0xC3, 0x23,
    0xCB, 0x02, 0xC3, 0x23, 0xCB, 0x02, 0xC3, 0x82, 0x23, 0xCB, 0x05, 0x22, 0xCB, 0xE2, 0xC2, 0x02,
    0xC3, 0x23, 0xCB, 0x02, 0xC3, 0x23, 0xCB, 0x81, 0x43, 0xCB, 0x84, 0x23, 0xCB, 0x86, 0x43, 0xCB,
    0x86, 0x23, 0xCB, 0x00, 0x02, 0xC3, 0x82, 0x23, 0xCB, 0x00, 0x03, 0xCB, 0x81, 0x23, 0xCB, 0x00,
    0x43, 0xCB, 0x81, 0x23, 0xCB, 0x81, 0x02, 0xC3, 0x02, 0xE2, 0xC2, 0x02, 0xC3, 0x02, 0xCB, 0x82,
    0x02, 0xC3, 0x00, 0x23, 0xCB, 0x85, 0x02, 0xC3, 0x01, 0x23, 0xCB, 0x02, 0xC3, 0x84, 0x23, 0xCB,
    0x00, 0x02, 0xC3, 0x81, 0x23, 0xCB, 0x0C, 0x02, 0xC3, 0x03, 0xCB, 0x23, 0xCB, 0x43, 0xCB, 0x23,
    0xCB, 0x02, 0xC3, 0xE2, 0xC2, 0x02, 0xC3, 0x23, 0xCB, 0x02, 0xC3, 0x02, 0xCB, 0x23, 0xCB, 0x63,
    0x9A, 0x81, 0xE3, 0x71, 0x04, 0x63, 0x9A, 0x02, 0xCB, 0x23, 0xCB, 0x02, 0xC3, 0xE2, 0xC2, 0x82,
    0x02, 0xC3, 0x00, 0x03, 0xCB, 0x82, 0x23, 0xCB, 0x87, 0x02, 0xC3, 0x81, 0x02, 0xCB, 0x02, 0x23,
    0xCB, 0x02, 0xC3, 0x23, 0xC3, 0x82, 0xE3, 0x71, 0x00, 0xC3, 0xB2, 0x84, 0xE3, 0x71, 0x01, 0x43,
    0x92, 0xE2, 0xC2, 0x81, 0x02, 0xC3, 0x00, 0x02, 0xCB, 0x82, 0x02, 0xC3, 0x00, 0xE2, 0xC2, 0x81,
    0x02, 0xC3, 0x00, 0xE2, 0xC2, 0x81, 0x02, 0xC3, 0x00, 0x83, 0xA2, 0x81, 0xE3, 0x71, 0x02, 0x43,
    0x92, 0x23, 0xCB, 0xE3, 0xBA, 0x82, 0xE3, 0x71, 0x81, 0x02, 0xC3, 0x00, 0xE2, 0xC2, 0x82, 0x02,
    0xC3, 0x00, 0x23, 0xCB, 0x81, 0x02, 0xC3, 0x05, 0xC3, 0xB2, 0x23, 0x82, 0xE3, 0x79, 0x43, 0x8A,
    0xE2, 0xBA, 0x43, 0x92, 0x8A, 0xE3, 0x71, 0x02, 0xA3, 0xAA, 0x02, 0xC3, 0xC3, 0xB2, 0x81, 0xE3,
    0x71, 0x04, 0x23, 0x82, 0x02, 0xCB, 0x02, 0xC3, 0x23, 0xCB, 0x83, 0xA2, 0x81, 0xE3, 0x71, 0x02,
    0x43, 0x92, 0x02, 0xC3, 0x23, 0xCB, 0x81, 0x02, 0xC3, 0x82, 0xE2, 0xC2, 0x01, 0x02, 0xCB, 0x63,
    0x9A, 0x81, 0xE3, 0x71, 0x02, 0x63, 0x9A, 0x02, 0xC3, 0xE2, 0xC2, 0x81, 0x02, 0xC3, 0x00, 0x62,
    0xA2, 0x81, 0xE3, 0x71, 0x00, 0x43, 0x92, 0x82, 0x02, 0xC3, 0x83, 0x23, 0xCB, 0x02, 0x02, 0xC3,
    0x23, 0xCB, 0x63, 0x9A, 0x81, 0x8E, 0xAC, 0x02, 0x63, 0x9A, 0x02, 0xC3, 0xA2, 0xAA, 0x81, 0xE3,
    0x71, 0x01, 0x23, 0x82, 0xA3, 0xAA, 0x81, 0xE3, 0x71, 0x00, 0x23, 0x82, 0x81, 0x02, 0xC3, 0x00,
    0x02, 0xCB, 0x81, 0x23, 0xCB, 0x81, 0x02, 0xC3, 0x01, 0x23, 0xCB, 0x02, 0xCB, 0x84, 0x02, 0xC3,
    0x0A, 0xC2, 0xB2, 0xE7, 0x8A, 0xF4, 0xCD, 0x03, 0x7A, 0xC2, 0xB2, 0xE7, 0x8A, 0xF4, 0xCD, 0x03,
    0x72, 0x0C, 0xA4, 0xEF, 0xB4, 0x43, 0x92, 0x81, 0x02, 0xC3, 0x84, 0x23, 0xCB, 0x00, 0x02, 0xCB,
    0x82, 0x02, 0xC3, 0x0A, 0x02, 0xCB, 0x02, 0xC3, 0x63, 0x9A, 0x2C, 0xA4, 0xCF, 0xB4, 0x63, 0x92,
    0x02, 0xCB, 0xE3, 0xBA, 0xE7, 0x8A, 0x35, 0xD6, 0xE3, 0x71, 0x84, 0x02, 0xC3, 0x0A, 0x02, 0xCB,
    0x23, 0xCB, 0x23, 0xC3, 0xC3, 0xB2, 0x65, 0x7A, 0x51, 0xBD, 0xF4, 0xCD, 0x8E, 0xB4, 0x23, 0x82,
    0x43, 0x8A, 0xEF, 0xB4, 0x82, 0x35, 0xD6, 0x02, 0x8A, 0x9B, 0xE3, 0x71, 0xEF, 0xB4, 0x82, 0x35,
    0xD6, 0x06, 0x8A, 0x9B, 0xA3, 0xAA, 0x23, 0xCB, 0x43, 0x92, 0x8E, 0xAC, 0x92, 0xC5, 0x03, 0x82,
    0x82, 0x02, 0xC3, 0x02, 0x83, 0xA2, 0x2C, 0xA4, 0xCF, 0xB4, 0x82, 0xE3, 0x71, 0x03, 0x23, 0x82,
    0x23, 0xCB, 0x02, 0xC3, 0x23, 0xCB, 0x81, 0x02, 0xC3, 0x00, 0x63, 0x9A, 0x81, 0x8E, 0xAC, 0x00,
    0x63, 0x9A, 0x81, 0x23, 0xCB, 0x81, 0x02, 0xC3, 0x03, 0x83, 0xA2, 0x2C, 0xA4, 0xCF, 0xB4, 0x63,
    0x92, 0x84, 0x23, 0xCB, 0x04, 0x02, 0xCB, 0x02, 0xC3, 0x23, 0xCB, 0x02, 0xCB, 0x63, 0x9A, 0x81,
    0x8E, 0xAC, 0x04, 0xE3, 0x71, 0x43, 0x8A, 0xE3, 0x71, 0x8A, 0x93, 0x92, 0xC5, 0x81, 0xE3, 0x71,
    0x01, 0x8A, 0x93, 0x92, 0xC5, 0x84, 0xE3, 0x71, 0x02, 0x43, 0x92, 0x03, 0xC3, 0x83, 0xA2, 0x81,
    0x03, 0x7A, 0x01, 0xA3, 0xA2, 0xA3, 0xAA, 0x81, 0xE3, 0x71, 0x07, 0x43, 0x8A, 0xA3, 0xA2, 0x2C,
    0xA4, 0xCF, 0xB4, 0x63, 0x92, 0xA3, 0xA2, 0x2C, 0xA4, 0xCF, 0xB4, 0x82, 0xE3, 0x71, 0x04, 0x63,
    0x92, 0xE3, 0xB2, 0x23, 0x82, 0x03, 0x7A, 0x43, 0x8A, 0x8B, 0xE3, 0x71, 0x0A, 0x63, 0x92, 0xA3,
    0xA2, 0x03, 0x7A, 0xE7, 0x8A, 0x35, 0xD6, 0xE3, 0x71, 0xC3, 0xAA, 0x23, 0x82, 0x03, 0x7A, 0x83,
    0xA2, 0x83, 0x9A, 0x83, 0xE3, 0x71, 0x05, 0xAA, 0x9B, 0xCF, 0xB4, 0x85, 0x82, 0x14, 0xD6, 0xE7,
    0x8A, 0x03, 0x7A, 0x81, 0xE3, 0x71, 0x03, 0x85, 0x82, 0xD3, 0xCD, 0x65, 0x7A, 0x03, 0x7A, 0x81,
    0xE3, 0x71, 0x02, 0x85, 0x82, 0xD3, 0xCD, 0x65, 0x7A, 0x81, 0x03, 0xBB, 0x04, 0x65, 0x7A, 0x14,
    0xD6, 0x92, 0xC5, 0x23, 0x82, 0x23, 0xCB, 0x81, 0x43, 0xCB, 0x00, 0xC3, 0xA2, 0x82, 0xE3, 0x71,
    0x08, 0x8A, 0x93, 0x92, 0xC5, 0xE3, 0x71, 0xA3, 0xA2, 0xE3, 0xB2, 0x23, 0x82, 0x03, 0x7A, 0x83,
    0xA2, 0x63, 0x9A, 0x81, 0x8E, 0xAC, 0x02, 0xE3, 0x71, 0x43, 0x8A, 0x03, 0xC3, 0x81, 0x23, 0xCB,
    0x00, 0x83, 0xA2, 0x81, 0xE3, 0x71, 0x05, 0x63, 0x92, 0xC3, 0xAA, 0x23, 0x82, 0x03, 0x7A, 0x63,
    0x9A, 0x03, 0xC3, 0x81, 0x23, 0xCB, 0x15, 0x63, 0xCB, 0x43, 0xCB, 0x83, 0x9A, 0x8E, 0xAC, 0x71,
    0xC5, 0xD3, 0xCD, 0x2C, 0xA4, 0xE3, 0x71, 0xD3, 0xCD, 0x14, 0xD6, 0xEB, 0xA3, 0xE3, 0x71, 0xD3,
    0xCD, 0x14, 0xD6, 0xEB, 0xA3, 0xE3, 0x71, 0x6D, 0xAC, 0x92, 0xC5, 0xD3, 0xCD, 0x2C, 0xA4, 0x03,
    0x7A, 0x28, 0x8B, 0x81, 0xB3, 0xCD, 0x39, 0x07, 0x8B, 0x23, 0x82, 0xCB, 0x9B, 0x51, 0xBD, 0x23,
    0x8A, 0x23, 0x82, 0x51, 0xC5, 0xAA, 0x9B, 0xA3, 0xAA, 0x23, 0x82, 0x51, 0xC5, 0xAA, 0x9B, 0x03,
    0x7A, 0x0C, 0xA4, 0x10, 0xBD, 0x03, 0x7A, 0x65, 0x7A, 0x51, 0xC5, 0xD3, 0xCD, 0xAA, 0x9B, 0xE3,
    0x71, 0x92, 0xC5, 0xEB, 0x9B, 0xCB, 0x9B, 0x92, 0xC5, 0xE3, 0x71, 0x6D, 0xAC, 0x71, 0xC5, 0xAE,
    0xB4, 0xE3, 0x71, 0x2C, 0xA4, 0xEF, 0xB4, 0x03, 0x7A, 0xA6, 0x82, 0xB3, 0xCD, 0x72, 0xC5, 0x35,
    0xD6, 0xE3, 0x71, 0x65, 0x7A, 0x71, 0xC5, 0xD3, 0xCD, 0x28, 0x8B, 0xE3, 0x71, 0x6D, 0xAC, 0x71,
    0xC5, 0xAE, 0xB4, 0x03, 0x7A, 0x23, 0x82, 0xE3, 0x71, 0x45, 0x7A, 0x34, 0xD6, 0xA6, 0x82, 0x03,
    0xBB, 0x23, 0xCB, 0x43, 0x8A, 0xCF, 0xB4, 0x0C, 0xA4, 0x63, 0x9A, 0x81, 0x02, 0xC3, 0x09, 0x43,
    0x8A, 0xCF, 0xB4, 0x0C, 0xA4, 0x83, 0x9A, 0x43, 0xCB, 0x63, 0x92, 0x4D, 0xAC, 0x71, 0xC5, 0x92,
    0xC5, 0x23, 0x82, 0x82, 0x23, 0xCB, 0x11, 0xA3, 0xA2, 0x2C, 0xA4, 0xEF, 0xB4, 0xE3, 0x71, 0xD3,
    0xCD, 0x14, 0xD6, 0xEB, 0xA3, 0x43, 0x8A, 0x65, 0x82, 0x71, 0xC5, 0xD3, 0xCD, 0x28, 0x93, 0xE3,
    0x71, 0x8E, 0xAC, 0x71, 0xC5, 0xD3, 0xCD, 0x2C, 0xA4, 0x43, 0x92, 0x81, 0x23, 0xCB, 0x0A, 0xA3,
    0xA2, 0x2C, 0xA4, 0xEF, 0xB4, 0x03, 0x7A, 0x65, 0x7A, 0x51, 0xC5, 0xD3, 0xCD, 0xAA, 0x9B, 0x83,
    0x9A, 0x43, 0xCB, 0x23, 0xCB, 0x81, 0x43, 0xCB, 0x0B, 0x83, 0x9A, 0x8E, 0xAC, 0xEF, 0xB4, 0x69,
    0x93, 0x14, 0xD6, 0xE3, 0x71, 0x8A, 0x93, 0x92, 0xC5, 0xE3, 0x71, 0x03, 0x7A, 0x8A, 0x93, 0x92,
    0xC5, 0x81, 0xE3, 0x71, 0x1D, 0x6D, 0xAC, 0xCF, 0xB4, 0xE7, 0x8A, 0x14, 0xD6, 0x24, 0x7A, 0xCF,
    0xB4, 0x6E, 0xAC, 0x49, 0x93, 0x69, 0x93, 0xE3, 0x71, 0x24, 0x7A, 0x65, 0x7A, 0x03, 0x82, 0x44,
    0x7A, 0x34, 0xD6, 0x65, 0x7A, 0x03, 0xBB, 0x44, 0x7A, 0x34, 0xD6, 0x65, 0x7A, 0x63, 0x9A, 0x0C,
    0xA4, 0x10, 0xBD, 0xE3, 0x71, 0x4D, 0xAC, 0xCF, 0xB4, 0x08, 0x8B, 0x14, 0xD6, 0x04, 0x72, 0x4D,
    0xAC, 0x81, 0xCF, 0xB4, 0x2D, 0x6D, 0xAC, 0xE3, 0x71, 0x6D, 0xAC, 0x10, 0xBD, 0x24, 0x7A, 0xE3,
    0x71, 0x2C, 0xA4, 0xEF, 0xB4, 0xE3, 0x71, 0x8E, 0xAC, 0xCF, 0xB4, 0x69, 0x93, 0x35, 0xD6, 0xE3,
    0x71, 0x6D, 0xAC, 0xCF, 0xB4, 0xCB, 0x9B, 0x51, 0xBD, 0xE3, 0x71, 0x6D, 0xAC, 0x10, 0xBD, 0x24,
    0x7A, 0x83, 0x9A, 0xE3, 0xB2, 0x48, 0x93, 0x34, 0xD6, 0x10, 0xBD, 0xE3, 0x71, 0x43, 0xCB, 0x23,
    0xC3, 0x45, 0x7A, 0x14, 0xD6, 0x45, 0x7A, 0x03, 0xC3, 0x43, 0xCB, 0x23, 0xC3, 0x45, 0x7A, 0x14,
    0xD6, 0x45, 0x7A, 0x03, 0xC3, 0x23, 0xC3, 0x44, 0x7A, 0xB3, 0xCD, 0xCB, 0x9B, 0x92, 0xC5, 0x23,
    0x82, 0x82, 0x43, 0xCB, 0x05, 0xA3, 0xA2, 0x2C, 0xA4, 0xEF, 0xB4, 0xE3, 0x71, 0x8A, 0x93, 0x92,
    0xC5, 0x81, 0xE3, 0x71, 0x09, 0x8E, 0xAC, 0x8E, 0xB4, 0xAA, 0x9B, 0xCF, 0xB4, 0xE3, 0x71, 0x8E,
    0xAC, 0xEF, 0xB4, 0x69, 0x93, 0x14, 0xD6, 0xE3, 0x79, 0x81, 0x23, 0xCB, 0x09, 0xA3, 0xA2, 0x2C,
    0xA4, 0xEF, 0xB4, 0xE3, 0x71, 0x4D, 0xAC, 0xCF, 0xB4, 0x08, 0x8B, 0x14, 0xD6, 0x04, 0x7A, 0x23,
    0xC3, 0x82, 0x43, 0xCB, 0x00, 0x83, 0x9A, 0x81, 0x8E, 0xAC, 0x0E, 0xC6, 0x82, 0x35, 0xD6, 0x03,
    0x72, 0x8A, 0x93, 0x92, 0xC5, 0x03, 0x82, 0xA3, 0xA2, 0x8A, 0x93, 0x92, 0xC5, 0x03, 0x82, 0x63,
    0x92, 0x6D, 0xAC, 0xAE, 0xB4, 0x24, 0x7A, 0x35, 0xD6, 0x81, 0xA6, 0x82, 0x03, 0x51, 0xBD, 0x51,
    0xC5, 0xA6, 0x82, 0x63, 0x92, 0x81, 0x03, 0xBB, 0x34, 0xA3, 0xA2, 0x69, 0x93, 0x92, 0xC5, 0x23,
    0x82, 0xE3, 0xB2, 0x69, 0x93, 0x92, 0xC5, 0x03, 0x82, 0xA3, 0xA2, 0x0C, 0xA4, 0x10, 0xBD, 0xE3,
    0x71, 0xEF, 0xB4, 0x0C, 0xA4, 0x44, 0x7A, 0x35, 0xD6, 0x85, 0x82, 0x08, 0x8B, 0x92, 0xC5, 0xD3,
    0xCD, 0x28, 0x8B, 0x03, 0x7A, 0x6D, 0xAC, 0xAE, 0xB4, 0x83, 0x9A, 0xA3, 0xA2, 0x2C, 0xA4, 0xEF,
    0xB4, 0xE3, 0x71, 0x10, 0xBD, 0x0C, 0xA4, 0xE7, 0x8A, 0x35, 0xD6, 0xE3, 0x71, 0x10, 0xBD, 0xD3,
    0xCD, 0x92, 0xC5, 0x71, 0xC5, 0xE3, 0x71, 0x6D, 0xAC, 0xAE, 0xB4, 0x63, 0x9A, 0xA3, 0xA2, 0x03,
    0x7A, 0xE3, 0x71, 0x24, 0x7A, 0xD3, 0xCD, 0x28, 0x93, 0x03, 0xBB, 0xE3, 0xB2, 0x49, 0x93, 0xB2,
    0xC5, 0x23, 0x82, 0x81, 0x43, 0xCB, 0x0B, 0xE3, 0xB2, 0x49, 0x93, 0xB2, 0xC5, 0x03, 0x82, 0x23,
    0xCB, 0x83, 0xA2, 0x0C, 0xA4, 0x4D, 0xAC, 0x8A, 0x9B, 0x92, 0xC5, 0xE3, 0x71, 0xA3, 0xA2, 0x81,
    0x23, 0xC3, 0x09, 0x83, 0xA2, 0x2C, 0xA4, 0xEF, 0xB4, 0xE3, 0x71, 0x8A, 0x93, 0x92, 0xC5, 0x03,
    0x7A, 0x23, 0x82, 0x10, 0xBD, 0xEB, 0xA3, 0x82, 0xE3, 0x71, 0x81, 0x8E, 0xAC, 0x0F, 0xC6, 0x82,
    0x35, 0xD6, 0x03, 0x72, 0x03, 0xBB, 0x03, 0xC3, 0x83, 0x9A, 0x2C, 0xA4, 0xEF, 0xB4, 0xE3, 0x71,
    0xEF, 0xB4, 0x0C, 0xA4, 0x44, 0x7A, 0x35, 0xD6, 0x85, 0x82, 0x23, 0xC3, 0x63, 0xCB, 0x81, 0x23,
    0xCB, 0x00, 0x83, 0x9A, 0x81, 0x8E, 0xAC, 0x54, 0xC6, 0x82, 0x35, 0xD6, 0x03, 0x72, 0x69, 0x93,
    0xD3, 0xCD, 0x03, 0x72, 0x23, 0x8A, 0x69, 0x93, 0xD3, 0xCD, 0x03, 0x72, 0xE3, 0x71, 0x6D, 0xAC,
    0xEF, 0xB4, 0xE7, 0x8A, 0x34, 0xD6, 0x24, 0x7A, 0xEB, 0x9B, 0x07, 0x8B, 0x8E, 0xAC, 0xCF, 0xB4,
    0xE3, 0x71, 0x24, 0x7A, 0x65, 0x7A, 0xE3, 0x71, 0x8E, 0xB4, 0x4D, 0xAC, 0x63, 0x9A, 0x63, 0x92,
    0x8E, 0xB4, 0x4D, 0xAC, 0x83, 0x9A, 0xA3, 0xA2, 0x0C, 0xA4, 0x10, 0xBD, 0xE3, 0x71, 0x6D, 0xAC,
    0xCF, 0xB4, 0x07, 0x8B, 0x14, 0xD6, 0x04, 0x7A, 0x03, 0x7A, 0xF4, 0xCD, 0x14, 0xD6, 0x24, 0x7A,
    0x63, 0x92, 0x6D, 0xAC, 0xAE, 0xB4, 0x63, 0x9A, 0x83, 0xA2, 0x2C, 0xA4, 0xEF, 0xB4, 0xE3, 0x71,
    0x8E, 0xB4, 0x8E, 0xAC, 0x08, 0x8B, 0x35, 0xD6, 0xE3, 0x71, 0x6E, 0xAC, 0xEF, 0xB4, 0x03, 0x72,
    0x65, 0x7A, 0xE3, 0x71, 0x6D, 0xAC, 0xAE, 0xB4, 0x83, 0x9A, 0xA3, 0xA2, 0x0C, 0xA4, 0xCF, 0xB4,
    0x45, 0x7A, 0xF4, 0xCD, 0x49, 0x93, 0xE3, 0xB2, 0xA3, 0xAA, 0xCB, 0x9B, 0x51, 0xBD, 0x23, 0x8A,
    0x02, 0xCB, 0x02, 0xC3, 0xC3, 0xAA, 0xCB, 0x9B, 0x51, 0xBD, 0x43, 0x8A, 0x43, 0xCB, 0x43, 0x8A,
    0x10, 0xBD, 0x82, 0x35, 0xD6, 0x10, 0xEB, 0xA3, 0x03, 0x7A, 0x24, 0x7A, 0x65, 0x7A, 0xE3, 0x71,
    0x2C, 0xA4, 0xEF, 0xB4, 0xE3, 0x71, 0x69, 0x93, 0xD3, 0xCD, 0x03, 0x72, 0xE3, 0x71, 0x8E, 0xAC,
    0x8E, 0xB4, 0x69, 0x93, 0x6E, 0xAC, 0xE3, 0x71, 0x81, 0x8E, 0xAC, 0x12, 0xC6, 0x82, 0x35, 0xD6,
    0x03, 0x72, 0x24, 0x7A, 0x65, 0x7A, 0xE3, 0x71, 0x2C, 0xA4, 0xEF, 0xB4, 0xE3, 0x71, 0x6D, 0xAC,
    0xCF, 0xB4, 0x07, 0x8B, 0x14, 0xD6, 0x04, 0x7A, 0x23, 0xC3, 0x23, 0xCB, 0x43, 0xCB, 0x23, 0xCB,
    0x83, 0x9A, 0x81, 0x8E, 0xAC, 0x10, 0xC6, 0x82, 0x35, 0xD6, 0x03, 0x72, 0x65, 0x7A, 0xD3, 0xCD,
    0x0C, 0xA4, 0x43, 0x92, 0x65, 0x7A, 0xD3, 0xCD, 0x0C, 0xA4, 0xE3, 0x71, 0x6D, 0xAC, 0xB3, 0xCD,
    0xF4, 0xCD, 0x4D, 0xAC, 0xE3, 0x71, 0x28, 0x93, 0x81, 0xB3, 0xCD, 0x40, 0x28, 0x93, 0x03, 0x7A,
    0xCB, 0x9B, 0x51, 0xBD, 0xE3, 0x71, 0xD3, 0xCD, 0x28, 0x8B, 0xA2, 0xAA, 0x03, 0x7A, 0xD3, 0xCD,
    0x28, 0x8B, 0xC3, 0xAA, 0x83, 0xA2, 0x0C, 0xA4, 0x10, 0xBD, 0x03, 0x7A, 0x65, 0x7A, 0x51, 0xC5,
    0xF3, 0xCD, 0xAA, 0x9B, 0x43, 0x8A, 0x23, 0x8A, 0xEF, 0xB4, 0x10, 0xBD, 0x43, 0x8A, 0x63, 0x9A,
    0x6D, 0xAC, 0xAE, 0xB4, 0x63, 0x9A, 0x83, 0xA2, 0x2C, 0xA4, 0xEF, 0xB4, 0xE3, 0x71, 0xC6, 0x82,
    0xD3, 0xCD, 0x30, 0xBD, 0x35, 0xD6, 0xE3, 0x71, 0x65, 0x82, 0x51, 0xC5, 0xF4, 0xCD, 0x2C, 0xA4,
    0xE3, 0x71, 0x6D, 0xAC, 0xAE, 0xB4, 0x63, 0x9A, 0xE3, 0xB2, 0x65, 0x7A, 0x51, 0xC5, 0x14, 0xCE,
    0xAF, 0xB4, 0x23, 0x7A, 0x23, 0xC3, 0xA3, 0xA2, 0x0C, 0xA4, 0x10, 0xBD, 0x43, 0x92, 0x43, 0xCB,
    0x23, 0xCB, 0x82, 0xA2, 0x0C, 0xA4, 0x10, 0xBD, 0x23, 0x8A, 0x02, 0xC3, 0x63, 0x92, 0x81, 0xE3,
    0x71, 0x12, 0x8A, 0x9B, 0x92, 0xC5, 0xE3, 0x71, 0x03, 0x7A, 0xCB, 0x9B, 0x51, 0xBD, 0xE3, 0x71,
    0x2C, 0xA4, 0xEF, 0xB4, 0x03, 0x82, 0x65, 0x7A, 0xD3, 0xCD, 0x0C, 0xA4, 0x23, 0x82, 0x85, 0x82,
    0x72, 0xC5, 0xD3, 0xCD, 0x48, 0x93, 0xE3, 0x71, 0x81, 0x8E, 0xAC, 0x12, 0xC6, 0x82, 0x35, 0xD6,
    0x03, 0x72, 0xCB, 0x9B, 0x51, 0xBD, 0xE3, 0x71, 0x2C, 0xA4, 0xEF, 0xB4, 0x03, 0x7A, 0x65, 0x7A,
    0x51, 0xC5, 0xF3, 0xCD, 0xAA, 0x9B, 0x63, 0x92, 0x23, 0xCB, 0x02, 0xC3, 0x23, 0xCB, 0x02, 0xC3,
    0x63, 0x9A, 0x84, 0xE3, 0x71, 0x00, 0x83, 0xA2, 0x81, 0x03, 0x7A, 0x01, 0x82, 0xA2, 0x83, 0xA2,
    0x81, 0x03, 0x7A, 0x06, 0x03, 0x82, 0x6D, 0xAC, 0xAE, 0xB4, 0xE3, 0x71, 0x43, 0x8A, 0xE2, 0xBA,
    0x62, 0x9A, 0x81, 0x03, 0x7A, 0x01, 0x63, 0x9A, 0x82, 0xA2, 0x84, 0xE3, 0x71, 0x00, 0xA2, 0xB2,
    0x82, 0xE3, 0x71, 0x0E, 0xA2, 0xAA, 0xE3, 0x71, 0x6E, 0xAC, 0xCF, 0xB4, 0x43, 0x92, 0xA3, 0xAA,
    0x23, 0x82, 0x03, 0x7A, 0x63, 0x92, 0x82, 0xA2, 0x03, 0x72, 0x10, 0xBD, 0xCA, 0x9B, 0x82, 0xA2,
    0x62, 0x9A, 0x81, 0xE3, 0x71, 0x01, 0x42, 0x92, 0x62, 0x9A, 0x81, 0xE3, 0x71, 0x02, 0x43, 0x92,
    0x62, 0xA2, 0x03, 0x7A, 0x82, 0xE3, 0x71, 0x02, 0x82, 0xAA, 0x03, 0x82, 0x03, 0x7A, 0x81, 0x43,
    0x92, 0x81, 0xE3, 0x71, 0x08, 0x43, 0x92, 0x02, 0xC3, 0xA2, 0xAA, 0x23, 0x82, 0xE3, 0x79, 0x43,
    0x8A, 0xE3, 0xBA, 0x02, 0xC3, 0x82, 0xA2, 0x81, 0xE3, 0x71, 0x03, 0x23, 0x8A, 0x02, 0xC3, 0x23,
    0xCB, 0x83, 0xA2, 0x81, 0xE3, 0x71, 0x00, 0x43, 0x8A, 0x81, 0xE2, 0xC2, 0x01, 0x02, 0xCB, 0xA2,
    0xAA, 0x81, 0xE3, 0x71, 0x01, 0x03, 0x82, 0x82, 0xA2, 0x84, 0xE3, 0x71, 0x01, 0x43, 0x92, 0x82,
    0xA2, 0x81, 0x03, 0x7A, 0x81, 0xA2, 0xAA, 0x03, 0x03, 0x82, 0x03, 0x7A, 0x63, 0x9A, 0x43, 0x92,
    0x89, 0xE3, 0x71, 0x04, 0x43, 0x92, 0xA2, 0xAA, 0x03, 0x82, 0x03, 0x7A, 0x42, 0x92, 0x82, 0xE2,
    0xC2, 0x84, 0x02, 0xC3, 0x01, 0x23, 0xCB, 0x02, 0xCB, 0x81, 0x23, 0xCB, 0x81, 0x02, 0xC3, 0x07,
    0xE2, 0xC2, 0x02, 0xC3, 0x23, 0xCB, 0x02, 0xC3, 0x63, 0x9A, 0x6D, 0xAC, 0xAE, 0xB4, 0x63, 0x9A,
    0x82, 0x23, 0xCB, 0x00, 0x43, 0xCB, 0x84, 0x23, 0xCB, 0x03, 0xE2, 0xC2, 0x02, 0xC3, 0xE2, 0xC2,
    0x02, 0xC3, 0x82, 0x23, 0xCB, 0x04, 0xA2, 0xB2, 0x28, 0x93, 0xF3, 0xCD, 0x08, 0x8B, 0xC3, 0xAA,
    0x81, 0x43, 0xCB, 0x07, 0x23, 0xCB, 0x43, 0xCB, 0x83, 0x9A, 0x2C, 0xA4, 0x92, 0xC5, 0x24, 0x7A,
    0x03, 0xC3, 0x02, 0xC3, 0x81, 0x02, 0xCB, 0x00, 0x23, 0xCB, 0x81, 0x02, 0xCB, 0x82, 0x02, 0xC3,
    0x00, 0x23, 0xCB, 0x81, 0x02, 0xC3, 0x81, 0x02, 0xCB, 0x01, 0x23, 0xCB, 0x02, 0xCB, 0x81, 0x23,
    0xCB, 0x84, 0x02, 0xC3, 0x01, 0x23, 0xCB, 0x02, 0xC3, 0x81, 0x23, 0xCB, 0x81, 0x02, 0xC3, 0x03,
    0xE2, 0xC2, 0x02, 0xC3, 0x23, 0xCB, 0x02, 0xC3, 0x86, 0x23, 0xCB, 0x00, 0x43, 0xCB, 0x84, 0x23,
    0xCB, 0x02, 0xE2, 0xC2, 0x02, 0xC3, 0xE2, 0xC2, 0x82, 0x23, 0xCB, 0x82, 0x02, 0xC3, 0x01, 0x43,
    0xCB, 0x23, 0xCB, 0x82, 0x43, 0xCB, 0x01, 0x23, 0xCB, 0x43, 0xCB, 0x84, 0x23, 0xCB, 0x06, 0x02,
    0xC3, 0x23, 0xCB, 0x02, 0xCB, 0x23, 0xCB, 0x02, 0xCB, 0x02, 0xC3, 0x02, 0xCB, 0x81, 0x02, 0xC3,
    0x00, 0x02, 0xCB, 0x81, 0x02, 0xC3, 0x82, 0x23, 0xCB, 0x00, 0x43, 0xCB, 0x82, 0x23, 0xCB, 0x02,
    0x22, 0xCB, 0x02, 0xC3, 0xE2, 0xC2, 0x84, 0x02, 0xC3, 0x00, 0x62, 0x9A, 0x81, 0xE3, 0x71, 0x00,
    0x63, 0x9A, 0x81, 0x23, 0xCB, 0x00, 0x02, 0xC3, 0x81, 0xE2, 0xC2, 0x01, 0x02, 0xC3, 0xE2, 0xC2,
    0x81, 0x02, 0xC3, 0x00, 0xE2, 0xC2, 0x82, 0x02, 0xC3, 0x00, 0xE2, 0xC2, 0x81, 0x02, 0xC3, 0x00,
    0xA2, 0xB2, 0x81, 0x03, 0x7A, 0x01, 0x63, 0x9A, 0x02, 0xC3, 0x83, 0xE2, 0xC2, 0x00, 0x82, 0xA2,
    0x81, 0x03, 0x7A, 0x02, 0xC3, 0xB2, 0x23, 0xCB, 0x43, 0xCB, 0x81, 0x23, 0xCB, 0x00, 0x02, 0xCB,
    0x84, 0x23, 0xCB, 0x02, 0x43, 0xCB, 0x23, 0xCB, 0x43, 0xCB, 0x84, 0x23, 0xCB, 0x00, 0x43, 0xCB,
    0x81, 0x23, 0xCB, 0x81, 0x43, 0xCB, 0x82, 0x23, 0xCB, 0x81, 0x02, 0xC3, 0x00, 0xE2, 0xC2, 0x84,
    0x02, 0xC3, 0x03, 0xE2, 0xC2, 0x02, 0xC3, 0xE2, 0xC2, 0x02, 0xC3, 0x81, 0x23, 0xCB, 0x01, 0x02,
    0xC3, 0xE2, 0xC2, 0x81, 0x02, 0xC3, 0x00, 0xE2, 0xC2, 0x85, 0x02, 0xC3, 0x00, 0xE2, 0xC2, 0x86,
    0x02, 0xC3, 0x82, 0xE2, 0xC2, 0x02, 0x02, 0xC3, 0xE2, 0xC2, 0x02, 0xC3, 0x82, 0x23, 0xCB, 0x00,
    0x43, 0xCB, 0x81, 0x23, 0xCB, 0x00, 0x03, 0xCB, 0x85, 0x23, 0xCB, 0x83, 0x43, 0xCB, 0x01, 0x23,
    0xCB, 0x43, 0xCB, 0x81, 0x23, 0xCB, 0x81, 0x43, 0xCB, 0x02, 0x23, 0xCB, 0x43, 0xCB, 0x23, 0xCB,
    0x81, 0x43, 0xCB, 0x01, 0x23, 0xCB, 0x02, 0xC3, 0x86, 0x23, 0xCB, 0x84, 0x02, 0xC3, 0x00, 0x23,
    0xCB, 0x81, 0x02, 0xC3, 0x85, 0x23, 0xCB, 0x04, 0x43, 0xCB, 0x23, 0xCB, 0x02, 0xC3, 0x43, 0xCB,
    0x22, 0xC3, 0x82, 0x02, 0xC3, 0x83, 0x23, 0xCB, 0x03, 0x02, 0xCB, 0x02, 0xC3, 0x23, 0xCB, 0x03,
    0xCB, 0x81, 0x43, 0xCB, 0x82, 0x23, 0xCB, 0x02, 0x43, 0xCB, 0x23, 0xCB, 0x02, 0xC3, 0x82, 0x23,
    0xCB, 0x06, 0x43, 0xCB, 0x23, 0xCB, 0x43, 0xCB, 0x23, 0xCB, 0x63, 0xCB, 0x23, 0xCB, 0x43, 0xCB,
    0x82, 0x23, 0xCB, 0x02, 0x43, 0xCB, 0x23, 0xCB, 0x43, 0xCB, 0x81, 0x23, 0xCB, 0x81, 0x43, 0xCB,
    0x01, 0x23, 0xCB, 0x02, 0xC3, 0x81, 0x23, 0xCB, 0x00, 0x03, 0xCB, 0x83, 0x23, 0xCB, 0x84, 0x02,
    0xC3, 0x02, 0x23, 0xCB, 0x02, 0xC3, 0x02, 0xCB, 0x83, 0x23, 0xCB, 0x00, 0x43, 0xCB, 0x82, 0x23,
    0xCB, 0x01, 0x02, 0xC3, 0x23, 0xCB, 0x83, 0x02, 0xC3, 0x83, 0x23, 0xCB, 0x00, 0x02, 0xC3, 0x82,
    0x23, 0xCB, 0x81, 0x43, 0xCB, 0x82, 0x23, 0xCB, 0x03, 0x43, 0xCB, 0x23, 0xCB, 0x02, 0xC3, 0x23,
    0xCB, 0x86, 0x43, 0xCB, 0x81, 0x23, 0xCB, 0x81, 0x02, 0xC3, 0x02, 0x43, 0xCB, 0x23, 0xCB, 0x43,
    0xCB, 0x82, 0x23, 0xCB, 0x02, 0x02, 0xC3, 0x23, 0xCB, 0x02, 0xCB, 0x82, 0x23, 0xCB, 0x01, 0x02,
    0xCB, 0x02, 0xC3, 0x82, 0xE2, 0xC2, 0x81, 0x02, 0xC3, 0x02, 0x23, 0xCB, 0x02, 0xCB, 0x23, 0xCB,
    0x87, 0x02, 0xC3, 0x00, 0xE2, 0xC2, 0x81, 0x02, 0xC3, 0x89, 0x23, 0xCB, 0x85, 0x43, 0xCB, 0x82,
    0x23, 0xCB, 0x01, 0x02, 0xC3, 0x23, 0xCB, 0x83, 0x43, 0xCB, 0x02, 0x64, 0xCB, 0x43, 0xCB, 0x63,
    0xCB, 0x81, 0x43, 0xCB, 0x81, 0x23, 0xCB, 0x81, 0x02, 0xC3, 0x82, 0x43, 0xCB, 0x82, 0x23, 0xCB,
    0x01, 0x02, 0xC3, 0x02, 0xCB, 0x83, 0x23, 0xCB, 0x00, 0x03, 0xCB, 0x83, 0xE2, 0xC2, 0x81, 0x02,
    0xC3, 0x02, 0x23, 0xCB, 0x02, 0xCB, 0x23, 0xCB, 0x8A, 0x02, 0xC3, 0x87, 0x23, 0xCB, 0x02, 0x02,
    0xCB, 0x43, 0xCB, 0x23, 0xCB, 0x84, 0x43, 0xCB, 0x00, 0x23, 0xCB,
};
