// Generated from: paper.png by tools/png2rle565.py
// Format: RGB565_LE, run length encoded, draw with drawImageRLE() or drawImageRLETransparent()
// Original size: 128x128 = 32768 bytes, encoded: 25079 bytes

const uint16_t default_paper_width = 128;
const uint16_t default_paper_height = 128;

const uint8_t default_paper_rle[] PLATFORM_PROGMEM = {
    0x85, 0xA3, 0xC3, 0x86, 0x83, 0xBB, 0x05, 0x82, 0xBB, 0x81, 0xBB, 0x61, 0xBB, 0x80, 0xBB, 0xA1,
    0xC3, 0xA2, 0xC3, 0x82, 0xA3, 0xC3, 0x03, 0xA2, 0xC3, 0xA1, 0xC3, 0xA2, 0xC3, 0xA3, 0xC3, 0x81,
    0xA2, 0xC3, 0x00, 0xA1, 0xC3, 0x83, 0xA0, 0xC3, 0x06, 0xA2, 0xC3, 0x82, 0xC3, 0x81, 0xC3, 0xA2,
    0xC3, 0xA3, 0xC3, 0xA2, 0xC3, 0x81, 0xC3, 0x81, 0x80, 0xC3, 0x00, 0x82, 0xBB, 0x89, 0x83, 0xBB,
    0x86, 0xA3, 0xC3, 0x81, 0xC3, 0xC3, 0x81, 0xA3, 0xC3, 0x01, 0xC3, 0xC3, 0xC3, 0xCB, 0x81, 0xA3,
    0xC3, 0x01, 0xC3, 0xCB, 0xC3, 0xC3, 0x88, 0xA3, 0xC3, 0x8A, 0x83, 0xBB, 0x82, 0xA3, 0xC3, 0x00,
    0xA2, 0xC3, 0x81, 0xA3, 0xC3, 0x82, 0xC3, 0xC3, 0x02, 0xA2, 0xC3, 0xC2, 0xC3, 0xC2, 0xCB, 0x82,
    0xC3, 0xC3, 0x0B, 0xC2, 0xC3, 0xA1, 0xC3, 0x80, 0xBB, 0x81, 0xC3, 0xA2, 0xC3, 0xA1, 0xC3, 0xE4,
    0xC3, 0xED, 0xD4, 0x90, 0xD5, 0xD2, 0xDD, 0xCC, 0xCC, 0x60, 0xBB, 0x82, 0x40, 0xB3, 0x02, 0xC5,
    0xBB, 0xCD, 0xD4, 0xE6, 0xC3, 0x82, 0xA3, 0xC3, 0x01, 0xC3, 0xC3, 0xC3, 0xCB, 0x85, 0xA3, 0xC3,
    0x84, 0x83, 0xBB, 0x81, 0x82, 0xBB, 0x10, 0xE7, 0xC3, 0x6B, 0xCC, 0x8C, 0xCC, 0xCC, 0xCC, 0xAC,
    0xCC, 0x6A, 0xC4, 0xA5, 0xBB, 0x61, 0xBB, 0xA5, 0xBB, 0x2A, 0xC4, 0x6B, 0xC4, 0x09, 0xC4, 0x83,
    0xBB, 0xC6, 0xBB, 0x4A, 0xC4, 0x8C, 0xCC, 0xCD, 0xCC, 0x81, 0x0F, 0xCD, 0x0A, 0xAC, 0xCC, 0x08,
    0xC4, 0x09, 0xC4, 0x4A, 0xC4, 0xE7, 0xC3, 0x81, 0xBB, 0xC6, 0xC3, 0xAC, 0xCC, 0xEE, 0xD4, 0xED,
    0xD4, 0xE7, 0xC3, 0x81, 0x83, 0xBB, 0x83, 0x82, 0xBB, 0x00, 0x83, 0xBB, 0x81, 0x82, 0xBB, 0x05,
    0x61, 0xBB, 0x81, 0xBB, 0x82, 0xBB, 0x82, 0xC3, 0x83, 0xBB, 0x63, 0xBB, 0x83, 0x62, 0xBB, 0x00,
    0x62, 0xB3, 0x82, 0x62, 0xBB, 0x01, 0x63, 0xBB, 0x62, 0xBB, 0x83, 0x82, 0xBB, 0x02, 0x83, 0xBB,
    0xA3, 0xC3, 0xA2, 0xC3, 0x83, 0xA3, 0xC3, 0x00, 0x83, 0xC3, 0x85, 0x83, 0xBB, 0x81, 0x82, 0xBB,
    0x81, 0x62, 0xBB, 0x09, 0x81, 0xBB, 0x80, 0xBB, 0xA4, 0xBB, 0xC5, 0xBB, 0x83, 0xBB, 0x40, 0xB3,
    0x60, 0xBB, 0x40, 0xBB, 0x40, 0xB3, 0xC6, 0xBB, 0x81, 0xE6, 0xC3, 0x0E, 0x83, 0xBB, 0x60, 0xBB,
    0x83, 0xBB, 0x08, 0xC4, 0x8B, 0xCC, 0xCD, 0xCC, 0x8B, 0xCC, 0x08, 0xC4, 0xCC, 0xCC, 0x70, 0xDD,
    0x75, 0xEE, 0xF7, 0xEE, 0x17, 0xF7, 0x33, 0xE6, 0x2F, 0xCD, 0x82, 0x0F, 0xCD, 0x06, 0x50, 0xD5,
    0x34, 0xE6, 0xEE, 0xC4, 0x85, 0xB3, 0x22, 0xAB, 0x42, 0xB3, 0x63, 0xB3, 0x81, 0x83, 0xBB, 0x81,
    0x63, 0xBB, 0x81, 0x83, 0xBB, 0x00, 0x63, 0xBB, 0x82, 0x83, 0xBB, 0x14, 0x62, 0xBB, 0x83, 0xBB,
    0x08, 0xC4, 0xCC, 0xCC, 0x91, 0xDD, 0x34, 0xE6, 0x55, 0xEE, 0x95, 0xEE, 0x54, 0xEE, 0xF3, 0xDD,
    0x4A, 0xC4, 0x08, 0xBC, 0xEE, 0xCC, 0xD2, 0xDD, 0x34, 0xE6, 0x91, 0xDD, 0xCC, 0xCC, 0x70, 0xDD,
    0xF3, 0xE5, 0x55, 0xEE, 0xB6, 0xEE, 0x81, 0x18, 0xF7, 0x00, 0x95, 0xEE, 0x81, 0xB1, 0xDD, 0x04,
    0xF3, 0xDD, 0x4F, 0xD5, 0x4B, 0xC4, 0x50, 0xD5, 0x55, 0xE6, 0x81, 0xB6, 0xEE, 0x24, 0xAD, 0xC4,
    0x64, 0xB3, 0x62, 0xB3, 0x85, 0xBB, 0xE8, 0xBB, 0x29, 0xC4, 0xE7, 0xC3, 0x60, 0xBB, 0xA4, 0xBB,
    0x09, 0xC4, 0x2A, 0xC4, 0x6A, 0xCC, 0x29, 0xC4, 0xA4, 0xBB, 0x61, 0xBB, 0x60, 0xBB, 0x83, 0xBB,
    0xE7, 0xC3, 0x2A, 0xC4, 0x09, 0xC4, 0xA6, 0xBB, 0x83, 0xBB, 0xE7, 0xC3, 0xA4, 0xC3, 0x82, 0xBB,
    0xA4, 0xC3, 0xC5, 0xC3, 0xE7, 0xC3, 0x28, 0xC4, 0xE7, 0xC3, 0x82, 0xBB, 0x83, 0xBB, 0xA4, 0xBB,
    0x62, 0xBB, 0x82, 0xBB, 0x62, 0xBB, 0x61, 0xBB, 0x82, 0x60, 0xBB, 0x00, 0x61, 0xBB, 0x81, 0x62,
    0xBB, 0x1E, 0x83, 0xBB, 0x08, 0xC4, 0x29, 0xC4, 0x09, 0xC4, 0x29, 0xC4, 0x4A, 0xCC, 0xAC, 0xCC,
    0x2E, 0xD5, 0x70, 0xDD, 0xED, 0xD4, 0x4A, 0xC4, 0x6A, 0xC4, 0xAC, 0xCC, 0xED, 0xCC, 0x6F, 0xDD,
    0x70, 0xDD, 0x6F, 0xDD, 0xED, 0xD4, 0x8B, 0xCC, 0xED, 0xD4, 0xB1, 0xDD, 0x54, 0xEE, 0x95, 0xEE,
    0x54, 0xE6, 0x91, 0xDD, 0x75, 0xE6, 0xF8, 0xF6, 0xF7, 0xF6, 0xF7, 0xEE, 0xF7, 0xF6, 0x17, 0xF7,
    0x83, 0x18, 0xF7, 0x07, 0xF8, 0xF6, 0xB6, 0xEE, 0x91, 0xCD, 0x67, 0xA3, 0x01, 0xA3, 0x22, 0xAB,
    0x62, 0xB3, 0x83, 0xBB, 0x81, 0x63, 0xBB, 0x0A, 0x83, 0xBB, 0x63, 0xBB, 0x62, 0xBB, 0x42, 0xB3,
    0x63, 0xB3, 0x42, 0xB3, 0x43, 0xB3, 0xA6, 0xB3, 0x8C, 0xC4, 0x91, 0xD5, 0x96, 0xEE, 0x82, 0x18,
    0xF7, 0x82, 0xF7, 0xF6, 0x02, 0x91, 0xD5, 0xB2, 0xD5, 0x96, 0xEE, 0x81, 0xF7, 0xF6, 0x01, 0xB5,
    0xEE, 0x75, 0xEE, 0x85, 0xF7, 0xF6, 0x81, 0xF8, 0xF6, 0x81, 0xF7, 0xF6, 0x02, 0x96, 0xE6, 0x35,
    0xE6, 0x18, 0xF7, 0x81, 0xF8, 0xF6, 0x2D, 0xF7, 0xF6, 0x30, 0xC5, 0xC9, 0xAB, 0x0B, 0xB4, 0xCE,
    0xC4, 0x71, 0xCD, 0xB2, 0xD5, 0x50, 0xCD, 0x6C, 0xC4, 0xCD, 0xC4, 0x92, 0xD5, 0xF3, 0xDD, 0x34,
    0xE6, 0xD2, 0xDD, 0x8C, 0xC4, 0x09, 0xBC, 0x4B, 0xC4, 0xCD, 0xCC, 0x50, 0xD5, 0xD3, 0xDD, 0x92,
    0xD5, 0xEE, 0xCC, 0xCD, 0xCC, 0x50, 0xD5, 0xCD, 0xCC, 0x4A, 0xC4, 0xCC, 0xCC, 0x0E, 0xD5, 0x4F,
    0xD5, 0xB1, 0xDD, 0x2F, 0xD5, 0x29, 0xC4, 0xAC, 0xC4, 0xCD, 0xCC, 0x29, 0xC4, 0xC7, 0xBB, 0xE8,
    0xBB, 0x09, 0xBC, 0x4B, 0xC4, 0x6C, 0xC4, 0x2B, 0xBC, 0xE9, 0xB3, 0xA7, 0xB3, 0xC8, 0xBB, 0x8C,
    0xC4, 0x71, 0xD5, 0x81, 0xB2, 0xD5, 0x09, 0xD2, 0xD5, 0x13, 0xDE, 0x96, 0xEE, 0xF7, 0xF6, 0x18,
    0xF7, 0xD7, 0xF6, 0x34, 0xE6, 0x54, 0xE6, 0xD7, 0xF6, 0xF8, 0xF6, 0x82, 0xF7, 0xF6, 0x02, 0xB6,
    0xEE, 0x95, 0xEE, 0xB6, 0xEE, 0x85, 0xF7, 0xF6, 0x82, 0xF8, 0xF6, 0x81, 0x17, 0xF7, 0x00, 0x18,
    0xF7, 0x83, 0xF8, 0xF6, 0x05, 0x35, 0xDE, 0x29, 0x83, 0x42, 0x72, 0x82, 0x8A, 0xE2, 0x9A, 0x22,
    0xAB, 0x81, 0x63, 0xBB, 0x84, 0x83, 0xBB, 0x05, 0x83, 0xC3, 0x63, 0xBB, 0x83, 0xBB, 0x0D, 0xD5,
    0x75, 0xEE, 0x18, 0xF7, 0x81, 0x17, 0xF7, 0x00, 0xF7, 0xF6, 0x83, 0x18, 0xF7, 0x82, 0xF7, 0xF6,
    0x81, 0x17, 0xF7, 0x00, 0xF7, 0xF6, 0x81, 0xD7, 0xF6, 0x87, 0xF7, 0xF6, 0x00, 0x17, 0xF7, 0x81,
    0xF7, 0xF6, 0x00, 0xF8, 0xF6, 0x82, 0xF7, 0xF6, 0x03, 0x14, 0xDE, 0x71, 0xCD, 0x54, 0xDE, 0xD7,
    0xEE, 0x81, 0xF7, 0xF6, 0x81, 0xF8, 0xF6, 0x83, 0xF7, 0xF6, 0x04, 0xF8, 0xF6, 0x54, 0xEE, 0x33,
    0xE6, 0xB6, 0xEE, 0xF8, 0xF6, 0x81, 0xF7, 0xF6, 0x07, 0xD6, 0xF6, 0xB6, 0xEE, 0xF7, 0xF6, 0xD7,
    0xF6, 0xB7, 0xEE, 0x54, 0xE6, 0xB6, 0xEE, 0xD7, 0xEE, 0x81, 0xF7, 0xF6, 0x0E, 0x95, 0xEE, 0x34,
    0xE6, 0xF7, 0xEE, 0xD6, 0xEE, 0xF2, 0xDD, 0x70, 0xD5, 0xD2, 0xDD, 0x33, 0xE6, 0xB7, 0xEE, 0xF8,
    0xF6, 0xB6, 0xEE, 0x13, 0xDE, 0x4F, 0xD5, 0xD2, 0xDD, 0xD7, 0xEE, 0x84, 0xF7, 0xF6, 0x02, 0x18,
    0xF7, 0xF7, 0xF6, 0xF8, 0xF6, 0x81, 0x18, 0xF7, 0x00, 0x17, 0xF7, 0x81, 0x18, 0xF7, 0x81, 0xF7,
    0xF6, 0x81, 0x17, 0xF7, 0x00, 0xF7, 0xF6, 0x81, 0xD7, 0xF6, 0x87, 0xF7, 0xF6, 0x00, 0x17, 0xF7,
    0x81, 0xF7, 0xF6, 0x00, 0xF8, 0xF6, 0x81, 0xF7, 0xF6, 0x09, 0xD7, 0xEE, 0xD4, 0xCD, 0x87, 0x62,
    0xA1, 0x59, 0x21, 0x72, 0xA2, 0x8A, 0x02, 0xA3, 0x63, 0xB3, 0x63, 0xBB, 0x63, 0xB3, 0x81, 0x62,
    0xB3, 0x0A, 0x63, 0xB3, 0x62, 0xB3, 0x63, 0xB3, 0x62, 0xB3, 0x43, 0xB3, 0xCD, 0xCC, 0xF3, 0xDD,
    0xD6, 0xEE, 0x18, 0xF7, 0xF7, 0xEE, 0xD7, 0xEE, 0x82, 0x18, 0xF7, 0x84, 0xF7, 0xF6, 0x81, 0xF7,
    0xEE, 0x02, 0xF7, 0xF6, 0xD7, 0xF6, 0xD7, 0xEE, 0x82, 0xF7, 0xF6, 0x01, 0x18, 0xF7, 0x17, 0xF7,
    0x81, 0xF7, 0xF6, 0x00, 0x17, 0xF7, 0x81, 0xF7, 0xF6, 0x05, 0x18, 0xF7, 0xF7, 0xF6, 0xD7, 0xEE,
    0xF7, 0xF6, 0xD6, 0xEE, 0xB6, 0xE6, 0x81, 0xD6, 0xEE, 0x00, 0xF7, 0xF6, 0x81, 0x18, 0xF7, 0x81,
    0xF8, 0xF6, 0x04, 0x18, 0xF7, 0x17, 0xF7, 0xF7, 0xEE, 0xF7, 0xF6, 0xF8, 0xF6, 0x85, 0xF7, 0xF6,
    0x82, 0xF7, 0xEE, 0x02, 0xD7, 0xF6, 0xD6, 0xEE, 0xD7, 0xEE, 0x81, 0xF7, 0xF6, 0x06, 0x18, 0xF7,
    0x17, 0xF7, 0xF7, 0xEE, 0xF7, 0xF6, 0x17, 0xF7, 0xF7, 0xF6, 0xD7, 0xEE, 0x81, 0xF7, 0xF6, 0x82,
    0xF7, 0xEE, 0x0B, 0xD6, 0xEE, 0xB5, 0xEE, 0xB6, 0xEE, 0xF7, 0xEE, 0xF7, 0xF6, 0xF8, 0xF6, 0x18,
    0xF7, 0xF7, 0xF6, 0x18, 0xF7, 0x17, 0xF7, 0xF7, 0xEE, 0xF7, 0xF6, 0x82, 0x18, 0xF7, 0x84, 0xF7,
    0xF6, 0x81, 0xF7, 0xEE, 0x82, 0xD7, 0xF6, 0x82, 0xF7, 0xF6, 0x00, 0x18, 0xF7, 0x85, 0xF7, 0xF6,
    0x0A, 0x18, 0xF7, 0xF7, 0xF6, 0xD7, 0xEE, 0xF7, 0xEE, 0x76, 0xDE, 0xAC, 0x83, 0xA4, 0x49, 0xC1,
    0x61, 0x62, 0x82, 0x02, 0xA3, 0x83, 0xBB, 0x81, 0x63, 0xBB, 0x00, 0x83, 0xBB, 0x84, 0x63, 0xBB,
    0x05, 0x63, 0xB3, 0xA6, 0xBB, 0x70, 0xD5, 0xB6, 0xEE, 0xF7, 0xF6, 0xF6, 0xF6, 0x81, 0xF7, 0xF6,
    0x01, 0x18, 0xF7, 0xF7, 0xF6, 0x82, 0x17, 0xF7, 0x85, 0xF7, 0xF6, 0x00, 0xF6, 0xF6, 0x81, 0xF7,
    0xF6, 0x82, 0x18, 0xF7, 0x83, 0xF7, 0xF6, 0x04, 0xF7, 0xEE, 0x18, 0xF7, 0xF7, 0xF6, 0xF7, 0xEE,
    0x17, 0xF7, 0x82, 0xD6, 0xEE, 0x03, 0xD6, 0xF6, 0xD7, 0xF6, 0xF7, 0xF6, 0xF8, 0xF6, 0x82, 0x18,
    0xF7, 0x01, 0xF7, 0xF6, 0xF6, 0xF6, 0x83, 0xF7, 0xF6, 0x81, 0x17, 0xF7, 0x85, 0xF7, 0xF6, 0x00,
    0xF6, 0xF6, 0x81, 0xF7, 0xF6, 0x82, 0x18, 0xF7, 0x83, 0xF7, 0xF6, 0x00, 0xF7, 0xEE, 0x81, 0x17,
    0xF7, 0x81, 0xF7, 0xEE, 0x00, 0xF6, 0xEE, 0x81, 0xD6, 0xEE, 0x81, 0xD6, 0xF6, 0x81, 0xF7, 0xF6,
    0x82, 0x18, 0xF7, 0x01, 0xF7, 0xF6, 0xF6, 0xF6, 0x81, 0xF7, 0xF6, 0x01, 0xF8, 0xF6, 0xF7, 0xF6,
    0x83, 0x17, 0xF7, 0x83, 0xF7, 0xF6, 0x00, 0xF6, 0xF6, 0x81, 0xF7, 0xF6, 0x00, 0x17, 0xF7, 0x82,
    0x18, 0xF7, 0x84, 0xF7, 0xF6, 0x00, 0x17, 0xF7, 0x81, 0xF7, 0xEE, 0x07, 0x18, 0xF7, 0xF8, 0xEE,
    0x55, 0xDE, 0xC9, 0x6A, 0x60, 0x49, 0x21, 0x72, 0xC2, 0x92, 0x22, 0xAB, 0x81, 0x63, 0xB3, 0x81,
    0x62, 0xB3, 0x01, 0x42, 0xB3, 0x62, 0xB3, 0x81, 0x63, 0xBB, 0x04, 0x84, 0xBB, 0xAD, 0xCC, 0x35,
    0xE6, 0xF7, 0xEE, 0xF7, 0xF6, 0x81, 0x17, 0xF7, 0x04, 0x18, 0xF7, 0xF8, 0xF6, 0x18, 0xF7, 0xF7,
    0xF6, 0x17, 0xF7, 0x81, 0xF7, 0xF6, 0x00, 0xF8, 0xF6, 0x82, 0xF7, 0xF6, 0x01, 0xF6, 0xEE, 0xD6,
    0xEE, 0x81, 0xF7, 0xF6, 0x01, 0x18, 0xF7, 0xF8, 0xF6, 0x82, 0xF7, 0xF6, 0x81, 0x17, 0xF7, 0x81,
    0x18, 0xF7, 0x81, 0xF7, 0xEE, 0x04, 0x17, 0xF7, 0xF6, 0xF6, 0xD6, 0xEE, 0xF6, 0xEE, 0xF6, 0xF6,
    0x81, 0xF7, 0xF6, 0x81, 0x18, 0xF7, 0x00, 0xF8, 0xEE, 0x81, 0xF7, 0xF6, 0x81, 0x17, 0xF7, 0x02,
    0x18, 0xF7, 0xF8, 0xF6, 0xF7, 0xF6, 0x81, 0x17, 0xF7, 0x84, 0xF7, 0xF6, 0x01, 0xF6, 0xF6, 0xD6,
    0xEE, 0x82, 0xF7, 0xF6, 0x00, 0xF8, 0xF6, 0x84, 0xF7, 0xF6, 0x03, 0x17, 0xF7, 0x18, 0xF7, 0x17,
    0xF7, 0xF7, 0xEE, 0x81, 0x17, 0xF7, 0x02, 0xF6, 0xF6, 0xF6, 0xEE, 0xD6, 0xF6, 0x81, 0xF7, 0xF6,
    0x00, 0xF8, 0xF6, 0x81, 0x18, 0xF7, 0x01, 0xF8, 0xF6, 0xF7, 0xF6, 0x81, 0x17, 0xF7, 0x00, 0x18,
    0xF7, 0x81, 0xF8, 0xF6, 0x81, 0x17, 0xF7, 0x01, 0xF7, 0xF6, 0x17, 0xF7, 0x83, 0xF7, 0xF6, 0x81,
    0xD6, 0xEE, 0x81, 0xF7, 0xF6, 0x81, 0xF8, 0xF6, 0x82, 0xF7, 0xF6, 0x82, 0x17, 0xF7, 0x00, 0x18,
    0xF7, 0x81, 0xF7, 0xEE, 0x07, 0x18, 0xF7, 0xF8, 0xEE, 0x55, 0xDE, 0xC9, 0x62, 0x40, 0x49, 0x21,
    0x72, 0xC2, 0x92, 0x22, 0xAB, 0x85, 0x42, 0xB3, 0x05, 0x43, 0xB3, 0x84, 0xB3, 0x50, 0xD5, 0x75,
    0xE6, 0xF8, 0xEE, 0x18, 0xF7, 0x81, 0x17, 0xF7, 0x00, 0xF7, 0xF6, 0x81, 0x18, 0xF7, 0x02, 0xF8,
    0xF6, 0xF7, 0xF6, 0x18, 0xF7, 0x85, 0xF7, 0xF6, 0x01, 0xF6, 0xF6, 0xF7, 0xF6, 0x81, 0x18, 0xF7,
    0x03, 0xF8, 0xF6, 0xF7, 0xF6, 0xF7, 0xEE, 0xF8, 0xF6, 0x82, 0x18, 0xF7, 0x01, 0x38, 0xF7, 0x18,
    0xF7, 0x81, 0xF7, 0xEE, 0x82, 0xF7, 0xF6, 0x82, 0x17, 0xF7, 0x84, 0x18, 0xF7, 0x03, 0x17, 0xF7,
    0xF6, 0xF6, 0x17, 0xF7, 0x18, 0xF7, 0x81, 0xF8, 0xF6, 0x01, 0x18, 0xF7, 0x17, 0xF7, 0x84, 0xF7,
    0xF6, 0x08, 0xF6, 0xF6, 0xD6, 0xEE, 0xF7, 0xF6, 0x18, 0xF7, 0xF8, 0xF6, 0xF7, 0xF6, 0xD7, 0xEE,
    0xF7, 0xEE, 0xF8, 0xF6, 0x81, 0x18, 0xF7, 0x02, 0x38, 0xF7, 0x18, 0xF7, 0x17, 0xF7, 0x81, 0xF7,
    0xEE, 0x81, 0xF7, 0xF6, 0x82, 0x17, 0xF7, 0x84, 0x18, 0xF7, 0x00, 0x17, 0xF7, 0x81, 0xF7, 0xF6,
    0x81, 0x18, 0xF7, 0x81, 0xF8, 0xF6, 0x00, 0x17, 0xF7, 0x85, 0xF7, 0xF6, 0x01, 0xD6, 0xEE, 0xF7,
    0xF6, 0x81, 0x18, 0xF7, 0x00, 0xF8, 0xF6, 0x81, 0xF7, 0xEE, 0x00, 0xF7, 0xF6, 0x82, 0x18, 0xF7,
    0x01, 0x38, 0xF7, 0x18, 0xF7, 0x81, 0xF7, 0xEE, 0x08, 0xF7, 0xF6, 0xB7, 0xE6, 0x6F, 0x94, 0xC5,
    0x41, 0x20, 0x41, 0x01, 0x6A, 0xC2, 0x92, 0x22, 0xAB, 0x62, 0xB3, 0x83, 0x42, 0xB3, 0x03, 0x43,
    0xB3, 0x85, 0xBB, 0x50, 0xD5, 0x96, 0xEE, 0x82, 0x18, 0xF7, 0x81, 0x17, 0xF7, 0x02, 0xF6, 0xF6,
    0x17, 0xF7, 0x18, 0xF7, 0x81, 0xF8, 0xF6, 0x86, 0xF7, 0xF6, 0x01, 0xF6, 0xEE, 0xF7, 0xF6, 0x81,
    0x17, 0xF7, 0x81, 0xF7, 0xF6, 0x81, 0xF8, 0xF6, 0x82, 0x18, 0xF7, 0x81, 0x38, 0xF7, 0x01, 0x17,
    0xF7, 0xF7, 0xEE, 0x82, 0xF7, 0xF6, 0x81, 0x37, 0xF7, 0x00, 0x17, 0xF7, 0x84, 0x18, 0xF7, 0x02,
    0x17, 0xF7, 0xF6, 0xF6, 0xF7, 0xF6, 0x81, 0x18, 0xF7, 0x81, 0xF8, 0xF6, 0x85, 0xF7, 0xF6, 0x03,
    0xF6, 0xF6, 0xD6, 0xEE, 0xF7, 0xF6, 0x17, 0xF7, 0x83, 0xF7, 0xF6, 0x00, 0xF8, 0xF6, 0x81, 0x18,
    0xF7, 0x81, 0x38, 0xF7, 0x00, 0x18, 0xF7, 0x81, 0xF7, 0xEE, 0x81, 0xF7, 0xF6, 0x02, 0x17, 0xF7,
    0x37, 0xF7, 0x17, 0xF7, 0x84, 0x18, 0xF7, 0x00, 0x17, 0xF7, 0x81, 0xF7, 0xF6, 0x81, 0x18, 0xF7,
    0x81, 0xF8, 0xF6, 0x84, 0xF7, 0xF6, 0x04, 0xF8, 0xF6, 0xF7, 0xF6, 0xD6, 0xEE, 0xF7, 0xF6, 0x17,
    0xF7, 0x83, 0xF7, 0xF6, 0x00, 0xF8, 0xF6, 0x81, 0x18, 0xF7, 0x81, 0x38, 0xF7, 0x0A, 0x18, 0xF7,
    0x17, 0xF7, 0xF7, 0xEE, 0xF7, 0xF6, 0xB7, 0xE6, 0xCD, 0x83, 0x64, 0x31, 0x00, 0x39, 0xE1, 0x61,
    0x82, 0x8A, 0x22, 0xA3, 0x82, 0x83, 0xBB, 0x05, 0x83, 0xC3, 0x83, 0xBB, 0xA4, 0xBB, 0xAC, 0xCC,
    0x75, 0xEE, 0xF7, 0xF6, 0x81, 0xF8, 0xF6, 0x01, 0xF7, 0xEE, 0xF7, 0xF6, 0x82, 0x17, 0xF7, 0x82,
    0x18, 0xF7, 0x00, 0xF8, 0xF6, 0x85, 0xF7, 0xF6, 0x00, 0xD6, 0xEE, 0x81, 0xF7, 0xF6, 0x00, 0xF8,
    0xF6, 0x81, 0xF7, 0xF6, 0x01, 0xF8, 0xF6, 0xF7, 0xF6, 0x83, 0x18, 0xF7, 0x81, 0x17, 0xF7, 0x83,
    0xF7, 0xF6, 0x82, 0x17, 0xF7, 0x83, 0xF8, 0xF6, 0x00, 0xF7, 0xEE, 0x82, 0x17, 0xF7, 0x83, 0x18,
    0xF7, 0x8C, 0xF7, 0xF6, 0x81, 0xF8, 0xF6, 0x83, 0x18, 0xF7, 0x00, 0x17, 0xF7, 0x84, 0xF7, 0xF6,
    0x81, 0x17, 0xF7, 0x00, 0xF7, 0xF6, 0x82, 0xF8, 0xF6, 0x00, 0xF7, 0xEE, 0x83, 0x17, 0xF7, 0x82,
    0x18, 0xF7, 0x00, 0xF8, 0xF6, 0x83, 0xF7, 0xF6, 0x02, 0x17, 0xF7, 0xF7, 0xF6, 0xD6, 0xEE, 0x84,
    0xF7, 0xF6, 0x01, 0xF8, 0xF6, 0xF7, 0xF6, 0x83, 0x18, 0xF7, 0x81, 0x17, 0xF7, 0x81, 0xF7, 0xF6,
    0x06, 0xD7, 0xEE, 0x93, 0xBD, 0x47, 0x52, 0xE0, 0x38, 0xE1, 0x61, 0xA2, 0x8A, 0x42, 0xAB, 0x81,
    0x83, 0xBB, 0x81, 0x83, 0xC3, 0x02, 0xA3, 0xC3, 0x28, 0xCC, 0x13, 0xE6, 0x81, 0xF7, 0xF6, 0x81,
    0xD7, 0xF6, 0x81, 0xF7, 0xEE, 0x02, 0x18, 0xF7, 0x17, 0xF7, 0x17, 0xEF, 0x83, 0x18, 0xF7, 0x00,
    0xF7, 0xF6, 0x81, 0xD7, 0xEE, 0x82, 0xF7, 0xF6, 0x00, 0xD7, 0xEE, 0x81, 0xF7, 0xF6, 0x00, 0xF8,
    0xF6, 0x82, 0xF7, 0xF6, 0x00, 0xF8, 0xF6, 0x83, 0x18, 0xF7, 0x82, 0x17, 0xF7, 0x02, 0xF7, 0xF6,
    0xD7, 0xF6, 0xD6, 0xEE, 0x84, 0xF7, 0xF6, 0x06, 0xD7, 0xF6, 0xD7, 0xEE, 0xF7, 0xEE, 0x18, 0xF7,
    0x17, 0xF7, 0x17, 0xEF, 0x17, 0xF7, 0x82, 0x18, 0xF7, 0x03, 0xF8, 0xF6, 0xF7, 0xEE, 0xD6, 0xEE,
    0xD7, 0xEE, 0x81, 0xF7, 0xF6, 0x00, 0xD7, 0xEE, 0x85, 0xF7, 0xF6, 0x81, 0xF8, 0xF6, 0x82, 0x18,
    0xF7, 0x83, 0x17, 0xF7, 0x02, 0xF7, 0xF6, 0xD6, 0xEE, 0xD7, 0xEE, 0x84, 0xF7, 0xF6, 0x03, 0xD7,
    0xEE, 0xF7, 0xEE, 0x17, 0xEF, 0x18, 0xF7, 0x81, 0x17, 0xF7, 0x83, 0x18, 0xF7, 0x81, 0xF7, 0xEE,
    0x00, 0xD7, 0xEE, 0x85, 0xF7, 0xF6, 0x00, 0xF8, 0xF6, 0x81, 0xF7, 0xF6, 0x81, 0xF8, 0xF6, 0x83,
    0x18, 0xF7, 0x82, 0x17, 0xF7, 0x07, 0xF7, 0xF6, 0xB6, 0xEE, 0x72, 0xBD, 0x47, 0x52, 0xE0, 0x38,
    0xE1, 0x61, 0xA2, 0x92, 0x42, 0xAB, 0x81, 0x83, 0xBB, 0x05, 0x63, 0xBB, 0x62, 0xBB, 0xC7, 0xBB,
    0x70, 0xDD, 0xD7, 0xF6, 0x18, 0xF7, 0x83, 0xF7, 0xF6, 0x82, 0x18, 0xF7, 0x00, 0xF7, 0xEE, 0x83,
    0x18, 0xF7, 0x01, 0xF7, 0xF6, 0xF7, 0xEE, 0x81, 0xD6, 0xEE, 0x88, 0xF7, 0xF6, 0x00, 0xF8, 0xF6,
    0x84, 0x18, 0xF7, 0x81, 0x17, 0xF7, 0x00, 0xF7, 0xF6, 0x81, 0xD7, 0xEE, 0x02, 0xD7, 0xF6, 0xF7,
    0xF6, 0x18, 0xF7, 0x83, 0xF7, 0xF6, 0x82, 0x18, 0xF7, 0x01, 0xF7, 0xF6, 0x17, 0xF7, 0x83, 0x18,
    0xF7, 0x00, 0xF7, 0xF6, 0x81, 0xD6, 0xEE, 0x88, 0xF7, 0xF6, 0x00, 0xF8, 0xF6, 0x84, 0x18, 0xF7,
    0x82, 0x17, 0xF7, 0x02, 0xF7, 0xEE, 0xD6, 0xEE, 0xD7, 0xEE, 0x81, 0xF7, 0xF6, 0x00, 0x18, 0xF7,
    0x81, 0xF7, 0xF6, 0x01, 0xD7, 0xF6, 0xF7, 0xF6, 0x81, 0x18, 0xF7, 0x81, 0x17, 0xF7, 0x83, 0x18,
    0xF7, 0x81, 0xF7, 0xF6, 0x01, 0xD6, 0xEE, 0xD7, 0xEE, 0x88, 0xF7, 0xF6, 0x00, 0xF8, 0xF6, 0x84,
    0x18, 0xF7, 0x81, 0x17, 0xF7, 0x08, 0xF7, 0xF6, 0x76, 0xE6, 0xCC, 0x83, 0x44, 0x31, 0x00, 0x39,
    0xE1, 0x61, 0xA2, 0x8A, 0x22, 0xAB, 0xC3, 0xC3, 0x81, 0xA3, 0xC3, 0x02, 0x82, 0xC3, 0x29, 0xC4,
    0x75, 0xEE, 0x82, 0xF7, 0xF6, 0x85, 0xF8, 0xF6, 0x04, 0xF7, 0xF6, 0x18, 0xF7, 0xF8, 0xF6, 0x19,
    0xF7, 0x18, 0xF7, 0x81, 0xF7, 0xEE, 0x81, 0xD7, 0xEE, 0x84, 0xF7, 0xF6, 0x00, 0xF8, 0xF6, 0x81,
    0xF7, 0xF6, 0x00, 0xF8, 0xF6, 0x85, 0x18, 0xF7, 0x81, 0x17, 0xF7, 0x01, 0xF7, 0xF6, 0xD7, 0xF6,
    0x81, 0xF7, 0xF6, 0x81, 0xF8, 0xF6, 0x81, 0xF7, 0xF6, 0x83, 0xF8, 0xF6, 0x02, 0x18, 0xF7, 0xF7,
    0xF6, 0x17, 0xF7, 0x81, 0x18, 0xF7, 0x04, 0x19, 0xF7, 0xF8, 0xF6, 0xD7, 0xEE, 0xF7, 0xF6, 0xD6,
    0xEE, 0x84, 0xF7, 0xF6, 0x81, 0xF8, 0xF6, 0x81, 0xF7, 0xF6, 0x00, 0xF8, 0xF6, 0x85, 0x18, 0xF7,
    0x00, 0x17, 0xF7, 0x81, 0xF7, 0xF6, 0x00, 0xD7, 0xF6, 0x81, 0xF7, 0xF6, 0x00, 0xF8, 0xF6, 0x81,
    0xF7, 0xF6, 0x84, 0xF8, 0xF6, 0x81, 0xF7, 0xF6, 0x81, 0x18, 0xF7, 0x03, 0x19, 0xF7, 0x18, 0xF7,
    0xF7, 0xEE, 0xF7, 0xF6, 0x81, 0xD7, 0xEE, 0x84, 0xF7, 0xF6, 0x00, 0xF8, 0xF6, 0x81, 0xF7, 0xF6,
    0x00, 0xF8, 0xF6, 0x85, 0x18, 0xF7, 0x00, 0x17, 0xF7, 0x81, 0xF7, 0xF6, 0x06, 0x96, 0xE6, 0x0D,
    0x8C, 0x64, 0x39, 0x00, 0x39, 0xE1, 0x61, 0xC2, 0x92, 0x42, 0xAB, 0x83, 0xE3, 0xCB, 0x08, 0x8A,
    0xD4, 0x75, 0xEE, 0xF7, 0xF6, 0xD7, 0xF6, 0xF7, 0xF6, 0x18, 0xF7, 0xF7, 0xF6, 0xD7, 0xF6, 0xD8,
    0xF6, 0x81, 0xF8, 0xF6, 0x04, 0xD7, 0xEE, 0xF7, 0xF6, 0xF8, 0xF6, 0x18, 0xF7, 0xF7, 0xF6, 0x81,
    0xD6, 0xEE, 0x06, 0xD7, 0xF6, 0xD7, 0xEE, 0xD7, 0xF6, 0xF7, 0xF6, 0x17, 0xF7, 0xF7, 0xF6, 0xF8,
    0xF6, 0x8A, 0x18, 0xF7, 0x81, 0xF7, 0xF6, 0x82, 0xF8, 0xF6, 0x82, 0xF7, 0xF6, 0x03, 0x17, 0xF7,
    0x18, 0xF7, 0xF7, 0xF6, 0xD7, 0xF6, 0x81, 0xF8, 0xF6, 0x82, 0xF7, 0xF6, 0x81, 0x18, 0xF7, 0x06,
    0xD7, 0xEE, 0xD6, 0xEE, 0xD7, 0xEE, 0xD6, 0xEE, 0xD7, 0xEE, 0xF7, 0xF6, 0x17, 0xF7, 0x81, 0xF7,
    0xF6, 0x8A, 0x18, 0xF7, 0x82, 0xF7, 0xF6, 0x0A, 0xF8, 0xF6, 0x18, 0xF7, 0xF8, 0xF6, 0xF7, 0xF6,
    0xD7, 0xEE, 0xF7, 0xF6, 0x18, 0xF7, 0xF7, 0xF6, 0xD7, 0xF6, 0xD8, 0xF6, 0xF8, 0xF6, 0x82, 0xF7,
    0xF6, 0x81, 0x18, 0xF7, 0x01, 0xF7, 0xEE, 0xD6, 0xEE, 0x82, 0xD7, 0xEE, 0x00, 0xD7, 0xF6, 0x82,
    0xF7, 0xF6, 0x00, 0xF8, 0xF6, 0x8A, 0x18, 0xF7, 0x81, 0xF7, 0xF6, 0x06, 0xD7, 0xEE, 0x73, 0xC5,
    0x27, 0x52, 0x00, 0x39, 0x01, 0x6A, 0xE2, 0x9A, 0x83, 0xBB, 0x82, 0xE3, 0xCB, 0x04, 0x05, 0xD4,
    0x0D, 0xDD, 0xD6, 0xF6, 0xF7, 0xF6, 0xF6, 0xF6, 0x81, 0xF7, 0xF6, 0x83, 0xD7, 0xF6, 0x01, 0xF7,
    0xF6, 0xD7, 0xEE, 0x82, 0xF7, 0xF6, 0x02, 0xF6, 0xEE, 0xD6, 0xEE, 0xD6, 0xF6, 0x83, 0xD7, 0xF6,
    0x82, 0xF7, 0xF6, 0x82, 0x18, 0xF7, 0x00, 0x17, 0xF7, 0x81, 0x18, 0xF7, 0x81, 0x18, 0xEF, 0x82,
    0x18, 0xF7, 0x00, 0x17, 0xF7, 0x83, 0xF7, 0xF6, 0x02, 0xD7, 0xF6, 0xD6, 0xF6, 0xF6, 0xF6, 0x81,
    0xF7, 0xF6, 0x82, 0xD7, 0xF6, 0x02, 0xF7, 0xF6, 0xD7, 0xEE, 0xF7, 0xEE, 0x82, 0xF7, 0xF6, 0x81,
    0xD6, 0xEE, 0x81, 0xD7, 0xF6, 0x00, 0xF7, 0xF6, 0x81, 0xD7, 0xF6, 0x82, 0xF7, 0xF6, 0x82, 0x18,
    0xF7, 0x00, 0x38, 0xF7, 0x81, 0x18, 0xF7, 0x00, 0xF7, 0xEE, 0x82, 0x18, 0xF7, 0x00, 0x17, 0xF7,
    0x84, 0xF7, 0xF6, 0x01, 0xD7, 0xF6, 0xF6, 0xF6, 0x81, 0xF7, 0xF6, 0x82, 0xD7, 0xF6, 0x00, 0xF7,
    0xF6, 0x81, 0xF7, 0xEE, 0x82, 0xF7, 0xF6, 0x81, 0xD6, 0xEE, 0x00, 0xD6, 0xF6, 0x83, 0xD7, 0xF6,
    0x82, 0xF7, 0xF6, 0x85, 0x18, 0xF7, 0x00, 0xF8, 0xEE, 0x83, 0x18, 0xF7, 0x81, 0xF7, 0xF6, 0x06,
    0xD6, 0xEE, 0xD4, 0xCD, 0x68, 0x52, 0x00, 0x39, 0x01, 0x6A, 0xE2, 0x9A, 0x83, 0xB3, 0x81, 0xA3,
    0xC3, 0x03, 0xA2, 0xC3, 0x48, 0xCC, 0x12, 0xE6, 0xD7, 0xF6, 0x83, 0xD6, 0xF6, 0x83, 0xD7, 0xF6,
    0x01, 0xF7, 0xF6, 0xF7, 0xEE, 0x81, 0xF7, 0xF6, 0x81, 0xF6, 0xF6, 0x01, 0xD6, 0xEE, 0xD6, 0xF6,
    0x81, 0xF7, 0xF6, 0x82, 0xD7, 0xF6, 0x81, 0xF7, 0xF6, 0x81, 0x18, 0xF7, 0x00, 0xF7, 0xF6, 0x81,
    0x17, 0xF7, 0x01, 0xF8, 0xEE, 0x18, 0xEF, 0x83, 0x18, 0xF7, 0x01, 0x17, 0xF7, 0xF6, 0xF6, 0x82,
    0xD7, 0xF6, 0x84, 0xD6, 0xF6, 0x82, 0xD7, 0xF6, 0x00, 0xD7, 0xEE, 0x81, 0xF7, 0xEE, 0x81, 0xF7,
    0xF6, 0x03, 0xF6, 0xF6, 0xF6, 0xEE, 0xD6, 0xEE, 0xD7, 0xF6, 0x81, 0xF7, 0xF6, 0x82, 0xD7, 0xF6,
    0x00, 0xF7, 0xF6, 0x81, 0x18, 0xF7, 0x04, 0xF8, 0xF6, 0x17, 0xEF, 0x17, 0xF7, 0x18, 0xEF, 0xF7,
    0xEE, 0x84, 0x18, 0xF7, 0x01, 0xF7, 0xF6, 0xD6, 0xF6, 0x81, 0xD7, 0xF6, 0x00, 0xF7, 0xF6, 0x83,
    0xD6, 0xF6, 0x83, 0xD7, 0xF6, 0x81, 0xF7, 0xEE, 0x82, 0xF7, 0xF6, 0x02, 0xF6, 0xF6, 0xD6, 0xEE,
    0xD7, 0xF6, 0x81, 0xF7, 0xF6, 0x83, 0xD7, 0xF6, 0x00, 0xF7, 0xF6, 0x81, 0x18, 0xF7, 0x00, 0xF7,
    0xEE, 0x81, 0x17, 0xF7, 0x00, 0xF7, 0xEE, 0x84, 0x18, 0xF7, 0x08, 0x17, 0xF7, 0xF6, 0xF6, 0xD6,
    0xEE, 0xF4, 0xD5, 0x68, 0x5A, 0xE0, 0x30, 0xE1, 0x69, 0xC2, 0x92, 0x62, 0xB3, 0x81, 0xA3, 0xC3,
    0x02, 0x80, 0xC3, 0x6B, 0xCC, 0xB6, 0xEE, 0x81, 0xD6, 0xF6, 0x00, 0xF6, 0xF6, 0x82, 0xB6, 0xEE,
    0x04, 0xB7, 0xF6, 0xD7, 0xF6, 0xF7, 0xF6, 0xD7, 0xEE, 0xF7, 0xEE, 0x82, 0xF7, 0xF6, 0x02, 0xF6,
    0xF6, 0xD6, 0xEE, 0xF7, 0xF6, 0x81, 0x18, 0xF7, 0x84, 0xF7, 0xF6, 0x82, 0x18, 0xF7, 0x81, 0x17,
    0xF7, 0x00, 0x18, 0xF7, 0x81, 0xF7, 0xF6, 0x00, 0x17, 0xF7, 0x81, 0x18, 0xF7, 0x03, 0x17, 0xF7,
    0xF6, 0xF6, 0xD7, 0xF6, 0xD6, 0xF6, 0x81, 0xD7, 0xF6, 0x81, 0xD6, 0xF6, 0x81, 0xB6, 0xEE, 0x04,
    0xB7, 0xEE, 0xD7, 0xF6, 0xF7, 0xF6, 0xD7, 0xF6, 0xF7, 0xEE, 0x83, 0xF7, 0xF6, 0x03, 0xF6, 0xF6,
    0xD7, 0xEE, 0xF7, 0xF6, 0x18, 0xF7, 0x82, 0xF7, 0xF6, 0x01, 0xD7, 0xF6, 0xF7, 0xF6, 0x82, 0x18,
    0xF7, 0x81, 0x17, 0xF7, 0x03, 0x18, 0xF7, 0x17, 0xF7, 0xF7, 0xF6, 0xF7, 0xEE, 0x82, 0x18, 0xF7,
    0x00, 0xF7, 0xF6, 0x81, 0xD6, 0xF6, 0x03, 0xD7, 0xF6, 0xF7, 0xF6, 0xD7, 0xF6, 0xF6, 0xF6, 0x81,
    0xB6, 0xEE, 0x01, 0xB7, 0xEE, 0xB7, 0xF6, 0x81, 0xD7, 0xF6, 0x01, 0xD7, 0xEE, 0xF7, 0xEE, 0x82,
    0xF7, 0xF6, 0x02, 0xF6, 0xF6, 0xD6, 0xEE, 0xF7, 0xF6, 0x81, 0x18, 0xF7, 0x84, 0xF7, 0xF6, 0x82,
    0x18, 0xF7, 0x81, 0x17, 0xF7, 0x03, 0xF8, 0xF6, 0xF7, 0xF6, 0xF7, 0xEE, 0x17, 0xF7, 0x81, 0x18,
    0xF7, 0x12, 0x17, 0xF7, 0xF6, 0xF6, 0xB6, 0xEE, 0xF4, 0xD5, 0x88, 0x5A, 0xE0, 0x30, 0xE1, 0x61,
    0xA2, 0x8A, 0x22, 0xAB, 0xE3, 0xD3, 0xE3, 0xCB, 0xE2, 0xCB, 0x47, 0xD4, 0x2F, 0xDD, 0x91, 0xD5,
    0x95, 0xEE, 0xD7, 0xF6, 0xD6, 0xF6, 0xB7, 0xF6, 0x81, 0xD7, 0xF6, 0x81, 0xF7, 0xF6, 0x81, 0xF7,
    0xEE, 0x00, 0x18, 0xF7, 0x83, 0xF7, 0xF6, 0x03, 0xF8, 0xF6, 0x18, 0xF7, 0xF7, 0xF6, 0xF7, 0xEE,
    0x83, 0xF7, 0xF6, 0x81, 0x18, 0xF7, 0x00, 0xF7, 0xF6, 0x81, 0xF7, 0xEE, 0x82, 0xF7, 0xF6, 0x00,
    0x17, 0xF7, 0x81, 0x18, 0xF7, 0x03, 0x17, 0xF7, 0xF6, 0xEE, 0xD6, 0xF6, 0xB6, 0xEE, 0x82, 0xD6,
    0xF6, 0x01, 0xD7, 0xF6, 0xB6, 0xF6, 0x82, 0xD7, 0xF6, 0x81, 0xF7, 0xF6, 0x03, 0xF7, 0xEE, 0x18,
    0xF7, 0xF7, 0xF6, 0xD7, 0xEE, 0x82, 0xF7, 0xF6, 0x01, 0x18, 0xF7, 0x17, 0xF7, 0x81, 0xF7, 0xEE,
    0x83, 0xF7, 0xF6, 0x03, 0x18, 0xF7, 0xF8, 0xF6, 0xF7, 0xF6, 0xF7, 0xEE, 0x82, 0xF7, 0xF6, 0x00,
    0xF7, 0xEE, 0x82, 0x18, 0xF7, 0x00, 0xF7, 0xF6, 0x83, 0xD6, 0xF6, 0x02, 0xB6, 0xEE, 0xD7, 0xF6,
    0xB6, 0xF6, 0x82, 0xD7, 0xF6, 0x81, 0xF7, 0xF6, 0x02, 0xF7, 0xEE, 0xF7, 0xF6, 0x17, 0xF7, 0x83,
    0xF7, 0xF6, 0x81, 0x18, 0xF7, 0x81, 0xF7, 0xEE, 0x83, 0xF7, 0xF6, 0x81, 0x18, 0xF7, 0x00, 0xF7,
    0xF6, 0x82, 0xF7, 0xEE, 0x81, 0xF7, 0xF6, 0x00, 0x17, 0xF7, 0x81, 0x18, 0xF7, 0x08, 0x17, 0xF7,
    0xF6, 0xF6, 0xB7, 0xEE, 0xF4, 0xD5, 0xA9, 0x62, 0x01, 0x31, 0xE1, 0x61, 0xC2, 0x92, 0x63, 0xB3,
    0x82, 0x03, 0xD4, 0x05, 0x04, 0xD4, 0x48, 0xCC, 0x91, 0xD5, 0x75, 0xE6, 0xD6, 0xF6, 0xB6, 0xEE,
    0x82, 0xD7, 0xF6, 0x03, 0xF7, 0xF6, 0x18, 0xF7, 0xF7, 0xF6, 0xD6, 0xEE, 0x85, 0xF7, 0xF6, 0x01,
    0x17, 0xF7, 0xF7, 0xEE, 0x81, 0xD6, 0xEE, 0x81, 0xF7, 0xF6, 0x01, 0xD7, 0xF6, 0xD7, 0xEE, 0x82,
    0xF7, 0xF6, 0x00, 0xD7, 0xEE, 0x81, 0xD7, 0xF6, 0x82, 0xF7, 0xF6, 0x05, 0x18, 0xF7, 0xF7, 0xEE,
    0xD6, 0xEE, 0xB6, 0xEE, 0xD6, 0xEE, 0xD6, 0xF6, 0x81, 0xB6, 0xEE, 0x01, 0xD6, 0xF6, 0xB6, 0xF6,
    0x81, 0xD7, 0xF6, 0x02, 0xF7, 0xF6, 0x18, 0xF7, 0x17, 0xF7, 0x81, 0xD7, 0xEE, 0x84, 0xF7, 0xF6,
    0x81, 0xF7, 0xEE, 0x02, 0xD7, 0xEE, 0xD6, 0xEE, 0xD7, 0xF6, 0x81, 0xF7, 0xF6, 0x00, 0xF7, 0xEE,
    0x82, 0xF7, 0xF6, 0x00, 0xF6, 0xEE, 0x81, 0xF7, 0xF6, 0x04, 0xD7, 0xF6, 0xF7, 0xF6, 0xF7, 0xEE,
    0xF8, 0xF6, 0xF7, 0xF6, 0x81, 0xD6, 0xEE, 0x00, 0xB6, 0xEE, 0x81, 0xD6, 0xEE, 0x02, 0xB6, 0xEE,
    0xD6, 0xF6, 0xB6, 0xEE, 0x82, 0xD7, 0xF6, 0x03, 0xF7, 0xF6, 0x17, 0xF7, 0xF7, 0xF6, 0xD6, 0xEE,
    0x85, 0xF7, 0xF6, 0x03, 0x17, 0xF7, 0xF7, 0xEE, 0xD6, 0xEE, 0xD6, 0xF6, 0x82, 0xF7, 0xF6, 0x00,
    0xD7, 0xEE, 0x81, 0xF7, 0xF6, 0x01, 0xF6, 0xEE, 0xF7, 0xF6, 0x81, 0xD7, 0xF6, 0x0C, 0xF7, 0xF6,
    0xF7, 0xEE, 0xF7, 0xF6, 0xF8, 0xF6, 0xF6, 0xEE, 0xD6, 0xEE, 0xD7, 0xF6, 0x96, 0xE6, 0xAF, 0xA4,
    0x26, 0x52, 0xA0, 0x59, 0x82, 0x8A, 0x42, 0xAB, 0x82, 0xC3, 0xCB, 0x04, 0xE4, 0xCB, 0x8A, 0xCC,
    0x54, 0xE6, 0xB6, 0xEE, 0xF6, 0xF6, 0x82, 0xD6, 0xF6, 0x81, 0xF7, 0xF6, 0x02, 0x17, 0xF7, 0xF7,
    0xF6, 0xD6, 0xEE, 0x82, 0xD7, 0xF6, 0x81, 0xF8, 0xF6, 0x02, 0xF7, 0xF6, 0x17, 0xF7, 0xF7, 0xF6,
    0x81, 0xD7, 0xF6, 0x00, 0xD7, 0xEE, 0x81, 0xF7, 0xF6, 0x00, 0xD7, 0xF6, 0x82, 0xF7, 0xF6, 0x82,
    0xD7, 0xF6, 0x81, 0xF7, 0xF6, 0x82, 0xD7, 0xEE, 0x81, 0xF7, 0xF6, 0x82, 0xD6, 0xEE, 0x84, 0xD6,
    0xF6, 0x81, 0xF7, 0xF6, 0x02, 0x17, 0xF7, 0xF6, 0xF6, 0xD6, 0xF6, 0x81, 0xD7, 0xF6, 0x02, 0xF7,
    0xF6, 0xF8, 0xF6, 0xF7, 0xF6, 0x81, 0x17, 0xF7, 0x00, 0xF7, 0xF6, 0x81, 0xD7, 0xF6, 0x02, 0xD7,
    0xEE, 0xF7, 0xF6, 0xD7, 0xF6, 0x82, 0xF7, 0xF6, 0x83, 0xD7, 0xF6, 0x00, 0xF7, 0xF6, 0x82, 0xD7,
    0xEE, 0x81, 0xF7, 0xF6, 0x81, 0xD6, 0xEE, 0x02, 0xB6, 0xEE, 0xD6, 0xEE, 0xF6, 0xF6, 0x82, 0xD6,
    0xF6, 0x81, 0xF7, 0xF6, 0x02, 0x17, 0xF7, 0xF7, 0xF6, 0xD6, 0xEE, 0x81, 0xD7, 0xF6, 0x81, 0xF7,
    0xF6, 0x02, 0xF8, 0xF6, 0xF7, 0xF6, 0x17, 0xF7, 0x81, 0xF7, 0xF6, 0x01, 0xD7, 0xF6, 0xD7, 0xEE,
    0x81, 0xD7, 0xF6, 0x00, 0xD7, 0xEE, 0x82, 0xF7, 0xF6, 0x82, 0xD7, 0xF6, 0x01, 0xF7, 0xF6, 0xD7,
    0xF6, 0x81, 0xD7, 0xEE, 0x08, 0xF7, 0xF6, 0xF6, 0xEE, 0x14, 0xD6, 0x8F, 0xA4, 0xE9, 0x6A, 0x63,
    0x41, 0xA1, 0x59, 0x82, 0x8A, 0x42, 0xAB, 0x81, 0xA3, 0xC3, 0x05, 0xC3, 0xC3, 0xC4, 0xCB, 0x8B,
    0xCC, 0x75, 0xE6, 0xF7, 0xF6, 0xD7, 0xF6, 0x81, 0xD6, 0xF6, 0x83, 0xF7, 0xF6, 0x01, 0x17, 0xF7,
    0xF7, 0xF6, 0x81, 0xD7, 0xF6, 0x00, 0xB7, 0xF6, 0x81, 0xD7, 0xF6, 0x81, 0xF7, 0xF6, 0x00, 0xF7,
    0xEE, 0x87, 0xF7, 0xF6, 0x02, 0xD7, 0xF6, 0xD6, 0xEE, 0xD7, 0xF6, 0x82, 0xF7, 0xF6, 0x08, 0xD7,
    0xEE, 0xD6, 0xEE, 0xD7, 0xF6, 0x17, 0xF7, 0xF7, 0xF6, 0xD7, 0xEE, 0xD6, 0xEE, 0xD7, 0xF6, 0xF7,
    0xF6, 0x81, 0xD6, 0xF6, 0x00, 0xD7, 0xF6, 0x82, 0xF7, 0xF6, 0x00, 0x17, 0xF7, 0x81, 0xF7, 0xF6,
    0x83, 0xD7, 0xF6, 0x83, 0xF7, 0xF6, 0x00, 0x17, 0xF7, 0x86, 0xF7, 0xF6, 0x81, 0xD6, 0xEE, 0x81,
    0xD7, 0xF6, 0x81, 0xF7, 0xF6, 0x81, 0xD7, 0xEE, 0x81, 0xF7, 0xF6, 0x00, 0xD7, 0xEE, 0x81, 0xD6,
    0xEE, 0x01, 0xF7, 0xF6, 0xD7, 0xF6, 0x81, 0xD6, 0xF6, 0x83, 0xF7, 0xF6, 0x01, 0x17, 0xF7, 0xF7,
    0xF6, 0x84, 0xD7, 0xF6, 0x8A, 0xF7, 0xF6, 0x01, 0xD7, 0xF6, 0xD6, 0xEE, 0x81, 0xD7, 0xF6, 0x81,
    0xF7, 0xF6, 0x81, 0xD7, 0xEE, 0x08, 0xF7, 0xF6, 0xB6, 0xEE, 0xF0, 0xAC, 0x06, 0x4A, 0x20, 0x08,
    0xC0, 0x28, 0xA1, 0x59, 0x82, 0x82, 0x42, 0xAB, 0x81, 0xC3, 0xC3, 0x81, 0xC3, 0xCB, 0x02, 0x28,
    0xCC, 0x90, 0xDD, 0xD6, 0xEE, 0x81, 0xD7, 0xF6, 0x81, 0xF7, 0xF6, 0x82, 0xF8, 0xF6, 0x01, 0x18,
    0xF7, 0xF7, 0xF6, 0x81, 0xD7, 0xF6, 0x00, 0xB6, 0xEE, 0x81, 0xB7, 0xEE, 0x00, 0xD7, 0xF6, 0x81,
    0xD6, 0xEE, 0x02, 0xF7, 0xF6, 0x17, 0xF7, 0xD7, 0xEE, 0x81, 0xF7, 0xF6, 0x03, 0xF8, 0xF6, 0xF7,
    0xF6, 0xD7, 0xEE, 0xD6, 0xEE, 0x81, 0xB6, 0xEE, 0x81, 0xD7, 0xF6, 0x81, 0xF7, 0xF6, 0x81, 0xD6,
    0xEE, 0x00, 0xF7, 0xF6, 0x82, 0xD7, 0xEE, 0x00, 0xF7, 0xF6, 0x82, 0xD7, 0xF6, 0x81, 0xF7, 0xF6,
    0x81, 0xF8, 0xF6, 0x00, 0x18, 0xF7, 0x81, 0xF7, 0xF6, 0x04, 0xD7, 0xF6, 0xB6, 0xF6, 0xB6, 0xEE,
    0xB7, 0xEE, 0xD7, 0xF6, 0x81, 0xD6, 0xEE, 0x01, 0xD7, 0xF6, 0x17, 0xF7, 0x82, 0xF7, 0xF6, 0x02,
    0xF8, 0xF6, 0xF7, 0xF6, 0xD7, 0xEE, 0x81, 0xD6, 0xEE, 0x01, 0xB6, 0xEE, 0xD6, 0xEE, 0x81, 0xD7,
    0xF6, 0x81, 0xF7, 0xF6, 0x00, 0xD6, 0xEE, 0x81, 0xF7, 0xF6, 0x82, 0xD6, 0xEE, 0x00, 0xF7, 0xF6,
    0x81, 0xD7, 0xF6, 0x81, 0xF7, 0xF6, 0x82, 0xF8, 0xF6, 0x01, 0x17, 0xF7, 0xF7, 0xF6, 0x81, 0xD7,
    0xF6, 0x03, 0xB7, 0xEE, 0x97, 0xEE, 0xB7, 0xF6, 0xD7, 0xF6, 0x81, 0xD6, 0xEE, 0x02, 0x17, 0xF7,
    0xF7, 0xF6, 0xD7, 0xF6, 0x83, 0xF7, 0xF6, 0x03, 0xD7, 0xEE, 0xD6, 0xEE, 0xB6, 0xEE, 0xD6, 0xEE,
    0x81, 0xD7, 0xF6, 0x81, 0xF7, 0xF6, 0x81, 0xD6, 0xEE, 0x0E, 0xD7, 0xEE, 0xB3, 0xCD, 0x4B, 0x73,
    0x23, 0x29, 0xE0, 0x30, 0xA1, 0x59, 0x82, 0x82, 0x22, 0xAB, 0xC3, 0xC3, 0xA3, 0xC3, 0xC3, 0xC3,
    0xA2, 0xC3, 0xE7, 0xC3, 0x91, 0xD5, 0xB6, 0xEE, 0x81, 0xD7, 0xF6, 0x81, 0xF7, 0xF6, 0x03, 0xD7,
    0xF6, 0xD8, 0xF6, 0xF8, 0xF6, 0xF7, 0xF6, 0x82, 0xD7, 0xF6, 0x00, 0xB6, 0xEE, 0x81, 0xB7, 0xEE,
    0x00, 0xD6, 0xF6, 0x81, 0xB6, 0xEE, 0x03, 0xF7, 0xEE, 0x17, 0xEF, 0xD7, 0xEE, 0xF7, 0xF6, 0x81,
    0xF8, 0xF6, 0x02, 0xF7, 0xF6, 0xD7, 0xEE, 0xD6, 0xEE, 0x81, 0xB6, 0xEE, 0x81, 0xD7, 0xF6, 0x81,
    0xF7, 0xF6, 0x03, 0xD6, 0xEE, 0xB6, 0xEE, 0xD7, 0xEE, 0xF7, 0xF6, 0x81, 0xD7, 0xEE, 0x00, 0xD6,
    0xEE, 0x82, 0xD7, 0xF6, 0x04, 0xF7, 0xF6, 0xD7, 0xF6, 0xF8, 0xF6, 0xD8, 0xF6, 0xF8, 0xF6, 0x82,
    0xD7, 0xF6, 0x0A, 0xB6, 0xF6, 0xB6, 0xEE, 0xB7, 0xEE, 0xD7, 0xF6, 0xD6, 0xEE, 0xB6, 0xEE, 0xD6,
    0xEE, 0x17, 0xEF, 0xF7, 0xEE, 0xD7, 0xF6, 0xF7, 0xF6, 0x81, 0xF8, 0xF6, 0x00, 0xD7, 0xEE, 0x81,
    0xD6, 0xEE, 0x01, 0xB6, 0xEE, 0xD6, 0xEE, 0x81, 0xD7, 0xF6, 0x03, 0xF7, 0xF6, 0xF6, 0xF6, 0xB6,
    0xEE, 0xD6, 0xEE, 0x81, 0xF7, 0xF6, 0x81, 0xD7, 0xEE, 0x00, 0xD6, 0xEE, 0x81, 0xD7, 0xF6, 0x05,
    0xF7, 0xF6, 0xD7, 0xF6, 0xF8, 0xF6, 0xD8, 0xF6, 0xF8, 0xF6, 0xF7, 0xF6, 0x82, 0xD7, 0xF6, 0x82,
    0xB7, 0xEE, 0x00, 0xD6, 0xF6, 0x81, 0xB6, 0xEE, 0x81, 0xF7, 0xEE, 0x00, 0xD7, 0xEE, 0x81, 0xF7,
    0xF6, 0x05, 0xF8, 0xF6, 0xF7, 0xF6, 0xD7, 0xEE, 0xD6, 0xEE, 0xB6, 0xEE, 0xD6, 0xEE, 0x81, 0xD7,
    0xF6, 0x81, 0xF7, 0xF6, 0x10, 0xD6, 0xEE, 0xB6, 0xEE, 0xD7, 0xF6, 0xB7, 0xEE, 0x93, 0xC5, 0xEA,
    0x6A, 0x62, 0x41, 0xE1, 0x69, 0xC2, 0x92, 0x62, 0xB3, 0xC3, 0xC3, 0xA3, 0xC3, 0xC3, 0xC3, 0xC2,
    0xCB, 0x49, 0xCC, 0x75, 0xE6, 0xD6, 0xEE, 0x81, 0xD7, 0xEE, 0x02, 0xD7, 0xF6, 0xF7, 0xF6, 0xD7,
    0xF6, 0x83, 0xD7, 0xEE, 0x02, 0xD7, 0xF6, 0xD6, 0xF6, 0xB6, 0xEE, 0x81, 0xD7, 0xEE, 0x08, 0xD7,
    0xF6, 0xD6, 0xEE, 0xB6, 0xEE, 0xD6, 0xEE, 0xF7, 0xEE, 0xF7, 0xF6, 0xD7, 0xEE, 0xF7, 0xF6, 0xD7,
    0xF6, 0x81, 0xD7, 0xEE, 0x81, 0xD6, 0xEE, 0x01, 0xD7, 0xEE, 0xD7, 0xF6, 0x81, 0xF7, 0xF6, 0x83,
    0xD6, 0xEE, 0x81, 0xF7, 0xF6, 0x00, 0xF7, 0xEE, 0x83, 0xD7, 0xEE, 0x00, 0xF7, 0xF6, 0x81, 0xD7,
    0xF6, 0x83, 0xD7, 0xEE, 0x02, 0xD7, 0xF6, 0xD6, 0xEE, 0xB7, 0xEE, 0x81, 0xD7, 0xEE, 0x05, 0xD7,
    0xF6, 0xB6, 0xEE, 0xD6, 0xEE, 0xF7, 0xEE, 0xF7, 0xF6, 0xD7, 0xF6, 0x81, 0xF7, 0xF6, 0x82, 0xD7,
    0xEE, 0x81, 0xD6, 0xEE, 0x81, 0xD7, 0xF6, 0x81, 0xF7, 0xF6, 0x82, 0xD6, 0xEE, 0x01, 0xF7, 0xEE,
    0xF7, 0xF6, 0x81, 0xF7, 0xEE, 0x02, 0xD6, 0xEE, 0xD7, 0xEE, 0xB7, 0xEE, 0x82, 0xF7, 0xF6, 0x83,
    0xD7, 0xEE, 0x00, 0xD7, 0xF6, 0x81, 0xD6, 0xEE, 0x81, 0xD7, 0xEE, 0x07, 0xD7, 0xF6, 0xD6, 0xEE,
    0xB6, 0xEE, 0xF6, 0xEE, 0xF7, 0xEE, 0xD7, 0xEE, 0xD7, 0xF6, 0xF7, 0xF6, 0x82, 0xD7, 0xEE, 0x81,
    0xD6, 0xEE, 0x01, 0xD7, 0xEE, 0xD7, 0xF6, 0x81, 0xF7, 0xF6, 0x00, 0xF6, 0xF6, 0x81, 0xD6, 0xEE,
    0x11, 0xD7, 0xEE, 0xD7, 0xF6, 0xB7, 0xEE, 0xED, 0x8B, 0xC4, 0x51, 0x21, 0x72, 0xE2, 0x9A, 0x83,
    0xB3, 0xC3, 0xCB, 0xC3, 0xC3, 0xC3, 0xCB, 0xC2, 0xCB, 0x69, 0xCC, 0x96, 0xEE, 0xF7, 0xEE, 0xD7,
    0xEE, 0xB7, 0xEE, 0xD7, 0xEE, 0x81, 0xF7, 0xF6, 0x04, 0xD7, 0xF6, 0xD7, 0xEE, 0xF7, 0xF6, 0xD7,
    0xF6, 0xF7, 0xEE, 0x88, 0xD6, 0xEE, 0x81, 0xD7, 0xEE, 0x00, 0xB7, 0xEE, 0x81, 0xB6, 0xEE, 0x02,
    0xD6, 0xEE, 0xD7, 0xEE, 0xD6, 0xEE, 0x82, 0xD7, 0xEE, 0x00, 0xF7, 0xF6, 0x83, 0xD6, 0xEE, 0x0D,
    0xF7, 0xEE, 0x18, 0xF7, 0xF8, 0xEE, 0xF7, 0xEE, 0xD7, 0xEE, 0xB7, 0xEE, 0xD7, 0xEE, 0xF7, 0xF6,
    0xD7, 0xF6, 0xF7, 0xF6, 0xD7, 0xEE, 0xF7, 0xF6, 0xD7, 0xF6, 0xD7, 0xEE, 0x88, 0xD6, 0xEE, 0x83,
    0xD7, 0xEE, 0x07, 0xB6, 0xEE, 0xD6, 0xEE, 0xD7, 0xEE, 0xD6, 0xEE, 0xD7, 0xEE, 0xF7, 0xF6, 0xD7,
    0xEE, 0xF7, 0xF6, 0x83, 0xD6, 0xEE, 0x81, 0xF7, 0xEE, 0x00, 0x18, 0xF7, 0x81, 0xF7, 0xEE, 0x04,
    0xD7, 0xEE, 0xB6, 0xEE, 0xF7, 0xF6, 0xD7, 0xF6, 0xF7, 0xF6, 0x81, 0xD7, 0xF6, 0x02, 0xF7, 0xF6,
    0xD7, 0xF6, 0xD7, 0xEE, 0x87, 0xD6, 0xEE, 0x82, 0xD7, 0xEE, 0x82, 0xB6, 0xEE, 0x02, 0xD6, 0xEE,
    0xD7, 0xEE, 0xD6, 0xEE, 0x81, 0xD7, 0xEE, 0x81, 0xF7, 0xF6, 0x82, 0xD6, 0xEE, 0x07, 0xF6, 0xEE,
    0xD7, 0xEE, 0x76, 0xE6, 0xAC, 0x83, 0xA4, 0x49, 0x01, 0x6A, 0xC2, 0x92, 0x42, 0xAB, 0x81, 0xA3,
    0xC3, 0x08, 0xA4, 0xC3, 0x07, 0xC4, 0x0D, 0xD5, 0x54, 0xE6, 0xD7, 0xEE, 0xF7, 0xF6, 0xB7, 0xEE,
    0xD7, 0xEE, 0xF7, 0xF6, 0x81, 0xD7, 0xF6, 0x82, 0xF7, 0xF6, 0x00, 0xD7, 0xEE, 0x81, 0xD6, 0xEE,
    0x81, 0xD7, 0xEE, 0x81, 0xB6, 0xEE, 0x02, 0xD6, 0xEE, 0xD7, 0xEE, 0xD6, 0xEE, 0x81, 0xD7, 0xEE,
    0x00, 0xB6, 0xEE, 0x83, 0xD7, 0xEE, 0x00, 0xD6, 0xEE, 0x84, 0xD7, 0xEE, 0x81, 0xD6, 0xEE, 0x02,
    0xF7, 0xEE, 0x17, 0xF7, 0x18, 0xF7, 0x82, 0xF7, 0xEE, 0x81, 0xD7, 0xEE, 0x00, 0xF7, 0xF6, 0x81,
    0xD7, 0xF6, 0x82, 0xF7, 0xF6, 0x00, 0xF7, 0xEE, 0x82, 0xD6, 0xEE, 0x01, 0xD7, 0xEE, 0xD6, 0xEE,
    0x81, 0xB6, 0xEE, 0x01, 0xD7, 0xEE, 0xD6, 0xEE, 0x81, 0xD7, 0xEE, 0x00, 0xB6, 0xEE, 0x89, 0xD7,
    0xEE, 0x81, 0xD6, 0xEE, 0x03, 0xF7, 0xEE, 0xF7, 0xF6, 0x17, 0xF7, 0x17, 0xEF, 0x81, 0xF7, 0xEE,
    0x05, 0xD7, 0xEE, 0xB7, 0xEE, 0xF7, 0xF6, 0xD7, 0xF6, 0xF7, 0xF6, 0xD7, 0xF6, 0x82, 0xF7, 0xF6,
    0x00, 0xD7, 0xEE, 0x81, 0xD6, 0xEE, 0x01, 0xD7, 0xEE, 0xD6, 0xEE, 0x81, 0xB6, 0xEE, 0x81, 0xD6,
    0xEE, 0x82, 0xD7, 0xEE, 0x00, 0xB6, 0xEE, 0x83, 0xD7, 0xEE, 0x00, 0xD6, 0xEE, 0x84, 0xD7, 0xEE,
    0x81, 0xD6, 0xEE, 0x0C, 0xF7, 0xEE, 0xB6, 0xEE, 0x31, 0xB5, 0x47, 0x52, 0x00, 0x39, 0xC1, 0x61,
    0xA2, 0x8A, 0x42, 0xAB, 0xA3, 0xC3, 0xA2, 0xC3, 0x07, 0xC4, 0x70, 0xD5, 0xD6, 0xEE, 0x81, 0xF7,
    0xEE, 0x01, 0xF7, 0xF6, 0xD7, 0xEE, 0x84, 0xF7, 0xF6, 0x81, 0xD7, 0xF6, 0x00, 0xD7, 0xEE, 0x81,
    0xF7, 0xEE, 0x01, 0xF7, 0xF6, 0xF7, 0xEE, 0x81, 0xD6, 0xEE, 0x04, 0xF7, 0xEE, 0xF7, 0xF6, 0xF7,
    0xEE, 0xF7, 0xF6, 0xD7, 0xF6, 0x85, 0xD7, 0xEE, 0x00, 0xB7, 0xEE, 0x81, 0xD7, 0xEE, 0x00, 0xF7,
    0xF6, 0x82, 0xD7, 0xEE, 0x00, 0xF7, 0xF6, 0x84, 0xF7, 0xEE, 0x81, 0xD7, 0xEE, 0x87, 0xF7, 0xF6,
    0x00, 0xF7, 0xEE, 0x81, 0xF7, 0xF6, 0x02, 0xD7, 0xEE, 0xD6, 0xEE, 0xD7, 0xEE, 0x81, 0xF7, 0xF6,
    0x01, 0xD7, 0xF6, 0xF7, 0xF6, 0x85, 0xD7, 0xEE, 0x02, 0xB6, 0xEE, 0xB7, 0xEE, 0xD7, 0xEE, 0x81,
    0xF7, 0xF6, 0x81, 0xD7, 0xEE, 0x00, 0xF7, 0xF6, 0x84, 0xF7, 0xEE, 0x01, 0xF7, 0xF6, 0xD7, 0xEE,
    0x84, 0xF7, 0xF6, 0x81, 0xD7, 0xF6, 0x00, 0xF7, 0xEE, 0x82, 0xF7, 0xF6, 0x00, 0xF7, 0xEE, 0x81,
    0xD6, 0xEE, 0x00, 0xF7, 0xEE, 0x82, 0xF7, 0xF6, 0x01, 0xD7, 0xEE, 0xB7, 0xEE, 0x84, 0xD7, 0xEE,
    0x00, 0xB7, 0xEE, 0x81, 0xD7, 0xEE, 0x00, 0xF7, 0xF6, 0x82, 0xD7, 0xEE, 0x0B, 0xF7, 0xF6, 0x96,
    0xE6, 0x4E, 0x9C, 0xA5, 0x39, 0xE0, 0x30, 0xA1, 0x59, 0x82, 0x8A, 0x42, 0xAB, 0xA3, 0xC3, 0x80,
    0xC3, 0xCC, 0xD4, 0xB6, 0xEE, 0x81, 0xF7, 0xEE, 0x01, 0xF8, 0xEE, 0xF8, 0xF6, 0x81, 0xF7, 0xF6,
    0x82, 0x18, 0xF7, 0x81, 0xF7, 0xF6, 0x02, 0xF8, 0xF6, 0x18, 0xF7, 0x17, 0xF7, 0x82, 0xF7, 0xF6,
    0x82, 0x17, 0xF7, 0x83, 0xF7, 0xF6, 0x82, 0xD7, 0xEE, 0x01, 0xD7, 0xF6, 0xD7, 0xEE, 0x81, 0xB7,
    0xEE, 0x01, 0xB6, 0xEE, 0xD7, 0xEE, 0x83, 0xF7, 0xF6, 0x81, 0x18, 0xF7, 0x82, 0xF7, 0xEE, 0x81,
    0xF8, 0xF6, 0x81, 0xF7, 0xF6, 0x81, 0x18, 0xF7, 0x81, 0xF7, 0xF6, 0x02, 0xF8, 0xF6, 0x18, 0xF7,
    0x17, 0xF7, 0x83, 0xF7, 0xF6, 0x81, 0x17, 0xF7, 0x84, 0xF7, 0xF6, 0x84, 0xD7, 0xEE, 0x00, 0xB7,
    0xEE, 0x81, 0xB6, 0xEE, 0x83, 0xF7, 0xF6, 0x81, 0x18, 0xF7, 0x82, 0xF7, 0xEE, 0x01, 0xF8, 0xEE,
    0xF8, 0xF6, 0x81, 0xF7, 0xF6, 0x02, 0xF8, 0xF6, 0x18, 0xF7, 0xF8, 0xF6, 0x81, 0xF7, 0xF6, 0x81,
    0x18, 0xF7, 0x84, 0xF7, 0xF6, 0x00, 0x17, 0xF7, 0x82, 0xF7, 0xF6, 0x01, 0xF8, 0xF6, 0xF7, 0xF6,
    0x81, 0xD7, 0xEE, 0x00, 0xD7, 0xF6, 0x81, 0xD7, 0xEE, 0x00, 0xB7, 0xEE, 0x81, 0xB6, 0xEE, 0x00,
    0xD7, 0xEE, 0x83, 0xF7, 0xF6, 0x0B, 0x18, 0xF7, 0xF7, 0xF6, 0x76, 0xE6, 0xC9, 0x62, 0xC0, 0x28,
    0xA1, 0x59, 0x62, 0x82, 0x22, 0xA3, 0x63, 0xBB, 0x40, 0xBB, 0x4A, 0xC4, 0x34, 0xE6, 0x82, 0xD7,
    0xEE, 0x01, 0xF7, 0xF6, 0xF8, 0xF6, 0x81, 0xF7, 0xF6, 0x81, 0xF8, 0xF6, 0x82, 0xF7, 0xF6, 0x81,
    0x18, 0xF7, 0x03, 0x18, 0xEF, 0xF8, 0xF6, 0xF7, 0xEE, 0x17, 0xF7, 0x81, 0x18, 0xF7, 0x05, 0xF7,
    0xF6, 0xF7, 0xEE, 0xF8, 0xEE, 0xF7, 0xEE, 0xD7, 0xEE, 0xF7, 0xEE, 0x81, 0xD7, 0xEE, 0x82, 0xB7,
    0xEE, 0x81, 0xB6, 0xEE, 0x00, 0xD7, 0xEE, 0x81, 0xF7, 0xEE, 0x81, 0x17, 0xF7, 0x02, 0xF8, 0xF6,
    0xF7, 0xEE, 0xF6, 0xEE, 0x81, 0xD7, 0xEE, 0x81, 0xF8, 0xF6, 0x00, 0xF7, 0xF6, 0x82, 0xF8, 0xF6,
    0x81, 0xF7, 0xF6, 0x00, 0xF8, 0xF6, 0x82, 0x18, 0xF7, 0x81, 0xF7, 0xF6, 0x81, 0x18, 0xF7, 0x00,
    0xF7, 0xF6, 0x81, 0xF7, 0xEE, 0x00, 0xF8, 0xEE, 0x82, 0xF7, 0xEE, 0x81, 0xD7, 0xEE, 0x04, 0xB7,
    0xEE, 0xD7, 0xF6, 0xB7, 0xEE, 0xB6, 0xEE, 0xD7, 0xEE, 0x81, 0xF7, 0xEE, 0x81, 0x17, 0xF7, 0x06,
    0x18, 0xF7, 0xF7, 0xEE, 0xD6, 0xEE, 0xF7, 0xEE, 0xD7, 0xEE, 0xF7, 0xF6, 0xF8, 0xF6, 0x81, 0xF7,
    0xF6, 0x81, 0xF8, 0xF6, 0x82, 0xF7, 0xF6, 0x00, 0xF8, 0xF6, 0x81, 0x18, 0xF7, 0x02, 0xF8, 0xF6,
    0xF7, 0xF6, 0x17, 0xF7, 0x81, 0x18, 0xF7, 0x05, 0xF7, 0xF6, 0xF7, 0xEE, 0xF8, 0xEE, 0xF7, 0xEE,
    0xD7, 0xEE, 0xF7, 0xEE, 0x81, 0xD7, 0xEE, 0x02, 0xB7, 0xEE, 0xD7, 0xEE, 0xB7, 0xEE, 0x81, 0xB6,
    0xEE, 0x01, 0xD7, 0xEE, 0xF7, 0xEE, 0x82, 0x17, 0xF7, 0x0A, 0xF7, 0xF6, 0x56, 0xDE, 0xC9, 0x62,
    0xC0, 0x28, 0xA1, 0x59, 0x62, 0x82, 0x22, 0xA3, 0xA3, 0xC3, 0xA2, 0xC3, 0xA4, 0xC3, 0xED, 0xCC,
    0x81, 0xF7, 0xEE, 0x01, 0xF7, 0xF6, 0xF7, 0xEE, 0x84, 0xF7, 0xF6, 0x03, 0xD7, 0xF6, 0xD7, 0xEE,
    0xF7, 0xF6, 0xF8, 0xF6, 0x81, 0x18, 0xF7, 0x00, 0xF8, 0xEE, 0x81, 0xD7, 0xEE, 0x84, 0xF7, 0xF6,
    0x00, 0xD7, 0xEE, 0x81, 0xD6, 0xEE, 0x83, 0xB6, 0xEE, 0x81, 0xB7, 0xEE, 0x82, 0xD7, 0xEE, 0x04,
    0xF7, 0xEE, 0x17, 0xF7, 0xF7, 0xF6, 0xF7, 0xEE, 0xF7, 0xF6, 0x81, 0xF7, 0xEE, 0x00, 0xD7, 0xEE,
    0x85, 0xF7, 0xF6, 0x02, 0xD7, 0xEE, 0xD7, 0xF6, 0xF7, 0xF6, 0x82, 0x18, 0xF7, 0x02, 0xF7, 0xEE,
    0xD7, 0xEE, 0xF7, 0xEE, 0x83, 0xF7, 0xF6, 0x00, 0xF7, 0xEE, 0x82, 0xD6, 0xEE, 0x83, 0xB6, 0xEE,
    0x00, 0xB7, 0xEE, 0x83, 0xD7, 0xEE, 0x82, 0xF7, 0xEE, 0x81, 0xF7, 0xF6, 0x03, 0xF7, 0xEE, 0xF7,
    0xF6, 0xF7, 0xEE, 0xF8, 0xF6, 0x83, 0xF7, 0xF6, 0x02, 0xD7, 0xF6, 0xD7, 0xEE, 0xF7, 0xF6, 0x82,
    0x18, 0xF7, 0x00, 0xF8, 0xEE, 0x81, 0xD7, 0xEE, 0x84, 0xF7, 0xF6, 0x01, 0xD7, 0xEE, 0xD6, 0xEE,
    0x85, 0xB6, 0xEE, 0x83, 0xD7, 0xEE, 0x82, 0xF7, 0xEE, 0x0D, 0xD7, 0xF6, 0xB7, 0xEE, 0x8F, 0x9C,
    0x06, 0x52, 0xA0, 0x59, 0x82, 0x82, 0x22, 0xAB, 0xA3, 0xC3, 0xC3, 0xC3, 0x80, 0xC3, 0x6B, 0xC4,
    0xD7, 0xEE, 0xF7, 0xF6, 0x17, 0xF7, 0x84, 0xF7, 0xF6, 0x00, 0x17, 0xF7, 0x82, 0xF7, 0xF6, 0x03,
    0xF8, 0xF6, 0x39, 0xF7, 0x19, 0xF7, 0x18, 0xF7, 0x87, 0xF7, 0xF6, 0x00, 0xD6, 0xEE, 0x81, 0xB6,
    0xEE, 0x00, 0xB5, 0xEE, 0x81, 0xB6, 0xEE, 0x82, 0xD7, 0xEE, 0x83, 0xF7, 0xEE, 0x00, 0x17, 0xF7,
    0x88, 0xF7, 0xF6, 0x00, 0x17, 0xF7, 0x83, 0xF7, 0xF6, 0x03, 0x18, 0xF7, 0x39, 0xF7, 0x18, 0xF7,
    0xF7, 0xEE, 0x86, 0xF7, 0xF6, 0x81, 0xD6, 0xEE, 0x00, 0xB6, 0xEE, 0x81, 0xB5, 0xEE, 0x01, 0xB6,
    0xEE, 0xD6, 0xEE, 0x82, 0xD7, 0xEE, 0x82, 0xF7, 0xEE, 0x03, 0x17, 0xF7, 0xF7, 0xF6, 0xD7, 0xEE,
    0xF7, 0xEE, 0x86, 0xF7, 0xF6, 0x00, 0x17, 0xF7, 0x82, 0xF7, 0xF6, 0x03, 0x18, 0xF7, 0x39, 0xF7,
    0x19, 0xF7, 0xF8, 0xEE, 0x86, 0xF7, 0xF6, 0x00, 0xD7, 0xEE, 0x82, 0xB6, 0xEE, 0x00, 0x95, 0xEE,
    0x81, 0xB6, 0xEE, 0x82, 0xD7, 0xEE, 0x83, 0xF7, 0xEE, 0x0C, 0x17, 0xF7, 0xF7, 0xEE, 0xD7, 0xEE,
    0x31, 0xB5, 0x67, 0x5A, 0x80, 0x51, 0x62, 0x82, 0x22, 0xA3, 0xE3, 0xCB, 0xE3, 0xD3, 0xC0, 0xCB,
    0xAC, 0xD4, 0xF8, 0xEE, 0x81, 0x17, 0xF7, 0x00, 0xF7, 0xEE, 0x81, 0xD7, 0xEE, 0x00, 0xF7, 0xF6,
    0x83, 0x18, 0xF7, 0x00, 0xF8, 0xF6, 0x83, 0x18, 0xF7, 0x86, 0xF7, 0xF6, 0x00, 0xF7, 0xEE, 0x81,
    0xD6, 0xEE, 0x82, 0xB6, 0xEE, 0x82, 0xD6, 0xEE, 0x00, 0xD7, 0xEE, 0x81, 0xF7, 0xEE, 0x02, 0xF7,
    0xF6, 0xF7, 0xEE, 0x17, 0xF7, 0x81, 0xF8, 0xF6, 0x81, 0x17, 0xF7, 0x04, 0xF7, 0xF6, 0xF7, 0xEE,
    0xD7, 0xEE, 0xF7, 0xEE, 0xF7, 0xF6, 0x83, 0x18, 0xF7, 0x03, 0xF8, 0xF6, 0x18, 0xF7, 0x19, 0xF7,
    0x18, 0xF7, 0x86, 0xF7, 0xF6, 0x01, 0xF7, 0xEE, 0xD7, 0xEE, 0x81, 0xD6, 0xEE, 0x81, 0xB6, 0xEE,
    0x83, 0xD6, 0xEE, 0x81, 0xF7, 0xEE, 0x05, 0xF8, 0xF6, 0xF7, 0xEE, 0x17, 0xEF, 0xF7, 0xF6, 0xF8,
    0xF6, 0xF7, 0xF6, 0x81, 0x17, 0xF7, 0x03, 0xF7, 0xF6, 0xD7, 0xEE, 0xF7, 0xEE, 0xF7, 0xF6, 0x83,
    0x18, 0xF7, 0x00, 0xF8, 0xF6, 0x82, 0x18, 0xF7, 0x00, 0xF8, 0xF6, 0x85, 0xF7, 0xF6, 0x01, 0xF7,
    0xEE, 0xD7, 0xEE, 0x81, 0xD6, 0xEE, 0x82, 0xB6, 0xEE, 0x82, 0xD6, 0xEE, 0x0C, 0xD7, 0xEE, 0xF7,
    0xEE, 0xF8, 0xF6, 0xF7, 0xF6, 0xF7, 0xEE, 0x17, 0xF7, 0xB6, 0xEE, 0x52, 0xBD, 0x6B, 0x7B, 0x84,
    0x39, 0x60, 0x51, 0x42, 0x7A, 0x02, 0xA3, 0x81, 0x03, 0xD4, 0x03, 0xC1, 0xCB, 0x8A, 0xD4, 0x96,
    0xEE, 0x17, 0xF7, 0x83, 0xF7, 0xEE, 0x00, 0xF7, 0xF6, 0x83, 0x18, 0xF7, 0x00, 0xF8, 0xF6, 0x81,
    0x18, 0xF7, 0x01, 0xF8, 0xF6, 0xF7, 0xF6, 0x82, 0xF7, 0xEE, 0x82, 0xF7, 0xF6, 0x82, 0xF7, 0xEE,
    0x81, 0xD7, 0xEE, 0x85, 0xD6, 0xEE, 0x01, 0xF7, 0xEE, 0xF8, 0xF6, 0x81, 0xF7, 0xEE, 0x00, 0xF7,
    0xF6, 0x82, 0x18, 0xF7, 0x00, 0x17, 0xF7, 0x82, 0xF7, 0xEE, 0x00, 0xF7, 0xF6, 0x87, 0x18, 0xF7,
    0x00, 0xF8, 0xF6, 0x81, 0xF7, 0xEE, 0x00, 0xD7, 0xEE, 0x83, 0xF7, 0xF6, 0x82, 0xF7, 0xEE, 0x81,
    0xD7, 0xEE, 0x81, 0xD6, 0xEE, 0x00, 0xF7, 0xEE, 0x81, 0xD6, 0xEE, 0x01, 0xD7, 0xEE, 0xF8, 0xF6,
    0x81, 0xF7, 0xEE, 0x00, 0xF8, 0xF6, 0x82, 0x18, 0xF7, 0x01, 0x17, 0xF7, 0xF7, 0xF6, 0x82, 0xF7,
    0xEE, 0x00, 0xF7, 0xF6, 0x85, 0x18, 0xF7, 0x01, 0xF8, 0xF6, 0x18, 0xF7, 0x81, 0xF7, 0xF6, 0x01,
    0xF7, 0xEE, 0xD7, 0xEE, 0x82, 0xF7, 0xF6, 0x82, 0xF7, 0xEE, 0x81, 0xD7, 0xEE, 0x81, 0xD6, 0xEE,
    0x00, 0xF7, 0xEE, 0x81, 0xD6, 0xEE, 0x02, 0xD7, 0xEE, 0xF7, 0xEE, 0xF8, 0xF6, 0x81, 0xF7, 0xEE,
    0x0C, 0xF7, 0xF6, 0xF7, 0xEE, 0x14, 0xD6, 0xAC, 0x7B, 0x84, 0x39, 0x60, 0x49, 0x62, 0x7A, 0x22,
    0xA3, 0xE3, 0xD3, 0xE2, 0xCB, 0x06, 0xCC, 0x2E, 0xD5, 0x96, 0xEE, 0x81, 0xF8, 0xF6, 0x81, 0xF7,
    0xF6, 0x81, 0xF8, 0xF6, 0x83, 0x18, 0xF7, 0x00, 0xF8, 0xEE, 0x81, 0x18, 0xF7, 0x01, 0xF7, 0xF6,
    0xF7, 0xEE, 0x81, 0xF7, 0xF6, 0x00, 0xD7, 0xEE, 0x83, 0xD7, 0xF6, 0x83, 0xF7, 0xF6, 0x81, 0xD7,
    0xEE, 0x81, 0xF7, 0xEE, 0x81, 0xD7, 0xEE, 0x00, 0xF7, 0xF6, 0x81, 0xF7, 0xEE, 0x81, 0xF8, 0xF6,
    0x00, 0x17, 0xF7, 0x81, 0x18, 0xF7, 0x03, 0xF8, 0xF6, 0xF7, 0xF6, 0xF7, 0xEE, 0xF7, 0xF6, 0x84,
    0x18, 0xF7, 0x01, 0x18, 0xEF, 0xF8, 0xF6, 0x81, 0x18, 0xF7, 0x81, 0xF7, 0xEE, 0x00, 0xF7, 0xF6,
    0x84, 0xD7, 0xF6, 0x84, 0xF7, 0xF6, 0x06, 0xD7, 0xEE, 0xF7, 0xEE, 0xF7, 0xF6, 0xF7, 0xEE, 0xD6,
    0xEE, 0xD7, 0xEE, 0xF7, 0xF6, 0x81, 0xF7, 0xEE, 0x01, 0xF8, 0xF6, 0xF7, 0xF6, 0x81, 0x18, 0xF7,
    0x81, 0xF8, 0xF6, 0x03, 0xF7, 0xEE, 0xF7, 0xF6, 0x18, 0xF7, 0xF8, 0xF6, 0x83, 0x18, 0xF7, 0x00,
    0xF8, 0xEE, 0x81, 0x18, 0xF7, 0x01, 0xF7, 0xF6, 0xF7, 0xEE, 0x81, 0xF7, 0xF6, 0x84, 0xD7, 0xF6,
    0x83, 0xF7, 0xF6, 0x81, 0xD7, 0xEE, 0x81, 0xF7, 0xEE, 0x81, 0xD7, 0xEE, 0x00, 0xF7, 0xF6, 0x81,
    0xF7, 0xEE, 0x0D, 0xF7, 0xF6, 0xF8, 0xF6, 0x18, 0xF7, 0xF7, 0xEE, 0xED, 0x83, 0x64, 0x39, 0x60,
    0x49, 0x42, 0x72, 0x02, 0x9B, 0xC3, 0xC3, 0xC4, 0xC3, 0xCC, 0xD4, 0x75, 0xEE, 0xF8, 0xF6, 0x81,
    0x18, 0xF7, 0x83, 0xF7, 0xF6, 0x83, 0x18, 0xF7, 0x02, 0xF7, 0xEE, 0xF8, 0xEE, 0xF8, 0xF6, 0x81,
    0xF7, 0xEE, 0x81, 0xF7, 0xF6, 0x01, 0xD7, 0xF6, 0xD6, 0xF6, 0x82, 0xD7, 0xF6, 0x81, 0xF7, 0xF6,
    0x03, 0xD7, 0xF6, 0xF7, 0xF6, 0xF7, 0xEE, 0xD7, 0xEE, 0x81, 0xF7, 0xEE, 0x81, 0xD7, 0xEE, 0x00,
    0xF7, 0xF6, 0x81, 0xF7, 0xEE, 0x00, 0xD7, 0xEE, 0x82, 0xF7, 0xF6, 0x82, 0xF8, 0xF6, 0x81, 0xF7,
    0xF6, 0x01, 0xF8, 0xF6, 0xF7, 0xF6, 0x82, 0x18, 0xF7, 0x03, 0x18, 0xEF, 0xF8, 0xEE, 0xF8, 0xF6,
    0xF7, 0xF6, 0x81, 0xF7, 0xEE, 0x00, 0xF7, 0xF6, 0x84, 0xD7, 0xF6, 0x84, 0xF7, 0xF6, 0x81, 0xD7,
    0xEE, 0x06, 0xF8, 0xF6, 0xD7, 0xEE, 0xD6, 0xEE, 0xF7, 0xEE, 0xF7, 0xF6, 0xF7, 0xEE, 0xD7, 0xEE,
    0x82, 0xF7, 0xF6, 0x81, 0xF8, 0xF6, 0x00, 0x18, 0xF7, 0x81, 0xF7, 0xF6, 0x01, 0x18, 0xF7, 0xF7,
    0xF6, 0x83, 0x18, 0xF7, 0x00, 0xF7, 0xEE, 0x81, 0xF8, 0xF6, 0x81, 0xF7, 0xEE, 0x81, 0xF7, 0xF6,
    0x84, 0xD7, 0xF6, 0x81, 0xF7, 0xF6, 0x04, 0xD7, 0xEE, 0xF7, 0xF6, 0xF7, 0xEE, 0xD7, 0xEE, 0xF7,
    0xEE, 0x82, 0xD7, 0xEE, 0x01, 0xF7, 0xF6, 0xF7, 0xEE, 0x81, 0xD7, 0xEE, 0x0F, 0xF7, 0xF6, 0xD7,
    0xEE, 0xF4, 0xCD, 0xA8, 0x5A, 0xA0, 0x20, 0x61, 0x49, 0x21, 0x72, 0xE2, 0x9A, 0xA3, 0xC3, 0xC5,
    0xC3, 0xED, 0xD4, 0x34, 0xE6, 0x54, 0xE6, 0x34, 0xDE, 0x96, 0xE6, 0xF7, 0xEE, 0x82, 0xF7, 0xF6,
    0x00, 0xF8, 0xF6, 0x81, 0x18, 0xF7, 0x81, 0x17, 0xEF, 0x81, 0xF8, 0xEE, 0x00, 0xD7, 0xEE, 0x81,
    0xF7, 0xEE, 0x83, 0xD7, 0xF6, 0x81, 0xF7, 0xF6, 0x00, 0xF7, 0xEE, 0x81, 0xD6, 0xEE, 0x86, 0xD7,
    0xEE, 0x81, 0xF7, 0xEE, 0x06, 0xD7, 0xEE, 0xF7, 0xEE, 0xF7, 0xF6, 0xF7, 0xEE, 0xF7, 0xF6, 0xF8,
    0xF6, 0xF7, 0xEE, 0x84, 0xF7, 0xF6, 0x81, 0x18, 0xF7, 0x81, 0x17, 0xEF, 0x01, 0x18, 0xEF, 0xF8,
    0xEE, 0x81, 0xD7, 0xEE, 0x00, 0xF7, 0xEE, 0x84, 0xD7, 0xF6, 0x81, 0xF7, 0xF6, 0x01, 0xF7, 0xEE,
    0xD6, 0xEE, 0x86, 0xD7, 0xEE, 0x81, 0xF7, 0xEE, 0x81, 0xD7, 0xEE, 0x02, 0xF7, 0xF6, 0xF6, 0xEE,
    0xF7, 0xEE, 0x81, 0xF8, 0xF6, 0x84, 0xF7, 0xF6, 0x02, 0xF8, 0xF6, 0x18, 0xF7, 0x18, 0xEF, 0x81,
    0x17, 0xEF, 0x00, 0xF8, 0xEE, 0x81, 0xD7, 0xEE, 0x81, 0xF7, 0xEE, 0x84, 0xD7, 0xF6, 0x81, 0xF7,
    0xF6, 0x81, 0xD6, 0xEE, 0x00, 0xF7, 0xEE, 0x85, 0xD7, 0xEE, 0x81, 0xF7, 0xEE, 0x81, 0xD7, 0xEE,
    0x11, 0xF7, 0xF6, 0x96, 0xE6, 0xED, 0x8B, 0x64, 0x31, 0xA0, 0x20, 0x61, 0x49, 0x41, 0x7A, 0x02,
    0x9B, 0xA3, 0xC3, 0xA2, 0xC3, 0xC5, 0xC3, 0x49, 0xC4, 0xAC, 0xC4, 0x30, 0xC5, 0x14, 0xD6, 0xB7,
    0xEE, 0xD7, 0xEE, 0xF7, 0xF6, 0x81, 0xF8, 0xF6, 0x00, 0xF8, 0xEE, 0x81, 0xF7, 0xEE, 0x04, 0x17,
    0xF7, 0x18, 0xF7, 0xF8, 0xF6, 0xB7, 0xEE, 0xD7, 0xEE, 0x82, 0xD7, 0xF6, 0x83, 0xF7, 0xF6, 0x02,
    0xD7, 0xEE, 0xD6, 0xEE, 0xF7, 0xEE, 0x81, 0xD6, 0xEE, 0x00, 0xF7, 0xEE, 0x82, 0xD7, 0xEE, 0x82,
    0xF7, 0xEE, 0x00, 0xD6, 0xEE, 0x81, 0xF7, 0xF6, 0x02, 0xD6, 0xEE, 0xF7, 0xF6, 0x18, 0xF7, 0x81,
    0xF7, 0xEE, 0x01, 0xD7, 0xEE, 0xD7, 0xF6, 0x81, 0xF8, 0xF6, 0x00, 0xF8, 0xEE, 0x82, 0xF7, 0xEE,
    0x01, 0x18, 0xF7, 0xF8, 0xF6, 0x81, 0xD7, 0xEE, 0x00, 0xF7, 0xEE, 0x81, 0xD7, 0xF6, 0x84, 0xF7,
    0xF6, 0x05, 0xD6, 0xEE, 0xD7, 0xEE, 0xF7, 0xEE, 0xD6, 0xEE, 0xD7, 0xEE, 0xF7, 0xEE, 0x81, 0xD7,
    0xEE, 0x82, 0xF7, 0xEE, 0x0D, 0xD7, 0xEE, 0xF7, 0xEE, 0xF7, 0xF6, 0xD6, 0xEE, 0xD7, 0xEE, 0xF8,
    0xF6, 0x18, 0xF7, 0xF7, 0xEE, 0xD7, 0xEE, 0xD7, 0xF6, 0xF7, 0xF6, 0xF8, 0xF6, 0xF7, 0xF6, 0xF8,
    0xEE, 0x81, 0xF7, 0xEE, 0x02, 0x17, 0xF7, 0x18, 0xF7, 0xD7, 0xF6, 0x82, 0xD7, 0xEE, 0x81, 0xD7,
    0xF6, 0x83, 0xF7, 0xF6, 0x02, 0xF7, 0xEE, 0xD6, 0xEE, 0xD7, 0xEE, 0x81, 0xD6, 0xEE, 0x00, 0xF7,
    0xEE, 0x82, 0xD7, 0xEE, 0x81, 0xF7, 0xEE, 0x81, 0xD7, 0xEE, 0x81, 0xF7, 0xF6, 0x07, 0x76, 0xE6,
    0xED, 0x8B, 0x64, 0x31, 0xA0, 0x28, 0x61, 0x51, 0x42, 0x7A, 0xE2, 0x9A, 0x63, 0xBB, 0x81, 0x62,
    0xB3, 0x03, 0x86, 0xB3, 0xCE, 0xC4, 0xD7, 0xEE, 0xF7, 0xEE, 0x81, 0xD7, 0xEE, 0x83, 0xF7, 0xF6,
    0x00, 0xF7, 0xEE, 0x82, 0xF7, 0xF6, 0x82, 0xD7, 0xF6, 0x00, 0xF7, 0xF6, 0x81, 0xD7, 0xF6, 0x83,
    0xF7, 0xF6, 0x00, 0xD7, 0xEE, 0x81, 0xF7, 0xF6, 0x01, 0xF7, 0xEE, 0xF6, 0xEE, 0x83, 0xF7, 0xEE,
    0x00, 0xF8, 0xF6, 0x82, 0xF7, 0xEE, 0x81, 0xF7, 0xF6, 0x02, 0xD7, 0xEE, 0xF7, 0xF6, 0xF8, 0xF6,
    0x81, 0xF7, 0xEE, 0x81, 0xD7, 0xEE, 0x82, 0xF7, 0xF6, 0x00, 0xF7, 0xEE, 0x83, 0xF7, 0xF6, 0x81,
    0xD7, 0xF6, 0x81, 0xF7, 0xF6, 0x00, 0xD7, 0xF6, 0x87, 0xF7, 0xF6, 0x00, 0xF6, 0xEE, 0x83, 0xF7,
    0xEE, 0x81, 0xF8, 0xF6, 0x81, 0xF7, 0xEE, 0x82, 0xF7, 0xF6, 0x03, 0xF7, 0xEE, 0xF8, 0xF6, 0x18,
    0xF7, 0xF7, 0xEE, 0x81, 0xD7, 0xEE, 0x84, 0xF7, 0xF6, 0x81, 0xF7, 0xEE, 0x00, 0xF7, 0xF6, 0x82,
    0xD7, 0xF6, 0x01, 0xF7, 0xF6, 0xD7, 0xF6, 0x84, 0xF7, 0xF6, 0x00, 0xF7, 0xEE, 0x81, 0xF7, 0xF6,
    0x85, 0xF7, 0xEE, 0x00, 0xF8, 0xF6, 0x82, 0xF7, 0xEE, 0x81, 0xF7, 0xF6, 0x06, 0xD7, 0xEE, 0x93,
    0xC5, 0x47, 0x4A, 0xA0, 0x28, 0xA1, 0x51, 0x62, 0x82, 0x02, 0xA3, 0x81, 0x83, 0xBB, 0x04, 0x82,
    0xBB, 0xE7, 0xBB, 0x70, 0xD5, 0xD7, 0xEE, 0xF7, 0xEE, 0x81, 0xD6, 0xEE, 0x82, 0xF7, 0xF6, 0x02,
    0xF8, 0xF6, 0xF7, 0xF6, 0xD7, 0xF6, 0x81, 0xD7, 0xEE, 0x81, 0xD7, 0xF6, 0x82, 0xD6, 0xF6, 0x00,
    0xD7, 0xF6, 0x84, 0xF7, 0xF6, 0x81, 0xF8, 0xF6, 0x00, 0xF7, 0xF6, 0x84, 0xF7, 0xEE, 0x05, 0xF8,
    0xF6, 0xF8, 0xEE, 0xF7, 0xEE, 0xF7, 0xF6, 0xF7, 0xEE, 0xD6, 0xEE, 0x81, 0xF7, 0xF6, 0x81, 0xF7,
    0xEE, 0x01, 0xD7, 0xEE, 0xD6, 0xEE, 0x85, 0xF7, 0xF6, 0x81, 0xD7, 0xEE, 0x82, 0xD7, 0xF6, 0x81,
    0xD6, 0xF6, 0x00, 0xD7, 0xF6, 0x85, 0xF7, 0xF6, 0x00, 0xF8, 0xF6, 0x81, 0xF7, 0xF6, 0x83, 0xF7,
    0xEE, 0x02, 0xF7, 0xF6, 0x18, 0xF7, 0xF7, 0xEE, 0x81, 0xF7, 0xF6, 0x03, 0xD6, 0xEE, 0xD7, 0xEE,
    0xF7, 0xF6, 0xF8, 0xF6, 0x81, 0xF7, 0xEE, 0x01, 0xD6, 0xEE, 0xD7, 0xF6, 0x82, 0xF7, 0xF6, 0x01,
    0xF8, 0xF6, 0xF7, 0xF6, 0x82, 0xD7, 0xEE, 0x81, 0xD7, 0xF6, 0x02, 0xD6, 0xF6, 0xD6, 0xEE, 0xD6,
    0xF6, 0x86, 0xF7, 0xF6, 0x01, 0xF8, 0xF6, 0xF7, 0xF6, 0x84, 0xF7, 0xEE, 0x14, 0x18, 0xF7, 0xF8,
    0xEE, 0xF7, 0xEE, 0xF7, 0xF6, 0xF7, 0xEE, 0xD6, 0xEE, 0xB6, 0xEE, 0x6E, 0x9C, 0xA5, 0x39, 0xE0,
    0x30, 0xA1, 0x59, 0x62, 0x82, 0x02, 0xA3, 0x83, 0xBB, 0xA3, 0xC3, 0x82, 0xBB, 0x29, 0xC4, 0xF2,
    0xDD, 0xD6, 0xEE, 0xF7, 0xEE, 0xF6, 0xEE, 0x82, 0xF6, 0xF6, 0x81, 0xD7, 0xEE, 0x83, 0xD7, 0xF6,
    0x82, 0xD6, 0xF6, 0x81, 0xF6, 0xF6, 0x82, 0xF7, 0xF6, 0x81, 0xD7, 0xEE, 0x81, 0xF7, 0xF6, 0x00,
    0x18, 0xF7, 0x81, 0xF7, 0xF6, 0x86, 0xF7, 0xEE, 0x02, 0xF7, 0xF6, 0xD7, 0xEE, 0xD6, 0xEE, 0x81,
    0xF7, 0xEE, 0x02, 0xD7, 0xEE, 0xF7, 0xEE, 0xF6, 0xEE, 0x83, 0xF6, 0xF6, 0x81, 0xD7, 0xEE, 0x82,
    0xD7, 0xF6, 0x82, 0xD6, 0xF6, 0x82, 0xF6, 0xF6, 0x81, 0xF7, 0xF6, 0x01, 0xD7, 0xF6, 0xD7, 0xEE,
    0x81, 0xF7, 0xF6, 0x00, 0x18, 0xF7, 0x81, 0xF7, 0xF6, 0x83, 0xF7, 0xEE, 0x00, 0xF7, 0xF6, 0x81,
    0xF7, 0xEE, 0x08, 0x18, 0xF7, 0xD7, 0xEE, 0xD6, 0xEE, 0xF7, 0xEE, 0xF7, 0xF6, 0xF7, 0xEE, 0xD7,
    0xEE, 0xF7, 0xEE, 0xF6, 0xEE, 0x82, 0xF6, 0xF6, 0x81, 0xD7, 0xEE, 0x83, 0xD7, 0xF6, 0x81, 0xD6,
    0xF6, 0x02, 0xF6, 0xF6, 0xD6, 0xEE, 0xF6, 0xF6, 0x81, 0xF7, 0xF6, 0x05, 0xD7, 0xF6, 0xD7, 0xEE,
    0xD7, 0xF6, 0xF7, 0xF6, 0xF8, 0xF6, 0x18, 0xF7, 0x81, 0xF7, 0xF6, 0x83, 0xF7, 0xEE, 0x01, 0xF7,
    0xF6, 0xF7, 0xEE, 0x81, 0xF7, 0xF6, 0x11, 0xD7, 0xEE, 0xD6, 0xEE, 0xB6, 0xEE, 0xAF, 0xA4, 0xC6,
    0x41, 0x00, 0x39, 0xE1, 0x61, 0xA2, 0x8A, 0x42, 0xAB, 0x62, 0xB3, 0x42, 0xB3, 0x85, 0xB3, 0xEE,
    0xCC, 0xB6, 0xEE, 0xF7, 0xEE, 0x17, 0xF7, 0xF7, 0xF6, 0xF6, 0xF6, 0x81, 0xD6, 0xEE, 0x01, 0xF7,
    0xF6, 0xD7, 0xF6, 0x81, 0xF7, 0xF6, 0x04, 0xD7, 0xF6, 0x17, 0xF7, 0xF7, 0xF6, 0xD6, 0xEE, 0xF6,
    0xF6, 0x83, 0xF7, 0xF6, 0x01, 0xD7, 0xEE, 0xD7, 0xF6, 0x81, 0xF7, 0xF6, 0x81, 0x18, 0xF7, 0x83,
    0xF7, 0xF6, 0x81, 0xF7, 0xEE, 0x83, 0xF7, 0xF6, 0x00, 0xD7, 0xEE, 0x83, 0xF7, 0xEE, 0x0D, 0xF7,
    0xF6, 0x17, 0xF7, 0xF6, 0xF6, 0xF6, 0xEE, 0xD6, 0xEE, 0xF6, 0xF6, 0xF7, 0xF6, 0xD7, 0xF6, 0xF7,
    0xF6, 0xD7, 0xF6, 0xF7, 0xF6, 0x17, 0xF7, 0xF6, 0xF6, 0xD6, 0xEE, 0x83, 0xF7, 0xF6, 0x81, 0xD7,
    0xEE, 0x00, 0xD7, 0xF6, 0x81, 0xF7, 0xF6, 0x01, 0x18, 0xF7, 0x17, 0xF7, 0x82, 0xF7, 0xF6, 0x81,
    0xF7, 0xEE, 0x84, 0xF7, 0xF6, 0x00, 0xD7, 0xEE, 0x83, 0xF7, 0xEE, 0x02, 0x17, 0xF7, 0xF7, 0xF6,
    0xF6, 0xF6, 0x81, 0xD6, 0xEE, 0x02, 0xF7, 0xF6, 0xD7, 0xF6, 0xF7, 0xF6, 0x81, 0xD7, 0xF6, 0x81,
    0x17, 0xF7, 0x00, 0xD6, 0xEE, 0x84, 0xF7, 0xF6, 0x00, 0xD7, 0xEE, 0x81, 0xD7, 0xF6, 0x00, 0xF7,
    0xF6, 0x81, 0x18, 0xF7, 0x82, 0xF7, 0xF6, 0x81, 0xF7, 0xEE, 0x84, 0xF7, 0xF6, 0x0D, 0xD7, 0xF6,
    0xF7, 0xEE, 0x95, 0xE6, 0x6F, 0x9C, 0x27, 0x4A, 0x22, 0x39, 0xC1, 0x61, 0x82, 0x8A, 0x22, 0xAB,
    0x83, 0xC3, 0x82, 0xC3, 0x29, 0xC4, 0xB2, 0xDD, 0xF8, 0xF6, 0x81, 0x18, 0xF7, 0x83, 0xF7, 0xF6,
    0x00, 0x17, 0xF7, 0x82, 0x18, 0xF7, 0x01, 0xF8, 0xF6, 0x17, 0xF7, 0x86, 0xF7, 0xF6, 0x81, 0xD6,
    0xF6, 0x82, 0xF7, 0xF6, 0x00, 0x17, 0xF7, 0x81, 0xF7, 0xF6, 0x81, 0xF8, 0xF6, 0x00, 0xF7, 0xF6,
    0x81, 0x17, 0xF7, 0x03, 0x18, 0xF7, 0xF8, 0xF6, 0x18, 0xF7, 0xF8, 0xF6, 0x84, 0x18, 0xF7, 0x00,
    0x17, 0xF7, 0x82, 0xF7, 0xF6, 0x05, 0x17, 0xF7, 0x18, 0xF7, 0xF8, 0xF6, 0x18, 0xF7, 0xF8, 0xF6,
    0x18, 0xF7, 0x86, 0xF7, 0xF6, 0x81, 0xD6, 0xF6, 0x00, 0xD7, 0xF6, 0x85, 0xF7, 0xF6, 0x01, 0x18,
    0xF7, 0xF8, 0xF6, 0x81, 0x17, 0xF7, 0x00, 0x18, 0xF7, 0x82, 0xF8, 0xF6, 0x85, 0x18, 0xF7, 0x83,
    0xF7, 0xF6, 0x83, 0x18, 0xF7, 0x01, 0xF8, 0xF6, 0x17, 0xF7, 0x86, 0xF7, 0xF6, 0x81, 0xD6, 0xF6,
    0x82, 0xF7, 0xF6, 0x00, 0x17, 0xF7, 0x81, 0xF7, 0xF6, 0x81, 0xF8, 0xF6, 0x81, 0x17, 0xF7, 0x81,
    0x18, 0xF7, 0x00, 0xF8, 0xF6, 0x82, 0x18, 0xF7, 0x0D, 0xF7, 0xF6, 0x96, 0xE6, 0x6F, 0x9C, 0x05,
    0x52, 0xA0, 0x59, 0x82, 0x82, 0x02, 0xA3, 0x63, 0xB3, 0x42, 0xB3, 0xE8, 0xBB, 0x91, 0xD5, 0xF7,
    0xF6, 0xF8, 0xF6, 0xF7, 0xF6, 0x81, 0x17, 0xF7, 0x81, 0xF7, 0xF6, 0x83, 0x18, 0xF7, 0x04, 0x18,
    0xFF, 0x18, 0xF7, 0x17, 0xF7, 0x18, 0xF7, 0x17, 0xF7, 0x81, 0xF7, 0xF6, 0x81, 0x17, 0xF7, 0x00,
    0xF7, 0xF6, 0x81, 0xD7, 0xF6, 0x87, 0xF7, 0xF6, 0x00, 0x17, 0xF7, 0x81, 0xF7, 0xF6, 0x81, 0xF8,
    0xF6, 0x82, 0xF7, 0xF6, 0x81, 0x18, 0xF7, 0x03, 0xF7, 0xF6, 0x17, 0xF7, 0x18, 0xF7, 0x17, 0xF7,
    0x81, 0xF7, 0xF6, 0x84, 0x18, 0xF7, 0x82, 0x17, 0xF7, 0x82, 0xF7, 0xF6, 0x81, 0x17, 0xF7, 0x81,
    0xD7, 0xF6, 0x85, 0xF7, 0xF6, 0x01, 0xF8, 0xF6, 0xF7, 0xF6, 0x81, 0x17, 0xF7, 0x00, 0xF7, 0xF6,
    0x81, 0xF8, 0xF6, 0x00, 0xF7, 0xF6, 0x81, 0xF8, 0xF6, 0x81, 0x18, 0xF7, 0x03, 0xF8, 0xEE, 0xF7,
    0xF6, 0x18, 0xF7, 0x17, 0xF7, 0x81, 0xF7, 0xF6, 0x00, 0x17, 0xF7, 0x84, 0x18, 0xF7, 0x82, 0x17,
    0xF7, 0x81, 0xF7, 0xF6, 0x81, 0x17, 0xF7, 0x01, 0xF7, 0xF6, 0xD7, 0xF6, 0x85, 0xF7, 0xF6, 0x00,
    0xF8, 0xF6, 0x81, 0xF7, 0xF6, 0x00, 0x17, 0xF7, 0x81, 0xF7, 0xF6, 0x81, 0xF8, 0xF6, 0x82, 0xF7,
    0xF6, 0x0C, 0xD7, 0xEE, 0xAC, 0x83, 0x63, 0x39, 0xA1, 0x59, 0x62, 0x82, 0xE2, 0x9A, 0x63, 0xBB,
    0x62, 0xB3, 0x84, 0xBB, 0x6B, 0xC4, 0xF2, 0xDD, 0xD6, 0xEE, 0xF7, 0xEE, 0x81, 0x18, 0xF7, 0x01,
    0xF8, 0xF6, 0xF7, 0xF6, 0x81, 0x18, 0xF7, 0x01, 0xF7, 0xEE, 0xF7, 0xF6, 0x82, 0x18, 0xF7, 0x01,
    0xF7, 0xF6, 0x17, 0xF7, 0x84, 0xF7, 0xF6, 0x82, 0xD7, 0xF6, 0x82, 0xF7, 0xF6, 0x00, 0x17, 0xF7,
    0x82, 0xF7, 0xF6, 0x00, 0x17, 0xF7, 0x81, 0xF7, 0xF6, 0x00, 0xF8, 0xF6, 0x81, 0xF7, 0xF6, 0x82,
    0xF7, 0xEE, 0x81, 0xD6, 0xEE, 0x00, 0xF7, 0xF6, 0x81, 0x18, 0xF7, 0x81, 0xF7, 0xF6, 0x03, 0x18,
    0xF7, 0x17, 0xF7, 0xF7, 0xEE, 0xF7, 0xF6, 0x81, 0x18, 0xF7, 0x00, 0x17, 0xF7, 0x82, 0xF7, 0xF6,
    0x00, 0x17, 0xF7, 0x82, 0xF7, 0xF6, 0x82, 0xD7, 0xF6, 0x82, 0xF7, 0xF6, 0x00, 0x17, 0xF7, 0x81,
    0xF7, 0xF6, 0x00, 0x17, 0xF7, 0x81, 0xF7, 0xF6, 0x00, 0xF8, 0xF6, 0x82, 0xF7, 0xF6, 0x01, 0xF7,
    0xEE, 0xF6, 0xEE, 0x81, 0xD6, 0xEE, 0x00, 0xF7, 0xEE, 0x82, 0x18, 0xF7, 0x04, 0xF7, 0xF6, 0x18,
    0xF7, 0x17, 0xF7, 0xF7, 0xEE, 0xF7, 0xF6, 0x82, 0x18, 0xF7, 0x00, 0x17, 0xF7, 0x81, 0xF7, 0xF6,
    0x00, 0x17, 0xF7, 0x82, 0xF7, 0xF6, 0x82, 0xD7, 0xF6, 0x82, 0xF7, 0xF6, 0x00, 0x18, 0xF7, 0x81,
    0xF7, 0xF6, 0x81, 0x17, 0xF7, 0x81, 0xF7, 0xF6, 0x11, 0xF8, 0xF6, 0xF7, 0xF6, 0xF7, 0xEE, 0xF7,
    0xF6, 0xF7, 0xEE, 0xD7, 0xEE, 0xCC, 0x83, 0x63, 0x39, 0x81, 0x51, 0x62, 0x7A, 0x02, 0xA3, 0x63,
    0xB3, 0x42, 0xB3, 0xA6, 0xB3, 0xED, 0xCC, 0x33, 0xE6, 0xB6, 0xEE, 0xD6, 0xF6, 0x81, 0xF7, 0xF6,
    0x00, 0xF8, 0xF6, 0x81, 0x18, 0xF7, 0x04, 0x17, 0xF7, 0xF7, 0xEE, 0xF7, 0xF6, 0x17, 0xF7, 0x18,
    0xF7, 0x81, 0xF7, 0xF6, 0x00, 0x17, 0xF7, 0x85, 0xF7, 0xF6, 0x01, 0xF6, 0xF6, 0xD6, 0xEE, 0x81,
    0xF7, 0xF6, 0x82, 0x18, 0xF7, 0x84, 0xF7, 0xF6, 0x01, 0x17, 0xF7, 0xF7, 0xF6, 0x81, 0xF7, 0xEE,
    0x83, 0xD6, 0xEE, 0x81, 0xF7, 0xF6, 0x00, 0xF8, 0xF6, 0x82, 0x18, 0xF7, 0x03, 0xF7, 0xF6, 0xF6,
    0xEE, 0xF7, 0xF6, 0x18, 0xF7, 0x81, 0xF7, 0xF6, 0x81, 0x17, 0xF7, 0x85, 0xF7, 0xF6, 0x00, 0xD6,
    0xEE, 0x81, 0xF7, 0xF6, 0x82, 0x18, 0xF7, 0x81, 0xF7, 0xF6, 0x00, 0x17, 0xF7, 0x82, 0xF7, 0xF6,
    0x00, 0x17, 0xF7, 0x82, 0xF7, 0xEE, 0x82, 0xD6, 0xEE, 0x00, 0xD6, 0xF6, 0x81, 0xF7, 0xF6, 0x82,
    0x18, 0xF7, 0x02, 0xF7, 0xF6, 0xF6, 0xEE, 0xF7, 0xF6, 0x81, 0x18, 0xF7, 0x82, 0x17, 0xF7, 0x01,
    0xF7, 0xF6, 0x17, 0xF7, 0x83, 0xF7, 0xF6, 0x00, 0xD6, 0xF6, 0x82, 0xF7, 0xF6, 0x81, 0x18, 0xF7,
    0x00, 0x17, 0xF7, 0x84, 0xF7, 0xF6, 0x0F, 0x17, 0xF7, 0xF7, 0xF6, 0xF7, 0xEE, 0x17, 0xF7, 0x18,
    0xF7, 0xF7, 0xEE, 0x0E, 0x8C, 0x84, 0x39, 0x60, 0x49, 0x22, 0x72, 0xE2, 0x9A, 0x63, 0xBB, 0x62,
    0xBB, 0xE7, 0xBB, 0x70, 0xD5, 0xB6, 0xEE, 0x81, 0xD6, 0xF6, 0x81, 0xF7, 0xF6, 0x82, 0x18, 0xF7,
    0x81, 0xF7, 0xF6, 0x81, 0x17, 0xF7, 0x03, 0x18, 0xF7, 0x17, 0xF7, 0xF7, 0xF6, 0x17, 0xF7, 0x85,
    0xF7, 0xF6, 0x01, 0xF6, 0xF6, 0xD6, 0xEE, 0x81, 0xF7, 0xF6, 0x81, 0x18, 0xF7, 0x00, 0xF8, 0xF6,
    0x84, 0xF7, 0xF6, 0x04, 0x18, 0xF7, 0x17, 0xF7, 0xF7, 0xEE, 0x17, 0xF7, 0xF6, 0xEE, 0x81, 0xD6,
    0xEE, 0x00, 0xD6, 0xF6, 0x81, 0xF7, 0xF6, 0x00, 0xF8, 0xF6, 0x81, 0x18, 0xF7, 0x81, 0xF7, 0xF6,
    0x81, 0x17, 0xF7, 0x00, 0x18, 0xF7, 0x81, 0xF7, 0xF6, 0x81, 0x17, 0xF7, 0x84, 0xF7, 0xF6, 0x01,
    0xF6, 0xF6, 0xD6, 0xEE, 0x81, 0xF7, 0xF6, 0x00, 0xF8, 0xF6, 0x81, 0x18, 0xF7, 0x84, 0xF7, 0xF6,
    0x81, 0x17, 0xF7, 0x02, 0xF7, 0xEE, 0x17, 0xF7, 0xF7, 0xEE, 0x81, 0xD6, 0xEE, 0x81, 0xD6, 0xF6,
    0x01, 0xF7, 0xF6, 0xF8, 0xF6, 0x81, 0x18, 0xF7, 0x00, 0xF8, 0xF6, 0x81, 0xF7, 0xF6, 0x02, 0x17,
    0xF7, 0x18, 0xF7, 0xF8, 0xF6, 0x82, 0x17, 0xF7, 0x81, 0xF7, 0xF6, 0x00, 0xF8, 0xF6, 0x82, 0xF7,
    0xF6, 0x01, 0xF6, 0xEE, 0xF6, 0xF6, 0x81, 0xF7, 0xF6, 0x81, 0x18, 0xF7, 0x00, 0xF8, 0xF6, 0x83,
    0xF7, 0xF6, 0x12, 0x17, 0xF7, 0x18, 0xF7, 0x17, 0xEF, 0xF7, 0xEE, 0x18, 0xF7, 0xF8, 0xEE, 0x56,
    0xDE, 0x8C, 0x7B, 0x43, 0x31, 0x40, 0x49, 0x21, 0x72, 0xE2, 0x9A, 0x83, 0xBB, 0x82, 0xBB, 0x07,
    0xC4, 0x70, 0xDD, 0xD6, 0xEE, 0x17, 0xF7, 0xF7, 0xF6, 0x84, 0x18, 0xF7, 0x82, 0x17, 0xF7, 0x81,
    0x18, 0xF7, 0x02, 0xF8, 0xF6, 0xF7, 0xF6, 0x17, 0xF7, 0x85, 0xF7, 0xF6, 0x08, 0xF6, 0xEE, 0xF6,
    0xF6, 0x17, 0xF7, 0xF7, 0xF6, 0xF8, 0xF6, 0xF7, 0xF6, 0xF7, 0xEE, 0xF7, 0xF6, 0xF8, 0xF6, 0x81,
    0x18, 0xF7, 0x01, 0x38, 0xF7, 0x18, 0xF7, 0x81, 0xF7, 0xEE, 0x00, 0x17, 0xF7, 0x81, 0xF6, 0xF6,
    0x82, 0x17, 0xF7, 0x83, 0x18, 0xF7, 0x00, 0xF7, 0xF6, 0x82, 0x17, 0xF7, 0x02, 0x18, 0xF7, 0xF8,
    0xF6, 0xF7, 0xF6, 0x81, 0x17, 0xF7, 0x84, 0xF7, 0xF6, 0x03, 0xF6, 0xF6, 0xD6, 0xEE, 0xF7, 0xF6,
    0x17, 0xF7, 0x81, 0xF7, 0xF6, 0x81, 0xF7, 0xEE, 0x00, 0xF7, 0xF6, 0x83, 0x18, 0xF7, 0x01, 0x17,
    0xF7, 0xF7, 0xEE, 0x81, 0xF7, 0xF6, 0x03, 0xF6, 0xF6, 0xF7, 0xF6, 0x17, 0xF7, 0xF7, 0xF6, 0x83,
    0x18, 0xF7, 0x00, 0xF8, 0xF6, 0x82, 0x17, 0xF7, 0x81, 0x18, 0xF7, 0x81, 0xF8, 0xF6, 0x00, 0x17,
    0xF7, 0x85, 0xF7, 0xF6, 0x01, 0xD6, 0xEE, 0xF7, 0xF6, 0x81, 0x17, 0xF7, 0x03, 0xF8, 0xF6, 0xF7,
    0xF6, 0xF7, 0xEE, 0xF7, 0xF6, 0x84, 0x18, 0xF7, 0x81, 0xF7, 0xEE, 0x0E, 0x17, 0xF7, 0xB7, 0xE6,
    0xB0, 0xA4, 0x27, 0x4A, 0xE1, 0x28, 0x61, 0x49, 0x41, 0x72, 0xE2, 0x9A, 0x83, 0xBB, 0x82, 0xBB,
    0x28, 0xC4, 0xD1, 0xE5, 0x17, 0xF7, 0x37, 0xF7, 0x17, 0xF7, 0x85, 0x18, 0xF7, 0x01, 0x17, 0xF7,
    0xF6, 0xF6, 0x81, 0x18, 0xF7, 0x82, 0xF8, 0xF6, 0x85, 0xF7, 0xF6, 0x01, 0xF6, 0xEE, 0xF7, 0xF6,
    0x81, 0x18, 0xF7, 0x82, 0xF7, 0xF6, 0x00, 0xF8, 0xF6, 0x82, 0x18, 0xF7, 0x03, 0x38, 0xF7, 0x18,
    0xF7, 0x17, 0xF7, 0xF7, 0xEE, 0x82, 0xF7, 0xF6, 0x81, 0x37, 0xF7, 0x00, 0x17, 0xF7, 0x84, 0x18,
    0xF7, 0x03, 0x17, 0xF7, 0xF6, 0xF6, 0x17, 0xF7, 0x18, 0xF7, 0x82, 0xF8, 0xF6, 0x85, 0xF7, 0xF6,
    0x03, 0xF6, 0xF6, 0xF6, 0xEE, 0x17, 0xF7, 0x18, 0xF7, 0x81, 0xF7, 0xF6, 0x00, 0xD7, 0xF6, 0x81,
    0xF8, 0xF6, 0x81, 0x18, 0xF7, 0x81, 0x38, 0xF7, 0x00, 0x18, 0xF7, 0x81, 0xF7, 0xEE, 0x04, 0xF7,
    0xF6, 0xF6, 0xF6, 0x17, 0xF7, 0x37, 0xF7, 0x17, 0xF7, 0x85, 0x18, 0xF7, 0x81, 0xF7, 0xF6, 0x81,
    0x18, 0xF7, 0x82, 0xF8, 0xF6, 0x85, 0xF7, 0xF6, 0x01, 0xD6, 0xEE, 0xF7, 0xF6, 0x81, 0x18, 0xF7,
    0x81, 0xF7, 0xF6, 0x01, 0xF7, 0xEE, 0xF8, 0xF6, 0x81, 0x18, 0xF7, 0x81, 0x38, 0xF7, 0x0F, 0x18,
    0xF7, 0x17, 0xF7, 0xF7, 0xEE, 0xF7, 0xF6, 0x96, 0xE6, 0xEA, 0x62, 0xA1, 0x18, 0xA0, 0x28, 0x61,
    0x49, 0x41, 0x7A, 0xE2, 0x9A, 0xA3, 0xC3, 0x80, 0xBB, 0x8B, 0xCC, 0x74, 0xEE, 0xF7, 0xF6, 0x81,
    0x17, 0xF7, 0x83, 0x18, 0xF7, 0x00, 0xF8, 0xF6, 0x81, 0x17, 0xF7, 0x81, 0xF7, 0xF6, 0x00, 0x18,
    0xF7, 0x82, 0xF8, 0xF6, 0x83, 0xF7, 0xF6, 0x02, 0x17, 0xF7, 0xF7, 0xF6, 0xD6, 0xEE, 0x84, 0xF7,
    0xF6, 0x01, 0xF8, 0xF6, 0xF7, 0xF6, 0x84, 0x18, 0xF7, 0x00, 0x17, 0xF7, 0x83, 0xF7, 0xF6, 0x82,
    0x17, 0xF7, 0x83, 0x18, 0xF7, 0x00, 0xF7, 0xF6, 0x81, 0x17, 0xF7, 0x00, 0xF7, 0xF6, 0x81, 0x18,
    0xF7, 0x81, 0xF8, 0xF6, 0x85, 0xF7, 0xF6, 0x01, 0xF6, 0xEE, 0xF6, 0xF6, 0x84, 0xF7, 0xF6, 0x81,
    0xF8, 0xF6, 0x84, 0x18, 0xF7, 0x82, 0xF7, 0xF6, 0x00, 0xF6, 0xF6, 0x82, 0x17, 0xF7, 0x82, 0x18,
    0xF7, 0x01, 0xF8, 0xF6, 0xF7, 0xF6, 0x81, 0x17, 0xF7, 0x02, 0xF7, 0xF6, 0x17, 0xF7, 0x18, 0xF7,
    0x82, 0xF8, 0xF6, 0x83, 0xF7, 0xF6, 0x02, 0x18, 0xF7, 0xF7, 0xF6, 0xD6, 0xEE, 0x84, 0xF7, 0xF6,
    0x01, 0xF8, 0xF6, 0xF7, 0xF6, 0x82, 0x18, 0xF7, 0x10, 0x38, 0xF7, 0x18, 0xF7, 0x17, 0xF7, 0xF7,
    0xF6, 0xD7, 0xEE, 0x15, 0xD6, 0x88, 0x5A, 0xA1, 0x18, 0xE0, 0x30, 0xA1, 0x59, 0x62, 0x82, 0x02,
    0xA3, 0xE3, 0xCB, 0xA0, 0xCB, 0xCC, 0xD4, 0xD6, 0xEE, 0xD7, 0xEE, 0x85, 0xF7, 0xF6, 0x81, 0xF7,
    0xEE, 0x81, 0x17, 0xF7, 0x00, 0x17, 0xEF, 0x83, 0x18, 0xF7, 0x81, 0xF7, 0xEE, 0x83, 0xF7, 0xF6,
    0x00, 0xD7, 0xEE, 0x81, 0xF7, 0xF6, 0x00, 0xF8, 0xF6, 0x83, 0xF7, 0xF6, 0x83, 0x18, 0xF7, 0x81,
    0x17, 0xF7, 0x00, 0x16, 0xF7, 0x81, 0xF7, 0xF6, 0x00, 0xD6, 0xEE, 0x85, 0xF7, 0xF6, 0x81, 0xF7,
    0xEE, 0x83, 0x17, 0xF7, 0x82, 0x18, 0xF7, 0x01, 0xF7, 0xF6, 0xF7, 0xEE, 0x86, 0xF7, 0xF6, 0x00,
    0xF8, 0xF6, 0x82, 0xF7, 0xF6, 0x81, 0xF8, 0xF6, 0x82, 0x18, 0xF7, 0x82, 0x17, 0xF7, 0x02, 0x16,
    0xF7, 0xF7, 0xF6, 0xD7, 0xEE, 0x85, 0xF7, 0xF6, 0x02, 0xD7, 0xF6, 0xD7, 0xEE, 0x17, 0xEF, 0x82,
    0x17, 0xF7, 0x83, 0x18, 0xF7, 0x00, 0xF7, 0xEE, 0x84, 0xF7, 0xF6, 0x01, 0xD7, 0xF6, 0xF7, 0xF6,
    0x81, 0xF8, 0xF6, 0x81, 0xF7, 0xF6, 0x01, 0x18, 0xF7, 0xF8, 0xF6, 0x83, 0x18, 0xF7, 0x82, 0x17,
    0xF7, 0x0C, 0xB6, 0xEE, 0x11, 0xB5, 0xE6, 0x41, 0x80, 0x18, 0x20, 0x39, 0x01, 0x6A, 0xE2, 0x92,
    0x63, 0xB3, 0xE3, 0xCB, 0xC2, 0xCB, 0x69, 0xD4, 0xF2, 0xE5, 0x95, 0xEE, 0x81, 0xF7, 0xF6, 0x01,
    0x18, 0xF7, 0xF7, 0xF6, 0x81, 0xD7, 0xF6, 0x00, 0xF7, 0xF6, 0x81, 0x18, 0xF7, 0x02, 0x38, 0xF7,
    0xF7, 0xEE, 0x17, 0xF7, 0x82, 0x18, 0xF7, 0x01, 0xF7, 0xF6, 0xD7, 0xEE, 0x81, 0xD6, 0xEE, 0x01,
    0xF7, 0xF6, 0xD7, 0xEE, 0x86, 0xF7, 0xF6, 0x00, 0xF8, 0xF6, 0x84, 0x18, 0xF7, 0x81, 0x17, 0xF7,
    0x02, 0xF7, 0xF6, 0xD7, 0xEE, 0xD6, 0xEE, 0x81, 0xF7, 0xF6, 0x04, 0x18, 0xF7, 0xF8, 0xF6, 0xF7,
    0xF6, 0xD7, 0xF6, 0xF7, 0xF6, 0x81, 0x18, 0xF7, 0x02, 0x38, 0xF7, 0x17, 0xEF, 0x17, 0xF7, 0x83,
    0x18, 0xF7, 0x00, 0xF7, 0xEE, 0x81, 0xD6, 0xEE, 0x81, 0xF7, 0xF6, 0x00, 0xD7, 0xEE, 0x81, 0xF7,
    0xF6, 0x00, 0xF8, 0xF6, 0x82, 0xF7, 0xF6, 0x81, 0xF8, 0xF6, 0x83, 0x18, 0xF7, 0x82, 0x17, 0xF7,
    0x02, 0xF7, 0xF6, 0xD6, 0xEE, 0xD7, 0xEE, 0x81, 0xF7, 0xF6, 0x00, 0x18, 0xF7, 0x81, 0xF7, 0xF6,
    0x06, 0xD7, 0xEE, 0xF7, 0xF6, 0x18, 0xF7, 0x38, 0xF7, 0x17, 0xF7, 0xF7, 0xEE, 0x17, 0xF7, 0x82,
    0x18, 0xF7, 0x06, 0xF7, 0xF6, 0xD7, 0xEE, 0xD6, 0xEE, 0xD7, 0xEE, 0xF7, 0xF6, 0xD7, 0xEE, 0xD7,
    0xF6, 0x85, 0xF7, 0xF6, 0x81, 0xF8, 0xF6, 0x83, 0x18, 0xF7, 0x81, 0x17, 0xF7, 0x0E, 0xF7, 0xF6,
    0x35, 0xDE, 0xEA, 0x6A, 0x02, 0x31, 0x61, 0x49, 0x41, 0x7A, 0x02, 0xA3, 0x83, 0xBB, 0xC3, 0xCB,
    0xC3, 0xC3, 0xE5, 0xCB, 0x6A, 0xCC, 0x70, 0xD5, 0xD7, 0xEE, 0x18, 0xF7, 0x82, 0xF7, 0xF6, 0x82,
    0xF8, 0xF6, 0x81, 0x18, 0xF7, 0x02, 0xF7, 0xF6, 0x18, 0xF7, 0xF8, 0xF6, 0x81, 0x18, 0xF7, 0x81,
    0xF7, 0xEE, 0x81, 0xD7, 0xEE, 0x84, 0xF7, 0xF6, 0x00, 0xF8, 0xF6, 0x81, 0xF7, 0xF6, 0x00, 0xF8,
    0xF6, 0x85, 0x18, 0xF7, 0x81, 0x17, 0xF7, 0x03, 0xF7, 0xF6, 0xD7, 0xEE, 0xD7, 0xF6, 0xF7, 0xF6,
    0x81, 0xF8, 0xF6, 0x81, 0xF7, 0xF6, 0x81, 0xF8, 0xF6, 0x82, 0x18, 0xF7, 0x01, 0xF7, 0xF6, 0x17,
    0xF7, 0x83, 0x18, 0xF7, 0x02, 0xF7, 0xEE, 0xD7, 0xEE, 0xD6, 0xEE, 0x84, 0xF7, 0xF6, 0x00, 0xF8,
    0xF6, 0x82, 0xF7, 0xF6, 0x00, 0xF8, 0xF6, 0x84, 0x18, 0xF7, 0x81, 0x17, 0xF7, 0x05, 0xF7, 0xF6,
    0xD7, 0xF6, 0xD7, 0xEE, 0xD7, 0xF6, 0xF7, 0xF6, 0x18, 0xF7, 0x82, 0xF7, 0xF6, 0x82, 0xF8, 0xF6,
    0x81, 0x18, 0xF7, 0x08, 0xF7, 0xF6, 0x17, 0xF7, 0x18, 0xF7, 0x19, 0xF7, 0x18, 0xF7, 0xF7, 0xEE,
    0xF7, 0xF6, 0xD6, 0xEE, 0xD7, 0xEE, 0x84, 0xF7, 0xF6, 0x00, 0xF8, 0xF6, 0x81, 0xF7, 0xF6, 0x00,
    0xF8, 0xF6, 0x85, 0x18, 0xF7, 0x81, 0x17, 0xF7, 0x0C, 0xF7, 0xF6, 0x96, 0xE6, 0xAC, 0x83, 0x63,
    0x39, 0x60, 0x49, 0x42, 0x7A, 0x02, 0xA3, 0x83, 0xBB, 0xA3, 0xC3, 0xC3, 0xC3, 0xAB, 0xD4, 0x34,
    0xE6, 0xD7, 0xEE, 0x81, 0xF8, 0xF6, 0x01, 0xD7, 0xF6, 0xF7, 0xF6, 0x81, 0x18, 0xF7, 0x83, 0xF8,
    0xF6, 0x02, 0xF7, 0xF6, 0x18, 0xF7, 0xF8, 0xF6, 0x81, 0x18, 0xF7, 0x82, 0xD7, 0xEE, 0x05, 0xD6,
    0xEE, 0xD7, 0xEE, 0xF7, 0xF6, 0x17, 0xF7, 0xF7, 0xF6, 0xF8, 0xF6, 0x82, 0x18, 0xF7, 0x00, 0xF8,
    0xF6, 0x86, 0x18, 0xF7, 0x81, 0xF7, 0xF6, 0x83, 0xF8, 0xF6, 0x81, 0xF7, 0xF6, 0x81, 0x18, 0xF7,
    0x01, 0xF8, 0xF6, 0xD8, 0xF6, 0x81, 0xF8, 0xF6, 0x81, 0xF7, 0xF6, 0x82, 0x18, 0xF7, 0x02, 0xF7,
    0xEE, 0xD6, 0xEE, 0xD7, 0xEE, 0x81, 0xD6, 0xEE, 0x01, 0xF7, 0xF6, 0x17, 0xF7, 0x81, 0xF7, 0xF6,
    0x8A, 0x18, 0xF7, 0x82, 0xF7, 0xF6, 0x83, 0xF8, 0xF6, 0x01, 0xD7, 0xEE, 0xF7, 0xF6, 0x81, 0x18,
    0xF7, 0x83, 0xF8, 0xF6, 0x01, 0xF7, 0xF6, 0x17, 0xF7, 0x81, 0x18, 0xF7, 0x00, 0xF8, 0xEE, 0x82,
    0xD7, 0xEE, 0x01, 0xD6, 0xEE, 0xF7, 0xF6, 0x81, 0x17, 0xF7, 0x01, 0xF7, 0xF6, 0xF8, 0xF6, 0x82,
    0x18, 0xF7, 0x00, 0xF8, 0xF6, 0x86, 0x18, 0xF7, 0x81, 0xF7, 0xF6, 0x0A, 0x96, 0xE6, 0x6B, 0x7B,
    0x43, 0x39, 0x81, 0x51, 0x62, 0x7A, 0x02, 0xA3, 0x63, 0xB3, 0xC2, 0xCB, 0x6A, 0xD4, 0xF2, 0xE5,
    0xD7, 0xF6, 0x84, 0xF7, 0xF6, 0x01, 0x17, 0xF7, 0xF7, 0xF6, 0x81, 0xD7, 0xF6, 0x81, 0xF7, 0xF6,
    0x00, 0xD7, 0xEE, 0x82, 0xF7, 0xF6, 0x02, 0xF7, 0xEE, 0xD6, 0xEE, 0xD6, 0xF6, 0x83, 0xD7, 0xF6,
    0x82, 0xF7, 0xF6, 0x86, 0x18, 0xF7, 0x00, 0xF8, 0xEE, 0x82, 0x18, 0xF7, 0x84, 0xF7, 0xF6, 0x00,
    0xD7, 0xF6, 0x81, 0xF7, 0xF6, 0x01, 0x17, 0xF7, 0xF7, 0xF6, 0x82, 0xD7, 0xF6, 0x02, 0xF7, 0xF6,
    0xD7, 0xEE, 0xF7, 0xEE, 0x82, 0xF7, 0xF6, 0x81, 0xD6, 0xEE, 0x00, 0xD6, 0xF6, 0x82, 0xD7, 0xF6,
    0x82, 0xF7, 0xF6, 0x00, 0xF8, 0xF6, 0x85, 0x18, 0xF7, 0x03, 0xF8, 0xEE, 0x18, 0xF7, 0x38, 0xF7,
    0x18, 0xF7, 0x85, 0xF7, 0xF6, 0x04, 0xD7, 0xF6, 0xF6, 0xF6, 0xF7, 0xF6, 0x17, 0xF7, 0xF7, 0xF6,
    0x81, 0xD7, 0xF6, 0x81, 0xF7, 0xF6, 0x00, 0xD7, 0xEE, 0x81, 0xF7, 0xF6, 0x03, 0x17, 0xF7, 0xF7,
    0xEE, 0xD6, 0xEE, 0xD6, 0xF6, 0x82, 0xD7, 0xF6, 0x83, 0xF7, 0xF6, 0x85, 0x18, 0xF7, 0x00, 0x18,
    0xEF, 0x83, 0x18, 0xF7, 0x81, 0xF7, 0xF6, 0x0A, 0xD7, 0xF6, 0xF4, 0xD5, 0xA8, 0x62, 0x60, 0x49,
    0x41, 0x7A, 0x02, 0x9B, 0x83, 0xBB, 0x03, 0xD4, 0x26, 0xD4, 0x4E, 0xDD, 0x95, 0xEE, 0x81, 0xD7,
    0xF6, 0x83, 0xD6, 0xF6, 0x83, 0xD7, 0xF6, 0x01, 0xF7, 0xF6, 0xF7, 0xEE, 0x82, 0xF7, 0xF6, 0x02,
    0xF6, 0xEE, 0xD6, 0xEE, 0xD6, 0xF6, 0x81, 0xF7, 0xF6, 0x82, 0xD7, 0xF6, 0x81, 0xF7, 0xF6, 0x81,
    0x18, 0xF7, 0x01, 0xF7, 0xF6, 0x17, 0xF7, 0x81, 0x18, 0xF7, 0x00, 0xF8, 0xEE, 0x83, 0x18, 0xF7,
    0x01, 0x17, 0xF7, 0xF6, 0xF6, 0x82, 0xD7, 0xF6, 0x81, 0xD6, 0xF6, 0x01, 0xF6, 0xF6, 0xD6, 0xF6,
    0x83, 0xD7, 0xF6, 0x00, 0xF7, 0xF6, 0x82, 0xF7, 0xEE, 0x81, 0xF7, 0xF6, 0x81, 0xD6, 0xEE, 0x00,
    0xD7, 0xF6, 0x81, 0xF7, 0xF6, 0x81, 0xD7, 0xF6, 0x81, 0xF7, 0xF6, 0x82, 0x18, 0xF7, 0x81, 0x17,
    0xF7, 0x02, 0x18, 0xF7, 0xF8, 0xEE, 0x17, 0xF7, 0x83, 0x18, 0xF7, 0x01, 0xF7, 0xEE, 0xF6, 0xF6,
    0x82, 0xD7, 0xF6, 0x81, 0xD6, 0xF6, 0x01, 0xF6, 0xF6, 0xD6, 0xF6, 0x83, 0xD7, 0xF6, 0x81, 0xF7,
    0xEE, 0x82, 0xF7, 0xF6, 0x02, 0xF6, 0xEE, 0xD6, 0xEE, 0xD6, 0xF6, 0x81, 0xF7, 0xF6, 0x82, 0xD7,
    0xF6, 0x81, 0xF7, 0xF6, 0x81, 0x18, 0xF7, 0x04, 0xF7, 0xF6, 0x17, 0xF7, 0x18, 0xF7, 0xF8, 0xEE,
    0x18, 0xEF, 0x83, 0x18, 0xF7, 0x0E, 0x17, 0xF7, 0xF6, 0xF6, 0xD7, 0xF6, 0x96, 0xEE, 0x6B, 0x7B,
    0xA3, 0x51, 0x41, 0x7A, 0x02, 0x9B, 0x83, 0xBB, 0xE1, 0xCB, 0xAA, 0xD4, 0x12, 0xE6, 0xB6, 0xF6,
    0xD6, 0xF6, 0xD7, 0xF6, 0x81, 0xD6, 0xF6, 0x82, 0xB6, 0xEE, 0x00, 0xB7, 0xF6, 0x81, 0xD7, 0xF6,
    0x01, 0xD7, 0xEE, 0xF7, 0xEE, 0x82, 0xF7, 0xF6, 0x04, 0xF6, 0xF6, 0xD6, 0xEE, 0xF7, 0xF6, 0x17,
    0xF7, 0xF8, 0xF6, 0x84, 0xF7, 0xF6, 0x82, 0x18, 0xF7, 0x81, 0x17, 0xF7, 0x00, 0x18, 0xF7, 0x81,
    0xF7, 0xF6, 0x00, 0x17, 0xF7, 0x81, 0x18, 0xF7, 0x03, 0x17, 0xF7, 0xF6, 0xF6, 0xF7, 0xF6, 0xD6,
    0xF6, 0x81, 0xD7, 0xF6, 0x81, 0xD6, 0xF6, 0x81, 0xB6, 0xEE, 0x00, 0xB7, 0xF6, 0x82, 0xD7, 0xF6,
    0x00, 0xF7, 0xEE, 0x83, 0xF7, 0xF6, 0x03, 0xF6, 0xF6, 0xD6, 0xEE, 0xF7, 0xF6, 0x18, 0xF7, 0x81,
    0xF7, 0xF6, 0x00, 0xD7, 0xF6, 0x81, 0xF7, 0xF6, 0x82, 0x18, 0xF7, 0x81, 0x17, 0xF7, 0x00, 0x18,
    0xF7, 0x82, 0xF7, 0xEE, 0x82, 0x18, 0xF7, 0x01, 0xF7, 0xF6, 0xF6, 0xF6, 0x81, 0xD6, 0xF6, 0x00,
    0xD7, 0xF6, 0x81, 0xD6, 0xF6, 0x82, 0xB6, 0xEE, 0x82, 0xD7, 0xF6, 0x81, 0xF7, 0xEE, 0x82, 0xF7,
    0xF6, 0x04, 0xF6, 0xF6, 0xD6, 0xEE, 0xF7, 0xF6, 0x18, 0xF7, 0xF8, 0xF6, 0x81, 0xF7, 0xF6, 0x00,
    0xD7, 0xF6, 0x81, 0xF7, 0xF6, 0x82, 0x18, 0xF7, 0x02, 0x17, 0xF7, 0x18, 0xF7, 0xF8, 0xF6, 0x81,
    0xF7, 0xEE, 0x00, 0x17, 0xF7, 0x81, 0x18, 0xF7, 0x0D, 0x17, 0xF7, 0xF6, 0xF6, 0xD7, 0xF6, 0x96,
    0xEE, 0xB0, 0xA4, 0x46, 0x5A, 0x00, 0x6A, 0xE2, 0x9A, 0x83, 0xBB, 0xA0, 0xC3, 0xED, 0xD4, 0xB5,
    0xEE, 0xD7, 0xF6, 0xB6, 0xEE, 0x81, 0xD6, 0xF6, 0x00, 0xD7, 0xF6, 0x81, 0xB6, 0xEE, 0x00, 0xB7,
    0xF6, 0x81, 0xD7, 0xF6, 0x03, 0xF7, 0xF6, 0xD7, 0xEE, 0xF7, 0xEE, 0x18, 0xF7, 0x84, 0xF7, 0xF6,
    0x00, 0x18, 0xF7, 0x85, 0xF7, 0xF6, 0x82, 0x18, 0xF7, 0x84, 0xF7, 0xF6, 0x00, 0x17, 0xF7, 0x81,
    0x18, 0xF7, 0x02, 0x17, 0xF7, 0xF6, 0xF6, 0xD7, 0xF6, 0x84, 0xD6, 0xF6, 0x00, 0xB6, 0xEE, 0x81,
    0xB7, 0xF6, 0x00, 0xD7, 0xF6, 0x81, 0xF7, 0xF6, 0x01, 0xF7, 0xEE, 0x18, 0xF7, 0x84, 0xF7, 0xF6,
    0x81, 0x18, 0xF7, 0x85, 0xF7, 0xF6, 0x81, 0x18, 0xF7, 0x81, 0xF7, 0xF6, 0x00, 0x17, 0xF7, 0x81,
    0xF7, 0xF6, 0x00, 0xF7, 0xEE, 0x82, 0x18, 0xF7, 0x07, 0xF7, 0xF6, 0xF6, 0xF6, 0xD6, 0xF6, 0xB6,
    0xEE, 0xD7, 0xF6, 0xD6, 0xF6, 0xD7, 0xF6, 0xB6, 0xEE, 0x81, 0xB7, 0xF6, 0x00, 0xD7, 0xF6, 0x81,
    0xF7, 0xF6, 0x02, 0xF7, 0xEE, 0xF7, 0xF6, 0x18, 0xF7, 0x83, 0xF7, 0xF6, 0x01, 0xF8, 0xF6, 0x18,
    0xF7, 0x85, 0xF7, 0xF6, 0x81, 0x18, 0xF7, 0x01, 0x17, 0xF7, 0xF7, 0xEE, 0x82, 0xF7, 0xF6, 0x01,
    0xF7, 0xEE, 0x17, 0xF7, 0x81, 0x18, 0xF7, 0x11, 0x17, 0xF7, 0xF6, 0xF6, 0xB7, 0xEE, 0x56, 0xE6,
    0x0D, 0x94, 0xC5, 0x49, 0xC0, 0x59, 0xA2, 0x8A, 0x62, 0xB3, 0x0D, 0xD5, 0xF2, 0xE5, 0xB5, 0xEE,
    0xB6, 0xEE, 0xD6, 0xEE, 0xD6, 0xF6, 0xB6, 0xEE, 0xD6, 0xF6, 0xB6, 0xEE, 0x82, 0xD7, 0xF6, 0x03,
    0xF7, 0xF6, 0xF8, 0xF6, 0xF7, 0xF6, 0xD7, 0xEE, 0x84, 0xF7, 0xF6, 0x03, 0xF8, 0xF6, 0x18, 0xF7,
    0xF7, 0xEE, 0xD6, 0xEE, 0x81, 0xD7, 0xF6, 0x05, 0xF7, 0xF6, 0xD7, 0xF6, 0xF7, 0xF6, 0xF8, 0xF6,
    0xF7, 0xF6, 0xF6, 0xEE, 0x81, 0xF7, 0xEE, 0x82, 0xF7, 0xF6, 0x03, 0xF8, 0xF6, 0x18, 0xF7, 0xF7,
    0xEE, 0xD6, 0xEE, 0x81, 0xB6, 0xEE, 0x00, 0xD6, 0xF6, 0x81, 0xB6, 0xEE, 0x01, 0xD6, 0xF6, 0xB6,
    0xEE, 0x82, 0xD7, 0xF6, 0x02, 0xF8, 0xF6, 0xF7, 0xF6, 0xD7, 0xEE, 0x85, 0xF7, 0xF6, 0x06, 0xF8,
    0xF6, 0x17, 0xF7, 0xF7, 0xEE, 0xD6, 0xEE, 0xD7, 0xF6, 0xF7, 0xF6, 0xD7, 0xF6, 0x83, 0xF7, 0xF6,
    0x00, 0xF6, 0xEE, 0x84, 0xF7, 0xF6, 0x09, 0x18, 0xF7, 0xF7, 0xF6, 0xF6, 0xEE, 0xD6, 0xEE, 0xB6,
    0xEE, 0xD6, 0xEE, 0xD6, 0xF6, 0xB6, 0xEE, 0xD6, 0xF6, 0xB6, 0xEE, 0x82, 0xD7, 0xF6, 0x81, 0xF7,
    0xF6, 0x81, 0xF7, 0xEE, 0x84, 0xF7, 0xF6, 0x81, 0x18, 0xF7, 0x01, 0xF7, 0xEE, 0xD6, 0xEE, 0x81,
    0xD7, 0xF6, 0x05, 0xF7, 0xF6, 0xD7, 0xF6, 0xF7, 0xF6, 0xF8, 0xF6, 0xF7, 0xF6, 0xF6, 0xEE, 0x81,
    0xF7, 0xEE, 0x82, 0xF7, 0xF6, 0x81, 0x18, 0xF7, 0x0B, 0xF7, 0xEE, 0xD6, 0xEE, 0xB7, 0xF6, 0x76,
    0xE6, 0xAC, 0x83, 0x63, 0x39, 0x80, 0x51, 0x62, 0x82, 0x22, 0xAB, 0x54, 0xE6, 0xF7, 0xF6, 0xF6,
    0xF6, 0x81, 0xD6, 0xEE, 0x81, 0xB6, 0xEE, 0x82, 0xD6, 0xF6, 0x00, 0xD7, 0xF6, 0x81, 0xF7, 0xF6,
    0x02, 0x17, 0xF7, 0xF7, 0xF6, 0xD6, 0xEE, 0x81, 0xD7, 0xF6, 0x83, 0xF7, 0xF6, 0x01, 0x17, 0xF7,
    0xF7, 0xF6, 0x81, 0xD6, 0xF6, 0x03, 0xD7, 0xF6, 0xF7, 0xF6, 0xD7, 0xF6, 0xD7, 0xEE, 0x82, 0xF7,
    0xF6, 0x83, 0xD7, 0xF6, 0x04, 0xF7, 0xF6, 0xD7, 0xEE, 0xF7, 0xF6, 0xD7, 0xEE, 0xF6, 0xF6, 0x82,
    0xD6, 0xEE, 0x81, 0xB6, 0xEE, 0x81, 0xD6, 0xF6, 0x81, 0xD7, 0xF6, 0x00, 0xF7, 0xF6, 0x81, 0x17,
    0xF7, 0x81, 0xD6, 0xEE, 0x00, 0xD7, 0xF6, 0x83, 0xF7, 0xF6, 0x04, 0xF7, 0xEE, 0x17, 0xF7, 0xF7,
    0xF6, 0xD6, 0xF6, 0xD7, 0xEE, 0x81, 0xD7, 0xF6, 0x00, 0xD7, 0xEE, 0x82, 0xF7, 0xF6, 0x01, 0xD7,
    0xF6, 0xF7, 0xF6, 0x81, 0xD7, 0xF6, 0x04, 0xF7, 0xF6, 0xD7, 0xEE, 0xF7, 0xF6, 0xD7, 0xEE, 0xF6,
    0xF6, 0x82, 0xD6, 0xEE, 0x81, 0xB6, 0xEE, 0x09, 0xD6, 0xF6, 0xB6, 0xEE, 0xD7, 0xF6, 0xD6, 0xF6,
    0xD7, 0xF6, 0xF7, 0xF6, 0x17, 0xF7, 0xF7, 0xF6, 0xD6, 0xEE, 0xD7, 0xF6, 0x84, 0xF7, 0xF6, 0x04,
    0x17, 0xF7, 0xF7, 0xEE, 0xD7, 0xF6, 0xD6, 0xF6, 0xD7, 0xEE, 0x81, 0xD7, 0xF6, 0x00, 0xD7, 0xEE,
    0x83, 0xF7, 0xF6, 0x81, 0xD7, 0xF6, 0x12, 0xF7, 0xF6, 0xD7, 0xEE, 0xF7, 0xEE, 0xF7, 0xF6, 0xD7,
    0xEE, 0xF6, 0xF6, 0xD6, 0xF6, 0xB6, 0xEE, 0x6E, 0x9C, 0xC5, 0x41, 0x40, 0x49, 0x42, 0x7A, 0x02,
    0xA3, 0xD2, 0xE5, 0x54, 0xE6, 0xB6, 0xEE, 0xF7, 0xF6, 0xD6, 0xEE, 0xB6, 0xEE, 0x81, 0xF7, 0xF6,
    0x81, 0xD6, 0xF6, 0x00, 0xF6, 0xF6, 0x82, 0xF7, 0xF6, 0x03, 0x17, 0xF7, 0xF6, 0xF6, 0xD7, 0xF6,
    0xD6, 0xF6, 0x81, 0xD7, 0xF6, 0x85, 0xF7, 0xF6, 0x00, 0xD7, 0xEE, 0x84, 0xF7, 0xF6, 0x84, 0xD7,
    0xF6, 0x00, 0xF7, 0xF6, 0x81, 0xD7, 0xEE, 0x03, 0xF7, 0xF6, 0x17, 0xF7, 0xF7, 0xF6, 0xD7, 0xEE,
    0x81, 0xD6, 0xEE, 0x00, 0xF7, 0xF6, 0x82, 0xD6, 0xF6, 0x82, 0xF7, 0xF6, 0x00, 0x17, 0xF7, 0x81,
    0xF7, 0xF6, 0x00, 0xD6, 0xF6, 0x82, 0xD7, 0xF6, 0x01, 0xF7, 0xF6, 0x17, 0xF7, 0x82, 0xF7, 0xF6,
    0x01, 0xD7, 0xF6, 0xD7, 0xEE, 0x84, 0xF7, 0xF6, 0x81, 0xD6, 0xF6, 0x81, 0xD7, 0xF6, 0x00, 0xF7,
    0xF6, 0x82, 0xD7, 0xEE, 0x02, 0xF7, 0xF6, 0x17, 0xF7, 0xD7, 0xEE, 0x81, 0xD6, 0xEE, 0x81, 0xF7,
    0xF6, 0x82, 0xD6, 0xF6, 0x84, 0xF7, 0xF6, 0x83, 0xD7, 0xF6, 0x00, 0xF8, 0xF6, 0x84, 0xF7, 0xF6,
    0x02, 0xD7, 0xEE, 0xF7, 0xF6, 0xD7, 0xF6, 0x82, 0xF7, 0xF6, 0x83, 0xD7, 0xF6, 0x81, 0xF7, 0xF6,
    0x81, 0xD7, 0xEE, 0x0B, 0xF7, 0xF6, 0x17, 0xF7, 0xD7, 0xF6, 0xB6, 0xEE, 0xAC, 0x83, 0x43, 0x31,
    0x60, 0x49, 0x42, 0x7A, 0x02, 0xA3, 0xC4, 0xC3, 0x6A, 0xC4, 0xB2, 0xD5, 0x81, 0xD7, 0xEE, 0x0A,
    0xD6, 0xEE, 0xF7, 0xF6, 0xD7, 0xF6, 0xD6, 0xF6, 0xD7, 0xF6, 0xF7, 0xF6, 0xF8, 0xF6, 0xD7, 0xF6,
    0xF7, 0xF6, 0x17, 0xF7, 0xF7, 0xF6, 0x81, 0xD7, 0xF6, 0x01, 0xB6, 0xEE, 0xB7, 0xEE, 0x81, 0xD7,
    0xF6, 0x81, 0xD6, 0xEE, 0x01, 0xF7, 0xF6, 0x17, 0xF7, 0x82, 0xF7, 0xF6, 0x01, 0xF8, 0xF6, 0xF7,
    0xF6, 0x81, 0xD7, 0xEE, 0x01, 0xB6, 0xEE, 0xD6, 0xEE, 0x81, 0xD7, 0xF6, 0x81, 0xF7, 0xF6, 0x81,
    0xD6, 0xEE, 0x81, 0xF7, 0xF6, 0x03, 0xD7, 0xEE, 0xD6, 0xEE, 0xF7, 0xF6, 0xD7, 0xF6, 0x81, 0xD6,
    0xF6, 0x01, 0xF7, 0xF6, 0x18, 0xFF, 0x84, 0xF7, 0xF6, 0x08, 0xD7, 0xF6, 0xB6, 0xF6, 0xB7, 0xEE,
    0xB7, 0xF6, 0xD7, 0xF6, 0xF7, 0xF6, 0xD6, 0xEE, 0xD7, 0xEE, 0x17, 0xF7, 0x82, 0xF7, 0xF6, 0x00,
    0xF8, 0xF6, 0x81, 0xF7, 0xF6, 0x02, 0xD7, 0xEE, 0xD6, 0xEE, 0xB6, 0xEE, 0x82, 0xD7, 0xF6, 0x00,
    0xF7, 0xF6, 0x81, 0xD6, 0xEE, 0x81, 0xF7, 0xF6, 0x82, 0xD6, 0xEE, 0x00, 0xF7, 0xF6, 0x81, 0xD6,
    0xF6, 0x0C, 0xD7, 0xF6, 0x17, 0xFF, 0xF8, 0xF6, 0xD7, 0xF6, 0xF7, 0xF6, 0x17, 0xF7, 0xF7, 0xF6,
    0xD7, 0xF6, 0xD6, 0xF6, 0xB6, 0xEE, 0xB7, 0xEE, 0xD7, 0xF6, 0xF7, 0xF6, 0x81, 0xD6, 0xEE, 0x01,
    0xF7, 0xF6, 0x17, 0xF7, 0x82, 0xF7, 0xF6, 0x05, 0xF8, 0xF6, 0xF7, 0xF6, 0xD7, 0xEE, 0xD6, 0xEE,
    0xB6, 0xEE, 0xD6, 0xEE, 0x81, 0xD7, 0xF6, 0x81, 0xF7, 0xF6, 0x01, 0xD6, 0xEE, 0xD7, 0xEE, 0x81,
    0xF7, 0xF6, 0x08, 0x96, 0xE6, 0xAC, 0x7B, 0x43, 0x31, 0x40, 0x41, 0x42, 0x7A, 0x02, 0xA3, 0x82,
    0xBB, 0x09, 0xBC, 0x91, 0xD5, 0x81, 0xD7, 0xEE, 0x01, 0xF7, 0xEE, 0xD7, 0xEE, 0x81, 0xD7, 0xF6,
    0x81, 0xF7, 0xF6, 0x83, 0xF8, 0xF6, 0x00, 0xF7, 0xF6, 0x81, 0xD7, 0xF6, 0x08, 0xB6, 0xEE, 0x96,
    0xEE, 0xB7, 0xEE, 0xD6, 0xEE, 0xB6, 0xEE, 0xD6, 0xEE, 0xF7, 0xEE, 0x17, 0xF7, 0xD7, 0xEE, 0x81,
    0xF7, 0xF6, 0x02, 0xF8, 0xF6, 0xF7, 0xF6, 0xD7, 0xEE, 0x82, 0xB6, 0xEE, 0x81, 0xD7, 0xF6, 0x81,
    0xF7, 0xF6, 0x01, 0xD6, 0xEE, 0xB6, 0xEE, 0x81, 0xF7, 0xF6, 0x82, 0xD7, 0xEE, 0x82, 0xD7, 0xF6,
    0x81, 0xF7, 0xF6, 0x82, 0xF8, 0xF6, 0x00, 0xF7, 0xF6, 0x81, 0xD7, 0xF6, 0x0D, 0xB6, 0xEE, 0x96,
    0xEE, 0xB7, 0xEE, 0xD7, 0xEE, 0xD6, 0xEE, 0xB6, 0xEE, 0xD6, 0xEE, 0x17, 0xF7, 0xD7, 0xEE, 0xD7,
    0xF6, 0xF7, 0xF6, 0xF8, 0xF6, 0xF7, 0xF6, 0xD7, 0xEE, 0x81, 0xD6, 0xEE, 0x81, 0xB6, 0xEE, 0x06,
    0xD7, 0xEE, 0xD7, 0xF6, 0xF7, 0xF6, 0xF6, 0xF6, 0xB6, 0xEE, 0xD7, 0xEE, 0xF7, 0xF6, 0x83, 0xD7,
    0xEE, 0x81, 0xD7, 0xF6, 0x01, 0xF7, 0xF6, 0xD7, 0xF6, 0x82, 0xF8, 0xF6, 0x81, 0xF7, 0xF6, 0x81,
    0xD7, 0xF6, 0x08, 0xB6, 0xEE, 0x96, 0xEE, 0xB7, 0xEE, 0xD6, 0xEE, 0xB6, 0xEE, 0xD6, 0xEE, 0x17,
    0xEF, 0xF7, 0xEE, 0xD7, 0xEE, 0x81, 0xF7, 0xF6, 0x02, 0xF8, 0xF6, 0xF7, 0xF6, 0xD6, 0xEE, 0x82,
    0xB6, 0xEE, 0x81, 0xD7, 0xF6, 0x81, 0xF7, 0xF6, 0x0D, 0xD6, 0xEE, 0xB6, 0xEE, 0xF7, 0xF6, 0xD7,
    0xF6, 0xD8, 0xF6, 0xF1, 0xAC, 0x27, 0x52, 0x20, 0x41, 0x21, 0x72, 0xE2, 0x9A, 0xA5, 0xBB, 0x2E,
    0xCD, 0xB6, 0xEE, 0xF7, 0xF6, 0x81, 0xD7, 0xEE, 0x00, 0xD6, 0xEE, 0x82, 0xD7, 0xF6, 0x01, 0xF7,
    0xF6, 0xD7, 0xF6, 0x83, 0xD7, 0xEE, 0x81, 0xD7, 0xF6, 0x05, 0xB6, 0xEE, 0xB7, 0xEE, 0xD7, 0xEE,
    0xD7, 0xF6, 0xD6, 0xF6, 0xB6, 0xEE, 0x81, 0xF7, 0xEE, 0x05, 0xF7, 0xF6, 0xD7, 0xF6, 0xF7, 0xF6,
    0xF8, 0xF6, 0xF7, 0xF6, 0xD7, 0xEE, 0x82, 0xD6, 0xEE, 0x81, 0xD7, 0xF6, 0x81, 0xF7, 0xF6, 0x81,
    0xD6, 0xEE, 0x00, 0xD7, 0xEE, 0x81, 0xF7, 0xF6, 0x82, 0xD7, 0xEE, 0x81, 0xD7, 0xF6, 0x00, 0xF7,
    0xF6, 0x81, 0xD7, 0xF6, 0x01, 0xD7, 0xEE, 0xD7, 0xF6, 0x81, 0xD7, 0xEE, 0x03, 0xD7, 0xF6, 0xD6,
    0xEE, 0xB6, 0xEE, 0xB7, 0xEE, 0x81, 0xD7, 0xF6, 0x08, 0xB6, 0xEE, 0xD6, 0xEE, 0xF7, 0xEE, 0xF7,
    0xF6, 0xD7, 0xF6, 0xF7, 0xF6, 0xF8, 0xF6, 0xF7, 0xF6, 0xD7, 0xEE, 0x82, 0xD6, 0xEE, 0x81, 0xD7,
    0xF6, 0x81, 0xF7, 0xF6, 0x82, 0xD6, 0xEE, 0x81, 0xF7, 0xF6, 0x81, 0xD7, 0xEE, 0x05, 0xD6, 0xEE,
    0xD7, 0xF6, 0xD7, 0xEE, 0xF7, 0xF6, 0xD7, 0xF6, 0xF7, 0xF6, 0x83, 0xD7, 0xEE, 0x07, 0xD7, 0xF6,
    0xD6, 0xF6, 0xB6, 0xEE, 0xB7, 0xEE, 0xD7, 0xEE, 0xD7, 0xF6, 0xB6, 0xF6, 0xB6, 0xEE, 0x81, 0xF7,
    0xEE, 0x82, 0xF7, 0xF6, 0x02, 0xF8, 0xF6, 0xF7, 0xF6, 0xD7, 0xEE, 0x82, 0xD6, 0xEE, 0x00, 0xD7,
    0xF6, 0x82, 0xF7, 0xF6, 0x81, 0xD6, 0xEE, 0x0C, 0xD7, 0xEE, 0xD7, 0xF6, 0x96, 0xE6, 0x6F, 0x9C,
    0xC6, 0x41, 0x20, 0x41, 0x21, 0x72, 0xE2, 0x9A, 0xED, 0xD4, 0x74, 0xE6, 0xD6, 0xEE, 0xF7, 0xEE,
    0xF8, 0xEE, 0x81, 0xF7, 0xEE, 0x02, 0xD7, 0xEE, 0xB7, 0xEE, 0xD7, 0xF6, 0x81, 0xF7, 0xF6, 0x00,
    0xD7, 0xF6, 0x82, 0xD7, 0xEE, 0x00, 0xF7, 0xF6, 0x83, 0xD6, 0xEE, 0x00, 0xD7, 0xEE, 0x82, 0xD6,
    0xEE, 0x83, 0xD7, 0xEE, 0x01, 0xB7, 0xEE, 0xB6, 0xEE, 0x82, 0xD6, 0xEE, 0x81, 0xD7, 0xEE, 0x02,
    0xD7, 0xF6, 0xF7, 0xF6, 0xF6, 0xEE, 0x81, 0xD6, 0xEE, 0x02, 0xF6, 0xEE, 0xF7, 0xEE, 0xF8, 0xEE,
    0x81, 0xF7, 0xEE, 0x82, 0xD7, 0xEE, 0x82, 0xF7, 0xF6, 0x83, 0xD7, 0xEE, 0x88, 0xD6, 0xEE, 0x83,
    0xD7, 0xEE, 0x00, 0xB6, 0xEE, 0x82, 0xD6, 0xEE, 0x82, 0xD7, 0xEE, 0x01, 0xF7, 0xF6, 0xF6, 0xF6,
    0x82, 0xD6, 0xEE, 0x81, 0xF7, 0xEE, 0x00, 0xF8, 0xEE, 0x81, 0xF7, 0xEE, 0x01, 0xD7, 0xEE, 0xB6,
    0xEE, 0x82, 0xF7, 0xF6, 0x00, 0xD7, 0xF6, 0x82, 0xD7, 0xEE, 0x00, 0xD7, 0xF6, 0x83, 0xD6, 0xEE,
    0x00, 0xD7, 0xEE, 0x82, 0xD6, 0xEE, 0x83, 0xD7, 0xEE, 0x00, 0xB6, 0xEE, 0x81, 0xD6, 0xEE, 0x01,
    0xD7, 0xEE, 0xD6, 0xEE, 0x81, 0xD7, 0xEE, 0x81, 0xF7, 0xF6, 0x00, 0xF6, 0xEE, 0x81, 0xD6, 0xEE,
    0x0C, 0xF6, 0xEE, 0xB6, 0xEE, 0x11, 0xB5, 0x88, 0x5A, 0xE2, 0x28, 0x40, 0x41, 0x21, 0x72, 0xE2,
    0x9A, 0x6A, 0xC4, 0xD2, 0xDD, 0x95, 0xEE, 0xF7, 0xEE, 0x18, 0xF7, 0x82, 0xF7, 0xEE, 0x02, 0xB7,
    0xEE, 0xD7, 0xEE, 0xF7, 0xF6, 0x81, 0xD7, 0xF6, 0x82, 0xF7, 0xF6, 0x02, 0xD7, 0xEE, 0xD6, 0xEE,
    0xB6, 0xEE, 0x81, 0xD6, 0xEE, 0x81, 0xB6, 0xEE, 0x82, 0xD6, 0xEE, 0x81, 0xD7, 0xEE, 0x02, 0xB6,
    0xEE, 0xD7, 0xEE, 0xD6, 0xEE, 0x81, 0xD7, 0xEE, 0x04, 0xD6, 0xEE, 0xD7, 0xEE, 0xD7, 0xF6, 0xF7,
    0xF6, 0xD7, 0xEE, 0x82, 0xD6, 0xEE, 0x81, 0xF7, 0xEE, 0x00, 0x18, 0xF7, 0x82, 0xF7, 0xEE, 0x81,
    0xD7, 0xEE, 0x00, 0xF7, 0xF6, 0x82, 0xD7, 0xF6, 0x82, 0xF7, 0xF6, 0x84, 0xD6, 0xEE, 0x81, 0xB6,
    0xEE, 0x81, 0xD6, 0xEE, 0x81, 0xD7, 0xEE, 0x81, 0xB7, 0xEE, 0x86, 0xD7, 0xEE, 0x00, 0xF7, 0xF6,
    0x82, 0xD6, 0xEE, 0x03, 0xD7, 0xEE, 0xF7, 0xF6, 0x18, 0xF7, 0x17, 0xEF, 0x81, 0xF7, 0xEE, 0x01,
    0xD7, 0xEE, 0xB6, 0xEE, 0x82, 0xF7, 0xF6, 0x00, 0xD7, 0xF6, 0x82, 0xF7, 0xF6, 0x00, 0xD7, 0xEE,
    0x83, 0xD6, 0xEE, 0x81, 0xB6, 0xEE, 0x82, 0xD6, 0xEE, 0x81, 0xD7, 0xEE, 0x00, 0xB6, 0xEE, 0x83,
    0xD7, 0xEE, 0x02, 0xD6, 0xEE, 0xD7, 0xEE, 0xF7, 0xF6, 0x81, 0xD7, 0xEE, 0x82, 0xD6, 0xEE, 0x0B,
    0xF7, 0xF6, 0xD7, 0xEE, 0x76, 0xE6, 0x8F, 0x9C, 0xE6, 0x49, 0x20, 0x41, 0x01, 0x6A, 0xC2, 0x92,
    0xC5, 0xC3, 0x49, 0xC4, 0x70, 0xD5, 0xB6, 0xEE, 0x82, 0xF7, 0xEE, 0x02, 0xF7, 0xF6, 0xD7, 0xEE,
    0xD7, 0xF6, 0x84, 0xF7, 0xF6, 0x05, 0xD7, 0xF6, 0xD7, 0xEE, 0xD6, 0xEE, 0xD7, 0xEE, 0xF7, 0xEE,
    0xD7, 0xEE, 0x81, 0xD6, 0xEE, 0x01, 0xD7, 0xEE, 0xF7, 0xEE, 0x82, 0xD7, 0xEE, 0x00, 0xB6, 0xEE,
    0x83, 0xD7, 0xEE, 0x01, 0xD6, 0xEE, 0xB7, 0xEE, 0x85, 0xD7, 0xEE, 0x00, 0xF7, 0xF6, 0x84, 0xF7,
    0xEE, 0x81, 0xD7, 0xEE, 0x85, 0xF7, 0xF6, 0x00, 0xD7, 0xF6, 0x81, 0xD7, 0xEE, 0x81, 0xF7, 0xEE,
    0x82, 0xD6, 0xEE, 0x00, 0xF7, 0xEE, 0x81, 0xD7, 0xEE, 0x01, 0xF7, 0xF6, 0xB7, 0xEE, 0x84, 0xD7,
    0xEE, 0x00, 0xD6, 0xEE, 0x81, 0xD7, 0xEE, 0x00, 0xF7, 0xF6, 0x82, 0xD7, 0xEE, 0x85, 0xF7, 0xEE,
    0x01, 0xD7, 0xF6, 0xD7, 0xEE, 0x85, 0xF7, 0xF6, 0x05, 0xD7, 0xF6, 0xD7, 0xEE, 0xD6, 0xEE, 0xD7,
    0xEE, 0xF7, 0xEE, 0xD7, 0xEE, 0x81, 0xD6, 0xEE, 0x01, 0xD7, 0xEE, 0xF7, 0xEE, 0x82, 0xD7, 0xEE,
    0x00, 0xB7, 0xEE, 0x86, 0xD7, 0xEE, 0x00, 0xD7, 0xF6, 0x81, 0xD7, 0xEE, 0x0C, 0xD6, 0xEE, 0xD7,
    0xEE, 0xF7, 0xF6, 0xD7, 0xF6, 0xD7, 0xEE, 0x8F, 0xA4, 0xE6, 0x49, 0x40, 0x41, 0x21, 0x72, 0xE2,
    0x9A, 0x28, 0xC4, 0x70, 0xDD, 0x75, 0xE6, 0x83, 0xF7, 0xEE, 0x00, 0xF8, 0xF6, 0x81, 0xF7, 0xF6,
    0x02, 0xF8, 0xF6, 0x18, 0xF7, 0xF8, 0xF6, 0x8E, 0xF7, 0xF6, 0x84, 0xD7, 0xEE, 0x03, 0xB7, 0xEE,
    0xB6, 0xEE, 0xB7, 0xEE, 0xD7, 0xEE, 0x81, 0xF7, 0xF6, 0x01, 0xF7, 0xEE, 0xF7, 0xF6, 0x81, 0xF8,
    0xF6, 0x82, 0xF7, 0xEE, 0x00, 0xF8, 0xF6, 0x82, 0xF7, 0xF6, 0x81, 0x18, 0xF7, 0x82, 0xF7, 0xF6,
    0x00, 0x18, 0xF7, 0x8B, 0xF7, 0xF6, 0x84, 0xD7, 0xEE, 0x02, 0xB7, 0xEE, 0xB6, 0xEE, 0xD7, 0xEE,
    0x84, 0xF7, 0xF6, 0x00, 0xF8, 0xF6, 0x83, 0xF7, 0xEE, 0x00, 0xF8, 0xF6, 0x82, 0xF7, 0xF6, 0x00,
    0x18, 0xF7, 0x82, 0xF7, 0xF6, 0x00, 0xF8, 0xF6, 0x8B, 0xF7, 0xF6, 0x84, 0xD7, 0xEE, 0x01, 0xB7,
    0xEE, 0xB6, 0xEE, 0x81, 0xD7, 0xEE, 0x83, 0xF7, 0xF6, 0x0C, 0xF8, 0xF6, 0xF7, 0xF6, 0x96, 0xE6,
    0x6B, 0x7B, 0x22, 0x31, 0x40, 0x49, 0x21, 0x72, 0xE2, 0x9A, 0x48, 0xCC, 0xB1, 0xDD, 0xB6, 0xEE,
    0xF7, 0xEE, 0xF6, 0xEE, 0x81, 0xF7, 0xEE, 0x83, 0xF7, 0xF6, 0x81, 0xF8, 0xF6, 0x82, 0xF7, 0xF6,
    0x07, 0x18, 0xF7, 0xF8, 0xF6, 0xF8, 0xEE, 0x18, 0xF7, 0xF7, 0xF6, 0x17, 0xF7, 0x18, 0xF7, 0x17,
    0xF7, 0x81, 0xF7, 0xF6, 0x82, 0xF7, 0xEE, 0x02, 0xD7, 0xEE, 0xD7, 0xF6, 0xD7, 0xEE, 0x82, 0xB7,
    0xEE, 0x81, 0xB6, 0xEE, 0x00, 0xF7, 0xEE, 0x81, 0xF7, 0xF6, 0x00, 0x17, 0xF7, 0x81, 0x18, 0xF7,
    0x83, 0xF7, 0xEE, 0x82, 0xF7, 0xF6, 0x81, 0x18, 0xF7, 0x02, 0xF8, 0xF6, 0xF7, 0xF6, 0xF8, 0xF6,
    0x81, 0x18, 0xF7, 0x81, 0xF8, 0xF6, 0x81, 0xF7, 0xF6, 0x81, 0x18, 0xF7, 0x82, 0xF7, 0xF6, 0x01,
    0xF8, 0xF6, 0xF7, 0xEE, 0x83, 0xD7, 0xEE, 0x81, 0xB7, 0xEE, 0x81, 0xB6, 0xEE, 0x00, 0xD7, 0xEE,
    0x81, 0xF7, 0xF6, 0x81, 0x17, 0xF7, 0x04, 0x18, 0xF7, 0xF7, 0xEE, 0xF6, 0xEE, 0xF7, 0xEE, 0xD7,
    0xEE, 0x83, 0xF7, 0xF6, 0x01, 0x18, 0xF7, 0xF8, 0xF6, 0x81, 0xF7, 0xF6, 0x01, 0xF8, 0xF6, 0x18,
    0xF7, 0x81, 0xF8, 0xF6, 0x01, 0x18, 0xF7, 0xF7, 0xF6, 0x81, 0x18, 0xF7, 0x00, 0x17, 0xF7, 0x81,
    0xF7, 0xF6, 0x01, 0xF8, 0xF6, 0xF7, 0xEE, 0x81, 0xD7, 0xEE, 0x00, 0xD7, 0xF6, 0x82, 0xD7, 0xEE,
    0x01, 0xB7, 0xEE, 0xB6, 0xEE, 0x81, 0xD7, 0xEE, 0x81, 0xF7, 0xF6, 0x0E, 0x17, 0xF7, 0x18, 0xF7,
    0xF7, 0xF6, 0x97, 0xEE, 0x8C, 0x7B, 0x43, 0x31, 0x40, 0x49, 0x21, 0x72, 0xE2, 0x9A, 0x25, 0xD4,
    0xAA, 0xD4, 0x2E, 0xD5, 0x50, 0xCD, 0x71, 0xC5, 0x14, 0xD6, 0x81, 0xD7, 0xEE, 0x01, 0xF7, 0xF6,
    0xD7, 0xEE, 0x82, 0xF7, 0xF6, 0x81, 0xD7, 0xF6, 0x02, 0xF7, 0xF6, 0xF8, 0xF6, 0x18, 0xF7, 0x81,
    0x18, 0xEF, 0x00, 0xF7, 0xEE, 0x85, 0xF7, 0xF6, 0x00, 0xF7, 0xEE, 0x82, 0xD6, 0xEE, 0x82, 0xB6,
    0xEE, 0x81, 0xB7, 0xEE, 0x81, 0xD7, 0xEE, 0x81, 0xF7, 0xEE, 0x00, 0x17, 0xF7, 0x81, 0xF7, 0xF6,
    0x81, 0xF7, 0xEE, 0x81, 0xD7, 0xEE, 0x02, 0xF7, 0xEE, 0xF7, 0xF6, 0xD7, 0xF6, 0x81, 0xF7, 0xF6,
    0x81, 0xD7, 0xF6, 0x01, 0xF7, 0xF6, 0xF8, 0xF6, 0x82, 0x18, 0xF7, 0x03, 0xF7, 0xEE, 0xD7, 0xEE,
    0xF7, 0xF6, 0xF8, 0xF6, 0x82, 0xF7, 0xF6, 0x00, 0xF7, 0xEE, 0x82, 0xD6, 0xEE, 0x82, 0xB6, 0xEE,
    0x81, 0xB7, 0xEE, 0x00, 0xB6, 0xEE, 0x81, 0xD7, 0xEE, 0x81, 0xF7, 0xEE, 0x00, 0xF7, 0xF6, 0x82,
    0xF7, 0xEE, 0x82, 0xD7, 0xEE, 0x84, 0xF7, 0xF6, 0x81, 0xD7, 0xF6, 0x01, 0xF7, 0xF6, 0xF8, 0xF6,
    0x81, 0x18, 0xF7, 0x01, 0xF8, 0xEE, 0xF7, 0xEE, 0x84, 0xF7, 0xF6, 0x01, 0xF7, 0xEE, 0xD7, 0xEE,
    0x82, 0xD6, 0xEE, 0x82, 0xB6, 0xEE, 0x81, 0xB7, 0xEE, 0x81, 0xD7, 0xEE, 0x81, 0xF7, 0xEE, 0x0F,
    0x17, 0xF7, 0xF7, 0xF6, 0xD7, 0xF6, 0xB7, 0xEE, 0xCD, 0x83, 0x64, 0x39, 0x60, 0x49, 0x42, 0x7A,
    0x02, 0xA3, 0x03, 0xD4, 0xE2, 0xCB, 0x80, 0xBB, 0x22, 0xA3, 0xAA, 0x9B, 0xD3, 0xCD, 0xD7, 0xEE,
    0x86, 0xF7, 0xF6, 0x06, 0xD7, 0xF6, 0xF7, 0xF6, 0xF8, 0xF6, 0x39, 0xF7, 0x19, 0xF7, 0x18, 0xF7,
    0xF7, 0xEE, 0x85, 0xF7, 0xF6, 0x00, 0xD7, 0xEE, 0x82, 0xB6, 0xEE, 0x00, 0x95, 0xEE, 0x81, 0xB6,
    0xEE, 0x82, 0xD7, 0xEE, 0x01, 0xF7, 0xEE, 0xD7, 0xEE, 0x81, 0xF7, 0xEE, 0x00, 0x17, 0xF7, 0x84,
    0xF7, 0xF6, 0x00, 0xF7, 0xEE, 0x84, 0xF7, 0xF6, 0x81, 0xD7, 0xF6, 0x03, 0xF7, 0xF6, 0x18, 0xF7,
    0x39, 0xF7, 0x18, 0xF7, 0x81, 0xF7, 0xEE, 0x84, 0xF7, 0xF6, 0x01, 0xF7, 0xEE, 0xD6, 0xEE, 0x81,
    0xB6, 0xEE, 0x00, 0xB5, 0xEE, 0x82, 0xB6, 0xEE, 0x84, 0xD7, 0xEE, 0x81, 0xF7, 0xEE, 0x84, 0xF7,
    0xF6, 0x00, 0xF7, 0xEE, 0x85, 0xF7, 0xF6, 0x06, 0xD7, 0xF6, 0xF7, 0xF6, 0x18, 0xF7, 0x39, 0xF7,
    0x19, 0xF7, 0xF8, 0xEE, 0xF7, 0xEE, 0x85, 0xF7, 0xF6, 0x00, 0xD7, 0xEE, 0x82, 0xB6, 0xEE, 0x00,
    0x95, 0xE6, 0x82, 0xB6, 0xEE, 0x82, 0xD7, 0xEE, 0x82, 0xF7, 0xEE, 0x0F, 0x17, 0xF7, 0xD7, 0xEE,
    0xD6, 0xEE, 0x8B, 0x7B, 0x23, 0x31, 0x60, 0x49, 0x41, 0x7A, 0x02, 0xA3, 0xC3, 0xCB, 0xA3, 0xC3,
    0x62, 0xB3, 0x65, 0xAB, 0xAE, 0xBC, 0xB6, 0xE6, 0x17, 0xF7, 0xF7, 0xF6, 0x81, 0xF7, 0xEE, 0x00,
    0xF7, 0xF6, 0x81, 0x18, 0xF7, 0x82, 0xF8, 0xF6, 0x00, 0x18, 0xF7, 0x81, 0x19, 0xF7, 0x00, 0x18,
    0xF7, 0x86, 0xF7, 0xF6, 0x00, 0xF7, 0xEE, 0x81, 0xD6, 0xEE, 0x02, 0xB6, 0xEE, 0xB5, 0xEE, 0xB6,
    0xEE, 0x82, 0xD6, 0xEE, 0x00, 0xD7, 0xEE, 0x81, 0xF7, 0xEE, 0x07, 0xF7, 0xF6, 0xF7, 0xEE, 0x17,
    0xF7, 0xF7, 0xF6, 0xF7, 0xEE, 0xF7, 0xF6, 0x17, 0xF7, 0xF7, 0xF6, 0x81, 0xF7, 0xEE, 0x81, 0xF7,
    0xF6, 0x81, 0x18, 0xF7, 0x82, 0xF8, 0xF6, 0x02, 0x18, 0xF7, 0x19, 0xF7, 0x18, 0xF7, 0x85, 0xF7,
    0xF6, 0x01, 0x17, 0xF7, 0xF7, 0xEE, 0x81, 0xD6, 0xEE, 0x81, 0xB6, 0xEE, 0x01, 0xB5, 0xEE, 0xB6,
    0xEE, 0x81, 0xD6, 0xEE, 0x81, 0xD7, 0xEE, 0x82, 0xF7, 0xEE, 0x81, 0x17, 0xF7, 0x82, 0xF7, 0xF6,
    0x00, 0x17, 0xF7, 0x81, 0xF7, 0xEE, 0x81, 0xF7, 0xF6, 0x82, 0x18, 0xF7, 0x81, 0xF8, 0xF6, 0x00,
    0x18, 0xF7, 0x81, 0x19, 0xF7, 0x01, 0xF8, 0xF6, 0x17, 0xF7, 0x85, 0xF7, 0xF6, 0x01, 0xD7, 0xEE,
    0xD6, 0xEE, 0x81, 0xB6, 0xEE, 0x01, 0xB5, 0xEE, 0xB6, 0xEE, 0x82, 0xD6, 0xEE, 0x00, 0xD7, 0xEE,
    0x81, 0xF7, 0xEE, 0x10, 0xF7, 0xF6, 0xF7, 0xEE, 0x17, 0xF7, 0xF7, 0xEE, 0xD7, 0xEE, 0x8C, 0x7B,
    0x02, 0x29, 0x60, 0x49, 0x21, 0x72, 0xE2, 0x9A, 0xA3, 0xC3, 0x83, 0xBB, 0x61, 0xB3, 0xC8, 0xB3,
    0xB2, 0xD5, 0xD7, 0xEE, 0xF7, 0xF6, 0x82, 0xF7, 0xEE, 0x00, 0xF7, 0xF6, 0x87, 0x18, 0xF7, 0x00,
    0xF8, 0xF6, 0x81, 0xF7, 0xF6, 0x81, 0xF7, 0xEE, 0x81, 0xF7, 0xF6, 0x81, 0xF7, 0xEE, 0x00, 0xD6,
    0xEE, 0x81, 0xD7, 0xEE, 0x81, 0xB6, 0xEE, 0x83, 0xD6, 0xEE, 0x02, 0xF7, 0xEE, 0xF8, 0xF6, 0xF7,
    0xF6, 0x81, 0xF7, 0xEE, 0x82, 0x18, 0xF7, 0x01, 0x17, 0xF7, 0xF7, 0xEE, 0x81, 0xD7, 0xEE, 0x00,
    0xF7, 0xEE, 0x88, 0x18, 0xF7, 0x81, 0xF7, 0xF6, 0x00, 0xF7, 0xEE, 0x83, 0xF7, 0xF6, 0x05, 0xF7,
    0xEE, 0xD7, 0xEE, 0xD6, 0xEE, 0xD7, 0xEE, 0xD6, 0xEE, 0xB6, 0xEE, 0x83, 0xD6, 0xEE, 0x02, 0xD7,
    0xEE, 0xF7, 0xF6, 0xF8, 0xF6, 0x81, 0xF7, 0xEE, 0x00, 0xF7, 0xF6, 0x81, 0x18, 0xF7, 0x81, 0x17,
    0xF7, 0x82, 0xF7, 0xEE, 0x00, 0xF7, 0xF6, 0x87, 0x18, 0xF7, 0x00, 0xF8, 0xEE, 0x85, 0xF7, 0xF6,
    0x02, 0xF7, 0xEE, 0xD7, 0xEE, 0xD6, 0xEE, 0x81, 0xD7, 0xEE, 0x81, 0xB6, 0xEE, 0x82, 0xD6, 0xEE,
    0x81, 0xF7, 0xEE, 0x01, 0xF8, 0xF6, 0xF7, 0xF6, 0x81, 0xF7, 0xEE, 0x0B, 0xF7, 0xF6, 0xD7, 0xEE,
    0xCD, 0x83, 0x64, 0x31, 0x40, 0x49, 0x21, 0x72, 0xE2, 0x9A, 0xC3, 0xC3, 0xA3, 0xC3, 0xE7, 0xC3,
    0xED, 0xCC, 0x14, 0xDE, 0x82, 0xF7, 0xEE, 0x81, 0xF7, 0xF6, 0x00, 0xF8, 0xF6, 0x83, 0x18, 0xF7,
    0x02, 0xF7, 0xEE, 0x18, 0xF7, 0xF8, 0xF6, 0x83, 0xF7, 0xF6, 0x00, 0xD7, 0xEE, 0x82, 0xD7, 0xF6,
    0x00, 0xF7, 0xF6, 0x81, 0xF7, 0xEE, 0x81, 0xF7, 0xF6, 0x81, 0xD7, 0xEE, 0x81, 0xF7, 0xEE, 0x81,
    0xD7, 0xEE, 0x04, 0xF7, 0xEE, 0xF8, 0xF6, 0xF7, 0xEE, 0xF7, 0xF6, 0xF8, 0xF6, 0x82, 0x18, 0xF7,
    0x00, 0xF8, 0xF6, 0x81, 0xF7, 0xEE, 0x01, 0xF7, 0xF6, 0xF8, 0xF6, 0x84, 0x18, 0xF7, 0x82, 0xF8,
    0xF6, 0x00, 0xF7, 0xF6, 0x81, 0xF7, 0xEE, 0x02, 0xD7, 0xEE, 0xD7, 0xF6, 0xF7, 0xF6, 0x81, 0xD7,
    0xF6, 0x01, 0xF7, 0xF6, 0xF7, 0xEE, 0x81, 0xF7, 0xF6, 0x81, 0xD7, 0xEE, 0x82, 0xF7, 0xEE, 0x02,
    0xD6, 0xEE, 0xD7, 0xEE, 0xF7, 0xF6, 0x81, 0xF7, 0xEE, 0x00, 0xF8, 0xF6, 0x83, 0x18, 0xF7, 0x01,
    0xF8, 0xF6, 0xF7, 0xEE, 0x81, 0xF7, 0xF6, 0x84, 0x18, 0xF7, 0x82, 0xF8, 0xF6, 0x05, 0xF7, 0xF6,
    0xF7, 0xEE, 0xF7, 0xF6, 0xD7, 0xF6, 0xD7, 0xEE, 0xF7, 0xF6, 0x81, 0xD7, 0xF6, 0x81, 0xF7, 0xEE,
    0x82, 0xF7, 0xF6, 0x81, 0xD7, 0xEE, 0x81, 0xF7, 0xEE, 0x81, 0xD7, 0xEE, 0x03, 0xF7, 0xEE, 0xF8,
    0xEE, 0xF7, 0xEE, 0xF7, 0xF6, 0x81, 0x18, 0xF7, 0x0A, 0xF7, 0xEE, 0xB0, 0xA4, 0x06, 0x4A, 0x20,
    0x41, 0x21, 0x72, 0xE2, 0x9A, 0x62, 0xBB, 0xC5, 0xBB, 0x2E, 0xD5, 0xB6, 0xEE, 0xF7, 0xF6, 0x81,
    0xF8, 0xF6, 0x81, 0xF7, 0xF6, 0x01, 0x18, 0xF7, 0xF7, 0xF6, 0x83, 0x18, 0xF7, 0x02, 0xF7, 0xEE,
    0xF8, 0xF6, 0x18, 0xF7, 0x81, 0xF7, 0xEE, 0x81, 0xF7, 0xF6, 0x01, 0xD7, 0xF6, 0xD6, 0xF6, 0x82,
    0xD7, 0xF6, 0x83, 0xF7, 0xF6, 0x01, 0xF7, 0xEE, 0xD7, 0xEE, 0x81, 0xF7, 0xEE, 0x81, 0xD7, 0xEE,
    0x00, 0xF7, 0xF6, 0x81, 0xF7, 0xEE, 0x00, 0xD7, 0xEE, 0x82, 0xF7, 0xF6, 0x82, 0xF8, 0xF6, 0x03,
    0xF7, 0xF6, 0x17, 0xF7, 0x18, 0xF7, 0xF7, 0xF6, 0x82, 0x18, 0xF7, 0x03, 0x17, 0xEF, 0xF8, 0xEE,
    0x18, 0xF7, 0xF7, 0xF6, 0x81, 0xF7, 0xEE, 0x00, 0xF7, 0xF6, 0x84, 0xD7, 0xF6, 0x84, 0xF7, 0xF6,
    0x81, 0xD7, 0xEE, 0x00, 0xF8, 0xF6, 0x81, 0xD7, 0xEE, 0x00, 0xD7, 0xF6, 0x81, 0xF7, 0xEE, 0x00,
    0xD7, 0xEE, 0x82, 0xF7, 0xF6, 0x00, 0x18, 0xF7, 0x81, 0xF8, 0xF6, 0x81, 0xF7, 0xF6, 0x01, 0x18,
    0xF7, 0xF7, 0xF6, 0x83, 0x18, 0xF7, 0x02, 0xF8, 0xEE, 0xF8, 0xF6, 0x18, 0xF7, 0x81, 0xF7, 0xEE,
    0x00, 0xF7, 0xF6, 0x85, 0xD7, 0xF6, 0x81, 0xF7, 0xF6, 0x05, 0xD7, 0xF6, 0xF7, 0xF6, 0xF7, 0xEE,
    0xD7, 0xEE, 0xF7, 0xF6, 0xF7, 0xEE, 0x81, 0xD7, 0xEE, 0x00, 0xF7, 0xF6, 0x82, 0xF7, 0xEE, 0x81,
    0xF7, 0xF6, 0x0C, 0x18, 0xF7, 0x56, 0xDE, 0x0A, 0x6B, 0xC0, 0x38, 0x01, 0x6A, 0xC2, 0x92, 0xA3,
    0xC3, 0x49, 0xCC, 0xB1, 0xDD, 0xF7, 0xEE, 0xF8, 0xF6, 0xF7, 0xF6, 0xF7, 0xEE, 0x83, 0xF7, 0xF6,
    0x82, 0x18, 0xF7, 0x02, 0x18, 0xEF, 0x17, 0xEF, 0xF8, 0xEE, 0x81, 0xD7, 0xEE, 0x81, 0xF7, 0xEE,
    0x86, 0xD7, 0xF6, 0x02, 0xF6, 0xEE, 0xD6, 0xEE, 0xF7, 0xEE, 0x83, 0xD7, 0xEE, 0x01, 0xD6, 0xEE,
    0xD7, 0xEE, 0x81, 0xF7, 0xEE, 0x81, 0xD7, 0xEE, 0x04, 0xF7, 0xF6, 0xD7, 0xEE, 0xF7, 0xF6, 0xF8,
    0xF6, 0xF7, 0xEE, 0x84, 0xF7, 0xF6, 0x82, 0x18, 0xF7, 0x03, 0x17, 0xEF, 0x18, 0xEF, 0xF8, 0xEE,
    0xD7, 0xEE, 0x81, 0xF7, 0xEE, 0x00, 0xF7, 0xF6, 0x83, 0xD7, 0xF6, 0x00, 0xD7, 0xEE, 0x81, 0xF7,
    0xF6, 0x00, 0xD6, 0xEE, 0x83, 0xD7, 0xEE, 0x02, 0xF7, 0xEE, 0xD7, 0xEE, 0xD6, 0xEE, 0x81, 0xF7,
    0xEE, 0x81, 0xD7, 0xEE, 0x00, 0xF7, 0xEE, 0x82, 0xF7, 0xF6, 0x00, 0xF7, 0xEE, 0x84, 0xF7, 0xF6,
    0x82, 0x18, 0xF7, 0x81, 0x17, 0xEF, 0x00, 0xF8, 0xEE, 0x81, 0xD7, 0xEE, 0x01, 0xF7, 0xF6, 0xF7,
    0xEE, 0x85, 0xD7, 0xF6, 0x00, 0xF7, 0xF6, 0x81, 0xD6, 0xEE, 0x00, 0xF7, 0xF6, 0x83, 0xD7, 0xEE,
    0x01, 0xD6, 0xEE, 0xD7, 0xEE, 0x81, 0xF7, 0xEE, 0x81, 0xD7, 0xEE, 0x81, 0xF7, 0xF6, 0x0F, 0xF7,
    0xEE, 0xB3, 0xC5, 0xA9, 0x5A, 0xC0, 0x30, 0xE1, 0x61, 0x82, 0x8A, 0x4A, 0xC4, 0xED, 0xCC, 0x33,
    0xE6, 0xD7, 0xEE, 0xF8, 0xF6, 0x18, 0xF7, 0xF7, 0xEE, 0xD7, 0xEE, 0xD7, 0xF6, 0xF7, 0xF6, 0x81,
    0xF8, 0xF6, 0x00, 0xF8, 0xEE, 0x82, 0xF7, 0xEE, 0x02, 0x18, 0xF7, 0xD7, 0xEE, 0xB7, 0xEE, 0x81,
    0xD7, 0xEE, 0x81, 0xD7, 0xF6, 0x83, 0xF7, 0xF6, 0x00, 0xD7, 0xEE, 0x81, 0xD6, 0xEE, 0x81, 0xD7,
    0xEE, 0x00, 0xF7, 0xEE, 0x83, 0xD7, 0xEE, 0x02, 0xF7, 0xEE, 0xD7, 0xEE, 0xD6, 0xEE, 0x81, 0xF7,
    0xF6, 0x05, 0xD7, 0xEE, 0xF7, 0xF6, 0x18, 0xF7, 0xF7, 0xEE, 0xD7, 0xEE, 0xD7, 0xF6, 0x81, 0xF7,
    0xF6, 0x00, 0xF8, 0xF6, 0x81, 0xF8, 0xEE, 0x81, 0xF7, 0xEE, 0x06, 0x18, 0xF7, 0xF8, 0xF6, 0xB7,
    0xEE, 0xD7, 0xEE, 0xF7, 0xEE, 0xD7, 0xEE, 0xD7, 0xF6, 0x81, 0xF7, 0xF6, 0x02, 0xD7, 0xF6, 0xF7,
    0xF6, 0xF7, 0xEE, 0x82, 0xD6, 0xEE, 0x81, 0xD7, 0xEE, 0x01, 0xF7, 0xEE, 0xD7, 0xEE, 0x83, 0xF7,
    0xEE, 0x04, 0xD7, 0xEE, 0xF7, 0xEE, 0xF7, 0xF6, 0xD6, 0xEE, 0xD7, 0xF6, 0x81, 0xF8, 0xF6, 0x02,
    0xF7, 0xEE, 0xD7, 0xEE, 0xD7, 0xF6, 0x82, 0xF8, 0xF6, 0x00, 0xF8, 0xEE, 0x81, 0xF7, 0xEE, 0x03,
    0x17, 0xEF, 0xF8, 0xF6, 0xD7, 0xEE, 0xB7, 0xEE, 0x81, 0xD7, 0xEE, 0x81, 0xD7, 0xF6, 0x83, 0xF7,
    0xF6, 0x00, 0xF7, 0xEE, 0x81, 0xD6, 0xEE, 0x81, 0xD7, 0xEE, 0x00, 0xF7, 0xEE, 0x83, 0xD7, 0xEE,
    0x02, 0xF7, 0xEE, 0xD7, 0xEE, 0xD6, 0xEE, 0x81, 0xF7, 0xF6, 0x0D, 0xF8, 0xF6, 0xF7, 0xEE, 0x55,
    0xD6, 0x0A, 0x6B, 0xA0, 0x30, 0xC1, 0x61, 0xA2, 0x8A, 0x34, 0xE6, 0x95, 0xEE, 0xB6, 0xEE, 0xD6,
    0xEE, 0xF8, 0xF6, 0x18, 0xF7, 0xF7, 0xEE, 0x81, 0xD7, 0xEE, 0x00, 0xF7, 0xF6, 0x81, 0xF8, 0xF6,
    0x81, 0xF7, 0xEE, 0x81, 0xF7, 0xF6, 0x00, 0xF8, 0xF6, 0x82, 0xD7, 0xF6, 0x01, 0xF7, 0xF6, 0xD7,
    0xF6, 0x83, 0xF7, 0xF6, 0x04, 0xF7, 0xEE, 0xD7, 0xEE, 0xF7, 0xEE, 0xF7, 0xF6, 0xF6, 0xEE, 0x82,
    0xF7, 0xEE, 0x02, 0xD7, 0xEE, 0xF7, 0xEE, 0xF7, 0xF6, 0x82, 0xF7, 0xEE, 0x81, 0xF7, 0xF6, 0x02,
    0xD6, 0xEE, 0xF7, 0xF6, 0xF8, 0xF6, 0x81, 0xF7, 0xEE, 0x81, 0xD7, 0xEE, 0x81, 0xF8, 0xF6, 0x01,
    0xF7, 0xF6, 0xF7, 0xEE, 0x83, 0xF7, 0xF6, 0x81, 0xD7, 0xF6, 0x81, 0xF7, 0xF6, 0x00, 0xD7, 0xF6,
    0x83, 0xF7, 0xF6, 0x81, 0xD7, 0xEE, 0x81, 0xF7, 0xF6, 0x00, 0xF6, 0xEE, 0x83, 0xF7, 0xEE, 0x00,
    0xF8, 0xF6, 0x82, 0xF7, 0xEE, 0x81, 0xF7, 0xF6, 0x01, 0xD6, 0xEE, 0xD7, 0xEE, 0x81, 0xF8, 0xF6,
    0x00, 0xF7, 0xEE, 0x81, 0xD7, 0xEE, 0x81, 0xF8, 0xF6, 0x00, 0xF7, 0xF6, 0x81, 0xF7, 0xEE, 0x82,
    0xF7, 0xF6, 0x82, 0xD7, 0xF6, 0x01, 0xF7, 0xF6, 0xD7, 0xF6, 0x83, 0xF7, 0xF6, 0x81, 0xD7, 0xEE,
    0x01, 0xF7, 0xEE, 0xF7, 0xF6, 0x89, 0xF7, 0xEE, 0x81, 0xF7, 0xF6, 0x0D, 0xF8, 0xF6, 0xD7, 0xEE,
    0xF0, 0xAC, 0x27, 0x4A, 0xC0, 0x30, 0xA1, 0x59, 0x62, 0x82, 0xCC, 0xCC, 0xEE, 0xCC, 0x0F, 0xC5,
    0x71, 0xCD, 0xF7, 0xF6, 0xF8, 0xEE, 0xF7, 0xEE, 0x81, 0xD7, 0xEE, 0x82, 0xF7, 0xF6, 0x00, 0xF8,
    0xF6, 0x81, 0xF7, 0xF6, 0x81, 0xD7, 0xEE, 0x82, 0xD7, 0xF6, 0x81, 0xD6, 0xF6, 0x00, 0xD7, 0xF6,
    0x87, 0xF7, 0xF6, 0x84, 0xF7, 0xEE, 0x02, 0xF8, 0xF6, 0x18, 0xEF, 0xF7, 0xEE, 0x81, 0xF7, 0xF6,
    0x00, 0xD6, 0xEE, 0x81, 0xF7, 0xF6, 0x01, 0xF8, 0xF6, 0xF7, 0xEE, 0x81, 0xD7, 0xEE, 0x00, 0xD7,
    0xF6, 0x81, 0xF7, 0xF6, 0x81, 0xF8, 0xF6, 0x02, 0xF7, 0xF6, 0xD7, 0xEE, 0xF7, 0xEE, 0x82, 0xD7,
    0xF6, 0x81, 0xD6, 0xF6, 0x00, 0xD7, 0xF6, 0x88, 0xF7, 0xF6, 0x83, 0xF7, 0xEE, 0x02, 0xF8, 0xF6,
    0x18, 0xF7, 0xF7, 0xEE, 0x81, 0xF7, 0xF6, 0x03, 0xF6, 0xEE, 0xD6, 0xEE, 0xF7, 0xF6, 0xF8, 0xF6,
    0x81, 0xF7, 0xEE, 0x81, 0xD7, 0xEE, 0x81, 0xF7, 0xF6, 0x81, 0xF8, 0xF6, 0x81, 0xF7, 0xF6, 0x00,
    0xD7, 0xEE, 0x82, 0xD7, 0xF6, 0x82, 0xD6, 0xF6, 0x88, 0xF7, 0xF6, 0x83, 0xF7, 0xEE, 0x01, 0xF7,
    0xF6, 0xF8, 0xF6, 0x81, 0xF7, 0xEE, 0x81, 0xF7, 0xF6, 0x0B, 0xD7, 0xEE, 0xF7, 0xF6, 0x96, 0xE6,
    0x4B, 0x73, 0xC2, 0x20, 0xE0, 0x30, 0xA1, 0x59, 0x62, 0x82, 0x42, 0xB3, 0x44, 0xAB, 0x25, 0xA3,
    0x2C, 0xAC, 0x81, 0xD7, 0xEE, 0x01, 0xF7, 0xEE, 0xF6, 0xEE, 0x81, 0xF6, 0xF6, 0x81, 0xF7, 0xF6,
    0x83, 0xD7, 0xF6, 0x00, 0xD7, 0xEE, 0x82, 0xD6, 0xF6, 0x81, 0xD6, 0xEE, 0x82, 0xF7, 0xF6, 0x05,
    0xD7, 0xF6, 0xD7, 0xEE, 0xF7, 0xF6, 0xF8, 0xF6, 0x18, 0xF7, 0xF7, 0xF6, 0x84, 0xF7, 0xEE, 0x01,
    0xF7, 0xF6, 0xF7, 0xEE, 0x81, 0xF7, 0xF6, 0x02, 0xD7, 0xEE, 0xD6, 0xEE, 0xF7, 0xF6, 0x82, 0xF7,
    0xEE, 0x00, 0xF6, 0xEE, 0x82, 0xF6, 0xF6, 0x00, 0xF7, 0xF6, 0x83, 0xD7, 0xF6, 0x01, 0xD7, 0xEE,
    0xD6, 0xEE, 0x82, 0xD6, 0xF6, 0x01, 0xD6, 0xEE, 0xD6, 0xF6, 0x82, 0xF7, 0xF6, 0x00, 0xD7, 0xEE,
    0x81, 0xF7, 0xF6, 0x00, 0x18, 0xF7, 0x81, 0xF7, 0xF6, 0x83, 0xF7, 0xEE, 0x81, 0xF7, 0xF6, 0x09,
    0xF7, 0xEE, 0xF7, 0xF6, 0xD7, 0xEE, 0xD6, 0xEE, 0xF7, 0xEE, 0xF7, 0xF6, 0xF7, 0xEE, 0xD7, 0xEE,
    0xF7, 0xEE, 0xF6, 0xEE, 0x82, 0xF6, 0xF6, 0x00, 0xF7, 0xF6, 0x83, 0xD7, 0xF6, 0x00, 0xD7, 0xEE,
    0x82, 0xD6, 0xF6, 0x81, 0xD6, 0xEE, 0x82, 0xF7, 0xF6, 0x00, 0xD7, 0xF6, 0x81, 0xF7, 0xF6, 0x02,
    0xF8, 0xF6, 0x18, 0xF7, 0xF7, 0xF6, 0x84, 0xF7, 0xEE, 0x01, 0xF7, 0xF6, 0xF7, 0xEE, 0x81, 0xF7,
    0xF6, 0x0D, 0xD7, 0xEE, 0xD6, 0xEE, 0xF6, 0xF6, 0x76, 0xE6, 0xAC, 0x7B, 0x23, 0x29, 0xE0, 0x30,
    0xA1, 0x59, 0x62, 0x82, 0x42, 0xB3, 0x22, 0xAB, 0xE1, 0x9A, 0x2C, 0xAC, 0xB7, 0xE6, 0x81, 0xF7,
    0xEE, 0x81, 0xF6, 0xF6, 0x03, 0xF6, 0xEE, 0xF6, 0xF6, 0xF7, 0xEE, 0xD7, 0xEE, 0x82, 0xD7, 0xF6,
    0x81, 0xF7, 0xF6, 0x00, 0xD6, 0xEE, 0x81, 0xF6, 0xF6, 0x82, 0xF7, 0xF6, 0x00, 0xD7, 0xEE, 0x81,
    0xD7, 0xF6, 0x02, 0xF7, 0xF6, 0xF8, 0xF6, 0x18, 0xF7, 0x82, 0xF7, 0xF6, 0x82, 0xF7, 0xEE, 0x83,
    0xF7, 0xF6, 0x81, 0xD7, 0xEE, 0x83, 0xF7, 0xEE, 0x01, 0xF7, 0xF6, 0xF6, 0xF6, 0x81, 0xF6, 0xEE,
    0x01, 0xF6, 0xF6, 0xD7, 0xEE, 0x82, 0xD7, 0xF6, 0x81, 0xF7, 0xF6, 0x02, 0xF6, 0xF6, 0xD6, 0xF6,
    0xF6, 0xF6, 0x82, 0xF7, 0xF6, 0x81, 0xD7, 0xEE, 0x00, 0xD7, 0xF6, 0x81, 0xF7, 0xF6, 0x00, 0x18,
    0xF7, 0x83, 0xF7, 0xF6, 0x81, 0xF7, 0xEE, 0x83, 0xF7, 0xF6, 0x81, 0xD7, 0xEE, 0x84, 0xF7, 0xEE,
    0x81, 0xF6, 0xF6, 0x81, 0xF6, 0xEE, 0x81, 0xD7, 0xEE, 0x82, 0xD7, 0xF6, 0x81, 0xF7, 0xF6, 0x00,
    0xD6, 0xEE, 0x81, 0xF6, 0xF6, 0x81, 0xF7, 0xF6, 0x81, 0xD7, 0xEE, 0x00, 0xD7, 0xF6, 0x81, 0xF7,
    0xF6, 0x81, 0x18, 0xF7, 0x82, 0xF7, 0xF6, 0x82, 0xF7, 0xEE, 0x01, 0xF7, 0xF6, 0xF7, 0xEE, 0x81,
    0xF7, 0xF6, 0x81, 0xD7, 0xEE, 0x0D, 0xF6, 0xEE, 0xB6, 0xE6, 0x2E, 0x94, 0xA5, 0x39, 0x00, 0x39,
    0xE1, 0x61, 0xA2, 0x8A, 0x42, 0xB3, 0x21, 0xAB, 0xC9, 0xAB, 0xB2, 0xCD, 0xF7, 0xEE, 0xF8, 0xEE,
    0x18, 0xF7, 0x86, 0xF7, 0xF6, 0x02, 0xF8, 0xF6, 0xF7, 0xF6, 0x17, 0xF7, 0x85, 0xF7, 0xF6, 0x00,
    0xD7, 0xF6, 0x81, 0xD6, 0xF6, 0x82, 0xF7, 0xF6, 0x00, 0x17, 0xF7, 0x81, 0xF7, 0xF6, 0x81, 0xF8,
    0xF6, 0x81, 0xF7, 0xF6, 0x00, 0x17, 0xF7, 0x82, 0xF8, 0xF6, 0x01, 0xF7, 0xF6, 0xF8, 0xF6, 0x81,
    0x18, 0xF7, 0x02, 0xF8, 0xF6, 0x18, 0xF7, 0x17, 0xF7, 0x81, 0xF7, 0xF6, 0x00, 0xF6, 0xF6, 0x82,
    0xF7, 0xF6, 0x00, 0xF8, 0xF6, 0x87, 0xF7, 0xF6, 0x00, 0xD7, 0xF6, 0x81, 0xD6, 0xF6, 0x00, 0xD7,
    0xF6, 0x81, 0xF7, 0xF6, 0x00, 0x17, 0xF7, 0x82, 0xF7, 0xF6, 0x06, 0xF8, 0xF6, 0xF7, 0xF6, 0xF7,
    0xEE, 0xF7, 0xF6, 0xF8, 0xF6, 0xF7, 0xF6, 0xF8, 0xF6, 0x81, 0xF7, 0xF6, 0x81, 0x18, 0xF7, 0x00,
    0xF8, 0xF6, 0x81, 0x18, 0xF7, 0x81, 0xF7, 0xF6, 0x00, 0xF6, 0xEE, 0x82, 0xF7, 0xF6, 0x81, 0xF8,
    0xF6, 0x87, 0xF7, 0xF6, 0x02, 0xD7, 0xF6, 0xD6, 0xF6, 0xD7, 0xF6, 0x81, 0xF7, 0xF6, 0x01, 0xF8,
    0xF6, 0x18, 0xF7, 0x81, 0xF7, 0xF6, 0x00, 0xF8, 0xF6, 0x82, 0xF7, 0xF6, 0x00, 0x17, 0xF7, 0x81,
    0xF8, 0xF6, 0x82, 0xF7, 0xF6, 0x0A, 0xD7, 0xEE, 0x35, 0xD6, 0x6B, 0x7B, 0x23, 0x31, 0x20, 0x39,
    0x01, 0x6A, 0xC2, 0x92, 0x42, 0xB3, 0xC8, 0xB3, 0x50, 0xCD, 0xB7, 0xEE, 0x82, 0x18, 0xF7, 0x01,
    0xF7, 0xF6, 0x17, 0xF7, 0x81, 0xF7, 0xF6, 0x84, 0x18, 0xF7, 0x02, 0x17, 0xF7, 0xF7, 0xF6, 0x17,
    0xF7, 0x84, 0xF7, 0xF6, 0x81, 0xD6, 0xF6, 0x85, 0xF7, 0xF6, 0x81, 0xF8, 0xF6, 0x82, 0x17, 0xF7,
    0x83, 0xF8, 0xF6, 0x85, 0x18, 0xF7, 0x00, 0x17, 0xF7, 0x81, 0xF7, 0xF6, 0x00, 0x17, 0xF7, 0x84,
    0x18, 0xF7, 0x87, 0xF7, 0xF6, 0x01, 0xD6, 0xF6, 0xD7, 0xF6, 0x85, 0xF7, 0xF6, 0x01, 0x18, 0xF7,
    0xF8, 0xF6, 0x81, 0x17, 0xF7, 0x00, 0x18, 0xF7, 0x81, 0xF8, 0xF6, 0x00, 0xF7, 0xF6, 0x84, 0x18,
    0xF7, 0x00, 0xF8, 0xF6, 0x81, 0x17, 0xF7, 0x81, 0xF7, 0xF6, 0x84, 0x18, 0xF7, 0x81, 0xF7, 0xF6,
    0x00, 0x17, 0xF7, 0x84, 0xF7, 0xF6, 0x81, 0xD6, 0xF6, 0x85, 0xF7, 0xF6, 0x81, 0xF8, 0xF6, 0x00,
    0xF7, 0xF6, 0x81, 0x17, 0xF7, 0x83, 0xF8, 0xF6, 0x0A, 0x18, 0xF7, 0xD7, 0xEE, 0x52, 0xBD, 0xC9,
    0x62, 0x02, 0x29, 0x20, 0x41, 0x01, 0x6A, 0xA2, 0x92, 0x60, 0xBB, 0xCD, 0xCC, 0x96, 0xEE, 0x83,
    0xF7, 0xEE, 0x81, 0x18, 0xF7, 0x81, 0xF7, 0xF6, 0x01, 0x17, 0xF7, 0x18, 0xF7, 0x81, 0xF7, 0xF6,
    0x83, 0x18, 0xF7, 0x00, 0x17, 0xF7, 0x81, 0xF7, 0xF6, 0x81, 0x17, 0xF7, 0x00, 0xF7, 0xF6, 0x81,
    0xD7, 0xF6, 0x87, 0xF7, 0xF6, 0x00, 0x17, 0xF7, 0x81, 0xF7, 0xF6, 0x00, 0xF8, 0xF6, 0x82, 0xF7,
    0xF6, 0x83, 0xF7, 0xEE, 0x00, 0xF7, 0xF6, 0x81, 0x18, 0xF7, 0x81, 0xF7, 0xF6, 0x02, 0x18, 0xF7,
    0x17, 0xF7, 0xF7, 0xF6, 0x84, 0x18, 0xF7, 0x01, 0x17, 0xF7, 0xF7, 0xF6, 0x82, 0x17, 0xF7, 0x00,
    0xF7, 0xF6, 0x81, 0xD7, 0xF6, 0x86, 0xF7, 0xF6, 0x00, 0x17, 0xF7, 0x81, 0xF7, 0xF6, 0x00, 0xF8,
    0xF6, 0x82, 0xF7, 0xF6, 0x84, 0xF7, 0xEE, 0x82, 0x18, 0xF7, 0x02, 0xF7, 0xF6, 0x17, 0xF7, 0x18,
    0xF7, 0x81, 0xF7, 0xF6, 0x84, 0x18, 0xF7, 0x81, 0xF7, 0xF6, 0x81, 0x17, 0xF7, 0x00, 0xF7, 0xF6,
    0x81, 0xD7, 0xF6, 0x87, 0xF7, 0xF6, 0x00, 0x17, 0xF7, 0x81, 0xF7, 0xF6, 0x00, 0xF8, 0xF6, 0x82,
    0xF7, 0xF6, 0x09, 0xD7, 0xEE, 0xD3, 0xCD, 0xB0, 0xA4, 0x27, 0x52, 0x20, 0x41, 0x21, 0x72, 0xE2,
    0x9A, 0x60, 0xBB, 0xED, 0xCC, 0xB6, 0xEE, 0x83, 0xD6, 0xEE, 0x00, 0xF7, 0xF6, 0x82, 0xF8, 0xF6,
    0x01, 0x18, 0xF7, 0x17, 0xF7, 0x81, 0xF7, 0xEE, 0x82, 0x18, 0xF7, 0x01, 0xF7, 0xF6, 0x17, 0xF7,
    0x82, 0xF7, 0xF6, 0x00, 0xF7, 0xEE, 0x81, 0xF7, 0xF6, 0x01, 0xD7, 0xF6, 0xD7, 0xEE, 0x81, 0xF7,
    0xF6, 0x02, 0xF8, 0xF6, 0x18, 0xF7, 0x17, 0xF7, 0x84, 0xF7, 0xF6, 0x04, 0x18, 0xF7, 0xF7, 0xF6,
    0xD7, 0xEE, 0xF7, 0xF6, 0xF6, 0xEE, 0x82, 0xD6, 0xEE, 0x02, 0xF7, 0xF6, 0xF8, 0xF6, 0x18, 0xF7,
    0x81, 0xF8, 0xF6, 0x03, 0x18, 0xF7, 0xF7, 0xF6, 0xF7, 0xEE, 0xF7, 0xF6, 0x81, 0x18, 0xF7, 0x84,
    0xF7, 0xF6, 0x81, 0xF7, 0xEE, 0x81, 0xF7, 0xF6, 0x81, 0xD7, 0xF6, 0x81, 0xF7, 0xF6, 0x81, 0x18,
    0xF7, 0x81, 0xF7, 0xF6, 0x00, 0x17, 0xF7, 0x81, 0xF7, 0xF6, 0x01, 0x17, 0xF7, 0xF7, 0xF6, 0x82,
    0xF7, 0xEE, 0x83, 0xD6, 0xEE, 0x07, 0xF7, 0xF6, 0xF8, 0xF6, 0x18, 0xF7, 0xF8, 0xF6, 0x18, 0xF7,
    0x17, 0xF7, 0xF7, 0xEE, 0xF7, 0xF6, 0x82, 0x18, 0xF7, 0x04, 0xF7, 0xF6, 0x17, 0xF7, 0xF7, 0xF6,
    0x17, 0xF7, 0xF7, 0xF6, 0x81, 0xF7, 0xEE, 0x00, 0xF7, 0xF6, 0x81, 0xD7, 0xF6, 0x01, 0xF7, 0xF6,
    0x17, 0xF7, 0x81, 0x18, 0xF7, 0x00, 0x17, 0xF7, 0x84, 0xF7, 0xF6, 0x0D, 0x18, 0xF7, 0xF7, 0xF6,
    0xF7, 0xEE, 0xF7, 0xF6, 0xF8, 0xF6, 0xF8, 0xEE, 0xB3, 0xC5, 0xA8, 0x5A, 0x20, 0x41, 0x42, 0x7A,
    0x02, 0x9B, 0x82, 0xBB, 0xE7, 0xC3, 0x6F, 0xD5, 0x81, 0xD6, 0xEE, 0x81, 0xD6, 0xF6, 0x81, 0xF7,
    0xF6, 0x82, 0x18, 0xF7, 0x01, 0xF7, 0xF6, 0xF6, 0xF6, 0x81, 0xF7, 0xF6, 0x01, 0x18, 0xF7, 0xF7,
    0xF6, 0x82, 0x17, 0xF7, 0x84, 0xF7, 0xF6, 0x81, 0xF6, 0xF6, 0x81, 0xF7, 0xF6, 0x82, 0x18, 0xF7,
    0x84, 0xF7, 0xF6, 0x03, 0x18, 0xF7, 0xF7, 0xF6, 0xF7, 0xEE, 0x17, 0xF7, 0x82, 0xD6, 0xEE, 0x00,
    0xD6, 0xF6, 0x81, 0xF7, 0xF6, 0x00, 0xF8, 0xF6, 0x82, 0x18, 0xF7, 0x85, 0xF7, 0xF6, 0x81, 0x17,
    0xF7, 0x85, 0xF7, 0xF6, 0x00, 0xF6, 0xEE, 0x81, 0xF7, 0xF6, 0x82, 0x18, 0xF7, 0x83, 0xF7, 0xF6,
    0x00, 0xF7, 0xEE, 0x81, 0x17, 0xF7, 0x82, 0xF7, 0xEE, 0x81, 0xD6, 0xEE, 0x81, 0xD6, 0xF6, 0x81,
    0xF7, 0xF6, 0x82, 0x18, 0xF7, 0x01, 0xF7, 0xF6, 0xF6, 0xF6, 0x81, 0xF7, 0xF6, 0x01, 0xF8, 0xF6,
    0xF7, 0xF6, 0x82, 0x17, 0xF7, 0x00, 0x18, 0xF7, 0x83, 0xF7, 0xF6, 0x00, 0xF6, 0xF6, 0x82, 0xF7,
    0xF6, 0x82, 0x18, 0xF7, 0x84, 0xF7, 0xF6, 0x00, 0x17, 0xF7, 0x81, 0xF7, 0xEE, 0x81, 0x18, 0xF7,
    0x09, 0xD7, 0xEE, 0x0E, 0x8C, 0x84, 0x39, 0x40, 0x41, 0x21, 0x72, 0xE2, 0x9A, 0xC3, 0xC3, 0xA2,
    0xC3, 0x0D, 0xD5, 0xF7, 0xEE, 0x81, 0xF6, 0xF6, 0x81, 0xF7, 0xF6, 0x81, 0x18, 0xF7, 0x02, 0x18,
    0xEF, 0xF8, 0xF6, 0xF7, 0xF6, 0x81, 0x17, 0xF7, 0x04, 0x18, 0xF7, 0xF8, 0xF6, 0x18, 0xF7, 0xF7,
    0xF6, 0x17, 0xF7, 0x85, 0xF7, 0xF6, 0x01, 0xF6, 0xEE, 0xD6, 0xEE, 0x81, 0xF7, 0xF6, 0x02, 0x18,
    0xF7, 0xF8, 0xF6, 0xF7, 0xEE, 0x81, 0xF7, 0xF6, 0x81, 0x17, 0xF7, 0x81, 0x18, 0xF7, 0x81, 0xF7,
    0xEE, 0x03, 0x17, 0xF7, 0xF7, 0xF6, 0xF6, 0xEE, 0xF6, 0xF6, 0x81, 0xF7, 0xF6, 0x00, 0xF8, 0xF6,
    0x81, 0x18, 0xF7, 0x00, 0xF8, 0xEE, 0x81, 0xF7, 0xF6, 0x81, 0x17, 0xF7, 0x02, 0x18, 0xF7, 0xF8,
    0xF6, 0xF7, 0xF6, 0x81, 0x17, 0xF7, 0x84, 0xF7, 0xF6, 0x01, 0xF6, 0xF6, 0xD6, 0xEE, 0x82, 0xF7,
    0xF6, 0x00, 0xF8, 0xF6, 0x83, 0xF7, 0xF6, 0x00, 0x17, 0xF7, 0x81, 0x18, 0xF7, 0x01, 0x17, 0xF7,
    0xF7, 0xEE, 0x81, 0x17, 0xF7, 0x82, 0xF6, 0xF6, 0x81, 0xF7, 0xF6, 0x82, 0x18, 0xF7, 0x81, 0xF7,
    0xF6, 0x81, 0x17, 0xF7, 0x00, 0x18, 0xF7, 0x81, 0xF8, 0xF6, 0x01, 0x18, 0xF7, 0x17, 0xF7, 0x85,
    0xF7, 0xF6, 0x81, 0xD6, 0xEE, 0x81, 0xF7, 0xF6, 0x02, 0xF8, 0xF6, 0xF7, 0xF6, 0xF7, 0xEE, 0x81,
    0xF7, 0xF6, 0x00, 0x17, 0xF7, 0x82, 0x18, 0xF7, 0x81, 0xF7, 0xEE, 0x0E, 0x18, 0xF7, 0xF8, 0xEE,
    0xB7, 0xE6, 0xAC, 0x83, 0x43, 0x31, 0x40, 0x41, 0x21, 0x72, 0xC2, 0x92, 0xE3, 0xCB, 0x06, 0xCC,
    0x6F, 0xDD, 0xF6, 0xF6, 0x17, 0xF7, 0x37, 0xF7, 0x17, 0xF7, 0x85, 0x18, 0xF7, 0x81, 0xF7, 0xF6,
    0x81, 0x18, 0xF7, 0x81, 0xF8, 0xF6, 0x00, 0x18, 0xF7, 0x85, 0xF7, 0xF6, 0x01, 0xF6, 0xF6, 0xF7,
    0xF6, 0x81, 0x18, 0xF7, 0x03, 0xF8, 0xF6, 0xF7, 0xF6, 0xF7, 0xEE, 0xF8, 0xF6, 0x82, 0x18, 0xF7,
    0x01, 0x38, 0xF7, 0x18, 0xF7, 0x81, 0xF7, 0xEE, 0x81, 0xF7, 0xF6, 0x00, 0x17, 0xF7, 0x81, 0x37,
    0xF7, 0x00, 0x17, 0xF7, 0x84, 0x18, 0xF7, 0x03, 0x17, 0xF7, 0xF6, 0xF6, 0x17, 0xF7, 0x18, 0xF7,
    0x81, 0xF8, 0xF6, 0x01, 0x18, 0xF7, 0x17, 0xF7, 0x84, 0xF7, 0xF6, 0x08, 0xF6, 0xF6, 0xD6, 0xEE,
    0x17, 0xF7, 0x18, 0xF7, 0xF8, 0xF6, 0xF7, 0xF6, 0xD7, 0xEE, 0xF7, 0xF6, 0xF8, 0xF6, 0x81, 0x18,
    0xF7, 0x81, 0x38, 0xF7, 0x00, 0x17, 0xF7, 0x81, 0xF7, 0xEE, 0x81, 0xF7, 0xF6, 0x02, 0x17, 0xF7,
    0x37, 0xF7, 0x17, 0xF7, 0x85, 0x18, 0xF7, 0x81, 0xF7, 0xF6, 0x81, 0x18, 0xF7, 0x81, 0xF8, 0xF6,
    0x00, 0x17, 0xF7, 0x85, 0xF7, 0xF6, 0x01, 0xD6, 0xEE, 0xF7, 0xF6, 0x81, 0x18, 0xF7, 0x03, 0xF8,
    0xF6, 0xF7, 0xF6, 0xF7, 0xEE, 0xF8, 0xF6, 0x82, 0x18, 0xF7, 0x01, 0x38, 0xF7, 0x18, 0xF7, 0x81,
    0xF7, 0xEE, 0x0E, 0xF7, 0xF6, 0x18, 0xF7, 0xF8, 0xF6, 0x93, 0xC5, 0x88, 0x5A, 0x00, 0x41, 0x21,
    0x72, 0xE2, 0x9A, 0xC3, 0xCB, 0xE4, 0xCB, 0x0D, 0xD5, 0xB5, 0xEE, 0x17, 0xF7, 0x37, 0xF7, 0x17,
    0xF7, 0x84, 0x18, 0xF7, 0x81, 0x17, 0xF7, 0x02, 0xF6, 0xF6, 0xF7, 0xF6, 0x18, 0xF7, 0x81, 0xF8,
    0xF6, 0x86, 0xF7, 0xF6, 0x02, 0xD6, 0xEE, 0xF7, 0xF6, 0x17, 0xF7, 0x82, 0xF7, 0xF6, 0x01, 0xF8,
    0xF6, 0xF7, 0xF6, 0x82, 0x18, 0xF7, 0x81, 0x38, 0xF7, 0x01, 0x17, 0xF7, 0xF7, 0xEE, 0x82, 0xF7,
    0xF6, 0x81, 0x37, 0xF7, 0x00, 0x17, 0xF7, 0x84, 0x18, 0xF7, 0x00, 0x17, 0xF7, 0x81, 0xF7, 0xF6,
    0x81, 0x18, 0xF7, 0x81, 0xF8, 0xF6, 0x84, 0xF7, 0xF6, 0x02, 0x17, 0xF7, 0xF6, 0xF6, 0xD6, 0xEE,
    0x85, 0xF7, 0xF6, 0x00, 0xF8, 0xF6, 0x81, 0x18, 0xF7, 0x81, 0x38, 0xF7, 0x00, 0x18, 0xF7, 0x81,
    0xF7, 0xEE, 0x81, 0xF7, 0xF6, 0x02, 0x17, 0xF7, 0x37, 0xF7, 0x17, 0xF7, 0x84, 0x18, 0xF7, 0x81,
    0x17, 0xF7, 0x02, 0xF7, 0xF6, 0x17, 0xF7, 0x18, 0xF7, 0x81, 0xF8, 0xF6, 0x84, 0xF7, 0xF6, 0x04,
    0x18, 0xF7, 0xF7, 0xF6, 0xD6, 0xEE, 0xF7, 0xF6, 0x17, 0xF7, 0x82, 0xF7, 0xF6, 0x01, 0xF8, 0xF6,
    0xF7, 0xF6, 0x81, 0x18, 0xF7, 0x81, 0x38, 0xF7, 0x0F, 0x18, 0xF7, 0x17, 0xF7, 0xF7, 0xEE, 0xF7,
    0xF6, 0x18, 0xF7, 0xB7, 0xEE, 0x8F, 0xA4, 0xE6, 0x49, 0x00, 0x39, 0x01, 0x6A, 0xC2, 0x92, 0xA3,
    0xC3, 0xC3, 0xC3, 0x29, 0xCC, 0xB1, 0xDD, 0xD6, 0xEE, 0x81, 0x17, 0xF7, 0x83, 0xF7, 0xF6, 0x81,
    0xF7, 0xEE, 0x02, 0x17, 0xF7, 0x17, 0xEF, 0x17, 0xF7, 0x82, 0x18, 0xF7, 0x01, 0xF8, 0xF6, 0xF7,
    0xEE, 0x84, 0xF7, 0xF6, 0x00, 0xD6, 0xEE, 0x81, 0xF7, 0xF6, 0x00, 0xF8, 0xF6, 0x83, 0xF7, 0xF6,
    0x83, 0x18, 0xF7, 0x81, 0x17, 0xF7, 0x82, 0xF7, 0xF6, 0x02, 0xD7, 0xF6, 0xF7, 0xF6, 0x17, 0xF7,
    0x84, 0xF7, 0xF6, 0x02, 0xF7, 0xEE, 0x17, 0xF7, 0x17, 0xEF, 0x81, 0x17, 0xF7, 0x82, 0x18, 0xF7,
    0x01, 0xF7, 0xF6, 0xF7, 0xEE, 0x86, 0xF7, 0xF6, 0x00, 0xF8, 0xF6, 0x82, 0xF7, 0xF6, 0x81, 0xF8,
    0xF6, 0x82, 0x18, 0xF7, 0x82, 0x17, 0xF7, 0x83, 0xF7, 0xF6, 0x81, 0x17, 0xF7, 0x83, 0xF7, 0xF6,
    0x00, 0xF7, 0xEE, 0x83, 0x17, 0xF7, 0x82, 0x18, 0xF7, 0x01, 0xF8, 0xF6, 0xF7, 0xEE, 0x84, 0xF7,
    0xF6, 0x01, 0xD7, 0xEE, 0xF7, 0xF6, 0x81, 0xF8, 0xF6, 0x81, 0xF7, 0xF6, 0x01, 0x18, 0xF7, 0xF7,
    0xF6, 0x83, 0x18, 0xF7, 0x81, 0x17, 0xF7, 0x81, 0xF7, 0xF6, 0x0B, 0xB6, 0xE6, 0xF0, 0xAC, 0x68,
    0x52, 0xE2, 0x20, 0x20, 0x41, 0x01, 0x6A, 0xC2, 0x92, 0xA3, 0xC3, 0x82, 0xC3, 0x49, 0xC4, 0xD2,
    0xDD, 0xD6, 0xEE, 0x81, 0xF7, 0xF6, 0x01, 0xF8, 0xF6, 0xF7, 0xF6, 0x81, 0xD7, 0xF6, 0x04, 0xF7,
    0xEE, 0x17, 0xF7, 0x18, 0xF7, 0x17, 0xF7, 0x17, 0xEF, 0x83, 0x18, 0xF7, 0x03, 0xF7, 0xF6, 0xD7,
    0xEE, 0xD6, 0xEE, 0xD7, 0xEE, 0x81, 0xF7, 0xF6, 0x00, 0xD7, 0xEE, 0x85, 0xF7, 0xF6, 0x81, 0xF8,
    0xF6, 0x82, 0x18, 0xF7, 0x82, 0x17, 0xF7, 0x02, 0xF7, 0xF6, 0xD7, 0xEE, 0xD6, 0xEE, 0x82, 0xF7,
    0xF6, 0x01, 0xF8, 0xF6, 0xF7, 0xF6, 0x81, 0xD7, 0xEE, 0x00, 0x17, 0xEF, 0x81, 0x18, 0xF7, 0x01,
    0x17, 0xEF, 0x17, 0xF7, 0x82, 0x18, 0xF7, 0x01, 0xF8, 0xF6, 0xF7, 0xEE, 0x81, 0xD6, 0xEE, 0x81,
    0xF7, 0xF6, 0x00, 0xD7, 0xEE, 0x85, 0xF7, 0xF6, 0x81, 0xF8, 0xF6, 0x83, 0x18, 0xF7, 0x82, 0x17,
    0xF7, 0x02, 0xF7, 0xF6, 0xD6, 0xEE, 0xD7, 0xEE, 0x81, 0xF7, 0xF6, 0x00, 0xF8, 0xF6, 0x81, 0xF7,
    0xF6, 0x05, 0xD7, 0xEE, 0xF7, 0xEE, 0x18, 0xF7, 0x38, 0xF7, 0x17, 0xF7, 0x17, 0xEF, 0x83, 0x18,
    0xF7, 0x02, 0xF7, 0xEE, 0xD7, 0xEE, 0xD6, 0xEE, 0x81, 0xF7, 0xF6, 0x00, 0xD7, 0xEE, 0x86, 0xF7,
    0xF6, 0x00, 0xF8, 0xF6, 0x83, 0x18, 0xF7, 0x82, 0x17, 0xF7, 0x0F, 0xF7, 0xF6, 0x76, 0xE6, 0x0E,
    0x8C, 0x44, 0x29, 0x60, 0x18, 0x40, 0x41, 0x01, 0x72, 0xC2, 0x92, 0xE3, 0xD3, 0xE2, 0xCB, 0x69,
    0xD4, 0xD1, 0xE5, 0x75, 0xE6, 0xD7, 0xEE, 0x18, 0xF7, 0xF8, 0xF6, 0x82, 0xF7, 0xF6, 0x00, 0xF8,
    0xF6, 0x82, 0x18, 0xF7, 0x02, 0xF7, 0xF6, 0x18, 0xF7, 0xF8, 0xF6, 0x81, 0x18, 0xF7, 0x03, 0xF7,
    0xF6, 0xF7, 0xEE, 0xD6, 0xEE, 0xD7, 0xEE, 0x88, 0xF7, 0xF6, 0x85, 0x18, 0xF7, 0x81, 0x17, 0xF7,
    0x00, 0xF7, 0xF6, 0x81, 0xD7, 0xEE, 0x02, 0xD7, 0xF6, 0xF7, 0xF6, 0x18, 0xF7, 0x83, 0xF7, 0xF6,
    0x82, 0x18, 0xF7, 0x01, 0xF7, 0xF6, 0x17, 0xF7, 0x83, 0x18, 0xF7, 0x02, 0xF7, 0xEE, 0xD7, 0xEE,
    0xD6, 0xEE, 0x88, 0xF7, 0xF6, 0x00, 0xF8, 0xF6, 0x84, 0x18, 0xF7, 0x82, 0x17, 0xF7, 0x82, 0xD7,
    0xEE, 0x02, 0xF7, 0xF6, 0x18, 0xF7, 0xF8, 0xF6, 0x82, 0xF7, 0xF6, 0x00, 0xF8, 0xF6, 0x81, 0x18,
    0xF7, 0x81, 0x17, 0xF7, 0x83, 0x18, 0xF7, 0x81, 0xF7, 0xF6, 0x00, 0xD6, 0xEE, 0x89, 0xF7, 0xF6,
    0x85, 0x18, 0xF7, 0x81, 0x17, 0xF7, 0x0D, 0xF7, 0xF6, 0xB7, 0xEE, 0x15, 0xD6, 0x52, 0xB5, 0x4B,
    0x7B, 0xE4, 0x59, 0x41, 0x7A, 0x02, 0xA3, 0x03, 0xD4, 0xE3, 0xD3, 0x26, 0xCC, 0xAB, 0xD4, 0x0E,
    0xCD, 0x34, 0xDE, 0x82, 0xF7, 0xF6, 0x00, 0x18, 0xF7, 0x84, 0xF8, 0xF6, 0x02, 0xF7, 0xF6, 0x18,
    0xF7, 0xF8, 0xF6, 0x81, 0x18, 0xF7, 0x00, 0xF7, 0xEE, 0x81, 0xD7, 0xEE, 0x00, 0xD6, 0xEE, 0x81,
    0xF7, 0xF6, 0x02, 0x17, 0xF7, 0xF7, 0xF6, 0xF8, 0xF6, 0x82, 0x18, 0xF7, 0x00, 0xF8, 0xF6, 0x86,
    0x18, 0xF7, 0x82, 0xF7, 0xF6, 0x82, 0xF8, 0xF6, 0x81, 0xF7, 0xF6, 0x01, 0xF8, 0xF6, 0x18, 0xF7,
    0x82, 0xF8, 0xF6, 0x02, 0x18, 0xF7, 0xF7, 0xF6, 0x17, 0xF7, 0x82, 0x18, 0xF7, 0x00, 0xF7, 0xEE,
    0x81, 0xD7, 0xEE, 0x03, 0xD6, 0xEE, 0xD7, 0xEE, 0xF7, 0xF6, 0x17, 0xF7, 0x81, 0xF7, 0xF6, 0x00,
    0xF8, 0xF6, 0x81, 0x18, 0xF7, 0x81, 0xF8, 0xF6, 0x85, 0x18, 0xF7, 0x00, 0x17, 0xF7, 0x82, 0xF7,
    0xF6, 0x82, 0xF8, 0xF6, 0x02, 0xD7, 0xF6, 0xF7, 0xF6, 0x18, 0xF7, 0x84, 0xF8, 0xF6, 0x00, 0xF7,
    0xF6, 0x81, 0x18, 0xF7, 0x05, 0x19, 0xF7, 0x18, 0xF7, 0xD7, 0xEE, 0xF7, 0xF6, 0xD7, 0xEE, 0xD6,
    0xEE, 0x83, 0xF7, 0xF6, 0x04, 0xF8, 0xF6, 0x18, 0xF7, 0x17, 0xF7, 0x18, 0xF7, 0xF8, 0xF6, 0x85,
    0x18, 0xF7, 0x00, 0x17, 0xF7, 0x81, 0xF7, 0xF6, 0x81, 0xF8, 0xF6, 0x04, 0xB7, 0xEE, 0x52, 0xBD,
    0x09, 0x7B, 0x40, 0x7A, 0x02, 0xA3, 0x82, 0xC3, 0xCB, 0x02, 0xA2, 0xC3, 0x29, 0xBC, 0x34, 0xE6,
    0x81, 0xD7, 0xF6, 0x02, 0xF7, 0xF6, 0x17, 0xF7, 0xF7, 0xF6, 0x81, 0xD7, 0xF6, 0x02, 0xF8, 0xF6,
    0xF7, 0xF6, 0xD7, 0xEE, 0x81, 0xF7, 0xF6, 0x01, 0x18, 0xF7, 0xF7, 0xEE, 0x81, 0xD6, 0xEE, 0x82,
    0xD7, 0xF6, 0x83, 0xF7, 0xF6, 0x8A, 0x18, 0xF7, 0x82, 0xF7, 0xF6, 0x00, 0xF8, 0xF6, 0x83, 0xF7,
    0xF6, 0x81, 0x17, 0xF7, 0x00, 0xF7, 0xF6, 0x81, 0xD7, 0xF6, 0x01, 0xF8, 0xF6, 0xD7, 0xEE, 0x81,
    0xF7, 0xF6, 0x03, 0x18, 0xF7, 0xF8, 0xF6, 0xD7, 0xEE, 0xD6, 0xEE, 0x82, 0xD7, 0xF6, 0x83, 0xF7,
    0xF6, 0x8A, 0x18, 0xF7, 0x00, 0x17, 0xF7, 0x81, 0xF7, 0xF6, 0x81, 0xF8, 0xF6, 0x81, 0xF7, 0xF6,
    0x03, 0xD7, 0xF6, 0xF7, 0xF6, 0x17, 0xF7, 0xF7, 0xF6, 0x81, 0xD7, 0xF6, 0x08, 0xF8, 0xF6, 0xF7,
    0xF6, 0xF7, 0xEE, 0xF7, 0xF6, 0xF8, 0xF6, 0x18, 0xF7, 0xF7, 0xEE, 0xD6, 0xEE, 0xD6, 0xF6, 0x82,
    0xD7, 0xF6, 0x83, 0xF7, 0xF6, 0x8A, 0x18, 0xF7, 0x82, 0xF7, 0xF6, 0x81, 0xD7, 0xF6, 0x03, 0x73,
    0xC5, 0x09, 0x73, 0x00, 0x72, 0xE2, 0x9A, 0x82, 0xC3, 0xC3, 0x03, 0xA3, 0xBB, 0x4A, 0xC4, 0x75,
    0xEE, 0xD6, 0xF6, 0x81, 0xF6, 0xF6, 0x00, 0xF7, 0xF6, 0x83, 0xD7, 0xF6, 0x01, 0xF7, 0xF6, 0xD7,
    0xEE, 0x82, 0xF7, 0xF6, 0x02, 0xF6, 0xEE, 0xD6, 0xEE, 0xD6, 0xF6, 0x84, 0xD7, 0xF6, 0x81, 0xF7,
    0xF6, 0x82, 0x18, 0xF7, 0x00, 0x17, 0xF7, 0x81, 0x18, 0xF7, 0x00, 0x18, 0xEF, 0x83, 0x18, 0xF7,
    0x02, 0x17, 0xF7, 0xF7, 0xF6, 0xD7, 0xF6, 0x81, 0xF7, 0xF6, 0x01, 0xD7, 0xF6, 0xD6, 0xF6, 0x81,
    0xF6, 0xF6, 0x00, 0xF7, 0xF6, 0x82, 0xD7, 0xF6, 0x00, 0xF7, 0xF6, 0x81, 0xF7, 0xEE, 0x81, 0xF7,
    0xF6, 0x00, 0xF7, 0xEE, 0x81, 0xD6, 0xEE, 0x00, 0xD7, 0xF6, 0x81, 0xF7, 0xF6, 0x81, 0xD7, 0xF6,
    0x82, 0xF7, 0xF6, 0x81, 0x18, 0xF7, 0x00, 0x17, 0xF7, 0x81, 0x18, 0xF7, 0x01, 0x18, 0xEF, 0xF7,
    0xEE, 0x82, 0x18, 0xF7, 0x00, 0x17, 0xF7, 0x84, 0xF7, 0xF6, 0x00, 0xD6, 0xF6, 0x81, 0xF6, 0xF6,
    0x00, 0xF7, 0xF6, 0x83, 0xD7, 0xF6, 0x81, 0xF7, 0xEE, 0x82, 0xF7, 0xF6, 0x81, 0xD6, 0xEE, 0x02,
    0xD6, 0xF6, 0xD7, 0xF6, 0xF7, 0xF6, 0x82, 0xD7, 0xF6, 0x81, 0xF7, 0xF6, 0x82, 0x18, 0xF7, 0x00,
    0x17, 0xF7, 0x81, 0x18, 0xF7, 0x00, 0x18, 0xEF, 0x83, 0x18, 0xF7, 0x0F, 0x17, 0xF7, 0xF7, 0xF6,
    0xD7, 0xF6, 0xB7, 0xEE, 0x35, 0xDE, 0xED, 0x8B, 0xE5, 0x51, 0xE1, 0x61, 0xC2, 0x92, 0xC3, 0xC3,
    0xA3, 0xC3, 0xA2, 0xC3, 0xC5, 0xC3, 0xCD, 0xCC, 0x75, 0xE6, 0xB6, 0xF6, 0x83, 0xD6, 0xF6, 0x82,
    0xD7, 0xF6, 0x81, 0xF7, 0xEE, 0x82, 0xF7, 0xF6, 0x04, 0xF6, 0xF6, 0xD6, 0xEE, 0xD7, 0xF6, 0xF7,
    0xF6, 0xF8, 0xF6, 0x81, 0xF7, 0xF6, 0x00, 0xD7, 0xF6, 0x81, 0xF7, 0xF6, 0x81, 0x18, 0xF7, 0x00,
    0xF8, 0xF6, 0x81, 0x17, 0xF7, 0x02, 0xF8, 0xF6, 0x17, 0xEF, 0x17, 0xF7, 0x82, 0x18, 0xF7, 0x01,
    0x17, 0xF7, 0xF6, 0xF6, 0x82, 0xD7, 0xF6, 0x82, 0xD6, 0xF6, 0x01, 0xB6, 0xF6, 0xD6, 0xF6, 0x82,
    0xD7, 0xF6, 0x00, 0xD7, 0xEE, 0x81, 0xF7, 0xEE, 0x82, 0xF7, 0xF6, 0x04, 0xF6, 0xEE, 0xD6, 0xEE,
    0xF7, 0xF6, 0xF8, 0xF6, 0xF7, 0xF6, 0x82, 0xD7, 0xF6, 0x00, 0xF7, 0xF6, 0x82, 0x18, 0xF7, 0x81,
    0x17, 0xF7, 0x01, 0x18, 0xF7, 0xF7, 0xEE, 0x81, 0x17, 0xF7, 0x82, 0x18, 0xF7, 0x01, 0xF7, 0xF6,
    0xD6, 0xF6, 0x81, 0xD7, 0xF6, 0x00, 0xF7, 0xF6, 0x83, 0xD6, 0xF6, 0x83, 0xD7, 0xF6, 0x81, 0xF7,
    0xEE, 0x82, 0xF7, 0xF6, 0x05, 0xF6, 0xF6, 0xD6, 0xEE, 0xD7, 0xF6, 0xF7, 0xF6, 0xF8, 0xF6, 0xF7,
    0xF6, 0x81, 0xD7, 0xF6, 0x81, 0xF7, 0xF6, 0x81, 0x18, 0xF7, 0x00, 0xF7, 0xF6, 0x81, 0x17, 0xF7,
    0x00, 0xF7, 0xEE, 0x82, 0x17, 0xF7, 0x81, 0x18, 0xF7, 0x0D, 0x17, 0xF7, 0xF6, 0xF6, 0xD7, 0xF6,
    0x96, 0xEE, 0x8F, 0xA4, 0xE6, 0x41, 0xC0, 0x28, 0xA1, 0x51, 0x62, 0x82, 0xA3, 0xC3, 0xA2, 0xC3,
    0x06, 0xCC, 0xED, 0xD4, 0x54, 0xE6, 0x81, 0xD7, 0xF6, 0x00, 0xD6, 0xF6, 0x81, 0xB6, 0xEE, 0x05,
    0xB7, 0xEE, 0xB7, 0xF6, 0xD7, 0xF6, 0xF7, 0xF6, 0xD7, 0xEE, 0xF7, 0xEE, 0x82, 0xF7, 0xF6, 0x02,
    0xF6, 0xF6, 0xF6, 0xEE, 0xF7, 0xF6, 0x81, 0x18, 0xF7, 0x84, 0xF7, 0xF6, 0x82, 0x18, 0xF7, 0x81,
    0x17, 0xF7, 0x00, 0x18, 0xF7, 0x81, 0xF7, 0xF6, 0x00, 0x17, 0xF7, 0x81, 0x18, 0xF7, 0x03, 0x17,
    0xF7, 0xF6, 0xF6, 0xD7, 0xF6, 0xD6, 0xF6, 0x81, 0xD7, 0xF6, 0x81, 0xD6, 0xF6, 0x06, 0xB6, 0xEE,
    0xB7, 0xEE, 0xB7, 0xF6, 0xD7, 0xF6, 0xF7, 0xF6, 0xD7, 0xF6, 0xF7, 0xEE, 0x83, 0xF7, 0xF6, 0x03,
    0xF6, 0xF6, 0xF7, 0xEE, 0xF8, 0xF6, 0x18, 0xF7, 0x84, 0xF7, 0xF6, 0x82, 0x18, 0xF7, 0x81, 0x17,
    0xF7, 0x00, 0x18, 0xF7, 0x81, 0xF7, 0xF6, 0x00, 0xF7, 0xEE, 0x82, 0x18, 0xF7, 0x00, 0xF7, 0xF6,
    0x82, 0xD6, 0xF6, 0x02, 0xD7, 0xF6, 0xD6, 0xF6, 0xF6, 0xF6, 0x81, 0xB6, 0xEE, 0x81, 0xB7, 0xF6,
    0x03, 0xD7, 0xF6, 0xF7, 0xF6, 0xD7, 0xEE, 0xF7, 0xEE, 0x82, 0xF7, 0xF6, 0x04, 0xF6, 0xF6, 0xD6,
    0xEE, 0xF7, 0xF6, 0x18, 0xF7, 0x17, 0xF7, 0x84, 0xF7, 0xF6, 0x82, 0x18, 0xF7, 0x05, 0xF7, 0xF6,
    0x17, 0xF7, 0xF8, 0xF6, 0xF7, 0xF6, 0xF7, 0xEE, 0x17, 0xF7, 0x81, 0x18, 0xF7, 0x0F, 0x17, 0xF7,
    0xF6, 0xF6, 0xB6, 0xEE, 0xF4, 0xD5, 0xEA, 0x6A, 0xC1, 0x20, 0xC0, 0x28, 0x81, 0x51, 0x62, 0x7A,
    0xC3, 0xCB, 0x05, 0xCC, 0x2E, 0xDD, 0x95, 0xEE, 0xB6, 0xEE, 0xD6, 0xF6, 0xB6, 0xEE, 0x81, 0xD6,
    0xF6, 0x82, 0xD7, 0xF6, 0x82, 0xF7, 0xF6, 0x01, 0xF7, 0xEE, 0x17, 0xF7, 0x83, 0xF7, 0xF6, 0x03,
    0xF8, 0xF6, 0x18, 0xF7, 0xF7, 0xEE, 0xD6, 0xEE, 0x84, 0xF7, 0xF6, 0x01, 0xF8, 0xF6, 0xF7, 0xF6,
    0x81, 0xF7, 0xEE, 0x83, 0xF7, 0xF6, 0x81, 0x18, 0xF7, 0x08, 0x17, 0xF7, 0xF6, 0xEE, 0xD6, 0xF6,
    0xB6, 0xEE, 0xD6, 0xF6, 0xB6, 0xEE, 0xD6, 0xF6, 0xD7, 0xF6, 0xB6, 0xF6, 0x82, 0xD7, 0xF6, 0x81,
    0xF7, 0xF6, 0x03, 0xF7, 0xEE, 0x18, 0xF7, 0xF7, 0xF6, 0xD7, 0xEE, 0x82, 0xF7, 0xF6, 0x01, 0x18,
    0xF7, 0xF7, 0xF6, 0x81, 0xF7, 0xEE, 0x81, 0xF7, 0xF6, 0x01, 0xD7, 0xF6, 0xF7, 0xF6, 0x81, 0xF8,
    0xF6, 0x01, 0xF7, 0xF6, 0xF6, 0xEE, 0x82, 0xF7, 0xF6, 0x00, 0xF7, 0xEE, 0x81, 0x18, 0xF7, 0x01,
    0x17, 0xF7, 0xF7, 0xEE, 0x81, 0xD6, 0xF6, 0x04, 0xD6, 0xEE, 0xD6, 0xF6, 0xB6, 0xEE, 0xD7, 0xF6,
    0xB6, 0xF6, 0x82, 0xD7, 0xF6, 0x81, 0xF7, 0xF6, 0x00, 0xF7, 0xEE, 0x85, 0xF7, 0xF6, 0x81, 0x18,
    0xF7, 0x01, 0xF7, 0xEE, 0xF6, 0xEE, 0x84, 0xF7, 0xF6, 0x02, 0xF8, 0xF6, 0xF7, 0xF6, 0xF6, 0xEE,
    0x81, 0xF7, 0xEE, 0x82, 0xF7, 0xF6, 0x81, 0x18, 0xF7, 0x11, 0xF7, 0xF6, 0xD6, 0xEE, 0x56, 0xE6,
    0xCD, 0x83, 0x44, 0x29, 0x60, 0x10, 0x00, 0x31, 0xC1, 0x59, 0xA2, 0x8A, 0xA1, 0xC3, 0xAB, 0xCC,
    0x13, 0xE6, 0x95, 0xEE, 0xB6, 0xEE, 0xD6, 0xEE, 0xB6, 0xEE, 0xD6, 0xF6, 0xB6, 0xEE, 0x82, 0xD7,
    0xF6, 0x04, 0xF7, 0xF6, 0x18, 0xF7, 0xF7, 0xF6, 0xD6, 0xEE, 0xD7, 0xF6, 0x84, 0xF7, 0xF6, 0x07,
    0x17, 0xEF, 0xF7, 0xEE, 0xD6, 0xEE, 0xB6, 0xEE, 0xD7, 0xF6, 0xF7, 0xF6, 0xD7, 0xF6, 0xD7, 0xEE,
    0x82, 0xF7, 0xF6, 0x00, 0xD7, 0xEE, 0x82, 0xD7, 0xF6, 0x07, 0xF7, 0xF6, 0xF7, 0xEE, 0xF8, 0xF6,
    0xF7, 0xEE, 0xD6, 0xEE, 0xB6, 0xEE, 0xD6, 0xEE, 0xD6, 0xF6, 0x81, 0xB6, 0xEE, 0x01, 0xD6, 0xF6,
    0xB6, 0xF6, 0x81, 0xD7, 0xF6, 0x00, 0xF7, 0xF6, 0x81, 0x17, 0xF7, 0x01, 0xD6, 0xEE, 0xD7, 0xEE,
    0x84, 0xF7, 0xF6, 0x81, 0xF7, 0xEE, 0x02, 0xD7, 0xEE, 0xD6, 0xF6, 0xD7, 0xF6, 0x81, 0xF7, 0xF6,
    0x00, 0xD7, 0xEE, 0x83, 0xF7, 0xF6, 0x06, 0xD7, 0xF6, 0xF7, 0xF6, 0xD7, 0xF6, 0xF7, 0xF6, 0xF7,
    0xEE, 0xF8, 0xF6, 0xF7, 0xEE, 0x81, 0xD6, 0xEE, 0x00, 0xB6, 0xEE, 0x81, 0xD6, 0xEE, 0x02, 0xB6,
    0xEE, 0xD6, 0xF6, 0xB6, 0xEE, 0x82, 0xD7, 0xF6, 0x04, 0xF7, 0xF6, 0x17, 0xF7, 0xF7, 0xF6, 0xD6,
    0xEE, 0xD7, 0xF6, 0x84, 0xF7, 0xF6, 0x07, 0x17, 0xF7, 0xF7, 0xEE, 0xD6, 0xEE, 0xD6, 0xF6, 0xD7,
    0xF6, 0xF7, 0xF6, 0xD7, 0xF6, 0xD7, 0xEE, 0x81, 0xF7, 0xF6, 0x00, 0xF7, 0xEE, 0x82, 0xD7, 0xF6,
    0x01, 0xF7, 0xF6, 0xF7, 0xEE, 0x81, 0xF7, 0xF6, 0x81, 0xD6, 0xEE, 0x0E, 0x75, 0xE6, 0xCD, 0x8B,
    0xA5, 0x39, 0xC1, 0x20, 0x20, 0x41, 0xE1, 0x69, 0xA2, 0x8A, 0xA3, 0xC3, 0xC4, 0xC3, 0x48, 0xCC,
    0x2E, 0xD5, 0x34, 0xE6, 0xB6, 0xEE, 0xD6, 0xEE, 0xF7, 0xF6, 0x82, 0xD6, 0xF6, 0x83, 0xF7, 0xF6,
    0x00, 0xD6, 0xF6, 0x82, 0xD7, 0xF6, 0x81, 0xF8, 0xF6, 0x01, 0xF7, 0xF6, 0x17, 0xF7, 0x81, 0xF7,
    0xF6, 0x00, 0xD7, 0xF6, 0x81, 0xD7, 0xEE, 0x01, 0xF7, 0xF6, 0xD7, 0xF6, 0x82, 0xF7, 0xF6, 0x82,
    0xD7, 0xF6, 0x81, 0xF7, 0xF6, 0x82, 0xD7, 0xEE, 0x05, 0x17, 0xF7, 0xF7, 0xF6, 0xD6, 0xEE, 0xB6,
    0xEE, 0xD6, 0xEE, 0xF7, 0xF6, 0x83, 0xD6, 0xF6, 0x81, 0xF7, 0xF6, 0x02, 0x17, 0xF7, 0xF7, 0xF6,
    0xF6, 0xF6, 0x82, 0xD7, 0xF6, 0x01, 0xF8, 0xF6, 0xF7, 0xF6, 0x81, 0x17, 0xF7, 0x81, 0xF7, 0xF6,
    0x01, 0xD7, 0xF6, 0xD7, 0xEE, 0x84, 0xF7, 0xF6, 0x82, 0xD7, 0xF6, 0x81, 0xF7, 0xF6, 0x82, 0xD7,
    0xEE, 0x06, 0xF7, 0xF6, 0x17, 0xF7, 0xD7, 0xEE, 0xD6, 0xEE, 0xB6, 0xEE, 0xD6, 0xF6, 0xF7, 0xF6,
    0x82, 0xD6, 0xF6, 0x83, 0xF7, 0xF6, 0x00, 0xF6, 0xF6, 0x83, 0xD7, 0xF6, 0x02, 0xF8, 0xF6, 0xF7,
    0xF6, 0x17, 0xF7, 0x81, 0xF7, 0xF6, 0x01, 0xD7, 0xF6, 0xD7, 0xEE, 0x82, 0xD7, 0xF6, 0x82, 0xF7,
    0xF6, 0x82, 0xD7, 0xF6, 0x01, 0xF7, 0xF6, 0xD7, 0xF6, 0x81, 0xD7, 0xEE, 0x10, 0xF7, 0xF6, 0x17,
    0xF7, 0xD6, 0xF6, 0x76, 0xE6, 0x0E, 0x8C, 0xA5, 0x41, 0x60, 0x49, 0x42, 0x7A, 0xE2, 0x9A, 0xC3,
    0xC3, 0xA3, 0xC3, 0x82, 0xBB, 0x09, 0xBC, 0x91, 0xD5, 0xB6, 0xEE, 0xF7, 0xF6, 0xD7, 0xF6, 0x81,
    0xD6, 0xF6, 0x81, 0xF7, 0xF6, 0x03, 0xD7, 0xF6, 0xF7, 0xF6, 0x17, 0xF7, 0xF7, 0xF6, 0x81, 0xD7,
    0xF6, 0x02, 0xB7, 0xEE, 0xB7, 0xF6, 0xD7, 0xF6, 0x81, 0xF7, 0xF6, 0x02, 0xD7, 0xEE, 0xF7, 0xF6,
    0x17, 0xF7, 0x82, 0xF7, 0xF6, 0x03, 0xF8, 0xF6, 0xF7, 0xF6, 0xD7, 0xEE, 0xD7, 0xF6, 0x81, 0xD6,
    0xEE, 0x09, 0xF7, 0xF6, 0xD7, 0xF6, 0xF7, 0xF6, 0xD7, 0xF6, 0xD6, 0xEE, 0xD7, 0xEE, 0x17, 0xF7,
    0xF7, 0xF6, 0xD7, 0xEE, 0xD6, 0xEE, 0x81, 0xF7, 0xF6, 0x81, 0xD6, 0xF6, 0x01, 0xF7, 0xF6, 0x17,
    0xFF, 0x84, 0xF7, 0xF6, 0x81, 0xD7, 0xF6, 0x00, 0xB7, 0xF6, 0x81, 0xD7, 0xF6, 0x03, 0xF7, 0xF6,
    0xF7, 0xEE, 0xF7, 0xF6, 0x17, 0xF7, 0x85, 0xF7, 0xF6, 0x02, 0xD7, 0xF6, 0xD6, 0xEE, 0xB6, 0xEE,
    0x81, 0xD7, 0xF6, 0x81, 0xF7, 0xF6, 0x81, 0xD7, 0xEE, 0x81, 0xF7, 0xF6, 0x00, 0xD7, 0xEE, 0x81,
    0xD6, 0xEE, 0x00, 0xF7, 0xF6, 0x82, 0xD6, 0xF6, 0x05, 0x17, 0xFF, 0xF7, 0xF6, 0xD7, 0xF6, 0xF7,
    0xF6, 0x17, 0xF7, 0xF7, 0xF6, 0x81, 0xD7, 0xF6, 0x81, 0xB7, 0xF6, 0x03, 0xD7, 0xF6, 0xF7, 0xF6,
    0xF7, 0xEE, 0xD7, 0xEE, 0x81, 0x17, 0xF7, 0x84, 0xF7, 0xF6, 0x81, 0xD7, 0xF6, 0x00, 0xB6, 0xEE,
    0x81, 0xD7, 0xF6, 0x81, 0xF7, 0xF6, 0x0A, 0xD7, 0xEE, 0xD6, 0xEE, 0xD7, 0xEE, 0x17, 0xF7, 0xF7,
    0xF6, 0x96, 0xE6, 0x4E, 0x94, 0xE5, 0x49, 0xA0, 0x59, 0x82, 0x8A, 0x42, 0xAB, 0x81, 0x83, 0xBB,
    0x03, 0x82, 0xBB, 0x6B, 0xC4, 0x75, 0xE6, 0xD7, 0xEE, 0x82, 0xD7, 0xF6, 0x81, 0xF7, 0xF6, 0x82,
    0xF8, 0xF6, 0x01, 0x18, 0xF7, 0xF7, 0xF6, 0x81, 0xD7, 0xF6, 0x02, 0xB6, 0xEE, 0x96, 0xEE, 0xB7,
    0xEE, 0x82, 0xD6, 0xEE, 0x02, 0xF7, 0xF6, 0x17, 0xF7, 0xD7, 0xEE, 0x81, 0xF7, 0xF6, 0x03, 0xF8,
    0xF6, 0xF7, 0xF6, 0xD7, 0xEE, 0xD6, 0xEE, 0x81, 0xB6, 0xEE, 0x82, 0xD7, 0xF6, 0x03, 0xF7, 0xF6,
    0xD6, 0xEE, 0xB6, 0xEE, 0xF7, 0xF6, 0x82, 0xD7, 0xEE, 0x00, 0xF7, 0xF6, 0x82, 0xD7, 0xF6, 0x81,
    0xF7, 0xF6, 0x82, 0xF8, 0xF6, 0x81, 0xF7, 0xF6, 0x04, 0xD7, 0xF6, 0xB6, 0xF6, 0x96, 0xEE, 0xB7,
    0xEE, 0xD7, 0xEE, 0x81, 0xD6, 0xEE, 0x08, 0xD7, 0xEE, 0x17, 0xF7, 0xF7, 0xEE, 0xD7, 0xF6, 0xF7,
    0xF6, 0xF8, 0xF6, 0xF7, 0xF6, 0xD7, 0xEE, 0xD6, 0xEE, 0x81, 0xB6, 0xEE, 0x00, 0xD6, 0xEE, 0x81,
    0xD7, 0xF6, 0x81, 0xF7, 0xF6, 0x03, 0xB6, 0xEE, 0xD7, 0xEE, 0xF7, 0xF6, 0xD6, 0xEE, 0x81, 0xD7,
    0xEE, 0x82, 0xD7, 0xF6, 0x81, 0xF7, 0xF6, 0x82, 0xF8, 0xF6, 0x01, 0x18, 0xF7, 0xF7, 0xF6, 0x81,
    0xD7, 0xF6, 0x08, 0xB7, 0xEE, 0x96, 0xEE, 0xB7, 0xEE, 0xD6, 0xEE, 0xB6, 0xEE, 0xD6, 0xEE, 0x17,
    0xF7, 0xF7, 0xF6, 0xD7, 0xEE, 0x81, 0xF7, 0xF6, 0x03, 0xF8, 0xF6, 0xF7, 0xF6, 0xD7, 0xEE, 0xD6,
    0xEE, 0x81, 0xB6, 0xEE, 0x81, 0xD7, 0xF6, 0x81, 0xF7, 0xF6, 0x09, 0xD6, 0xEE, 0xB6, 0xEE, 0xF7,
    0xF6, 0x76, 0xE6, 0x2E, 0x94, 0x47, 0x52, 0x42, 0x39, 0xC1, 0x59, 0x82, 0x82, 0x22, 0xAB, 0x82,
    0x83, 0xBB, 0x03, 0x8C, 0xC4, 0xB6, 0xEE, 0xD7, 0xEE, 0xD6, 0xEE, 0x81, 0xD7, 0xF6, 0x81, 0xF7,
    0xF6, 0x04, 0xD7, 0xF6, 0xD7, 0xEE, 0xD7, 0xF6, 0xF7, 0xF6, 0xD7, 0xEE, 0x81, 0xD7, 0xF6, 0x00,
    0xB6, 0xEE, 0x81, 0xB7, 0xEE, 0x00, 0xD7, 0xF6, 0x81, 0xB6, 0xEE, 0x01, 0xF7, 0xEE, 0x17, 0xEF,
    0x81, 0xF7, 0xF6, 0x81, 0xF8, 0xF6, 0x04, 0xF7, 0xF6, 0xD7, 0xEE, 0xD6, 0xEE, 0xB6, 0xEE, 0xD6,
    0xEE, 0x81, 0xD7, 0xF6, 0x81, 0xF7, 0xF6, 0x03, 0xD6, 0xEE, 0xB6, 0xEE, 0xD7, 0xEE, 0xF7, 0xF6,
    0x81, 0xD7, 0xEE, 0x01, 0xD6, 0xEE, 0xD7, 0xEE, 0x81, 0xD7, 0xF6, 0x00, 0xF7, 0xF6, 0x81, 0xD7,
    0xF6, 0x02, 0xD7, 0xEE, 0xD7, 0xF6, 0xD7, 0xEE, 0x81, 0xD7, 0xF6, 0x07, 0xB6, 0xF6, 0xB6, 0xEE,
    0xB7, 0xEE, 0xD7, 0xF6, 0xD6, 0xF6, 0xB6, 0xEE, 0xD6, 0xEE, 0x17, 0xEF, 0x82, 0xF7, 0xF6, 0x01,
    0xF8, 0xF6, 0xF7, 0xF6, 0x81, 0xD7, 0xEE, 0x03, 0xD6, 0xEE, 0xB6, 0xEE, 0xD6, 0xEE, 0xD7, 0xF6,
    0x81, 0xF7, 0xF6, 0x00, 0xF6, 0xEE, 0x81, 0xD6, 0xEE, 0x81, 0xF7, 0xF6, 0x81, 0xD7, 0xEE, 0x00,
    0xD6, 0xEE, 0x81, 0xD7, 0xF6, 0x03, 0xF7, 0xF6, 0xD7, 0xF6, 0xD8, 0xF6, 0xD7, 0xF6, 0x81, 0xF7,
    0xF6, 0x00, 0xD7, 0xEE, 0x81, 0xD7, 0xF6, 0x82, 0xB7, 0xEE, 0x00, 0xD7, 0xF6, 0x81, 0xB6, 0xEE,
    0x81, 0xF7, 0xEE, 0x01, 0xD7, 0xEE, 0xF7, 0xF6, 0x81, 0xF8, 0xF6, 0x05, 0xF7, 0xF6, 0xD7, 0xEE,
    0xD6, 0xEE, 0xB6, 0xEE, 0xD6, 0xEE, 0xD7, 0xF6, 0x82, 0xF7, 0xF6, 0x81, 0xD6, 0xEE, 0x0C, 0x96,
    0xE6, 0x52, 0xBD, 0xC9, 0x62, 0xE2, 0x20, 0xE0, 0x30, 0xC1, 0x59, 0x82, 0x82, 0x22, 0xA3, 0x83,
    0xBB, 0xA3, 0xC3, 0x82, 0xC3, 0x29, 0xC4, 0xF2, 0xDD, 0x82, 0xD7, 0xEE, 0x01, 0xB7, 0xEE, 0xD7,
    0xF6, 0x81, 0xF7, 0xF6, 0x83, 0xD7, 0xEE, 0x02, 0xF7, 0xF6, 0xD6, 0xEE, 0xB6, 0xEE, 0x81, 0xD7,
    0xEE, 0x00, 0xD7, 0xF6, 0x82, 0xD6, 0xEE, 0x00, 0xF7, 0xEE, 0x84, 0xD7, 0xEE, 0x04, 0xD6, 0xEE,
    0xD7, 0xEE, 0xD6, 0xEE, 0xD7, 0xEE, 0xD7, 0xF6, 0x81, 0xF7, 0xF6, 0x83, 0xD6, 0xEE, 0x01, 0xF7,
    0xEE, 0xF7, 0xF6, 0x81, 0xF7, 0xEE, 0x82, 0xD7, 0xEE, 0x02, 0xF7, 0xF6, 0xD7, 0xF6, 0xF7, 0xF6,
    0x84, 0xD7, 0xEE, 0x81, 0xD6, 0xEE, 0x81, 0xD7, 0xEE, 0x03, 0xD7, 0xF6, 0xB6, 0xEE, 0xD6, 0xEE,
    0xF7, 0xEE, 0x81, 0xD7, 0xEE, 0x00, 0xD7, 0xF6, 0x83, 0xD7, 0xEE, 0x81, 0xD6, 0xEE, 0x01, 0xD7,
    0xF6, 0xD7, 0xEE, 0x81, 0xF7, 0xF6, 0x82, 0xD6, 0xEE, 0x83, 0xF7, 0xEE, 0x81, 0xD7, 0xEE, 0x00,
    0xB7, 0xEE, 0x82, 0xF7, 0xF6, 0x83, 0xD7, 0xEE, 0x00, 0xD7, 0xF6, 0x82, 0xD6, 0xEE, 0x01, 0xD7,
    0xEE, 0xD7, 0xF6, 0x82, 0xD6, 0xEE, 0x00, 0xF7, 0xEE, 0x86, 0xD7, 0xEE, 0x02, 0xD6, 0xEE, 0xD7,
    0xEE, 0xD7, 0xF6, 0x81, 0xF7, 0xF6, 0x00, 0xF6, 0xEE, 0x81, 0xD6, 0xEE, 0x11, 0xB6, 0xEE, 0xF4,
    0xD5, 0xCD, 0x83, 0x64, 0x31, 0xE0, 0x30, 0xC1, 0x61, 0x82, 0x8A, 0x22, 0xAB, 0xA3, 0xC3, 0xC3,
    0xC3, 0xE5, 0xCB, 0xCD, 0xCC, 0x54, 0xE6, 0xD7, 0xEE, 0xF7, 0xEE, 0xD7, 0xEE, 0xB7, 0xEE, 0xD7,
    0xEE, 0x81, 0xF7, 0xF6, 0x81, 0xD7, 0xF6, 0x81, 0xF7, 0xF6, 0x00, 0xD7, 0xEE, 0x84, 0xD6, 0xEE,
    0x00, 0xB6, 0xEE, 0x82, 0xD6, 0xEE, 0x81, 0xD7, 0xEE, 0x05, 0xB6, 0xEE, 0xB7, 0xEE, 0xB6, 0xEE,
    0xD6, 0xEE, 0xD7, 0xEE, 0xD6, 0xEE, 0x82, 0xD7, 0xEE, 0x00, 0xF7, 0xF6, 0x83, 0xD6, 0xEE, 0x01,
    0xF7, 0xEE, 0x18, 0xF7, 0x81, 0xF7, 0xEE, 0x82, 0xD7, 0xEE, 0x03, 0xF7, 0xF6, 0xD7, 0xF6, 0xF7,
    0xF6, 0xD7, 0xF6, 0x81, 0xF7, 0xF6, 0x00, 0xF7, 0xEE, 0x84, 0xD6, 0xEE, 0x81, 0xB6, 0xEE, 0x81,
    0xD6, 0xEE, 0x82, 0xD7, 0xEE, 0x08, 0xB7, 0xEE, 0xB6, 0xEE, 0xD6, 0xEE, 0xD7, 0xEE, 0xD6, 0xEE,
    0xD7, 0xEE, 0xF7, 0xF6, 0xD7, 0xEE, 0xF7, 0xF6, 0x83, 0xD6, 0xEE, 0x02, 0xF7, 0xEE, 0x17, 0xF7,
    0x18, 0xF7, 0x81, 0xF7, 0xEE, 0x05, 0xD7, 0xEE, 0xB6, 0xEE, 0xF7, 0xF6, 0xD7, 0xF6, 0xF7, 0xF6,
    0xD7, 0xF6, 0x82, 0xF7, 0xF6, 0x00, 0xD7, 0xEE, 0x84, 0xD6, 0xEE, 0x00, 0xB6, 0xEE, 0x81, 0xD6,
    0xEE, 0x82, 0xD7, 0xEE, 0x82, 0xB6, 0xEE, 0x00, 0xD7, 0xEE, 0x81, 0xD6, 0xEE, 0x81, 0xD7, 0xEE,
    0x01, 0xD7, 0xF6, 0xF7, 0xF6, 0x82, 0xD6, 0xEE, 0x0B, 0xF7, 0xEE, 0x76, 0xE6, 0xAC, 0x7B, 0x43,
    0x31, 0x20, 0x39, 0x01, 0x6A, 0xC2, 0x92, 0x62, 0xB3, 0xE3, 0xD3, 0xE2, 0xD3, 0x89, 0xD4, 0xF2,
    0xE5, 0x82, 0xF7, 0xEE, 0x00, 0xF7, 0xF6, 0x81, 0xD7, 0xEE, 0x01, 0xF7, 0xF6, 0xD7, 0xF6, 0x83,
    0xF7, 0xF6, 0x00, 0xD7, 0xEE, 0x81, 0xD6, 0xEE, 0x81, 0xD7, 0xEE, 0x81, 0xB6, 0xEE, 0x00, 0xD6,
    0xEE, 0x83, 0xD7, 0xEE, 0x00, 0xB6, 0xEE, 0x89, 0xD7, 0xEE, 0x01, 0xD6, 0xEE, 0xD7, 0xEE, 0x81,
    0xF7, 0xEE, 0x00, 0x17, 0xF7, 0x82, 0xF7, 0xEE, 0x81, 0xD7, 0xEE, 0x00, 0xF7, 0xF6, 0x81, 0xD7,
    0xF6, 0x82, 0xF7, 0xF6, 0x00, 0xD7, 0xEE, 0x82, 0xD6, 0xEE, 0x01, 0xD7, 0xEE, 0xD6, 0xEE, 0x81,
    0xB6, 0xEE, 0x01, 0xD7, 0xEE, 0xD6, 0xEE, 0x81, 0xD7, 0xEE, 0x00, 0xB7, 0xEE, 0x89, 0xD7, 0xEE,
    0x81, 0xD6, 0xEE, 0x81, 0xF7, 0xEE, 0x81, 0x17, 0xEF, 0x81, 0xF7, 0xEE, 0x02, 0xD7, 0xF6, 0xB7,
    0xEE, 0xF7, 0xF6, 0x81, 0xD7, 0xF6, 0x83, 0xF7, 0xF6, 0x00, 0xD7, 0xEE, 0x81, 0xD6, 0xEE, 0x81,
    0xD7, 0xEE, 0x81, 0xB6, 0xEE, 0x00, 0xD6, 0xEE, 0x83, 0xD7, 0xEE, 0x00, 0xB6, 0xEE, 0x89, 0xD7,
    0xEE, 0x00, 0xD6, 0xEE, 0x81, 0xD7, 0xEE, 0x0A, 0x55, 0xDE, 0x88, 0x5A, 0xC1, 0x28, 0x61, 0x49,
    0x41, 0x72, 0x02, 0x9B, 0x83, 0xBB, 0x03, 0xD4, 0x02, 0xD4, 0x88, 0xD4, 0xF1, 0xE5, 0x82, 0xF7,
    0xEE, 0x86, 0xF7, 0xF6, 0x00, 0xD7, 0xF6, 0x85, 0xF7, 0xF6, 0x81, 0xF7, 0xEE, 0x84, 0xF7, 0xF6,
    0x85, 0xD7, 0xEE, 0x00, 0xB7, 0xEE, 0x81, 0xD7, 0xEE, 0x81, 0xF7, 0xF6, 0x00, 0xD7, 0xEE, 0x81,
    0xF7, 0xF6, 0x84, 0xF7, 0xEE, 0x01, 0xF7, 0xF6, 0xD7, 0xF6, 0x8B, 0xF7, 0xF6, 0x00, 0xD7, 0xEE,
    0x84, 0xF7, 0xF6, 0x85, 0xD7, 0xEE, 0x02, 0xB6, 0xEE, 0xB7, 0xEE, 0xD7, 0xEE, 0x81, 0xF7, 0xF6,
    0x02, 0xF7, 0xEE, 0xD7, 0xEE, 0xF7, 0xF6, 0x84, 0xF7, 0xEE, 0x01, 0xF7, 0xF6, 0xD7, 0xEE, 0x81,
    0xF7, 0xF6, 0x00, 0xF8, 0xF6, 0x81, 0xF7, 0xF6, 0x00, 0xD7, 0xF6, 0x85, 0xF7, 0xF6, 0x01, 0xD7,
    0xEE, 0xF7, 0xEE, 0x83, 0xF7, 0xF6, 0x00, 0xD7, 0xF6, 0x84, 0xD7, 0xEE, 0x81, 0xB7, 0xEE, 0x81,
    0xD7, 0xEE, 0x81, 0xF7, 0xF6, 0x00, 0xD7, 0xEE, 0x81, 0xF7, 0xF6, 0x0A, 0x55, 0xDE, 0x68, 0x52,
    0xC0, 0x28, 0x81, 0x49, 0x62, 0x7A, 0x22, 0xA3, 0xA3, 0xBB, 0xE3, 0xCB, 0xC3, 0xCB, 0xC2, 0xC3,
    0xCC, 0xD4, 0x81, 0xF7, 0xEE, 0x00, 0xF8, 0xEE, 0x81, 0xF8, 0xF6, 0x01, 0xF7, 0xF6, 0xF8, 0xF6,
    0x81, 0x18, 0xF7, 0x81, 0xF7, 0xF6, 0x00, 0xF8, 0xF6, 0x81, 0x18, 0xF7, 0x82, 0xF7, 0xF6, 0x02,
    0x17, 0xF7, 0x18, 0xF7, 0x17, 0xF7, 0x83, 0xF7, 0xF6, 0x02, 0xF7, 0xEE, 0xD7, 0xEE, 0xD7, 0xF6,
    0x81, 0xD7, 0xEE, 0x81, 0xB7, 0xEE, 0x01, 0xB6, 0xEE, 0xD7, 0xEE, 0x83, 0xF7, 0xF6, 0x81, 0x18,
    0xF7, 0x82, 0xF7, 0xEE, 0x82, 0xF8, 0xF6, 0x00, 0xF7, 0xF6, 0x81, 0x18, 0xF7, 0x81, 0xF7, 0xF6,
    0x00, 0xF8, 0xF6, 0x81, 0x18, 0xF7, 0x83, 0xF7, 0xF6, 0x01, 0x17, 0xF7, 0x18, 0xF7, 0x83, 0xF7,
    0xF6, 0x00, 0xF7, 0xEE, 0x81, 0xD7, 0xEE, 0x00, 0xD7, 0xF6, 0x81, 0xD7, 0xEE, 0x00, 0xB7, 0xEE,
    0x81, 0xB6, 0xEE, 0x00, 0xD7, 0xEE, 0x82, 0xF7, 0xF6, 0x81, 0x18, 0xF7, 0x82, 0xF7, 0xEE, 0x01,
    0xF8, 0xEE, 0xF8, 0xF6, 0x81, 0xF7, 0xF6, 0x02, 0xF8, 0xF6, 0x18, 0xF7, 0xF8, 0xF6, 0x81, 0xF7,
    0xF6, 0x81, 0x18, 0xF7, 0x81, 0xF7, 0xF6, 0x04, 0x17, 0xF7, 0xF7, 0xF6, 0x17, 0xF7, 0x18, 0xF7,
    0x17, 0xF7, 0x81, 0xF7, 0xF6, 0x01, 0xF8, 0xF6, 0xF7, 0xF6, 0x81, 0xD7, 0xEE, 0x00, 0xD7, 0xF6,
    0x81, 0xD7, 0xEE, 0x81, 0xB7, 0xEE, 0x01, 0xB6, 0xEE, 0xD7, 0xEE, 0x82, 0xF7, 0xF6, 0x0C, 0x17,
    0xF7, 0x18, 0xF7, 0x96, 0xE6, 0x6F, 0x9C, 0xA8, 0x62, 0xC3, 0x51, 0x41, 0x7A, 0x02, 0xA3, 0xA3,
    0xBB, 0xC3, 0xCB, 0xA3, 0xC3, 0xC4, 0xC3, 0xED, 0xCC, 0x82, 0xD7, 0xEE, 0x01, 0xF7, 0xEE, 0xF8,
    0xF6, 0x81, 0xF7, 0xF6, 0x81, 0xF8, 0xF6, 0x02, 0xF7, 0xF6, 0xD7, 0xF6, 0xF7, 0xF6, 0x81, 0x18,
    0xF7, 0x03, 0x18, 0xEF, 0xF8, 0xF6, 0xF7, 0xEE, 0xF7, 0xF6, 0x81, 0x18, 0xF7, 0x04, 0xF7, 0xF6,
    0xF7, 0xEE, 0xF8, 0xEE, 0xF7, 0xEE, 0xD6, 0xEE, 0x82, 0xD7, 0xEE, 0x82, 0xB7, 0xEE, 0x81, 0xB6,
    0xEE, 0x00, 0xD7, 0xEE, 0x81, 0xF7, 0xEE, 0x81, 0x17, 0xF7, 0x02, 0xF7, 0xF6, 0xF7, 0xEE, 0xF6,
    0xEE, 0x81, 0xD7, 0xEE, 0x01, 0xF7, 0xF6, 0xF8, 0xF6, 0x81, 0xF7, 0xF6, 0x81, 0xF8, 0xF6, 0x81,
    0xF7, 0xF6, 0x00, 0xF8, 0xF6, 0x82, 0x18, 0xF7, 0x81, 0xF7, 0xEE, 0x81, 0x18, 0xF7, 0x00, 0xF7,
    0xF6, 0x83, 0xF7, 0xEE, 0x82, 0xD7, 0xEE, 0x81, 0xB7, 0xEE, 0x03, 0xD7, 0xEE, 0xB7, 0xEE, 0xB6,
    0xEE, 0xD7, 0xEE, 0x81, 0xF7, 0xEE, 0x08, 0xF7, 0xF6, 0x17, 0xF7, 0xF7, 0xF6, 0xF7, 0xEE, 0xD6,
    0xEE, 0xF7, 0xEE, 0xD7, 0xEE, 0xF7, 0xF6, 0xF8, 0xF6, 0x81, 0xF7, 0xF6, 0x81, 0xF8, 0xF6, 0x08,
    0xF7, 0xF6, 0xD7, 0xF6, 0xF7, 0xF6, 0xF8, 0xF6, 0x18, 0xF7, 0x18, 0xEF, 0xF8, 0xF6, 0xF7, 0xEE,
    0xF7, 0xF6, 0x81, 0x18, 0xF7, 0x04, 0xF7, 0xF6, 0xF7, 0xEE, 0xF8, 0xEE, 0xF7, 0xEE, 0xD6, 0xEE,
    0x82, 0xD7, 0xEE, 0x82, 0xB7, 0xEE, 0x81, 0xB6, 0xEE, 0x03, 0xD7, 0xEE, 0xF7, 0xEE, 0xF7, 0xF6,
    0x17, 0xF7, 0x81, 0xF7, 0xF6, 0x0D, 0xD7, 0xEE, 0xB0, 0xA4, 0x46, 0x62, 0x21, 0x72, 0xC2, 0x9A,
    0x42, 0xB3, 0xA3, 0xC3, 0xA2, 0xC3, 0xE7, 0xC3, 0x4F, 0xD5, 0xD7, 0xF6, 0xF7, 0xEE, 0xF7, 0xF6,
    0xF7, 0xEE, 0x84, 0xF7, 0xF6, 0x06, 0xD7, 0xF6, 0xD7, 0xEE, 0xF7, 0xF6, 0xF8, 0xF6, 0x19, 0xF7,
    0x18, 0xF7, 0x18, 0xEF, 0x81, 0xD7, 0xEE, 0x00, 0xD7, 0xF6, 0x83, 0xF7, 0xF6, 0x01, 0xD7, 0xEE,
    0xD6, 0xEE, 0x84, 0xB6, 0xEE, 0x00, 0xB7, 0xEE, 0x83, 0xD7, 0xEE, 0x03, 0xF7, 0xEE, 0x17, 0xF7,
    0xF7, 0xF6, 0xF7, 0xEE, 0x89, 0xF7, 0xF6, 0x08, 0xD7, 0xEE, 0xD7, 0xF6, 0xF7, 0xF6, 0x18, 0xF7,
    0x19, 0xF7, 0x18, 0xF7, 0xF7, 0xEE, 0xD7, 0xEE, 0xD7, 0xF6, 0x83, 0xF7, 0xF6, 0x01, 0xF7, 0xEE,
    0xD6, 0xEE, 0x85, 0xB6, 0xEE, 0x00, 0xB7, 0xEE, 0x83, 0xD7, 0xEE, 0x82, 0xF7, 0xEE, 0x81, 0xF7,
    0xF6, 0x02, 0xF7, 0xEE, 0xF7, 0xF6, 0xF7, 0xEE, 0x84, 0xF7, 0xF6, 0x06, 0xD7, 0xF6, 0xD7, 0xEE,
    0xF7, 0xF6, 0x18, 0xF7, 0x38, 0xF7, 0x18, 0xF7, 0xF8, 0xEE, 0x81, 0xD7, 0xEE, 0x00, 0xD7, 0xF6,
    0x83, 0xF7, 0xF6, 0x00, 0xD7, 0xEE, 0x86, 0xB6, 0xEE, 0x83, 0xD7, 0xEE, 0x81, 0xF7, 0xEE, 0x0E,
    0xF7, 0xF6, 0xD7, 0xEE, 0x75, 0xDE, 0x31, 0xB5, 0x88, 0x62, 0x00, 0x6A, 0xC2, 0x92, 0x62, 0xB3,
    0xA3, 0xC3, 0xA2, 0xC3, 0xE6, 0xC3, 0x0E, 0xD5, 0x96, 0xEE, 0xF7, 0xF6, 0x17, 0xF7, 0x83, 0xF7,
    0xF6, 0x82, 0x17, 0xF7, 0x02, 0xF8, 0xF6, 0xF7, 0xF6, 0x18, 0xF7, 0x81, 0x19, 0xF7, 0x00, 0x18,
    0xF7, 0x87, 0xF7, 0xF6, 0x00, 0xD6, 0xEE, 0x81, 0xB6, 0xEE, 0x00, 0xB5, 0xEE, 0x81, 0xB6, 0xEE,
    0x82, 0xD7, 0xEE, 0x83, 0xF7, 0xEE, 0x02, 0x17, 0xF7, 0xF7, 0xF6, 0xF7, 0xEE, 0x86, 0xF7, 0xF6,
    0x08, 0x17, 0xF7, 0xF7, 0xF6, 0xF8, 0xF6, 0xF7, 0xF6, 0xF8, 0xF6, 0x18, 0xF7, 0x39, 0xF7, 0x18,
    0xF7, 0xF8, 0xF6, 0x86, 0xF7, 0xF6, 0x81, 0xD6, 0xEE, 0x00, 0xB6, 0xEE, 0x81, 0xB5, 0xEE, 0x01,
    0xB6, 0xEE, 0xD6, 0xEE, 0x82, 0xD7, 0xEE, 0x82, 0xF7, 0xEE, 0x81, 0x17, 0xF7, 0x81, 0xF7, 0xEE,
    0x85, 0xF7, 0xF6, 0x08, 0x17, 0xF7, 0x18, 0xF7, 0xF8, 0xF6, 0xF7, 0xF6, 0xF8, 0xF6, 0x18, 0xF7,
    0x39, 0xF7, 0x19, 0xF7, 0xF8, 0xF6, 0x81, 0xF7, 0xF6, 0x00, 0xF8, 0xF6, 0x83, 0xF7, 0xF6, 0x01,
    0xD7, 0xF6, 0xD6, 0xEE, 0x81, 0xB6, 0xEE, 0x01, 0xB5, 0xEE, 0xB6, 0xEE, 0x81, 0xD6, 0xEE, 0x81,
    0xD7, 0xEE, 0x82, 0xF7, 0xEE, 0x0D, 0x17, 0xEF, 0x17, 0xF7, 0xB7, 0xEE, 0x72, 0xBD, 0xC9, 0x62,
    0x22, 0x39, 0xA1, 0x59, 0x62, 0x82, 0xE2, 0x9A, 0x83, 0xBB, 0x62, 0xBB, 0xC7, 0xBB, 0x30, 0xD5,
    0xD7, 0xEE, 0x81, 0x17, 0xF7, 0x00, 0xF7, 0xEE, 0x81, 0xD7, 0xEE, 0x00, 0xF7, 0xF6, 0x88, 0x18,
    0xF7, 0x82, 0xF7, 0xF6, 0x00, 0xF7, 0xEE, 0x81, 0xF7, 0xF6, 0x81, 0xF7, 0xEE, 0x82, 0xD6, 0xEE,
    0x81, 0xB6, 0xEE, 0x83, 0xD6, 0xEE, 0x02, 0xF7, 0xEE, 0xF8, 0xF6, 0x17, 0xF7, 0x81, 0xF7, 0xEE,
    0x01, 0x18, 0xF7, 0xF8, 0xF6, 0x81, 0x17, 0xF7, 0x00, 0xF7, 0xF6, 0x81, 0xD7, 0xEE, 0x01, 0xF7,
    0xEE, 0xF8, 0xF6, 0x87, 0x18, 0xF7, 0x85, 0xF7, 0xF6, 0x81, 0xF7, 0xEE, 0x00, 0xD7, 0xEE, 0x82,
    0xD6, 0xEE, 0x00, 0xB6, 0xEE, 0x83, 0xD6, 0xEE, 0x81, 0xF7, 0xEE, 0x00, 0xF8, 0xF6, 0x82, 0xF7,
    0xEE, 0x01, 0xF8, 0xF6, 0x18, 0xF7, 0x81, 0x17, 0xF7, 0x00, 0xF7, 0xEE, 0x81, 0xD7, 0xEE, 0x00,
    0xF7, 0xF6, 0x87, 0x18, 0xF7, 0x00, 0xF8, 0xF6, 0x82, 0xF7, 0xF6, 0x00, 0xF7, 0xEE, 0x81, 0xF7,
    0xF6, 0x01, 0xF7, 0xEE, 0xD7, 0xEE, 0x82, 0xD6, 0xEE, 0x81, 0xB6, 0xEE, 0x82, 0xD6, 0xEE, 0x03,
    0xD7, 0xEE, 0xF7, 0xEE, 0xF8, 0xF6, 0xF7, 0xF6, 0x81, 0xF7, 0xEE, 0x0C, 0xD7, 0xEE, 0x15, 0xD6,
    0xEA, 0x6A, 0x01, 0x31, 0x81, 0x51, 0x42, 0x7A, 0xE2, 0x9A, 0x63, 0xB3, 0x41, 0xB3, 0x09, 0xC4,
    0xD2, 0xDD, 0xF8, 0xF6, 0x18, 0xF7, 0x82, 0xF7, 0xEE, 0x81, 0xF7, 0xF6, 0x83, 0x18, 0xF7, 0x01,
    0xF8, 0xF6, 0x18, 0xF7, 0x81, 0xF8, 0xF6, 0x00, 0xF7, 0xF6, 0x81, 0xF7, 0xEE, 0x00, 0xD7, 0xEE,
    0x82, 0xF7, 0xF6, 0x82, 0xF7, 0xEE, 0x01, 0xF7, 0xF6, 0xD7, 0xF6, 0x81, 0xD7, 0xEE, 0x81, 0xF7,
    0xEE, 0x81, 0xD6, 0xEE, 0x02, 0xF7, 0xEE, 0xF8, 0xF6, 0xF7, 0xEE, 0x81, 0xF8, 0xF6, 0x82, 0x18,
    0xF7, 0x00, 0xF7, 0xF6, 0x82, 0xF7, 0xEE, 0x00, 0xF7, 0xF6, 0x87, 0x18, 0xF7, 0x00, 0xF8, 0xF6,
    0x81, 0xF7, 0xEE, 0x01, 0xD7, 0xEE, 0xD7, 0xF6, 0x82, 0xF7, 0xF6, 0x81, 0xF7, 0xEE, 0x81, 0xF7,
    0xF6, 0x82, 0xD7, 0xEE, 0x06, 0xF7, 0xEE, 0xD7, 0xEE, 0xD6, 0xEE, 0xD7, 0xEE, 0xF8, 0xF6, 0xF7,
    0xEE, 0xF8, 0xEE, 0x83, 0x18, 0xF7, 0x01, 0xF8, 0xF6, 0xF7, 0xF6, 0x81, 0xF7, 0xEE, 0x81, 0xF7,
    0xF6, 0x85, 0x18, 0xF7, 0x05, 0xF8, 0xF6, 0x18, 0xF7, 0xF7, 0xEE, 0xF7, 0xF6, 0xF7, 0xEE, 0xD7,
    0xEE, 0x82, 0xF7, 0xF6, 0x81, 0xF7, 0xEE, 0x81, 0xF7, 0xF6, 0x82, 0xD7, 0xEE, 0x81, 0xF7, 0xEE,
    0x12, 0xD6, 0xEE, 0xD7, 0xEE, 0xF7, 0xEE, 0xF8, 0xF6, 0xF7, 0xEE, 0x18, 0xF7, 0xF7, 0xEE, 0x55,
    0xDE, 0xCD, 0x83, 0x85, 0x39, 0xC0, 0x28, 0x61, 0x49, 0x21, 0x72, 0xE2, 0x9A, 0x63, 0xB3, 0x40,
    0xB3, 0x4B, 0xC4, 0x34, 0xE6, 0xD7, 0xEE, 0x81, 0xF8, 0xF6, 0x81, 0xF7, 0xF6, 0x01, 0x18, 0xF7,
    0xF8, 0xF6, 0x83, 0x18, 0xF7, 0x04, 0xF7, 0xEE, 0xF8, 0xF6, 0x18, 0xF7, 0xF7, 0xF6, 0xF7, 0xEE,
    0x81, 0xF7, 0xF6, 0x84, 0xD7, 0xF6, 0x83, 0xF7, 0xF6, 0x01, 0xF7, 0xEE, 0xD7, 0xEE, 0x81, 0xF7,
    0xEE, 0x81, 0xD7, 0xEE, 0x00, 0xF7, 0xF6, 0x82, 0xF7, 0xEE, 0x81, 0xF7, 0xF6, 0x01, 0x17, 0xF7,
    0x18, 0xF7, 0x81, 0xF8, 0xF6, 0x03, 0xF7, 0xEE, 0x17, 0xF7, 0x18, 0xF7, 0xF7, 0xF6, 0x82, 0x18,
    0xF7, 0x03, 0x18, 0xEF, 0xF8, 0xEE, 0x18, 0xF7, 0x17, 0xF7, 0x81, 0xF7, 0xEE, 0x00, 0xF7, 0xF6,
    0x84, 0xD7, 0xF6, 0x84, 0xF7, 0xF6, 0x06, 0xD7, 0xEE, 0xF7, 0xEE, 0xF7, 0xF6, 0xF7, 0xEE, 0xD6,
    0xEE, 0xD7, 0xEE, 0xF7, 0xF6, 0x81, 0xF7, 0xEE, 0x82, 0xF7, 0xF6, 0x00, 0x18, 0xF7, 0x81, 0xF8,
    0xF6, 0x03, 0xF7, 0xEE, 0xF7, 0xF6, 0x18, 0xF7, 0xF7, 0xF6, 0x83, 0x18, 0xF7, 0x00, 0xF8, 0xEE,
    0x81, 0x18, 0xF7, 0x01, 0xF7, 0xF6, 0xF7, 0xEE, 0x81, 0xF7, 0xF6, 0x84, 0xD7, 0xF6, 0x83, 0xF7,
    0xF6, 0x81, 0xD7, 0xEE, 0x01, 0xF7, 0xF6, 0xF7, 0xEE, 0x81, 0xD7, 0xEE, 0x00, 0xF7, 0xF6, 0x81,
    0xF7, 0xEE, 0x81, 0xF7, 0xF6, 0x0D, 0xB7, 0xE6, 0xB3, 0xC5, 0xEA, 0x62, 0x22, 0x31, 0x81, 0x51,
    0x41, 0x7A, 0xE2, 0x9A, 0x63, 0xB3, 0x42, 0xB3, 0xA6, 0xB3, 0xCD, 0xC4, 0xF3, 0xDD, 0xF7, 0xEE,
    0xF8, 0xF6, 0x83, 0xF7, 0xF6, 0x83, 0x18, 0xF7, 0x02, 0xF7, 0xEE, 0xF8, 0xEE, 0xF8, 0xF6, 0x81,
    0xF7, 0xEE, 0x81, 0xF7, 0xF6, 0x84, 0xD7, 0xF6, 0x03, 0xF7, 0xF6, 0xF7, 0xEE, 0xD7, 0xEE, 0xF7,
    0xF6, 0x82, 0xD7, 0xEE, 0x00, 0xF7, 0xEE, 0x81, 0xD7, 0xEE, 0x81, 0xF7, 0xEE, 0x81, 0xD7, 0xEE,
    0x82, 0xF7, 0xF6, 0x81, 0xF8, 0xF6, 0x84, 0xF7, 0xF6, 0x82, 0x18, 0xF7, 0x02, 0x18, 0xEF, 0xF8,
    0xEE, 0xF8, 0xF6, 0x82, 0xF7, 0xEE, 0x00, 0xF7, 0xF6, 0x84, 0xD7, 0xF6, 0x84, 0xF7, 0xF6, 0x81,
    0xD7, 0xEE, 0x04, 0xF7, 0xEE, 0xD7, 0xEE, 0xD6, 0xEE, 0xF7, 0xEE, 0xF7, 0xF6, 0x81, 0xD7, 0xEE,
    0x82, 0xF7, 0xF6, 0x81, 0xF8, 0xF6, 0x00, 0x18, 0xF7, 0x83, 0xF7, 0xF6, 0x83, 0x18, 0xF7, 0x04,
    0xF7, 0xEE, 0xF8, 0xEE, 0xF8, 0xF6, 0xD7, 0xEE, 0xF7, 0xEE, 0x81, 0xF7, 0xF6, 0x84, 0xD7, 0xF6,
    0x81, 0xF7, 0xF6, 0x01, 0xD7, 0xEE, 0xF7, 0xF6, 0x81, 0xD7, 0xEE, 0x00, 0xF7, 0xEE, 0x82, 0xD7,
    0xEE, 0x01, 0xF7, 0xF6, 0xF7, 0xEE, 0x81, 0xD7, 0xEE, 0x0C, 0xF7, 0xF6, 0xD7, 0xEE, 0x14, 0xD6,
    0x2A, 0x6B, 0x42, 0x39, 0xA1, 0x59, 0x62, 0x82, 0x02, 0xA3, 0x63, 0xBB, 0x62, 0xBB, 0xA6, 0xBB,
    0xCE, 0xCC, 0x75, 0xE6, 0x81, 0xF7, 0xEE, 0x83, 0xF7, 0xF6, 0x06, 0xF8, 0xF6, 0x18, 0xF7, 0x18,
    0xEF, 0xF7, 0xEE, 0x17, 0xEF, 0x18, 0xF7, 0xF8, 0xEE, 0x81, 0xD7, 0xEE, 0x00, 0xF7, 0xEE, 0x83,
    0xD7, 0xF6, 0x81, 0xF7, 0xF6, 0x00, 0xD7, 0xEE, 0x81, 0xD6, 0xEE, 0x86, 0xD7, 0xEE, 0x81, 0xF7,
    0xEE, 0x05, 0xD6, 0xEE, 0xF7, 0xEE, 0xF7, 0xF6, 0xD7, 0xEE, 0xF7, 0xF6, 0xF8, 0xF6, 0x81, 0xF7,
    0xEE, 0x82, 0xF7, 0xF6, 0x00, 0xF8, 0xF6, 0x81, 0x18, 0xF7, 0x03, 0xF7, 0xEE, 0x17, 0xEF, 0x18,
    0xF7, 0xF8, 0xF6, 0x81, 0xD7, 0xEE, 0x01, 0xF7, 0xEE, 0xD7, 0xEE, 0x83, 0xD7, 0xF6, 0x81, 0xF7,
    0xF6, 0x01, 0xD7, 0xEE, 0xD6, 0xEE, 0x86, 0xD7, 0xEE, 0x81, 0xF7, 0xEE, 0x81, 0xD7, 0xEE, 0x05,
    0xF7, 0xF6, 0xD6, 0xEE, 0xF7, 0xEE, 0xF8, 0xF6, 0x18, 0xF7, 0xF7, 0xEE, 0x83, 0xF7, 0xF6, 0x01,
    0xF8, 0xF6, 0x18, 0xF7, 0x81, 0xF7, 0xEE, 0x01, 0x17, 0xEF, 0xF8, 0xF6, 0x81, 0xD7, 0xEE, 0x81,
    0xF7, 0xEE, 0x83, 0xD7, 0xF6, 0x81, 0xF7, 0xF6, 0x00, 0xF7, 0xEE, 0x81, 0xD6, 0xEE, 0x00, 0xF7,
    0xEE, 0x85, 0xD7, 0xEE, 0x00, 0xF7, 0xEE, 0x81, 0xD7, 0xEE, 0x0F, 0xF7, 0xF6, 0xD6, 0xEE, 0xF4,
    0xCD, 0x2E, 0x94, 0xE6, 0x41, 0x01, 0x31, 0xA1, 0x59, 0x62, 0x82, 0x02, 0xA3, 0x63, 0xBB, 0x61,
    0xBB, 0xE7, 0xBB, 0x71, 0xD5, 0xF8, 0xF6, 0x18, 0xF7, 0xF7, 0xEE, 0x81, 0xD7, 0xEE, 0x00, 0xF7,
    0xF6, 0x81, 0xF8, 0xF6, 0x82, 0xF7, 0xEE, 0x05, 0xF7, 0xF6, 0x18, 0xF7, 0xF7, 0xF6, 0xD7, 0xEE,
    0xD7, 0xF6, 0xF7, 0xF6, 0x81, 0xD7, 0xF6, 0x83, 0xF7, 0xF6, 0x02, 0xD7, 0xEE, 0xD6, 0xEE, 0xF7,
    0xEE, 0x81, 0xD6, 0xEE, 0x81, 0xF7, 0xEE, 0x02, 0xD7, 0xEE, 0xF7, 0xEE, 0xF7, 0xF6, 0x81, 0xF7,
    0xEE, 0x00, 0xD7, 0xEE, 0x81, 0xF7, 0xF6, 0x02, 0xD6, 0xEE, 0xF7, 0xF6, 0x18, 0xF7, 0x81, 0xF7,
    0xEE, 0x01, 0xD7, 0xEE, 0xD7, 0xF6, 0x81, 0xF8, 0xF6, 0x83, 0xF7, 0xEE, 0x03, 0x18, 0xF7, 0xF8,
    0xF6, 0xD7, 0xF6, 0xD7, 0xEE, 0x81, 0xF7, 0xF6, 0x00, 0xD7, 0xF6, 0x84, 0xF7, 0xF6, 0x03, 0xD7,
    0xEE, 0xF7, 0xF6, 0xF7, 0xEE, 0xD6, 0xEE, 0x81, 0xF7, 0xEE, 0x02, 0xD7, 0xEE, 0xF7, 0xEE, 0xF7,
    0xF6, 0x81, 0xF7, 0xEE, 0x00, 0xD7, 0xEE, 0x81, 0xF7, 0xF6, 0x04, 0xD6, 0xEE, 0xD7, 0xEE, 0xF8,
    0xF6, 0x18, 0xF7, 0xF7, 0xEE, 0x81, 0xD7, 0xEE, 0x02, 0xF7, 0xF6, 0xF8, 0xF6, 0xF7, 0xF6, 0x82,
    0xF7, 0xEE, 0x05, 0xF7, 0xF6, 0x18, 0xF7, 0xF7, 0xF6, 0xD7, 0xEE, 0xD7, 0xF6, 0xF7, 0xF6, 0x81,
    0xD7, 0xF6, 0x83, 0xF7, 0xF6, 0x04, 0xD7, 0xEE, 0xD6, 0xEE, 0xF7, 0xF6, 0xD6, 0xEE, 0xF6, 0xEE,
    0x81, 0xF7, 0xEE, 0x00, 0xD7, 0xEE, 0x83, 0xF7, 0xEE, 0x0D, 0xD7, 0xEE, 0xF7, 0xF6, 0xB6, 0xEE,
    0xF1, 0xAC, 0x27, 0x4A, 0x80, 0x18, 0x00, 0x31, 0xC1, 0x59, 0x62, 0x82, 0x02, 0xA3, 0x42, 0xB3,
    0xA6, 0xBB, 0xCD, 0xCC, 0x34, 0xE6, 0x81, 0xF8, 0xF6, 0x00, 0xF7, 0xEE, 0x81, 0xD7, 0xEE, 0x82,
    0xF7, 0xF6, 0x00, 0xF8, 0xF6, 0x81, 0xF7, 0xF6, 0x01, 0xF7, 0xEE, 0xF7, 0xF6, 0x82, 0xD7, 0xF6,
    0x00, 0xF7, 0xF6, 0x81, 0xD7, 0xF6, 0x86, 0xF7, 0xF6, 0x85, 0xF7, 0xEE, 0x00, 0xF8, 0xF6, 0x81,
    0xF7, 0xEE, 0x82, 0xF7, 0xF6, 0x02, 0xD7, 0xEE, 0xF7, 0xF6, 0xF8, 0xF6, 0x81, 0xF7, 0xEE, 0x81,
    0xD7, 0xEE, 0x81, 0xF7, 0xF6, 0x00, 0xF8, 0xF6, 0x81, 0xF7, 0xF6, 0x81, 0xF7, 0xEE, 0x00, 0xF7,
    0xF6, 0x81, 0xD7, 0xF6, 0x81, 0xF7, 0xF6, 0x00, 0xD7, 0xF6, 0x87, 0xF7, 0xF6, 0x84, 0xF7, 0xEE,
    0x01, 0xF8, 0xF6, 0x18, 0xF7, 0x81, 0xF7, 0xEE, 0x81, 0xF7, 0xF6, 0x01, 0xD7, 0xF6, 0xF7, 0xF6,
    0x81, 0xF8, 0xF6, 0x00, 0xF7, 0xEE, 0x81, 0xD7, 0xEE, 0x81, 0xF7, 0xF6, 0x00, 0xF8, 0xF6, 0x81,
    0xF7, 0xF6, 0x81, 0xF7, 0xEE, 0x00, 0xF7, 0xF6, 0x82, 0xD7, 0xF6, 0x01, 0xF7, 0xF6, 0xD7, 0xF6,
    0x88, 0xF7, 0xF6, 0x84, 0xF7, 0xEE, 0x00, 0xF8, 0xF6, 0x81, 0xF7, 0xEE, 0x81, 0xF7, 0xF6, 0x0A,
    0xD6, 0xEE, 0xF4, 0xCD, 0xB0, 0xA4, 0x67, 0x52, 0x42, 0x41, 0xE1, 0x61, 0xA2, 0x8A, 0x22, 0xAB,
    0x41, 0xB3, 0x4A, 0xC4, 0xF3, 0xDD, 0x81, 0xF7, 0xF6, 0x81, 0xF7, 0xEE, 0x01, 0xD6, 0xEE, 0xF6,
    0xEE, 0x84, 0xF7, 0xF6, 0x00, 0xD7, 0xF6, 0x81, 0xD7, 0xEE, 0x81, 0xD7, 0xF6, 0x02, 0xD6, 0xF6,
    0xD6, 0xEE, 0xD6, 0xF6, 0x85, 0xF7, 0xF6, 0x01, 0xF8, 0xF6, 0x18, 0xF7, 0x81, 0xF7, 0xF6, 0x83,
    0xF7, 0xEE, 0x00, 0xF8, 0xF6, 0x81, 0xF7, 0xEE, 0x02, 0xF7, 0xF6, 0xD7, 0xEE, 0xD6, 0xEE, 0x81,
    0xF7, 0xF6, 0x81, 0xF7, 0xEE, 0x81, 0xD6, 0xEE, 0x84, 0xF7, 0xF6, 0x00, 0xD7, 0xF6, 0x82, 0xD7,
    0xEE, 0x00, 0xD7, 0xF6, 0x81, 0xD6, 0xF6, 0x01, 0xD6, 0xEE, 0xD6, 0xF6, 0x82, 0xF7, 0xF6, 0x00,
    0xD7, 0xF6, 0x81, 0xF7, 0xF6, 0x00, 0x18, 0xF7, 0x81, 0xF7, 0xF6, 0x83, 0xF7, 0xEE, 0x07, 0xF7,
    0xF6, 0x18, 0xF7, 0xF7, 0xEE, 0x17, 0xF7, 0xF7, 0xEE, 0xD6, 0xEE, 0xD7, 0xEE, 0xF7, 0xF6, 0x82,
    0xF7, 0xEE, 0x01, 0xD6, 0xEE, 0xF6, 0xF6, 0x84, 0xF7, 0xF6, 0x00, 0xD7, 0xF6, 0x81, 0xD7, 0xEE,
    0x81, 0xD7, 0xF6, 0x02, 0xD6, 0xF6, 0xD6, 0xEE, 0xD6, 0xF6, 0x85, 0xF7, 0xF6, 0x81, 0xF8, 0xF6,
    0x00, 0xF7, 0xF6, 0x84, 0xF7, 0xEE, 0x01, 0xF8, 0xF6, 0xF7, 0xEE, 0x81, 0xF7, 0xF6, 0x0C, 0xD7,
    0xEE, 0xB6, 0xEE, 0x14, 0xD6, 0x31, 0xB5, 0xC9, 0x62, 0x62, 0x41, 0xE1, 0x61, 0xA2, 0x8A, 0x22,
    0xAB, 0x61, 0xBB, 0x4A, 0xC4, 0xF3, 0xDD, 0xF7, 0xF6, 0x82, 0xF7, 0xEE, 0x83, 0xF6, 0xF6, 0x01,
    0xD7, 0xF6, 0xD7, 0xEE, 0x83, 0xD7, 0xF6, 0x81, 0xD6, 0xEE, 0x00, 0xD6, 0xF6, 0x81, 0xF6, 0xF6,
    0x81, 0xF7, 0xF6, 0x02, 0x96, 0xE6, 0x55, 0xDE, 0xD7, 0xEE, 0x82, 0xF7, 0xF6, 0x02, 0xB6, 0xE6,
    0xD7, 0xEE, 0xF7, 0xF6, 0x84, 0xF7, 0xEE, 0x81, 0xF7, 0xF6, 0x81, 0xD7, 0xEE, 0x83, 0xF7, 0xEE,
    0x00, 0xF7, 0xF6, 0x83, 0xF6, 0xF6, 0x00, 0xD7, 0xEE, 0x83, 0xD7, 0xF6, 0x00, 0xF7, 0xF6, 0x81,
    0xD6, 0xF6, 0x81, 0xF6, 0xF6, 0x82, 0xF7, 0xF6, 0x81, 0xD7, 0xF6, 0x81, 0xF7, 0xF6, 0x00, 0x18,
    0xF7, 0x81, 0xF7, 0xF6, 0x83, 0xF7, 0xEE, 0x00, 0xF7, 0xF6, 0x81, 0xF7, 0xEE, 0x00, 0xF8, 0xF6,
    0x81, 0xD7, 0xEE, 0x04, 0xF7, 0xEE, 0xF7, 0xF6, 0xF7, 0xEE, 0xD7, 0xEE, 0xF7, 0xEE, 0x83, 0xF6,
    0xF6, 0x81, 0xD7, 0xEE, 0x82, 0xD7, 0xF6, 0x05, 0xF7, 0xF6, 0xF6, 0xF6, 0xD6, 0xF6, 0xF6, 0xF6,
    0xF6, 0xEE, 0xF6, 0xF6, 0x81, 0xF7, 0xF6, 0x82, 0xD7, 0xF6, 0x02, 0xF7, 0xF6, 0xF8, 0xF6, 0x18,
    0xF7, 0x82, 0xF7, 0xF6, 0x82, 0xF7, 0xEE, 0x01, 0xF7, 0xF6, 0xF7, 0xEE, 0x81, 0xF7, 0xF6, 0x0E,
    0xD7, 0xEE, 0x55, 0xDE, 0x2A, 0x73, 0x23, 0x29, 0xC0, 0x28, 0x61, 0x49, 0x01, 0x6A, 0xA2, 0x92,
    0x22, 0xAB, 0x82, 0xC3, 0xE6, 0xC3, 0x2E, 0xD5, 0x75, 0xE6, 0x95, 0xE6, 0x96, 0xE6, 0x81, 0xF7,
    0xF6, 0x12, 0xF6, 0xF6, 0xF6, 0xEE, 0xF6, 0xF6, 0xD6, 0xEE, 0x76, 0xE6, 0x96, 0xEE, 0xD7, 0xF6,
    0x76, 0xE6, 0x55, 0xDE, 0x14, 0xD6, 0x13, 0xD6, 0xB6, 0xEE, 0xF7, 0xF6, 0xD7, 0xEE, 0x96, 0xE6,
    0x55, 0xDE, 0x31, 0xB5, 0x6F, 0x9C, 0x15, 0xDE, 0x81, 0x35, 0xDE, 0x02, 0x14, 0xD6, 0x11, 0xB5,
    0xD3, 0xCD, 0x81, 0x76, 0xE6, 0x81, 0x34, 0xD6, 0x00, 0x96, 0xE6, 0x82, 0xF7, 0xF6, 0x01, 0x76,
    0xE6, 0xB7, 0xEE, 0x81, 0xF7, 0xEE, 0x81, 0xD7, 0xEE, 0x00, 0xB6, 0xEE, 0x82, 0xD6, 0xEE, 0x83,
    0xF7, 0xF6, 0x04, 0xD7, 0xF6, 0xF7, 0xF6, 0x17, 0xF7, 0xF6, 0xF6, 0xD6, 0xEE, 0x83, 0xF7, 0xF6,
    0x02, 0xD7, 0xF6, 0xD6, 0xF6, 0xD7, 0xF6, 0x81, 0xF7, 0xF6, 0x01, 0x18, 0xF7, 0x17, 0xF7, 0x82,
    0xF7, 0xF6, 0x81, 0xF7, 0xEE, 0x82, 0xF7, 0xF6, 0x00, 0xF8, 0xF6, 0x82, 0xF7, 0xF6, 0x02, 0xD7,
    0xEE, 0xB6, 0xE6, 0xF7, 0xEE, 0x81, 0x17, 0xF7, 0x01, 0xF6, 0xF6, 0xD6, 0xEE, 0x81, 0xB6, 0xEE,
    0x05, 0xD7, 0xEE, 0xF7, 0xF6, 0xD7, 0xF6, 0x96, 0xEE, 0xB6, 0xEE, 0xF6, 0xF6, 0x81, 0xD6, 0xEE,
    0x00, 0x95, 0xE6, 0x81, 0xF7, 0xF6, 0x81, 0xB6, 0xEE, 0x00, 0xD7, 0xF6, 0x81, 0xF7, 0xF6, 0x81,
    0x18, 0xF7, 0x83, 0xF7, 0xF6, 0x00, 0xF7, 0xEE, 0x85, 0xF7, 0xF6, 0x07, 0x55, 0xDE, 0xC5, 0x41,
    0x80, 0x18, 0xE0, 0x30, 0xA1, 0x51, 0x62, 0x7A, 0x02, 0xA3, 0x63, 0xB3, 0x81, 0x83, 0xBB, 0x06,
    0xA6, 0xBB, 0x09, 0xB4, 0x2B, 0xAC, 0xCF, 0xB4, 0x55, 0xDE, 0x75, 0xE6, 0x96, 0xE6, 0x81, 0xB6,
    0xEE, 0x26, 0xD3, 0xCD, 0xED, 0x8B, 0xB0, 0xA4, 0x55, 0xDE, 0x8F, 0xA4, 0x68, 0x52, 0xC5, 0x41,
    0x88, 0x52, 0xD3, 0xCD, 0x75, 0xE6, 0xF4, 0xD5, 0x6F, 0x9C, 0xA9, 0x62, 0xC5, 0x39, 0xC6, 0x41,
    0xC9, 0x62, 0x47, 0x52, 0x27, 0x4A, 0xC5, 0x41, 0x64, 0x31, 0x88, 0x5A, 0x2E, 0x94, 0xCC, 0x8B,
    0x47, 0x52, 0x2A, 0x6B, 0x52, 0xB5, 0x96, 0xE6, 0x76, 0xE6, 0x15, 0xD6, 0x0D, 0x8C, 0xB3, 0xC5,
    0x96, 0xE6, 0x97, 0xE6, 0x15, 0xD6, 0x31, 0xB5, 0xAF, 0xA4, 0x92, 0xC5, 0xB6, 0xE6, 0xF7, 0xF6,
    0x81, 0x17, 0xF7, 0x02, 0xB7, 0xEE, 0x96, 0xE6, 0x76, 0xE6, 0x81, 0xB6, 0xEE, 0x02, 0x96, 0xE6,
    0x75, 0xE6, 0xB6, 0xEE, 0x82, 0xF7, 0xF6, 0x81, 0xB6, 0xEE, 0x03, 0xD7, 0xF6, 0xF7, 0xF6, 0xD7,
    0xEE, 0xF7, 0xEE, 0x81, 0xF7, 0xF6, 0x81, 0xF8, 0xF6, 0x00, 0xD7, 0xEE, 0x81, 0x17, 0xF7, 0x09,
    0x18, 0xF7, 0xD7, 0xEE, 0xB7, 0xEE, 0xB6, 0xEE, 0xF7, 0xF6, 0x18, 0xF7, 0x15, 0xD6, 0x52, 0xB5,
    0xB7, 0xE6, 0xD7, 0xEE, 0x81, 0xD6, 0xEE, 0x11, 0xB6, 0xEE, 0xF3, 0xCD, 0x52, 0xBD, 0x35, 0xD6,
    0xB6, 0xEE, 0x14, 0xD6, 0xD0, 0xAC, 0x4E, 0x94, 0x14, 0xD6, 0xD7, 0xEE, 0x55, 0xDE, 0x8F, 0xA4,
    0x35, 0xDE, 0x55, 0xE6, 0x92, 0xC5, 0x13, 0xD6, 0xB6, 0xEE, 0xD7, 0xF6, 0x81, 0xD7, 0xEE, 0x81,
    0xF7, 0xF6, 0x81, 0xD7, 0xEE, 0x02, 0xF8, 0xF6, 0x18, 0xF7, 0x17, 0xF7, 0x82, 0xF7, 0xF6, 0x0A,
    0xD7, 0xEE, 0xF7, 0xF6, 0x76, 0xDE, 0xC5, 0x41, 0xA0, 0x20, 0x21, 0x39, 0xC1, 0x61, 0x62, 0x82,
    0x02, 0xA3, 0x62, 0xB3, 0xA3, 0xC3, 0x81, 0x83, 0xBB, 0x17, 0x43, 0xAB, 0xC4, 0x92, 0x85, 0x7A,
    0xA7, 0x6A, 0x88, 0x62, 0x8B, 0x7B, 0xED, 0x8B, 0x8C, 0x7B, 0x88, 0x5A, 0x03, 0x29, 0x27, 0x4A,
    0x2A, 0x6B, 0xA5, 0x39, 0xA1, 0x20, 0x80, 0x18, 0xE1, 0x28, 0x26, 0x52, 0x67, 0x5A, 0x06, 0x52,
    0x84, 0x39, 0xE1, 0x28, 0xA0, 0x20, 0xC1, 0x20, 0x02, 0x31, 0x81, 0x01, 0x31, 0x81, 0xE0, 0x30,
    0x25, 0x21, 0x31, 0xA4, 0x41, 0x63, 0x41, 0x01, 0x31, 0x22, 0x31, 0x27, 0x52, 0xE9, 0x6A, 0x67,
    0x5A, 0x27, 0x52, 0x64, 0x31, 0x27, 0x4A, 0x2B, 0x73, 0x0A, 0x6B, 0x47, 0x52, 0xA5, 0x39, 0x44,
    0x31, 0x2A, 0x73, 0x72, 0xBD, 0xB6, 0xEE, 0xB6, 0xE6, 0x55, 0xD6, 0x4E, 0x94, 0xE9, 0x62, 0x68,
    0x52, 0x4E, 0x94, 0x31, 0xB5, 0x4E, 0x94, 0x0A, 0x6B, 0xF0, 0xAC, 0xB6, 0xEE, 0xD7, 0xEE, 0xB6,
    0xEE, 0xB2, 0xCD, 0xF4, 0xD5, 0xB6, 0xEE, 0xD7, 0xEE, 0xD4, 0xCD, 0x35, 0xD6, 0x82, 0xD7, 0xEE,
    0x0D, 0x96, 0xE6, 0xF4, 0xCD, 0xB6, 0xE6, 0xD7, 0xEE, 0x96, 0xE6, 0x52, 0xBD, 0x2E, 0x94, 0xCD,
    0x8B, 0xB3, 0xC5, 0x76, 0xDE, 0xD0, 0xA4, 0x88, 0x5A, 0x2E, 0x94, 0x10, 0xB5, 0x81, 0x31, 0xBD,
    0x27, 0xF0, 0xB4, 0x4A, 0x73, 0x68, 0x52, 0x4B, 0x73, 0x2A, 0x73, 0x27, 0x52, 0x84, 0x39, 0x06,
    0x4A, 0xAF, 0xA4, 0x76, 0xE6, 0xD0, 0xA4, 0x47, 0x52, 0x6B, 0x7B, 0x4B, 0x73, 0x27, 0x52, 0x8B,
    0x7B, 0xD3, 0xCD, 0x76, 0xE6, 0xB3, 0xC5, 0x92, 0xC5, 0xB6, 0xEE, 0x96, 0xE6, 0x52, 0xBD, 0xB3,
    0xC5, 0x96, 0xE6, 0xD7, 0xEE, 0xF7, 0xF6, 0x55, 0xDE, 0x35, 0xD6, 0x14, 0xD6, 0x31, 0xB5, 0x92,
    0xC5, 0xD3, 0xCD, 0xA5, 0x39, 0xE0, 0x30, 0x81, 0x51, 0x21, 0x72, 0xC2, 0x92, 0x42, 0xAB, 0x63,
    0xBB, 0x81, 0xE3, 0xCB, 0x18, 0xA3, 0xC3, 0x62, 0xB3, 0x02, 0xA3, 0x82, 0x82, 0x01, 0x6A, 0x81,
    0x51, 0xA3, 0x49, 0xA4, 0x49, 0x63, 0x39, 0xE2, 0x28, 0xA0, 0x20, 0x02, 0x31, 0x43, 0x39, 0x00,
    0x39, 0x20, 0x39, 0x21, 0x41, 0x41, 0x41, 0x61, 0x49, 0x80, 0x51, 0x60, 0x49, 0x40, 0x41, 0x20,
    0x41, 0x41, 0x41, 0x61, 0x49, 0x81, 0x51, 0x86, 0xC1, 0x59, 0x00, 0xA1, 0x59, 0x81, 0x81, 0x51,
    0x07, 0x82, 0x51, 0x40, 0x49, 0x20, 0x41, 0x00, 0x39, 0x00, 0x31, 0x43, 0x39, 0x22, 0x39, 0xE0,
    0x30, 0x81, 0xC0, 0x28, 0x01, 0x63, 0x39, 0x67, 0x5A, 0x81, 0xE9, 0x6A, 0x22, 0xA8, 0x5A, 0x85,
    0x39, 0xC1, 0x20, 0x80, 0x18, 0x06, 0x4A, 0x47, 0x52, 0xA5, 0x41, 0xE2, 0x28, 0xC9, 0x62, 0x6E,
    0x9C, 0x8F, 0xA4, 0x8B, 0x7B, 0x68, 0x5A, 0x6B, 0x7B, 0x72, 0xBD, 0x72, 0xC5, 0xAC, 0x83, 0x8F,
    0x9C, 0x92, 0xC5, 0x72, 0xBD, 0xB0, 0xA4, 0xAC, 0x83, 0xE9, 0x62, 0x2E, 0x94, 0x4E, 0x94, 0x2A,
    0x73, 0x27, 0x4A, 0x64, 0x31, 0x23, 0x29, 0x6B, 0x7B, 0xCC, 0x83, 0x68, 0x52, 0xC1, 0x20, 0x84,
    0x39, 0xE6, 0x49, 0x81, 0x06, 0x4A, 0x04, 0xE6, 0x49, 0x23, 0x29, 0xC1, 0x20, 0x43, 0x31, 0x22,
    0x31, 0x81, 0xC0, 0x28, 0x20, 0x01, 0x31, 0x06, 0x52, 0xE9, 0x6A, 0x06, 0x52, 0x02, 0x31, 0x63,
    0x39, 0x43, 0x31, 0xE1, 0x28, 0x63, 0x39, 0xC9, 0x6A, 0x6B, 0x7B, 0xC9, 0x62, 0x68, 0x5A, 0xAC,
    0x83, 0x2E, 0x94, 0xA8, 0x5A, 0x88, 0x5A, 0xAC, 0x7B, 0x31, 0xB5, 0x55, 0xDE, 0xD0, 0xAC, 0x2B,
    0x6B, 0x4B, 0x73, 0x06, 0x4A, 0x27, 0x52, 0x88, 0x5A, 0xE2, 0x28, 0x41, 0x41, 0x01, 0x6A, 0xC2,
    0x92, 0x42, 0xAB, 0xA3, 0xC3, 0xC3, 0xCB, 0x82, 0xE3, 0xCB, 0x07, 0xA3, 0xC3, 0x83, 0xBB, 0x22,
    0xA3, 0xA2, 0x92, 0x42, 0x7A, 0x01, 0x6A, 0xC1, 0x61, 0xA1, 0x59, 0x81, 0x81, 0x51, 0x09, 0xA1,
    0x51, 0xA1, 0x59, 0xC1, 0x61, 0xE1, 0x61, 0x01, 0x6A, 0x21, 0x72, 0x62, 0x7A, 0x62, 0x82, 0x42,
    0x7A, 0x21, 0x72, 0x81, 0x01, 0x6A, 0x03, 0x21, 0x72, 0x62, 0x7A, 0x82, 0x82, 0xA2, 0x8A, 0x81,
    0x82, 0x82, 0x82, 0xA2, 0x8A, 0x05, 0x82, 0x82, 0x62, 0x82, 0x62, 0x7A, 0x41, 0x7A, 0x21, 0x72,
    0x01, 0x6A, 0x82, 0xE1, 0x61, 0x00, 0xC1, 0x61, 0x83, 0xC1, 0x59, 0x10, 0xC0, 0x61, 0xA0, 0x59,
    0x60, 0x49, 0x00, 0x41, 0x00, 0x39, 0x00, 0x31, 0x20, 0x39, 0x41, 0x41, 0x61, 0x49, 0x60, 0x49,
    0x40, 0x41, 0x83, 0x49, 0x05, 0x52, 0x25, 0x52, 0x63, 0x39, 0xC0, 0x28, 0x43, 0x39, 0x81, 0x88,
    0x5A, 0x0F, 0x84, 0x39, 0x06, 0x4A, 0x88, 0x5A, 0x68, 0x5A, 0x06, 0x4A, 0x43, 0x31, 0xC1, 0x20,
    0xA5, 0x39, 0xC5, 0x41, 0xE1, 0x28, 0x80, 0x20, 0xA0, 0x28, 0xC0, 0x28, 0x83, 0x41, 0xA4, 0x41,
    0x42, 0x39, 0x82, 0x00, 0x39, 0x81, 0x20, 0x41, 0x81, 0x00, 0x39, 0x05, 0x20, 0x39, 0x40, 0x41,
    0x61, 0x49, 0x81, 0x51, 0xA1, 0x51, 0xA1, 0x59, 0x81, 0xA0, 0x59, 0x02, 0xA0, 0x51, 0x81, 0x51,
    0x60, 0x49, 0x81, 0x61, 0x49, 0x19, 0x60, 0x49, 0xA2, 0x51, 0xA3, 0x51, 0x62, 0x49, 0x21, 0x39,
    0x63, 0x41, 0xC5, 0x49, 0x02, 0x31, 0xC0, 0x28, 0x63, 0x39, 0x67, 0x5A, 0x2A, 0x73, 0x47, 0x52,
    0x02, 0x29, 0x23, 0x29, 0x60, 0x18, 0x80, 0x20, 0xA0, 0x28, 0xE0, 0x30, 0x81, 0x51, 0x41, 0x7A,
    0x02, 0x9B, 0x83, 0xBB, 0xC3, 0xCB, 0xE3, 0xCB, 0xC3, 0xC3, 0x81, 0xC3, 0xCB, 0x0B, 0xC3, 0xC3,
    0xA3, 0xC3, 0x62, 0xB3, 0x22, 0xAB, 0xE2, 0x9A, 0xC2, 0x92, 0xA2, 0x8A, 0x62, 0x82, 0x62, 0x7A,
    0x42, 0x7A, 0x62, 0x7A, 0x82, 0x82, 0x81, 0xA2, 0x8A, 0x01, 0xA2, 0x92, 0xE2, 0x9A, 0x81, 0x02,
    0xA3, 0x02, 0xE2, 0x9A, 0xC2, 0x92, 0xA2, 0x92, 0x81, 0xC2, 0x92, 0x01, 0x02, 0xA3, 0x22, 0xA3,
    0x81, 0x22, 0xAB, 0x82, 0x42, 0xAB, 0x00, 0x22, 0xAB, 0x81, 0x02, 0xA3, 0x00, 0x02, 0x9B, 0x81,
    0xE2, 0x9A, 0x00, 0xC2, 0x92, 0x81, 0xA2, 0x8A, 0x81, 0x82, 0x8A, 0x02, 0x82, 0x82, 0x62, 0x82,
    0x82, 0x82, 0x81, 0x82, 0x8A, 0x06, 0x82, 0x82, 0x42, 0x7A, 0x01, 0x6A, 0xC1, 0x61, 0xC1, 0x59,
    0xE1, 0x61, 0x01, 0x6A, 0x82, 0x21, 0x72, 0x0A, 0x01, 0x6A, 0xE1, 0x61, 0xC0, 0x61, 0xA1, 0x59,
    0x81, 0x51, 0x60, 0x49, 0x20, 0x49, 0x20, 0x41, 0x40, 0x41, 0x20, 0x41, 0xE0, 0x38, 0x81, 0xE0,
    0x30, 0x81, 0x00, 0x39, 0x01, 0x20, 0x39, 0x40, 0x41, 0x82, 0x61, 0x49, 0x02, 0x81, 0x51, 0xA0,
    0x59, 0xC1, 0x59, 0x82, 0xC1, 0x61, 0x00, 0xE1, 0x69, 0x82, 0x01, 0x6A, 0x05, 0xE1, 0x61, 0xE1,
    0x69, 0x01, 0x6A, 0x41, 0x72, 0x42, 0x7A, 0x62, 0x7A, 0x82, 0x62, 0x82, 0x81, 0x42, 0x7A, 0x81,
    0x21, 0x72, 0x81, 0x42, 0x7A, 0x09, 0x62, 0x7A, 0x41, 0x7A, 0x01, 0x72, 0xE1, 0x61, 0xA1, 0x59,
    0x80, 0x51, 0x81, 0x51, 0x61, 0x49, 0x60, 0x49, 0x40, 0x49, 0x81, 0x20, 0x41, 0x81, 0x20, 0x39,
    0x09, 0x41, 0x41, 0x61, 0x49, 0x81, 0x49, 0x41, 0x41, 0xC1, 0x59, 0x62, 0x82, 0x02, 0xA3, 0x83,
    0xBB, 0xC3, 0xC3, 0xC3, 0xCB, 0x84, 0xA3, 0xC3, 0x07, 0x83, 0xBB, 0x63, 0xBB, 0x42, 0xB3, 0x22,
    0xAB, 0x22, 0xA3, 0x02, 0xA3, 0xE2, 0x9A, 0x02, 0x9B, 0x81, 0x02, 0xA3, 0x00, 0x22, 0xA3, 0x81,
    0x22, 0xAB, 0x00, 0x42, 0xB3, 0x81, 0x63, 0xB3, 0x06, 0x42, 0xB3, 0x22, 0xAB, 0x22, 0xA3, 0x22,
    0xAB, 0x42, 0xAB, 0x63, 0xB3, 0x83, 0xBB, 0x81, 0x63, 0xBB, 0x84, 0x83, 0xBB, 0x00, 0x63, 0xB3,
    0x81, 0x62, 0xB3, 0x00, 0x42, 0xB3, 0x82, 0x22, 0xAB, 0x00, 0x22, 0xA3, 0x84, 0x02, 0xA3, 0x03,
    0x22, 0xA3, 0x02, 0xA3, 0xE2, 0x9A, 0xA2, 0x92, 0x82, 0x82, 0x8A, 0x01, 0xC2, 0x92, 0xE2, 0x9A,
    0x81, 0xC2, 0x92, 0x05, 0xA2, 0x8A, 0x82, 0x8A, 0x82, 0x82, 0x62, 0x82, 0x42, 0x7A, 0x41, 0x72,
    0x82, 0x21, 0x72, 0x01, 0x01, 0x6A, 0xE1, 0x69, 0x81, 0xE1, 0x61, 0x81, 0xC1, 0x61, 0x01, 0xE1,
    0x69, 0x01, 0x6A, 0x81, 0x21, 0x72, 0x81, 0x42, 0x7A, 0x00, 0x62, 0x82, 0x83, 0x82, 0x82, 0x00,
    0xA2, 0x8A, 0x81, 0xC2, 0x92, 0x82, 0xA2, 0x8A, 0x00, 0xC2, 0x92, 0x87, 0xE2, 0x9A, 0x81, 0xC2,
    0x92, 0x81, 0xE2, 0x9A, 0x05, 0x02, 0x9B, 0xE2, 0x9A, 0xC2, 0x92, 0xA2, 0x8A, 0x62, 0x82, 0x62,
    0x7A, 0x81, 0x42, 0x7A, 0x03, 0x21, 0x72, 0x41, 0x72, 0x21, 0x72, 0x01, 0x6A, 0x81, 0xE1, 0x61,
    0x00, 0x01, 0x6A, 0x81, 0x21, 0x72, 0x04, 0xA1, 0x59, 0x01, 0x72, 0xA2, 0x8A, 0x22, 0xAB, 0x83,
    0xBB, 0x81, 0xA3, 0xC3, 0x00, 0xE3, 0xCB, 0x81, 0xC3, 0xCB, 0x01, 0xE3, 0xCB, 0xC3, 0xCB, 0x81,
    0xA3, 0xC3, 0x02, 0x83, 0xBB, 0xA3, 0xBB, 0x83, 0xBB, 0x81, 0x63, 0xB3, 0x82, 0x83, 0xBB, 0x00,
    0xA3, 0xBB, 0x81, 0xA3, 0xC3, 0x81, 0xC3, 0xC3, 0x86, 0xA3, 0xC3, 0x83, 0xC3, 0xCB, 0x83, 0xE3,
    0xCB, 0x00, 0xC3, 0xCB, 0x81, 0xC3, 0xC3, 0x04, 0xA3, 0xC3, 0xC3, 0xC3, 0xA3, 0xC3, 0x83, 0xBB,
    0x63, 0xBB, 0x83, 0x83, 0xBB, 0x00, 0x63, 0xBB, 0x81, 0x83, 0xBB, 0x01, 0x63, 0xB3, 0x42, 0xB3,
    0x81, 0x42, 0xAB, 0x81, 0x62, 0xB3, 0x81, 0x63, 0xB3, 0x82, 0x62, 0xB3, 0x00, 0x22, 0xAB, 0x81,
    0x22, 0xA3, 0x82, 0x02, 0xA3, 0x00, 0x02, 0x9B, 0x82, 0xE2, 0x9A, 0x82, 0xC2, 0x92, 0x01, 0xE2,
    0x9A, 0x02, 0x9B, 0x81, 0x02, 0xA3, 0x02, 0xE2, 0x9A, 0x02, 0xA3, 0x22, 0xA3, 0x81, 0x22, 0xAB,
    0x81, 0x22, 0xA3, 0x00, 0x42, 0xAB, 0x82, 0x42, 0xB3, 0x02, 0x62, 0xB3, 0x63, 0xB3, 0x83, 0xB3,
    0x83, 0x83, 0xBB, 0x02, 0xA3, 0xC3, 0x83, 0xBB, 0x63, 0xBB, 0x81, 0x62, 0xB3, 0x85, 0x83, 0xBB,
    0x01, 0x62, 0xB3, 0x42, 0xAB, 0x81, 0x22, 0xAB, 0x82, 0x22, 0xA3, 0x04, 0xE2, 0x9A, 0xC2, 0x92,
    0xA2, 0x92, 0xC2, 0x92, 0xE2, 0x92, 0x81, 0xE2, 0x9A, 0x04, 0x82, 0x82, 0xC2, 0x92, 0x02, 0xA3,
    0x62, 0xB3, 0xA3, 0xC3, 0x81, 0xC3, 0xCB,
};
