// Generated from: roombackground.png by tools/png2rle565.py
// Format: RGB565_LE, run length encoded, draw with drawImageRLE() or drawImageRLETransparent()
// Original size: 128x128 = 32768 bytes, encoded: 29589 bytes

const uint16_t default_roombackground_width = 128;
const uint16_t default_roombackground_height = 128;

const uint8_t default_roombackground_rle[] PLATFORM_PROGMEM = {
    0x06, 0xE1, 0x90, 0xC1, 0x88, 0xC1, 0x78, 0xC1, 0x70, 0xC1, 0x88, 0xC1, 0x98, 0xC1, 0x70, 0x81,
    0xC2, 0x60, 0x00, 0xC2, 0x58, 0x82, 0xC2, 0x50, 0x82, 0xC2, 0x48, 0x81, 0xC2, 0x50, 0x0A, 0xC2,
    0x68, 0xC2, 0x60, 0xC2, 0x58, 0xC2, 0x60, 0xC2, 0x68, 0xC1, 0x70, 0xC1, 0x78, 0xC1, 0x80, 0xC1,
    0x88, 0xC1, 0x90, 0xC1, 0xA0, 0x81, 0xE1, 0xB0, 0x81, 0xE1, 0xB8, 0x02, 0xC1, 0xA8, 0xC1, 0x98,
    0xC1, 0xA0, 0x81, 0xC1, 0x98, 0x01, 0xC1, 0x90, 0xC1, 0x78, 0x81, 0xC1, 0x70, 0x03, 0xC1, 0x68,
    0xC2, 0x60, 0xC2, 0x58, 0xC1, 0x70, 0x81, 0xC1, 0x80, 0x02, 0xE1, 0xA0, 0xC1, 0x98, 0xC1, 0x88,
    0x81, 0xC2, 0x60, 0x81, 0xC2, 0x58, 0x81, 0xC2, 0x50, 0x82, 0xC2, 0x48, 0x82, 0xC2, 0x50, 0x01,
    0xC1, 0x80, 0xC2, 0x58, 0x81, 0xC2, 0x60, 0x0A, 0xC2, 0x68, 0xC1, 0x70, 0xC1, 0x78, 0xC1, 0x80,
    0xC1, 0x90, 0xC1, 0x98, 0xC1, 0xA8, 0xE1, 0xB0, 0xE1, 0xB8, 0xE0, 0xB8, 0xE1, 0xB0, 0x82, 0xC1,
    0xA0, 0x81, 0xC1, 0x98, 0x01, 0xC1, 0x88, 0xC2, 0x68, 0x81, 0xC1, 0x70, 0x02, 0xC2, 0x60, 0xC2,
    0x58, 0xC2, 0x60, 0x81, 0xC1, 0x80, 0x07, 0xC1, 0x90, 0xE1, 0xA0, 0xC1, 0x90, 0xC1, 0x80, 0xC2,
    0x60, 0xC1, 0x80, 0xE1, 0x90, 0xC1, 0x88, 0x81, 0xC1, 0x70, 0x03, 0xC1, 0x88, 0xC1, 0x98, 0xC2,
    0x70, 0xC2, 0x60, 0x81, 0xC2, 0x58, 0x81, 0xC2, 0x50, 0x83, 0xC2, 0x48, 0x81, 0xC2, 0x50, 0x00,
    0xC1, 0x70, 0x81, 0xC2, 0x58, 0x10, 0xC2, 0x60, 0xC2, 0x68, 0xC1, 0x70, 0xC1, 0x78, 0xC1, 0x80,
    0xC1, 0x88, 0xC1, 0x90, 0xC1, 0xA0, 0xE1, 0xB0, 0xC1, 0x90, 0xE1, 0x90, 0xE1, 0x88, 0xC1, 0x80,
    0xC1, 0x78, 0xC2, 0x68, 0xC1, 0x98, 0xC1, 0x88, 0x81, 0xC2, 0x58, 0x81, 0xC2, 0x50, 0x00, 0xC2,
    0x48, 0x81, 0xC2, 0x40, 0x82, 0xC2, 0x48, 0x00, 0xC2, 0x68, 0x81, 0xC2, 0x58, 0x09, 0xC2, 0x60,
    0xC2, 0x68, 0xC2, 0x70, 0xC1, 0x78, 0xC1, 0x80, 0xC1, 0x90, 0xC1, 0x98, 0xE1, 0xA8, 0xE1, 0xB0,
    0xE1, 0xB8, 0x81, 0xE0, 0xB8, 0x05, 0xE1, 0xB8, 0xE1, 0xA8, 0xC1, 0xA0, 0xE1, 0xA8, 0xC1, 0x98,
    0xC1, 0x90, 0x81, 0xC1, 0x78, 0x02, 0xC1, 0x70, 0xC2, 0x60, 0xC1, 0x68, 0x82, 0xC1, 0x70, 0x05,
    0xC1, 0x78, 0xC1, 0x88, 0xC2, 0x68, 0xC1, 0x88, 0xE1, 0xA0, 0xC2, 0x68, 0x81, 0xC2, 0x58, 0x81,
    0xC2, 0x50, 0x01, 0xC2, 0x48, 0xC2, 0x40, 0x82, 0xC2, 0x48, 0x02, 0xC2, 0x50, 0xC1, 0x70, 0xC2,
    0x58, 0x81, 0xC2, 0x60, 0x10, 0xC2, 0x68, 0xC1, 0x70, 0xC1, 0x78, 0xC1, 0x88, 0xC1, 0x90, 0xE1,
    0xA0, 0xE1, 0xA8, 0xE1, 0xB0, 0xE1, 0xB8, 0xE0, 0xB8, 0xE1, 0xB8, 0xE1, 0xB0, 0xC1, 0xA0, 0xE1,
    0xA8, 0xC1, 0xA0, 0xC1, 0x90, 0xC1, 0x88, 0x81, 0xC1, 0x78, 0x81, 0xC2, 0x60, 0x82, 0xC1, 0x70,
    0x81, 0xC1, 0x78, 0x01, 0xE1, 0x98, 0xC1, 0x88, 0x81, 0xC1, 0x70, 0x08, 0xC1, 0x88, 0xC1, 0x90,
    0xE1, 0x90, 0xE1, 0x88, 0xC1, 0x80, 0xC1, 0x78, 0xC2, 0x70, 0xC1, 0xA0, 0xC1, 0x80, 0x81, 0xC2,
    0x58, 0x81, 0xC2, 0x50, 0x00, 0xC2, 0x48, 0x81, 0xC2, 0x40, 0x82, 0xC2, 0x48, 0x00, 0xC1, 0x70,
    0x81, 0xC2, 0x58, 0x12, 0xC2, 0x60, 0xC2, 0x68, 0xC2, 0x70, 0xC1, 0x78, 0xC1, 0x80, 0xC1, 0x90,
    0xC1, 0x98, 0xE1, 0xA8, 0xE1, 0xB0, 0xC1, 0x90, 0xC1, 0x98, 0xE1, 0x90, 0xE1, 0x88, 0xC1, 0x80,
    0xC1, 0x78, 0xC2, 0x68, 0xC1, 0x88, 0xC1, 0x98, 0xC2, 0x58, 0x81, 0xC2, 0x50, 0x00, 0xC2, 0x48,
    0x82, 0xC2, 0x40, 0x81, 0xC2, 0x48, 0x00, 0xC2, 0x60, 0x81, 0xC2, 0x58, 0x0A, 0xC2, 0x60, 0xC2,
    0x68, 0xC2, 0x70, 0xC1, 0x78, 0xC1, 0x88, 0xC1, 0x90, 0xE1, 0x98, 0xE1, 0xA8, 0xE1, 0xB0, 0xE1,
    0xB8, 0xE0, 0xC0, 0x81, 0xE1, 0xB8, 0x01, 0xC1, 0xA8, 0xC1, 0xA0, 0x81, 0xC1, 0x98, 0x08, 0xC1,
    0x88, 0xC2, 0x68, 0xC2, 0x60, 0xC2, 0x50, 0xC2, 0x48, 0xC2, 0x58, 0xC1, 0x70, 0xC1, 0x78, 0xC1,
    0x70, 0x82, 0xC1, 0x78, 0x05, 0xC1, 0x70, 0xC2, 0x70, 0xC1, 0xA8, 0xC2, 0x68, 0xC2, 0x58, 0xC2,
    0x50, 0x81, 0xC2, 0x48, 0x81, 0xC2, 0x40, 0x81, 0xC2, 0x48, 0x03, 0xC2, 0x50, 0xC1, 0x70, 0xC2,
    0x58, 0xC2, 0x60, 0x81, 0xC2, 0x68, 0x05, 0xC1, 0x70, 0xC1, 0x80, 0xC1, 0x88, 0xE1, 0x98, 0xE1,
    0xA0, 0xE1, 0xB0, 0x81, 0xE1, 0xB8, 0x01, 0xE0, 0xC0, 0xE0, 0xB8, 0x81, 0xE1, 0xA8, 0x81, 0xC1,
    0x98, 0x07, 0xC1, 0x90, 0xC1, 0x78, 0xC2, 0x60, 0xC2, 0x58, 0xC2, 0x48, 0xC2, 0x50, 0xC2, 0x68,
    0xC1, 0x78, 0x81, 0xC1, 0x70, 0x0F, 0xC1, 0x78, 0xC1, 0x88, 0xC1, 0x80, 0xC2, 0x70, 0xC1, 0x78,
    0xC1, 0x88, 0xC1, 0x90, 0xC1, 0x98, 0xE1, 0x90, 0xE1, 0x88, 0xC1, 0x80, 0xC1, 0x78, 0xC2, 0x68,
    0xC1, 0x98, 0xC1, 0x90, 0xC2, 0x58, 0x81, 0xC2, 0x50, 0x00, 0xC2, 0x48, 0x82, 0xC2, 0x40, 0x81,
    0xC2, 0x48, 0x00, 0xC2, 0x60, 0x81, 0xC2, 0x58, 0x09, 0xC2, 0x60, 0xC2, 0x68, 0xC2, 0x70, 0xC1,
    0x78, 0xC1, 0x88, 0xC1, 0x90, 0xE1, 0xA0, 0xE1, 0xA8, 0xE1, 0xB0, 0xC1, 0x90, 0x81, 0xC1, 0x98,
    0x09, 0xE1, 0x90, 0xC1, 0x88, 0xC1, 0x80, 0xC1, 0x78, 0xC2, 0x68, 0xC1, 0x78, 0xE1, 0xA8, 0xC2,
    0x58, 0xC2, 0x50, 0xC2, 0x48, 0x82, 0xC2, 0x40, 0x81, 0xC2, 0x48, 0x15, 0xC2, 0x58, 0xC2, 0x60,
    0xC2, 0x58, 0xC2, 0x60, 0xC2, 0x68, 0xC1, 0x70, 0xC1, 0x80, 0xC1, 0x88, 0xC1, 0x98, 0xE1, 0xA0,
    0xE1, 0xA8, 0xC1, 0xA0, 0xC1, 0x98, 0xC1, 0xA8, 0xC1, 0xB0, 0xC1, 0xA0, 0xE1, 0x98, 0xC1, 0x88,
    0xC1, 0x80, 0xC1, 0x70, 0xC2, 0x58, 0xC1, 0x80, 0x81, 0xC1, 0xA0, 0x01, 0xC1, 0xA8, 0xC1, 0x98,
    0x83, 0xC1, 0x70, 0x07, 0xC1, 0x78, 0xC1, 0x80, 0xC1, 0x78, 0xC2, 0x70, 0xC2, 0x68, 0xE1, 0xB0,
    0xC2, 0x68, 0xC2, 0x50, 0x81, 0xC2, 0x48, 0x81, 0xC2, 0x40, 0x81, 0xC2, 0x48, 0x0B, 0xC2, 0x50,
    0xC2, 0x68, 0xC2, 0x58, 0xC2, 0x60, 0xC2, 0x68, 0xC2, 0x70, 0xC1, 0x78, 0xC1, 0x80, 0xC1, 0x90,
    0xC1, 0xA0, 0xE1, 0xA8, 0xC1, 0xA8, 0x81, 0xC1, 0xA0, 0x81, 0xC1, 0xA8, 0x0B, 0xC1, 0x98, 0xC1,
    0x90, 0xC1, 0x88, 0xC1, 0x78, 0xC2, 0x60, 0xC1, 0x70, 0xC1, 0x90, 0xC1, 0xA0, 0xC1, 0xA8, 0xC1,
    0xA0, 0xC1, 0x80, 0xC2, 0x68, 0x81, 0xC1, 0x70, 0x81, 0xC1, 0x78, 0x0D, 0xC1, 0x80, 0xC1, 0x70,
    0xC1, 0x80, 0xC1, 0x88, 0xC1, 0x90, 0xC1, 0x98, 0xC1, 0x90, 0xE1, 0x90, 0xC1, 0x88, 0xC1, 0x80,
    0xC1, 0x78, 0xC2, 0x68, 0xC1, 0x88, 0xC1, 0xA0, 0x81, 0xC2, 0x50, 0x00, 0xC2, 0x48, 0x82, 0xC2,
    0x40, 0x81, 0xC2, 0x48, 0x00, 0xC2, 0x58, 0x81, 0xC2, 0x60, 0x81, 0xC2, 0x68, 0x07, 0xC1, 0x70,
    0xC1, 0x80, 0xC1, 0x88, 0xC1, 0x98, 0xE1, 0xA0, 0xE1, 0xA8, 0xC1, 0xA0, 0xC1, 0x98, 0x81, 0xC1,
    0xA0, 0x08, 0xC1, 0x90, 0xE1, 0x88, 0xC1, 0x80, 0xC1, 0x78, 0xC1, 0x70, 0xC2, 0x68, 0xC2, 0x70,
    0xC1, 0xA8, 0xC2, 0x50, 0x84, 0xC2, 0x48, 0x81, 0xC2, 0x50, 0x81, 0xC2, 0x60, 0x0A, 0xC2, 0x68,
    0xC1, 0x70, 0xC1, 0x78, 0xC1, 0x80, 0xC1, 0x90, 0xC1, 0xA0, 0xC1, 0x90, 0xC2, 0x60, 0xC1, 0x68,
    0xC1, 0x78, 0xC1, 0x70, 0x82, 0xC2, 0x68, 0x00, 0xC1, 0x70, 0x81, 0xC1, 0x78, 0x01, 0xC1, 0xA0,
    0xC1, 0xA8, 0x81, 0xC1, 0x80, 0x81, 0xC1, 0x70, 0x0C, 0xC1, 0x98, 0xC1, 0xA8, 0xC1, 0x68, 0xC1,
    0x70, 0xC1, 0x78, 0xC1, 0x88, 0xC1, 0x80, 0xC1, 0x78, 0xC2, 0x70, 0xC2, 0x60, 0xE1, 0xB0, 0xC2,
    0x60, 0xC2, 0x50, 0x84, 0xC2, 0x48, 0x00, 0xC2, 0x50, 0x81, 0xC2, 0x60, 0x08, 0xC2, 0x68, 0xC2,
    0x70, 0xC1, 0x78, 0xC1, 0x80, 0xC1, 0x88, 0xC1, 0x98, 0xC1, 0xA0, 0xC1, 0x78, 0xC2, 0x60, 0x81,
    0xC1, 0x78, 0x04, 0xC1, 0x68, 0xC2, 0x68, 0xC1, 0x68, 0xC1, 0x70, 0xC1, 0x78, 0x81, 0xC1, 0x80,
    0x08, 0xC1, 0xB0, 0xC1, 0x88, 0xC1, 0x80, 0xC1, 0x78, 0xC1, 0x70, 0xC1, 0x80, 0xC1, 0xA8, 0xC1,
    0x80, 0xC1, 0x70, 0x81, 0xC1, 0x78, 0x82, 0xC1, 0x80, 0x0C, 0xC1, 0x90, 0xC1, 0x98, 0xC1, 0xA0,
    0xC1, 0x98, 0xC1, 0x90, 0xE1, 0x88, 0xC1, 0x80, 0xC1, 0x78, 0xC1, 0x70, 0xC2, 0x68, 0xC1, 0x88,
    0xC1, 0xA0, 0xC2, 0x50, 0x84, 0xC2, 0x48, 0x81, 0xC2, 0x50, 0x81, 0xC2, 0x60, 0x09, 0xC2, 0x68,
    0xC1, 0x70, 0xC1, 0x78, 0xC1, 0x88, 0xC1, 0x90, 0xC1, 0xA0, 0xC1, 0x90, 0xC2, 0x60, 0xC1, 0x70,
    0xE1, 0x98, 0x81, 0xE1, 0xA8, 0x09, 0xE1, 0xA0, 0xE1, 0x90, 0xE1, 0x88, 0xC1, 0x80, 0xC1, 0x78,
    0xC2, 0x70, 0xC2, 0x60, 0xC2, 0x78, 0xE1, 0xA8, 0xC2, 0x68, 0x82, 0xC2, 0x48, 0x81, 0xC2, 0x50,
    0x07, 0xC2, 0x58, 0xC2, 0x60, 0xC2, 0x68, 0xC2, 0x70, 0xC1, 0x78, 0xC1, 0x80, 0xE1, 0x88, 0xE1,
    0x98, 0x81, 0xC2, 0x70, 0x01, 0xE1, 0xB8, 0xE1, 0xC0, 0x81, 0xE1, 0xA8, 0x84, 0xE1, 0xB0, 0x14,
    0xC1, 0xA0, 0xE0, 0xC0, 0xC1, 0x80, 0xC1, 0x90, 0xC1, 0x88, 0xC1, 0x80, 0xC1, 0x78, 0xC1, 0x70,
    0xC1, 0x80, 0xC1, 0xB0, 0xC2, 0x68, 0xC1, 0x78, 0xE1, 0x90, 0xC1, 0x80, 0xC1, 0x78, 0xC1, 0x70,
    0xC2, 0x68, 0xC2, 0x60, 0xE1, 0xB8, 0xC1, 0x80, 0xC2, 0x50, 0x82, 0xC2, 0x48, 0x00, 0xC2, 0x50,
    0x81, 0xC2, 0x58, 0x0A, 0xC2, 0x60, 0xC2, 0x68, 0xC2, 0x78, 0xC1, 0x80, 0xE1, 0x88, 0xE1, 0x90,
    0xC1, 0x90, 0xC2, 0x58, 0xC1, 0x98, 0xE1, 0xC8, 0xE1, 0xB0, 0x81, 0xE1, 0xA8, 0x84, 0xE1, 0xB0,
    0x04, 0xE1, 0xA8, 0xC1, 0xA8, 0xC1, 0x90, 0xC1, 0x88, 0xC1, 0x80, 0x81, 0xC1, 0x78, 0x01, 0xC2,
    0x68, 0xE1, 0xB0, 0x81, 0xC1, 0x70, 0x05, 0xC1, 0x78, 0xC1, 0x80, 0xE1, 0x80, 0xE1, 0x88, 0xE1,
    0x90, 0xE1, 0xA0, 0x81, 0xE1, 0xA8, 0x09, 0xE1, 0x98, 0xE1, 0x90, 0xE1, 0x88, 0xC1, 0x80, 0xC1,
    0x78, 0xC2, 0x68, 0xC2, 0x60, 0xC1, 0x88, 0xC1, 0xA0, 0xC2, 0x60, 0x82, 0xC2, 0x48, 0x81, 0xC2,
    0x50, 0x17, 0xC2, 0x58, 0xC2, 0x60, 0xC2, 0x68, 0xC2, 0x70, 0xC1, 0x78, 0xC1, 0x80, 0xE1, 0x90,
    0xE1, 0x98, 0xC2, 0x68, 0xC1, 0x78, 0xE1, 0xC0, 0xE1, 0xB8, 0xE1, 0xA0, 0xE1, 0xA8, 0xE1, 0xB0,
    0xE1, 0xA8, 0xE1, 0x98, 0xE1, 0x90, 0xE1, 0x88, 0xC1, 0x80, 0xC1, 0x78, 0xC2, 0x70, 0xC2, 0x60,
    0xE1, 0xB0, 0x81, 0xC1, 0x90, 0x14, 0xE1, 0x90, 0xC1, 0x98, 0xC1, 0xA0, 0xC1, 0x88, 0xC2, 0x70,
    0xC2, 0x58, 0xC2, 0x60, 0xC2, 0x70, 0xC1, 0x78, 0xC2, 0x68, 0xC2, 0x60, 0xC2, 0x58, 0xC1, 0x98,
    0xE0, 0xC8, 0xC1, 0x98, 0xC2, 0x60, 0xC2, 0x58, 0xC2, 0x60, 0xC2, 0x68, 0xC1, 0x70, 0xC1, 0x80,
    0x81, 0xC1, 0x90, 0x05, 0xC1, 0x88, 0xE1, 0xA8, 0xC1, 0x88, 0xC1, 0x98, 0xC1, 0x90, 0xC1, 0x88,
    0x81, 0xC1, 0x80, 0x0B, 0xC1, 0x78, 0xC1, 0x98, 0xC2, 0x60, 0xC1, 0x78, 0xE1, 0x98, 0xE1, 0x88,
    0xC1, 0x80, 0xC1, 0x78, 0xC2, 0x70, 0xC2, 0x68, 0xC1, 0x78, 0xE1, 0xA0, 0x82, 0xC1, 0x90, 0x0E,
    0xE1, 0xA0, 0xC1, 0x98, 0xC2, 0x78, 0xC2, 0x60, 0xC2, 0x58, 0xC2, 0x68, 0xC1, 0x78, 0xC2, 0x70,
    0xC2, 0x58, 0xC2, 0x60, 0xC2, 0x68, 0xE1, 0xC8, 0xE1, 0xB0, 0xC2, 0x70, 0xC2, 0x58, 0x81, 0xC2,
    0x60, 0x04, 0xC2, 0x70, 0xC1, 0x80, 0xC1, 0x88, 0xC1, 0x90, 0xE1, 0x98, 0x83, 0xC1, 0x98, 0x01,
    0xC1, 0x90, 0xC1, 0x88, 0x81, 0xC1, 0x80, 0x02, 0xC1, 0x70, 0xC1, 0xA0, 0xC1, 0x78, 0x81, 0xC1,
    0x80, 0x0E, 0xE1, 0x88, 0xE1, 0x90, 0xE1, 0x98, 0xE1, 0xA0, 0xE1, 0xA8, 0xE1, 0xB0, 0xE1, 0xA0,
    0xE1, 0x98, 0xE1, 0x90, 0xE1, 0x88, 0xC1, 0x80, 0xC1, 0x78, 0xC2, 0x70, 0xC2, 0x68, 0xE1, 0xB8,
    0x81, 0xC1, 0x90, 0x08, 0xE1, 0x90, 0xE1, 0xA0, 0xC1, 0xA0, 0xC1, 0x80, 0xC2, 0x68, 0xC2, 0x58,
    0xC2, 0x60, 0xC2, 0x70, 0xC1, 0x78, 0x81, 0xC2, 0x60, 0x06, 0xC2, 0x58, 0xE1, 0xA0, 0xE0, 0xC8,
    0xC1, 0x88, 0xC2, 0x60, 0xE1, 0xA0, 0xE1, 0xA8, 0x81, 0xE1, 0xB0, 0x09, 0xE1, 0xA0, 0xE1, 0x98,
    0xE1, 0x90, 0xE1, 0x88, 0xC1, 0x80, 0xC1, 0x78, 0xC2, 0x70, 0xE1, 0xA8, 0xC2, 0x58, 0xC2, 0x60,
    0x82, 0xC2, 0x58, 0x01, 0xC2, 0x68, 0xC1, 0x78, 0x81, 0xC1, 0x90, 0x05, 0xC1, 0x98, 0xC1, 0xA0,
    0xE1, 0xA0, 0xE1, 0xB0, 0xE1, 0xB8, 0xE1, 0xC0, 0x81, 0xC2, 0x68, 0x05, 0xC1, 0x98, 0xE1, 0xB0,
    0xC1, 0xA8, 0xC1, 0x90, 0xC1, 0x78, 0xC2, 0x70, 0x81, 0xC1, 0x98, 0x09, 0xC1, 0x90, 0xC1, 0x88,
    0xC1, 0x78, 0xE1, 0x98, 0xC1, 0x98, 0xC1, 0x90, 0xC1, 0x88, 0xC1, 0x80, 0xC1, 0x78, 0xC2, 0x70,
    0x81, 0xC1, 0x80, 0x04, 0xE1, 0xA0, 0xE1, 0x90, 0xE1, 0x88, 0xC1, 0x80, 0xC1, 0x78, 0x81, 0xC2,
    0x70, 0x00, 0xC2, 0x68, 0x81, 0xC2, 0x60, 0x23, 0xC2, 0x58, 0xC2, 0x50, 0xC2, 0x60, 0xC2, 0x70,
    0xC1, 0x88, 0xC1, 0x90, 0xE1, 0x90, 0xE1, 0xA0, 0xC1, 0x98, 0xE1, 0xA8, 0xE1, 0xB0, 0xE0, 0xC8,
    0xC1, 0x90, 0xC2, 0x58, 0xC1, 0x88, 0xE1, 0xA8, 0xE1, 0xB0, 0xC1, 0x98, 0xC1, 0x80, 0xC2, 0x68,
    0xC1, 0x90, 0xC1, 0x98, 0xC1, 0x90, 0xC1, 0x80, 0xC1, 0x88, 0xE1, 0x98, 0xC1, 0x98, 0xC1, 0x90,
    0xC1, 0x88, 0xC1, 0x80, 0xC1, 0x78, 0xC2, 0x60, 0xC1, 0x98, 0xC2, 0x70, 0xE1, 0x80, 0xE1, 0x88,
    0x81, 0xE1, 0x90, 0x0C, 0xE1, 0x98, 0xE1, 0xA0, 0xE1, 0xA8, 0xE1, 0xB0, 0xE1, 0xA8, 0xE1, 0xA0,
    0xE1, 0x98, 0xE1, 0x90, 0xE1, 0x88, 0xC1, 0x80, 0xC1, 0x78, 0xC2, 0x70, 0xE1, 0xA8, 0x81, 0xC2,
    0x60, 0x04, 0xC2, 0x58, 0xC2, 0x50, 0xC2, 0x58, 0xC2, 0x68, 0xC1, 0x80, 0x81, 0xC1, 0x90, 0x14,
    0xC1, 0x98, 0xC1, 0xA0, 0xE1, 0xA0, 0xE1, 0xB0, 0xE1, 0xC0, 0xE1, 0xB8, 0xC2, 0x60, 0xC2, 0x70,
    0xC1, 0xA0, 0xE1, 0xA8, 0xE1, 0xB0, 0xE1, 0xB8, 0xE1, 0xB0, 0xE1, 0xA8, 0xE1, 0xA0, 0xE1, 0x98,
    0xE1, 0x90, 0xE1, 0x88, 0xC1, 0x80, 0xC1, 0x78, 0xC1, 0x90, 0x86, 0xC2, 0x68, 0x81, 0xC2, 0x70,
    0x0E, 0xC2, 0x68, 0xC2, 0x70, 0xC1, 0x98, 0xE1, 0xB0, 0xE0, 0xD8, 0xE1, 0xB0, 0xC2, 0x58, 0xC1,
    0x90, 0xE1, 0xC0, 0xE0, 0xC0, 0xE1, 0xB0, 0xC1, 0x90, 0xC1, 0xA0, 0xC1, 0x98, 0xC1, 0x90, 0x81,
    0xC1, 0x98, 0x04, 0xC1, 0x88, 0xC1, 0x78, 0xC1, 0x80, 0xE1, 0x98, 0xC1, 0x88, 0x81, 0xC1, 0x78,
    0x08, 0xC1, 0x80, 0xC1, 0x70, 0xE1, 0xA0, 0xE1, 0x88, 0xE1, 0xA8, 0xE1, 0x98, 0xE1, 0x90, 0xE1,
    0x88, 0xC1, 0x80, 0x81, 0xC1, 0x78, 0x00, 0xC2, 0x70, 0x85, 0xC2, 0x68, 0x81, 0xC2, 0x70, 0x0A,
    0xC2, 0x68, 0xC2, 0x60, 0xC2, 0x88, 0xC1, 0xA8, 0xE0, 0xD0, 0xE0, 0xC8, 0xC1, 0x78, 0xC2, 0x70,
    0xE1, 0xB0, 0xE0, 0xC0, 0xE1, 0xC0, 0x81, 0xC1, 0x98, 0x00, 0xE1, 0xA0, 0x81, 0xC1, 0x90, 0x03,
    0xC1, 0xA0, 0xC1, 0x90, 0xC1, 0x88, 0xC2, 0x60, 0x81, 0xE1, 0x98, 0x00, 0xC1, 0x80, 0x82, 0xC1,
    0x78, 0x02, 0xC1, 0x90, 0xC2, 0x68, 0xE1, 0x88, 0x81, 0xE1, 0x90, 0x0D, 0xE1, 0x98, 0xE1, 0xA0,
    0xE1, 0xA8, 0xE1, 0xB0, 0xE1, 0xB8, 0xE1, 0xB0, 0xE1, 0xA8, 0xE1, 0xA0, 0xE1, 0x98, 0xE1, 0x90,
    0xE1, 0x88, 0xC1, 0x80, 0xC1, 0x78, 0xC1, 0x98, 0x86, 0xC2, 0x68, 0x81, 0xC2, 0x70, 0x0A, 0xC2,
    0x68, 0xC2, 0x78, 0xC1, 0x98, 0xE1, 0xB8, 0xE0, 0xD8, 0xE1, 0xA8, 0xC2, 0x58, 0xC1, 0x98, 0xE0,
    0xC0, 0xE1, 0xA8, 0xE1, 0xB0, 0x81, 0xE1, 0xB8, 0x05, 0xE1, 0xB0, 0xE1, 0xA8, 0xE1, 0xA0, 0xE1,
    0x98, 0xE1, 0x90, 0xE1, 0x88, 0x81, 0xC1, 0x80, 0x00, 0xC1, 0x78, 0x85, 0xC2, 0x70, 0x81, 0xC1,
    0x78, 0x03, 0xC1, 0x80, 0xE1, 0x88, 0xC1, 0x78, 0xC2, 0x58, 0x81, 0xE0, 0xD0, 0x00, 0xC1, 0x90,
    0x81, 0xC2, 0x58, 0x0D, 0xC2, 0x68, 0xC1, 0x88, 0xE1, 0xB8, 0xC1, 0x80, 0xE1, 0xA8, 0xE1, 0xB0,
    0xE1, 0xA8, 0xE1, 0xA0, 0xE1, 0x98, 0xC1, 0x80, 0xC2, 0x68, 0xC1, 0x90, 0xE1, 0x98, 0xC1, 0x80,
    0x81, 0xC1, 0x88, 0x05, 0xC2, 0x68, 0xC1, 0xA8, 0xE1, 0x90, 0xE1, 0xB0, 0xE1, 0xA8, 0xE1, 0x98,
    0x81, 0xE1, 0x90, 0x00, 0xC1, 0x88, 0x81, 0xC1, 0x78, 0x00, 0xC2, 0x78, 0x85, 0xC2, 0x70, 0x81,
    0xC1, 0x78, 0x0C, 0xC1, 0x80, 0xE1, 0x88, 0xC2, 0x58, 0xE1, 0xA8, 0xE0, 0xD8, 0xE1, 0xA8, 0xC2,
    0x68, 0xC2, 0x58, 0xC2, 0x60, 0xC2, 0x70, 0xE1, 0xB0, 0xC1, 0x98, 0xC1, 0x90, 0x81, 0xE1, 0xB0,
    0x0C, 0xE1, 0xA8, 0xE1, 0xA0, 0xC1, 0x88, 0xC1, 0x80, 0xC1, 0x78, 0xE1, 0x98, 0xC1, 0x88, 0xC1,
    0x80, 0xC1, 0x88, 0xC1, 0x78, 0xC1, 0x98, 0xC2, 0x68, 0xE1, 0x90, 0x81, 0xE1, 0x98, 0x00, 0xE1,
    0xA0, 0x81, 0xE1, 0xA8, 0x00, 0xE1, 0xB0, 0x81, 0xE1, 0xB8, 0x05, 0xE1, 0xB0, 0xE1, 0xA8, 0xE1,
    0xA0, 0xE1, 0x98, 0xE1, 0x90, 0xE1, 0x88, 0x81, 0xC1, 0x80, 0x00, 0xC1, 0x78, 0x85, 0xC2, 0x70,
    0x81, 0xC1, 0x78, 0x0A, 0xC1, 0x80, 0xE1, 0x88, 0xC2, 0x78, 0xC2, 0x68, 0xE0, 0xD8, 0xE0, 0xC8,
    0xC1, 0x88, 0xC2, 0x58, 0xC2, 0x60, 0xE1, 0xB0, 0xE1, 0xB8, 0x81, 0xE1, 0xC0, 0x07, 0xE1, 0xB8,
    0xE1, 0xB0, 0xE1, 0xA8, 0xE1, 0xA0, 0xE1, 0x98, 0xE1, 0x90, 0xE1, 0x88, 0xE1, 0x90, 0x81, 0xC1,
    0x80, 0x85, 0xC1, 0x78, 0x0B, 0xC1, 0x80, 0xE1, 0x80, 0xE1, 0x88, 0xE1, 0x90, 0xC2, 0x68, 0xE1,
    0xA0, 0xE0, 0xD8, 0xE1, 0xA0, 0xC1, 0x80, 0xC1, 0x78, 0xC1, 0x90, 0xE0, 0xC8, 0x81, 0xC1, 0x90,
    0x00, 0xE1, 0xB8, 0x81, 0xE1, 0xB0, 0x00, 0xE1, 0xA8, 0x81, 0xE1, 0xA0, 0x02, 0xC1, 0x70, 0xC1,
    0x98, 0xC1, 0x88, 0x81, 0xC1, 0x80, 0x0A, 0xC2, 0x70, 0xC2, 0x80, 0xC1, 0x98, 0xE1, 0x98, 0xE1,
    0xB8, 0xE1, 0xB0, 0xE1, 0xA8, 0xE1, 0xA0, 0xE1, 0x98, 0xE1, 0x90, 0xC2, 0x70, 0x81, 0xC1, 0x80,
    0x85, 0xC1, 0x78, 0x81, 0xC1, 0x80, 0x08, 0xE1, 0x88, 0xE1, 0x90, 0xC1, 0x88, 0xC2, 0x60, 0xE0,
    0xD0, 0xE1, 0xB0, 0xC1, 0x88, 0xC1, 0x78, 0xC1, 0x80, 0x81, 0xE1, 0xB8, 0x00, 0xC1, 0x70, 0x81,
    0xE1, 0xB8, 0x01, 0xE1, 0xB0, 0xE1, 0xA8, 0x81, 0xE1, 0xA0, 0x08, 0xC1, 0x90, 0xC1, 0x78, 0xC1,
    0x90, 0xC1, 0x88, 0xC1, 0x78, 0xC1, 0x80, 0xC2, 0x58, 0xC1, 0xB0, 0xC2, 0x60, 0x81, 0xE1, 0x98,
    0x00, 0xE1, 0xA0, 0x81, 0xE1, 0xA8, 0x01, 0xE1, 0xB0, 0xE1, 0xB8, 0x81, 0xE1, 0xC0, 0x08, 0xE1,
    0xB8, 0xE1, 0xB0, 0xE1, 0xA8, 0xE1, 0xA0, 0xE1, 0x98, 0xE1, 0x90, 0xE1, 0x88, 0xE1, 0x98, 0xC1,
    0x80, 0x85, 0xC1, 0x78, 0x81, 0xC1, 0x80, 0x81, 0xE1, 0x88, 0x06, 0xE1, 0x90, 0xC2, 0x60, 0xE1,
    0xB0, 0xE0, 0xD0, 0xE1, 0x98, 0xC1, 0x80, 0xC1, 0x78, 0x81, 0xE1, 0xB8, 0x0B, 0xE1, 0xC0, 0xE0,
    0xC8, 0xE1, 0xC8, 0xE1, 0xB8, 0xE1, 0xB0, 0xE1, 0xA8, 0xE1, 0xA0, 0xE1, 0x98, 0xE1, 0x90, 0xE1,
    0x98, 0xE1, 0x80, 0xE1, 0x88, 0x85, 0xC1, 0x80, 0x81, 0xE1, 0x88, 0x0B, 0xE1, 0x90, 0xE1, 0x98,
    0xE1, 0x90, 0xC2, 0x50, 0xE0, 0xD0, 0xE1, 0xB0, 0xC1, 0x88, 0xC1, 0x80, 0xC1, 0xA0, 0xE0, 0xD0,
    0xC1, 0x90, 0xC1, 0x88, 0x81, 0xE1, 0xB8, 0x00, 0xE1, 0xB0, 0x81, 0xE1, 0xA8, 0x12, 0xE1, 0xA0,
    0xE1, 0x98, 0xC1, 0x90, 0xC1, 0x88, 0xC1, 0x98, 0xE1, 0xA0, 0xE1, 0xB0, 0xC1, 0xB0, 0xC2, 0x58,
    0xE1, 0xA0, 0xE1, 0xC0, 0xE1, 0xB8, 0xE1, 0xB0, 0xE1, 0xA8, 0xE1, 0xA0, 0xE1, 0x98, 0xC1, 0x80,
    0xC1, 0x78, 0xE1, 0x88, 0x85, 0xC1, 0x80, 0x01, 0xE1, 0x80, 0xE1, 0x88, 0x81, 0xE1, 0x90, 0x0B,
    0xE1, 0x98, 0xC2, 0x68, 0xE1, 0x98, 0xE0, 0xD0, 0xC1, 0x90, 0xC1, 0x80, 0xC1, 0x90, 0xE1, 0xC0,
    0xE1, 0xB8, 0xC1, 0x70, 0xE1, 0xB0, 0xE1, 0xB8, 0x81, 0xE1, 0xB0, 0x00, 0xE1, 0xA8, 0x81, 0xE1,
    0xA0, 0x81, 0xC1, 0x90, 0x05, 0xC1, 0x88, 0xC1, 0xA0, 0xE1, 0xA8, 0xE1, 0xB8, 0xC1, 0x88, 0xC2,
    0x70, 0x81, 0xE1, 0xA0, 0x81, 0xE1, 0xA8, 0x00, 0xE1, 0xB0, 0x81, 0xE1, 0xB8, 0x09, 0xE1, 0xC0,
    0xE0, 0xC8, 0xE1, 0xC0, 0xE1, 0xB8, 0xE1, 0xB0, 0xE1, 0xA8, 0xE1, 0xA0, 0xE1, 0x98, 0xE1, 0x90,
    0xE1, 0x98, 0x81, 0xE1, 0x88, 0x85, 0xC1, 0x80, 0x81, 0xE1, 0x88, 0x05, 0xE1, 0x90, 0xE1, 0x98,
    0xE1, 0x88, 0xC2, 0x60, 0xE0, 0xD8, 0xE1, 0xA8, 0x81, 0xC1, 0x88, 0x02, 0xE1, 0xB8, 0xE1, 0xC0,
    0xE1, 0xC8, 0x81, 0xE0, 0xD0, 0x07, 0xE1, 0xC8, 0xE1, 0xC0, 0xE1, 0xB8, 0xE1, 0xB0, 0xE1, 0xA8,
    0xE1, 0xA0, 0xC1, 0x80, 0xC1, 0x88, 0x81, 0xE1, 0x90, 0x84, 0xE1, 0x88, 0x81, 0xE1, 0x90, 0x81,
    0xE1, 0x98, 0x09, 0xE1, 0xA0, 0xC2, 0x68, 0xC1, 0x88, 0xE0, 0xD0, 0xC1, 0x98, 0xC1, 0x80, 0xC1,
    0x88, 0xE0, 0xC0, 0xE1, 0xB8, 0xC1, 0x78, 0x81, 0xE1, 0xB8, 0x81, 0xE1, 0xB0, 0x81, 0xE1, 0xA8,
    0x01, 0xE1, 0xA0, 0xC1, 0x90, 0x81, 0xE1, 0xB0, 0x0C, 0xC1, 0x90, 0xC1, 0x78, 0xC1, 0x70, 0xC1,
    0x88, 0xE1, 0xA8, 0xE0, 0xC8, 0xE1, 0xC0, 0xE1, 0xB8, 0xE1, 0xB0, 0xE1, 0xA8, 0xE1, 0xA0, 0xE1,
    0x98, 0xC1, 0x88, 0x81, 0xE1, 0x90, 0x85, 0xE1, 0x88, 0x81, 0xE1, 0x90, 0x0E, 0xE1, 0x98, 0xE1,
    0xA0, 0xC1, 0x98, 0xC2, 0x50, 0xE0, 0xC8, 0xE1, 0xB0, 0xC1, 0x88, 0xC1, 0x80, 0xC1, 0xA0, 0xE0,
    0xD0, 0xC1, 0x88, 0xE1, 0xA8, 0xE1, 0xC0, 0xE1, 0xB8, 0xE1, 0xB0, 0x82, 0xE1, 0xA8, 0x81, 0xE1,
    0xA0, 0x05, 0xE1, 0xB0, 0xC1, 0xA0, 0xC1, 0x80, 0xC1, 0x70, 0xC1, 0x78, 0xC1, 0xA0, 0x81, 0xE1,
    0xA8, 0x81, 0xE1, 0xB0, 0x81, 0xE1, 0xB8, 0x01, 0xE1, 0xC0, 0xE1, 0xC8, 0x81, 0xE0, 0xD0, 0x01,
    0xE1, 0xC0, 0xE1, 0xB8, 0x81, 0xE1, 0xB0, 0x04, 0xE1, 0xA8, 0xE1, 0xA0, 0xC1, 0x78, 0xC1, 0x88,
    0xE1, 0x90, 0x85, 0xE1, 0x88, 0x81, 0xE1, 0x90, 0x81, 0xE1, 0x98, 0x06, 0xE1, 0xA0, 0xC2, 0x60,
    0xC1, 0x98, 0xE0, 0xD0, 0xC1, 0x90, 0xC1, 0x80, 0xE1, 0xC0, 0x81, 0xE1, 0xC8, 0x0B, 0xE1, 0xD0,
    0xE1, 0xD8, 0xE1, 0xD0, 0xE1, 0xC8, 0xE1, 0xC0, 0xE1, 0xB8, 0xE1, 0xB0, 0xE1, 0xA8, 0xE2, 0x70,
    0xE1, 0xA8, 0xE2, 0x80, 0xE1, 0x98, 0x84, 0xE1, 0x90, 0x82, 0xE1, 0x98, 0x0A, 0xE1, 0xA0, 0xE1,
    0xA8, 0xE1, 0xA0, 0xC2, 0x50, 0xE1, 0xB0, 0xE1, 0xC0, 0xE1, 0x90, 0xE1, 0x80, 0xE1, 0xA8, 0xE1,
    0xB8, 0xC1, 0x80, 0x81, 0xE1, 0xC0, 0x00, 0xE1, 0xB8, 0x81, 0xE1, 0xB0, 0x83, 0xE1, 0xA8, 0x01,
    0xE1, 0xB8, 0xE1, 0xB0, 0x81, 0xE1, 0xA8, 0x81, 0xE1, 0xB0, 0x03, 0xE1, 0xD0, 0xE1, 0xC8, 0xE1,
    0xC0, 0xE1, 0xB8, 0x81, 0xE1, 0xB0, 0x04, 0xE1, 0xA0, 0xE2, 0x80, 0xE1, 0x98, 0xE1, 0x90, 0xE1,
    0x98, 0x84, 0xE1, 0x90, 0x81, 0xE1, 0x98, 0x81, 0xE1, 0xA0, 0x0A, 0xE1, 0xA8, 0xC2, 0x60, 0xE2,
    0x80, 0xE1, 0xD0, 0xE1, 0xA0, 0xE1, 0x88, 0xE1, 0x90, 0xE1, 0xC8, 0xE1, 0x90, 0xE1, 0xB0, 0xE1,
    0xC0, 0x81, 0xE1, 0xB8, 0x81, 0xE1, 0xB0, 0x81, 0xE1, 0xA8, 0x00, 0xE1, 0x98, 0x81, 0xE1, 0xB8,
    0x81, 0xE1, 0xA8, 0x83, 0xE1, 0xB0, 0x81, 0xE1, 0xB8, 0x81, 0xE1, 0xC0, 0x00, 0xE1, 0xC8, 0x81,
    0xE1, 0xD0, 0x0A, 0xE1, 0xD8, 0xE1, 0xD0, 0xE1, 0xC8, 0xE1, 0xC0, 0xE1, 0xB8, 0xE1, 0xB0, 0xE1,
    0xA8, 0xC2, 0x68, 0xE1, 0xB0, 0xE2, 0x80, 0xE1, 0x98, 0x84, 0xE1, 0x90, 0x81, 0xE1, 0x98, 0x81,
    0xE1, 0xA0, 0x02, 0xE1, 0xA8, 0xE1, 0x98, 0xC2, 0x50, 0x81, 0xE1, 0xB8, 0x01, 0xC1, 0x88, 0xAC,
    0xEB, 0x81, 0x4B, 0xE3, 0x00, 0x4B, 0xEB, 0x82, 0x4B, 0xE3, 0x81, 0x4B, 0xDB, 0x06, 0x4B, 0xD3,
    0x2B, 0xCB, 0x2B, 0xA3, 0x2B, 0xCB, 0x2C, 0x93, 0x2B, 0xB3, 0x2B, 0xAB, 0x86, 0x2B, 0xC3, 0x0D,
    0x2B, 0xCB, 0x4B, 0xCB, 0x2B, 0xCB, 0x2B, 0xBB, 0x2C, 0x93, 0x2B, 0xB3, 0x2B, 0xCB, 0x2B, 0xD3,
    0x2B, 0xBB, 0x2B, 0xA3, 0x2B, 0xCB, 0x2B, 0xE3, 0x2B, 0xDB, 0x4B, 0xDB, 0x81, 0x4B, 0xD3, 0x00,
    0x2B, 0xD3, 0x82, 0x2B, 0xCB, 0x01, 0x2B, 0xD3, 0x4B, 0xDB, 0x82, 0x2B, 0xD3, 0x00, 0x4B, 0xD3,
    0x81, 0x4B, 0xE3, 0x82, 0x4B, 0xDB, 0x06, 0x4B, 0xD3, 0x2C, 0x9B, 0x4B, 0xDB, 0x2C, 0x93, 0x2B,
    0xAB, 0x2B, 0xB3, 0x2B, 0xBB, 0x85, 0x2B, 0xC3, 0x83, 0x2B, 0xCB, 0x81, 0x2B, 0x9B, 0x02, 0x2B,
    0xC3, 0x2B, 0xD3, 0x2B, 0xCB, 0x81, 0x2B, 0xAB, 0x00, 0x4B, 0xE3, 0x81, 0x2B, 0xDB, 0x81, 0x4B,
    0xD3, 0x00, 0x2B, 0xD3, 0x83, 0x2B, 0xCB, 0x81, 0x4B, 0xDB, 0x82, 0x2B, 0xD3, 0x81, 0x4B, 0xD3,
    0x82, 0x4B, 0xDB, 0x82, 0x4B, 0xE3, 0x00, 0x4B, 0xEB, 0x82, 0x4B, 0xE3, 0x81, 0x4B, 0xDB, 0x04,
    0x4B, 0xD3, 0x2B, 0xBB, 0x2B, 0xAB, 0x2B, 0xBB, 0x2C, 0xA3, 0x81, 0x2B, 0xB3, 0x86, 0x2B, 0xC3,
    0x07, 0x2B, 0xCB, 0x4B, 0xCB, 0x2B, 0xCB, 0x2B, 0xB3, 0x2C, 0x93, 0x2B, 0xBB, 0x06, 0x92, 0x8C,
    0xF3, 0x83, 0x2A, 0xDB, 0x01, 0x2A, 0xD3, 0x2B, 0xD3, 0x81, 0x2B, 0xCB, 0x0B, 0x2B, 0xB3, 0x0B,
    0x93, 0x2B, 0xCB, 0x0B, 0x83, 0x0B, 0xAB, 0x2B, 0xBB, 0x0B, 0xB3, 0x0B, 0xA3, 0x2B, 0xAB, 0x0B,
    0xAB, 0x2B, 0xB3, 0x2B, 0xBB, 0x83, 0x2B, 0xC3, 0x01, 0x0A, 0xCB, 0x2B, 0xCB, 0x81, 0x2B, 0xC3,
    0x81, 0x2B, 0xBB, 0x03, 0x0B, 0xBB, 0x0B, 0xC3, 0x2B, 0xC3, 0x2A, 0xCB, 0x81, 0x2A, 0xD3, 0x07,
    0x2A, 0xCB, 0x2B, 0xCB, 0x0A, 0xCB, 0x2B, 0xCB, 0x2A, 0xCB, 0x2A, 0xC3, 0x0B, 0xC3, 0x2A, 0xCB,
    0x82, 0x2A, 0xD3, 0x00, 0x2B, 0xD3, 0x81, 0x2A, 0xD3, 0x0A, 0x2B, 0xD3, 0x2B, 0xCB, 0x2B, 0xC3,
    0x0B, 0x9B, 0x0B, 0xBB, 0x0B, 0xAB, 0x0B, 0x8B, 0x2B, 0xBB, 0x2B, 0xB3, 0x0B, 0xA3, 0x0B, 0xB3,
    0x81, 0x0B, 0xAB, 0x81, 0x2B, 0xBB, 0x82, 0x2B, 0xC3, 0x03, 0x2B, 0xCB, 0x0A, 0xCB, 0x2B, 0xCB,
    0x2A, 0xC3, 0x82, 0x2B, 0xBB, 0x07, 0x0B, 0xBB, 0x2B, 0xC3, 0x2A, 0xC3, 0x2A, 0xD3, 0x0A, 0xD3,
    0x2A, 0xCB, 0x2B, 0xCB, 0x0A, 0xCB, 0x81, 0x2B, 0xCB, 0x81, 0x2A, 0xC3, 0x00, 0x2B, 0xCB, 0x82,
    0x2A, 0xD3, 0x81, 0x2B, 0xD3, 0x03, 0x2B, 0xC3, 0x2B, 0xB3, 0x2B, 0xC3, 0x2A, 0xD3, 0x84, 0x2A,
    0xDB, 0x01, 0x2A, 0xD3, 0x2B, 0xD3, 0x81, 0x2B, 0xCB, 0x0B, 0x0B, 0xB3, 0x0B, 0x93, 0x2B, 0xCB,
    0x0B, 0x7B, 0x0B, 0xB3, 0x2B, 0xBB, 0x0B, 0xAB, 0x0B, 0xA3, 0x2B, 0xAB, 0x0B, 0xAB, 0x2B, 0xB3,
    0x2B, 0xBB, 0x82, 0x2B, 0xC3, 0x12, 0x2B, 0xCB, 0x0A, 0xCB, 0x2B, 0xCB, 0x2A, 0xC3, 0x2B, 0xC3,
    0xE6, 0x79, 0x8C, 0xEB, 0xAC, 0xDB, 0xD1, 0x9C, 0xB1, 0x94, 0x6F, 0x8C, 0x90, 0x94, 0x4F, 0x94,
    0x90, 0x94, 0x4F, 0x94, 0x70, 0x94, 0x4F, 0x94, 0x0F, 0x8C, 0x90, 0x94, 0x81, 0x70, 0x94, 0x03,
    0xB1, 0x9C, 0xB0, 0x9C, 0x4F, 0x94, 0x50, 0x94, 0x81, 0x70, 0x94, 0x00, 0x6F, 0x94, 0x81, 0x4F,
    0x94, 0x03, 0x4F, 0x8C, 0xD1, 0x9C, 0x70, 0x94, 0x2F, 0x8C, 0x81, 0xB1, 0x9C, 0x13, 0x90, 0x94,
    0x70, 0x8C, 0x90, 0x94, 0x4F, 0x94, 0x90, 0x94, 0x2F, 0x8C, 0x6F, 0x94, 0x4F, 0x8C, 0x50, 0x94,
    0x70, 0x94, 0x4F, 0x8C, 0xB1, 0x9C, 0xD1, 0x9C, 0xB1, 0x94, 0x6F, 0x8C, 0x70, 0x94, 0x50, 0x8C,
    0x90, 0x94, 0x4F, 0x94, 0x50, 0x8C, 0x82, 0x70, 0x94, 0x20, 0x4F, 0x8C, 0x4F, 0x94, 0x4F, 0x8C,
    0xB1, 0x9C, 0x70, 0x94, 0x2F, 0x8C, 0xB1, 0x9C, 0xD1, 0x9C, 0x90, 0x94, 0x70, 0x94, 0x90, 0x9C,
    0x4F, 0x94, 0x90, 0x94, 0x4F, 0x8C, 0x6F, 0x94, 0x6F, 0x8C, 0x4F, 0x8C, 0x70, 0x94, 0x4F, 0x94,
    0xB1, 0x9C, 0xD1, 0x9C, 0xB1, 0x94, 0x4F, 0x8C, 0x70, 0x94, 0x50, 0x8C, 0x90, 0x9C, 0x6F, 0x94,
    0x70, 0x94, 0x4F, 0x94, 0x2F, 0x8C, 0xB1, 0x9C, 0x70, 0x94, 0x4F, 0x8C, 0x81, 0xB1, 0x9C, 0x1E,
    0x70, 0x94, 0x4F, 0x8C, 0x90, 0x94, 0x6F, 0x94, 0x90, 0x94, 0x2F, 0x8C, 0x4F, 0x94, 0x4F, 0x8C,
    0xB1, 0x9C, 0x70, 0x94, 0x2F, 0x8C, 0xB1, 0x9C, 0xD1, 0x9C, 0x90, 0x94, 0x6F, 0x8C, 0x90, 0x94,
    0x4F, 0x94, 0x90, 0x94, 0x4F, 0x8C, 0x6F, 0x94, 0x4F, 0x94, 0x2F, 0x8C, 0x70, 0x94, 0x6F, 0x94,
    0x90, 0x94, 0xD1, 0x9C, 0xB0, 0x9C, 0x4F, 0x94, 0x50, 0x94, 0x70, 0x94, 0x90, 0x9C, 0x81, 0x6F,
    0x94, 0x0B, 0x4F, 0x94, 0x2F, 0x8C, 0xB1, 0x9C, 0x70, 0x94, 0x4F, 0x8C, 0xAC, 0xD3, 0xE6, 0x91,
    0x6D, 0x9B, 0x8C, 0xC3, 0xCD, 0x83, 0xEE, 0x83, 0x0E, 0x8C, 0x81, 0x6F, 0x94, 0x0B, 0x4F, 0x94,
    0xEE, 0x83, 0x4F, 0x8C, 0x0E, 0x8C, 0xCD, 0x83, 0xED, 0x83, 0x2E, 0x8C, 0x0E, 0x8C, 0xAC, 0x7B,
    0xCD, 0x83, 0x2E, 0x8C, 0x4F, 0x94, 0x81, 0x6F, 0x94, 0x01, 0x0E, 0x84, 0x4F, 0x8C, 0x81, 0x0E,
    0x8C, 0x06, 0xCD, 0x83, 0x2E, 0x8C, 0x0E, 0x8C, 0xCD, 0x83, 0xAD, 0x83, 0x0E, 0x8C, 0x2E, 0x8C,
    0x81, 0x6F, 0x94, 0x82, 0x2E, 0x8C, 0x01, 0x0E, 0x8C, 0xCD, 0x83, 0x81, 0x0E, 0x8C, 0x03, 0x0E,
    0x84, 0x8C, 0x7B, 0xCD, 0x83, 0x2E, 0x8C, 0x81, 0x6F, 0x94, 0x02, 0x4F, 0x94, 0xEE, 0x83, 0x4F,
    0x94, 0x81, 0x6F, 0x94, 0x01, 0x0E, 0x84, 0x4F, 0x8C, 0x81, 0x0E, 0x8C, 0x06, 0xCD, 0x83, 0x2E,
    0x8C, 0x0E, 0x8C, 0xED, 0x83, 0xAD, 0x83, 0xEE, 0x83, 0x2E, 0x8C, 0x81, 0x6F, 0x94, 0x05, 0x2F,
    0x8C, 0x0E, 0x8C, 0x2F, 0x8C, 0x0E, 0x8C, 0xCD, 0x83, 0x0D, 0x84, 0x81, 0x0E, 0x8C, 0x03, 0x8C,
    0x7B, 0xCD, 0x83, 0x2E, 0x8C, 0x4F, 0x94, 0x81, 0x6F, 0x94, 0x0A, 0xED, 0x83, 0x4F, 0x8C, 0x0E,
    0x8C, 0xEE, 0x83, 0xCD, 0x83, 0x2E, 0x8C, 0x0E, 0x8C, 0xAC, 0x7B, 0xCD, 0x83, 0x0E, 0x8C, 0x2F,
    0x8C, 0x81, 0x6F, 0x94, 0x04, 0x0E, 0x84, 0x2F, 0x8C, 0x2E, 0x8C, 0x0E, 0x8C, 0xCD, 0x83, 0x81,
    0x0E, 0x8C, 0x03, 0xEE, 0x83, 0xAC, 0x83, 0xEE, 0x83, 0x0E, 0x8C, 0x81, 0x6F, 0x94, 0x05, 0x4F,
    0x8C, 0x0E, 0x8C, 0x2F, 0x8C, 0x0E, 0x8C, 0xCD, 0x83, 0xED, 0x83, 0x81, 0x0E, 0x8C, 0x03, 0x8C,
    0x7B, 0xCD, 0x83, 0x2E, 0x8C, 0x4F, 0x94, 0x81, 0x6F, 0x94, 0x08, 0xEE, 0x83, 0x4F, 0x8C, 0x0E,
    0x8C, 0xEE, 0x83, 0xCD, 0x83, 0x2E, 0x8C, 0x0E, 0x8C, 0x8C, 0xCB, 0xE6, 0x91, 0x81, 0x6D, 0x7B,
    0x1F, 0x2E, 0x8C, 0x2F, 0x94, 0x12, 0xAD, 0xF2, 0xA4, 0x53, 0xAD, 0xF1, 0xA4, 0xD1, 0x9C, 0x32,
    0xAD, 0xF2, 0xA4, 0xD1, 0xA4, 0x12, 0xA5, 0xF2, 0xA4, 0xB1, 0x9C, 0xF2, 0xA4, 0x13, 0xAD, 0x53,
    0xB5, 0x12, 0xAD, 0x32, 0xAD, 0xF2, 0xA4, 0xD1, 0xA4, 0x32, 0xAD, 0xD1, 0xA4, 0xF1, 0xA4, 0xF2,
    0xA4, 0xF1, 0xA4, 0xB1, 0x9C, 0xF2, 0xA4, 0x12, 0xA5, 0x32, 0xAD, 0x12, 0xAD, 0xF2, 0xA4, 0x33,
    0xAD, 0x83, 0xF2, 0xA4, 0x00, 0xD1, 0xA4, 0x81, 0xF2, 0xA4, 0x07, 0xD1, 0xA4, 0xF2, 0xA4, 0x12,
    0xAD, 0x33, 0xAD, 0xF2, 0xA4, 0x33, 0xAD, 0xD1, 0xA4, 0xB1, 0x9C, 0x81, 0x12, 0xAD, 0x03, 0x12,
    0xA5, 0xD1, 0xA4, 0x12, 0xAD, 0xD1, 0xA4, 0x81, 0xF2, 0xA4, 0x01, 0xF1, 0xA4, 0xD1, 0x9C, 0x81,
    0xF2, 0xA4, 0x81, 0x12, 0xAD, 0x06, 0xF2, 0xA4, 0x53, 0xAD, 0xF2, 0xA4, 0xF1, 0xA4, 0x12, 0xA5,
    0xF2, 0xA4, 0xD1, 0xA4, 0x81, 0xF2, 0xA4, 0x16, 0xD1, 0xA4, 0xF2, 0xA4, 0x12, 0xAD, 0x33, 0xAD,
    0xF2, 0xA4, 0x33, 0xAD, 0xD1, 0xA4, 0xB1, 0x9C, 0x33, 0xAD, 0xF2, 0xA4, 0xF1, 0xA4, 0x12, 0xA5,
    0xF2, 0xA4, 0xB1, 0x9C, 0xF2, 0xA4, 0x13, 0xAD, 0x53, 0xB5, 0x12, 0xAD, 0x12, 0xA5, 0x12, 0xAD,
    0xF2, 0xA4, 0x12, 0xA5, 0xF1, 0xA4, 0x81, 0xF2, 0xA4, 0x03, 0xF1, 0xA4, 0xD1, 0xA4, 0xF1, 0xA4,
    0xF2, 0xA4, 0x81, 0x12, 0xAD, 0x11, 0xF2, 0xA4, 0x53, 0xAD, 0xF1, 0xA4, 0xD1, 0xA4, 0x12, 0xAD,
    0xF2, 0xA4, 0xD1, 0xA4, 0x12, 0xA5, 0xF2, 0xA4, 0xD1, 0xA4, 0xF2, 0xA4, 0x13, 0xAD, 0x53, 0xB5,
    0x12, 0xA5, 0x33, 0xAD, 0xF1, 0xA4, 0xB1, 0x9C, 0x32, 0xAD, 0x81, 0xF1, 0xA4, 0x04, 0xD1, 0xA4,
    0x0E, 0x8C, 0xCD, 0x83, 0x6C, 0xCB, 0xE6, 0x89, 0x81, 0x6D, 0x83, 0x0A, 0x2E, 0x8C, 0x4F, 0x94,
    0x94, 0xBD, 0xD6, 0xBD, 0xF6, 0xC5, 0xD6, 0xBD, 0xD5, 0xBD, 0xB5, 0xBD, 0xD5, 0xBD, 0xB5, 0xBD,
    0xD5, 0xBD, 0x82, 0xB5, 0xBD, 0x08, 0xF6, 0xC5, 0x95, 0xBD, 0xD6, 0xC5, 0xD5, 0xC5, 0xD6, 0xBD,
    0xD6, 0xC5, 0x95, 0xBD, 0xD5, 0xBD, 0x94, 0xBD, 0x81, 0xD5, 0xBD, 0x81, 0xB5, 0xBD, 0x05, 0xD5,
    0xBD, 0xB5, 0xBD, 0xD6, 0xC5, 0xD6, 0xBD, 0xF6, 0xC5, 0xD6, 0xBD, 0x83, 0xB5, 0xBD, 0x10, 0xD5,
    0xBD, 0x94, 0xBD, 0x95, 0xBD, 0xB5, 0xBD, 0xD5, 0xC5, 0xB5, 0xBD, 0xD6, 0xBD, 0xF5, 0xC5, 0xD6,
    0xBD, 0xD5, 0xBD, 0xD6, 0xC5, 0xD5, 0xC5, 0xF6, 0xC5, 0xD6, 0xC5, 0x95, 0xBD, 0xD5, 0xBD, 0x94,
    0xBD, 0x81, 0xD5, 0xBD, 0x81, 0xB5, 0xBD, 0x81, 0xD5, 0xBD, 0x03, 0xD6, 0xC5, 0xD6, 0xBD, 0xF6,
    0xC5, 0xD6, 0xBD, 0x83, 0xB5, 0xBD, 0x01, 0xD5, 0xBD, 0x94, 0xBD, 0x81, 0xB5, 0xBD, 0x03, 0xF6,
    0xC5, 0xB5, 0xBD, 0xD6, 0xC5, 0xD5, 0xC5, 0x81, 0xD6, 0xBD, 0x03, 0x95, 0xBD, 0xD5, 0xBD, 0xB5,
    0xBD, 0xD5, 0xBD, 0x82, 0xB5, 0xBD, 0x08, 0xF6, 0xC5, 0xB5, 0xBD, 0xD6, 0xC5, 0xD5, 0xBD, 0xF6,
    0xC5, 0xD6, 0xC5, 0x95, 0xBD, 0xD5, 0xBD, 0x94, 0xBD, 0x81, 0xD5, 0xBD, 0x01, 0xB5, 0xBD, 0x95,
    0xBD, 0x81, 0xD5, 0xBD, 0x03, 0xD5, 0xC5, 0xD6, 0xBD, 0xF6, 0xC5, 0xD6, 0xBD, 0x83, 0xB5, 0xBD,
    0x00, 0xD5, 0xBD, 0x82, 0xB5, 0xBD, 0x16, 0xF6, 0xC5, 0xB5, 0xBD, 0xD6, 0xC5, 0xD5, 0xC5, 0xD6,
    0xBD, 0xD6, 0xC5, 0x95, 0xBD, 0xD5, 0xBD, 0x94, 0xBD, 0x74, 0xB5, 0x2E, 0x8C, 0x0E, 0x8C, 0x6C,
    0xD3, 0xE6, 0x89, 0x8C, 0xB3, 0x8D, 0xA3, 0x4F, 0x94, 0x2E, 0x8C, 0x74, 0xB5, 0xB5, 0xBD, 0xD5,
    0xBD, 0x95, 0xBD, 0xD5, 0xBD, 0x81, 0xB5, 0xBD, 0x08, 0x94, 0xB5, 0x53, 0xAD, 0xB5, 0xBD, 0x74,
    0xB5, 0x94, 0xBD, 0xD5, 0xBD, 0xB5, 0xBD, 0x94, 0xB5, 0xD6, 0xBD, 0x81, 0xB5, 0xBD, 0x0F, 0xD5,
    0xBD, 0xB5, 0xBD, 0x94, 0xB5, 0x33, 0xAD, 0xB5, 0xBD, 0x74, 0xB5, 0x54, 0xB5, 0xD5, 0xBD, 0xB5,
    0xBD, 0x94, 0xBD, 0xD5, 0xBD, 0xB5, 0xBD, 0x94, 0xBD, 0xD5, 0xBD, 0xB5, 0xBD, 0x95, 0xB5, 0x81,
    0x74, 0xB5, 0x03, 0xB5, 0xBD, 0x54, 0xB5, 0xB5, 0xBD, 0xD5, 0xBD, 0x81, 0xB5, 0xBD, 0x04, 0xD5,
    0xBD, 0xB5, 0xBD, 0xD5, 0xBD, 0x94, 0xB5, 0xD6, 0xBD, 0x81, 0xB5, 0xBD, 0x1A, 0xD5, 0xBD, 0xB5,
    0xBD, 0x94, 0xB5, 0x33, 0xAD, 0xB5, 0xBD, 0x94, 0xB5, 0x54, 0xB5, 0xD5, 0xBD, 0xB5, 0xBD, 0x95,
    0xBD, 0xD5, 0xBD, 0xB5, 0xBD, 0x95, 0xBD, 0xD5, 0xBD, 0xB5, 0xBD, 0x95, 0xB5, 0x74, 0xB5, 0x54,
    0xB5, 0xB5, 0xBD, 0x54, 0xB5, 0xB5, 0xBD, 0xD5, 0xBD, 0xB5, 0xBD, 0x94, 0xBD, 0xD6, 0xBD, 0xB5,
    0xBD, 0xD5, 0xBD, 0x81, 0xB5, 0xBD, 0x02, 0x94, 0xB5, 0x33, 0xAD, 0xB5, 0xBD, 0x81, 0x74, 0xB5,
    0x03, 0xD5, 0xBD, 0xB5, 0xBD, 0x94, 0xB5, 0xD6, 0xBD, 0x81, 0xB5, 0xBD, 0x06, 0xD5, 0xBD, 0xB5,
    0xBD, 0x94, 0xB5, 0x33, 0xAD, 0x95, 0xBD, 0x95, 0xB5, 0x54, 0xB5, 0x81, 0xD5, 0xBD, 0x00, 0xB5,
    0xBD, 0x81, 0xD5, 0xBD, 0x0E, 0x95, 0xBD, 0xD5, 0xBD, 0xB5, 0xBD, 0x95, 0xB5, 0x74, 0xB5, 0x54,
    0xB5, 0xB5, 0xBD, 0x54, 0xB5, 0xB5, 0xBD, 0xD5, 0xBD, 0xB5, 0xBD, 0x94, 0xBD, 0xD6, 0xBD, 0xB5,
    0xBD, 0xD5, 0xBD, 0x81, 0xB5, 0xBD, 0x0F, 0x94, 0xB5, 0xD1, 0xA4, 0x0E, 0x8C, 0xEE, 0x83, 0xAC,
    0xDB, 0xE6, 0x91, 0x6D, 0xAB, 0x6C, 0x9B, 0x0E, 0x84, 0x0E, 0x8C, 0xB5, 0xBD, 0x94, 0xBD, 0xF6,
    0xC5, 0xD5, 0xBD, 0xB5, 0xBD, 0xB5, 0xB5, 0x81, 0x74, 0xB5, 0x01, 0xB5, 0xBD, 0x94, 0xBD, 0x81,
    0xB5, 0xBD, 0x04, 0xB4, 0xBD, 0xD5, 0xBD, 0xB5, 0xBD, 0xD5, 0xC5, 0xF6, 0xBD, 0x81, 0xB5, 0xBD,
    0x82, 0x74, 0xB5, 0x0A, 0x94, 0xB5, 0xD5, 0xBD, 0xB5, 0xBD, 0x95, 0xBD, 0xD5, 0xBD, 0xD6, 0xBD,
    0x94, 0xBD, 0xF6, 0xC5, 0xD5, 0xBD, 0x95, 0xBD, 0x94, 0xB5, 0x81, 0x74, 0xB5, 0x00, 0xD5, 0xBD,
    0x83, 0xB5, 0xBD, 0x03, 0xD6, 0xBD, 0x95, 0xBD, 0xF5, 0xC5, 0xD5, 0xBD, 0x81, 0xB5, 0xBD, 0x03,
    0xD5, 0xBD, 0xF6, 0xC5, 0xD5, 0xBD, 0x95, 0xBD, 0x82, 0x74, 0xB5, 0x0A, 0x94, 0xB5, 0xD5, 0xBD,
    0xB5, 0xBD, 0x95, 0xBD, 0xD5, 0xBD, 0xD6, 0xBD, 0x94, 0xBD, 0xF6, 0xC5, 0xD5, 0xBD, 0x95, 0xBD,
    0x95, 0xB5, 0x81, 0x74, 0xB5, 0x00, 0xD5, 0xBD, 0x83, 0xB5, 0xBD, 0x05, 0xD6, 0xBD, 0x95, 0xBD,
    0xF5, 0xC5, 0xD5, 0xBD, 0xB5, 0xBD, 0xB5, 0xB5, 0x81, 0x74, 0xB5, 0x01, 0x95, 0xBD, 0x94, 0xB5,
    0x81, 0xB5, 0xBD, 0x00, 0x94, 0xBD, 0x81, 0xD5, 0xBD, 0x03, 0xB5, 0xBD, 0xF6, 0xC5, 0xD5, 0xBD,
    0x95, 0xBD, 0x82, 0x74, 0xB5, 0x82, 0xB5, 0xBD, 0x07, 0x95, 0xBD, 0xD5, 0xBD, 0xF6, 0xBD, 0x94,
    0xB5, 0xF6, 0xC5, 0xD5, 0xBD, 0x95, 0xBD, 0x95, 0xB5, 0x81, 0x74, 0xB5, 0x00, 0xD5, 0xBD, 0x83,
    0xB5, 0xBD, 0x03, 0xD5, 0xBD, 0xB5, 0xBD, 0xF5, 0xC5, 0xF5, 0xBD, 0x81, 0xB5, 0xBD, 0x81, 0x74,
    0xB5, 0x0A, 0x33, 0xAD, 0xCD, 0x83, 0x2E, 0x8C, 0x6C, 0xAB, 0xE6, 0x91, 0x8C, 0xE3, 0x6C, 0xBB,
    0x0E, 0x8C, 0x4F, 0x8C, 0x94, 0xBD, 0xB5, 0xBD, 0x81, 0x95, 0xB5, 0x02, 0x94, 0xBD, 0x54, 0xB5,
    0x94, 0xB5, 0x81, 0xB5, 0xBD, 0x00, 0xD5, 0xBD, 0x81, 0xB5, 0xBD, 0x07, 0x94, 0xB5, 0xF6, 0xC5,
    0xB5, 0xBD, 0x94, 0xB5, 0xB5, 0xBD, 0x94, 0xB5, 0x95, 0xB5, 0x74, 0xB5, 0x84, 0xB5, 0xBD, 0x02,
    0x94, 0xBD, 0xF6, 0xC5, 0xD5, 0xBD, 0x81, 0xB5, 0xBD, 0x02, 0x94, 0xB5, 0xB5, 0xBD, 0x54, 0xB5,
    0x82, 0xB5, 0xBD, 0x00, 0xD5, 0xBD, 0x81, 0xB5, 0xBD, 0x0B, 0xD5, 0xBD, 0xD5, 0xC5, 0xB5, 0xBD,
    0x94, 0xB5, 0xB5, 0xBD, 0x94, 0xBD, 0xB5, 0xBD, 0x95, 0xB5, 0xB5, 0xBD, 0x94, 0xB5, 0xB5, 0xBD,
    0x74, 0xB5, 0x82, 0xB5, 0xBD, 0x04, 0xD5, 0xBD, 0xB5, 0xBD, 0x95, 0xBD, 0xF6, 0xC5, 0xD5, 0xBD,
    0x81, 0xB5, 0xBD, 0x02, 0x94, 0xB5, 0xB5, 0xBD, 0x54, 0xB5, 0x82, 0xB5, 0xBD, 0x00, 0xD5, 0xBD,
    0x82, 0xB5, 0xBD, 0x06, 0xF6, 0xC5, 0xB5, 0xBD, 0x94, 0xB5, 0xB5, 0xBD, 0x94, 0xB5, 0x74, 0xB5,
    0x94, 0xB5, 0x84, 0xB5, 0xBD, 0x07, 0x94, 0xB5, 0xF6, 0xC5, 0xB5, 0xBD, 0x95, 0xB5, 0xB5, 0xBD,
    0x94, 0xB5, 0xB5, 0xBD, 0x74, 0xB5, 0x82, 0xB5, 0xBD, 0x00, 0xD5, 0xBD, 0x81, 0xB5, 0xBD, 0x01,
    0xF6, 0xC5, 0xD5, 0xBD, 0x81, 0xB5, 0xBD, 0x03, 0x95, 0xB5, 0xB4, 0xBD, 0x54, 0xB5, 0x95, 0xBD,
    0x81, 0xB5, 0xBD, 0x00, 0xD5, 0xBD, 0x82, 0xB5, 0xBD, 0x04, 0xF6, 0xC5, 0xB5, 0xBD, 0x94, 0xB5,
    0xB5, 0xBD, 0x94, 0xB5, 0x81, 0x74, 0xB5, 0x0E, 0xB5, 0xBD, 0x54, 0xB5, 0x0E, 0x8C, 0x2E, 0x8C,
    0x6C, 0xBB, 0xE6, 0x71, 0x8C, 0xF3, 0x8C, 0xD3, 0x2F, 0x8C, 0x2E, 0x8C, 0x94, 0xB5, 0xD5, 0xBD,
    0xD5, 0xC5, 0x94, 0xBD, 0x95, 0xBD, 0x82, 0xB5, 0xBD, 0x01, 0x74, 0xB5, 0x94, 0xB5, 0x81, 0x95,
    0xB5, 0x01, 0x94, 0xB5, 0xB5, 0xBD, 0x81, 0xD5, 0xBD, 0x02, 0xB5, 0xBD, 0x94, 0xBD, 0x94, 0xB5,
    0x81, 0xB5, 0xBD, 0x01, 0x53, 0xAD, 0xB5, 0xB5, 0x81, 0x94, 0xB5, 0x04, 0x95, 0xB5, 0xB5, 0xBD,
    0xD6, 0xBD, 0xD5, 0xBD, 0xD5, 0xC5, 0x81, 0x94, 0xB5, 0x81, 0xB5, 0xBD, 0x03, 0x74, 0xB5, 0x94,
    0xBD, 0x74, 0xB5, 0x95, 0xB5, 0x82, 0xB5, 0xBD, 0x81, 0xD5, 0xBD, 0x01, 0x94, 0xBD, 0x95, 0xBD,
    0x81, 0xD5, 0xBD, 0x02, 0xB5, 0xBD, 0x94, 0xBD, 0x94, 0xB5, 0x81, 0xB5, 0xBD, 0x01, 0x53, 0xAD,
    0xB5, 0xB5, 0x81, 0x94, 0xB5, 0x06, 0x95, 0xBD, 0xD5, 0xBD, 0xD6, 0xBD, 0xD5, 0xBD, 0xD5, 0xC5,
    0x94, 0xBD, 0x94, 0xB5, 0x81, 0xB5, 0xBD, 0x03, 0x94, 0xB5, 0x94, 0xBD, 0x74, 0xB5, 0x95, 0xB5,
    0x82, 0xB5, 0xBD, 0x81, 0xD5, 0xBD, 0x81, 0xB5, 0xBD, 0x00, 0x95, 0xBD, 0x81, 0xB5, 0xBD, 0x00,
    0x53, 0xB5, 0x81, 0x95, 0xB5, 0x81, 0x94, 0xB5, 0x00, 0xB5, 0xBD, 0x82, 0xD5, 0xBD, 0x81, 0x94,
    0xB5, 0x81, 0xB5, 0xBD, 0x01, 0x53, 0xAD, 0xB5, 0xB5, 0x81, 0x94, 0xB5, 0x06, 0xB5, 0xBD, 0xD5,
    0xBD, 0xD6, 0xBD, 0xD5, 0xBD, 0xD5, 0xC5, 0x94, 0xBD, 0x94, 0xB5, 0x81, 0xB5, 0xBD, 0x82, 0x94,
    0xB5, 0x81, 0x95, 0xB5, 0x01, 0x95, 0xBD, 0xB5, 0xBD, 0x81, 0xD5, 0xBD, 0x02, 0xB5, 0xBD, 0x95,
    0xBD, 0x94, 0xB5, 0x81, 0xB5, 0xBD, 0x0C, 0xF2, 0xA4, 0xEE, 0x83, 0x0E, 0x8C, 0x8D, 0xAB, 0xE6,
    0x79, 0x8C, 0xF3, 0x6C, 0xCB, 0x2F, 0x8C, 0x4F, 0x94, 0x94, 0xB5, 0x95, 0xBD, 0x95, 0xB5, 0xD5,
    0xBD, 0x82, 0xB5, 0xBD, 0x03, 0x95, 0xB5, 0x94, 0xB5, 0xB5, 0xBD, 0xD5, 0xBD, 0x81, 0xB5, 0xBD,
    0x01, 0xD6, 0xBD, 0x54, 0xB5, 0x83, 0xB5, 0xBD, 0x01, 0x94, 0xB5, 0xB5, 0xBD, 0x81, 0x94, 0xB5,
    0x82, 0xB5, 0xBD, 0x07, 0xD6, 0xC5, 0x95, 0xB5, 0xD6, 0xBD, 0x74, 0xB5, 0xD5, 0xBD, 0xB5, 0xBD,
    0x94, 0xBD, 0xB5, 0xBD, 0x81, 0x94, 0xB5, 0x01, 0xB5, 0xBD, 0xD6, 0xBD, 0x82, 0xD5, 0xBD, 0x01,
    0x94, 0xB5, 0xB5, 0xB5, 0x81, 0xB5, 0xBD, 0x02, 0x54, 0xB5, 0xD5, 0xBD, 0x95, 0xBD, 0x81, 0xB5,
    0xBD, 0x0B, 0x94, 0xB5, 0xB5, 0xBD, 0x95, 0xB5, 0x94, 0xB5, 0xB5, 0xBD, 0xD5, 0xBD, 0xB5, 0xBD,
    0xD6, 0xC5, 0xB5, 0xBD, 0xD6, 0xBD, 0x94, 0xB5, 0xD5, 0xBD, 0x82, 0xB5, 0xBD, 0x81, 0x94, 0xB5,
    0x02, 0xB5, 0xBD, 0xD6, 0xBD, 0xB5, 0xBD, 0x81, 0xD5, 0xBD, 0x00, 0x74, 0xB5, 0x83, 0xB5, 0xBD,
    0x03, 0x94, 0xBD, 0xB5, 0xBD, 0x94, 0xB5, 0x95, 0xB5, 0x82, 0xB5, 0xBD, 0x03, 0xD6, 0xBD, 0x74,
    0xB5, 0xD6, 0xBD, 0x94, 0xB5, 0x81, 0xB5, 0xBD, 0x04, 0x94, 0xB5, 0xB5, 0xBD, 0x95, 0xB5, 0x94,
    0xB5, 0xB5, 0xBD, 0x81, 0xD5, 0xBD, 0x00, 0xD6, 0xC5, 0x81, 0xB5, 0xBD, 0x01, 0x94, 0xB5, 0xD5,
    0xBD, 0x82, 0xB5, 0xBD, 0x81, 0x94, 0xB5, 0x02, 0xB5, 0xBD, 0xD6, 0xBD, 0xB5, 0xBD, 0x81, 0xD5,
    0xBD, 0x00, 0x54, 0xB5, 0x83, 0xB5, 0xBD, 0x13, 0x94, 0xBD, 0xB5, 0xBD, 0x53, 0xAD, 0xED, 0x83,
    0x2E, 0x8C, 0x8C, 0xB3, 0xE6, 0x79, 0x8C, 0xEB, 0x8C, 0xCB, 0x4F, 0x94, 0xEE, 0x83, 0x95, 0xBD,
    0x94, 0xB5, 0xD5, 0xBD, 0xB5, 0xBD, 0x94, 0xB5, 0xB5, 0xBD, 0x95, 0xBD, 0xB5, 0xBD, 0xD5, 0xBD,
    0x81, 0xB5, 0xBD, 0x04, 0xD6, 0xC5, 0xB5, 0xBD, 0xD5, 0xBD, 0xB5, 0xBD, 0xD5, 0xBD, 0x81, 0xB5,
    0xBD, 0x02, 0x94, 0xBD, 0x94, 0xB5, 0xB5, 0xBD, 0x83, 0xD5, 0xBD, 0x07, 0xD6, 0xBD, 0xB5, 0xBD,
    0xD6, 0xBD, 0x74, 0xB5, 0xB5, 0xBD, 0xD5, 0xBD, 0x74, 0xB5, 0xB5, 0xB5, 0x81, 0xB5, 0xBD, 0x81,
    0xD5, 0xBD, 0x07, 0xB5, 0xBD, 0xD6, 0xC5, 0xB5, 0xBD, 0xD6, 0xC5, 0x94, 0xB5, 0xD5, 0xBD, 0xB5,
    0xBD, 0x94, 0xB5, 0x83, 0xB5, 0xBD, 0x81, 0x94, 0xB5, 0x00, 0xB5, 0xBD, 0x83, 0xD5, 0xBD, 0x06,
    0xD6, 0xBD, 0xB5, 0xBD, 0xD6, 0xBD, 0x74, 0xB5, 0xB5, 0xBD, 0xD5, 0xBD, 0x74, 0xB5, 0x82, 0xB5,
    0xBD, 0x81, 0xD5, 0xBD, 0x11, 0xB5, 0xBD, 0xD6, 0xC5, 0xB5, 0xBD, 0xD6, 0xBD, 0x95, 0xBD, 0xD5,
    0xBD, 0xB5, 0xBD, 0x94, 0xB5, 0xB5, 0xBD, 0x94, 0xB5, 0xB5, 0xBD, 0xD5, 0xBD, 0xB5, 0xBD, 0xD5,
    0xBD, 0xD6, 0xC5, 0xD5, 0xBD, 0xB5, 0xBD, 0xD6, 0xBD, 0x82, 0xB5, 0xBD, 0x02, 0x74, 0xB5, 0x94,
    0xB5, 0xB5, 0xBD, 0x83, 0xD5, 0xBD, 0x06, 0xD6, 0xBD, 0x95, 0xBD, 0xD6, 0xBD, 0x74, 0xB5, 0xD5,
    0xBD, 0xB5, 0xBD, 0x74, 0xB5, 0x82, 0xB5, 0xBD, 0x81, 0xD5, 0xBD, 0x19, 0xB5, 0xBD, 0xD6, 0xC5,
    0xB5, 0xBD, 0xD6, 0xBD, 0xB5, 0xBD, 0xD5, 0xBD, 0xB5, 0xBD, 0x95, 0xB5, 0x95, 0xBD, 0x94, 0xB5,
    0xB5, 0xBD, 0x74, 0xB5, 0x2E, 0x8C, 0x2F, 0x8C, 0x6C, 0xC3, 0xE6, 0x71, 0x8C, 0xCB, 0x6C, 0x8B,
    0x6F, 0x94, 0xEE, 0x83, 0x95, 0xBD, 0xD6, 0xBD, 0xD5, 0xBD, 0xB5, 0xBD, 0x95, 0xBD, 0xD5, 0xBD,
    0x83, 0xB5, 0xBD, 0x01, 0x94, 0xB5, 0xB5, 0xBD, 0x83, 0xD6, 0xBD, 0x01, 0xB5, 0xBD, 0x95, 0xBD,
    0x84, 0xB5, 0xBD, 0x05, 0x74, 0xB5, 0x95, 0xB5, 0xF6, 0xC5, 0xB5, 0xBD, 0xD6, 0xC5, 0xD6, 0xBD,
    0x81, 0xB5, 0xBD, 0x00, 0xB4, 0xBD, 0x83, 0xB5, 0xBD, 0x08, 0x95, 0xB5, 0xB5, 0xBD, 0xD5, 0xC5,
    0xB5, 0xBD, 0xD6, 0xC5, 0xD6, 0xBD, 0xD5, 0xBD, 0xB5, 0xBD, 0x95, 0xBD, 0x81, 0xD6, 0xBD, 0x86,
    0xB5, 0xBD, 0x05, 0x74, 0xB5, 0xB5, 0xB5, 0xF6, 0xC5, 0xB5, 0xBD, 0xD6, 0xC5, 0xD6, 0xBD, 0x81,
    0xB5, 0xBD, 0x00, 0x94, 0xBD, 0x83, 0xB5, 0xBD, 0x09, 0xB5, 0xB5, 0xB5, 0xBD, 0xD5, 0xBD, 0xB5,
    0xBD, 0xD6, 0xC5, 0xD6, 0xBD, 0xD5, 0xBD, 0xB5, 0xBD, 0x95, 0xBD, 0xD5, 0xBD, 0x83, 0xB5, 0xBD,
    0x01, 0x74, 0xB5, 0x95, 0xB5, 0x81, 0xD6, 0xBD, 0x01, 0xD6, 0xC5, 0xD6, 0xBD, 0x86, 0xB5, 0xBD,
    0x05, 0x94, 0xB5, 0xB5, 0xBD, 0xF6, 0xC5, 0x95, 0xBD, 0xD6, 0xC5, 0xD6, 0xBD, 0x81, 0xB5, 0xBD,
    0x00, 0x94, 0xBD, 0x83, 0xB5, 0xBD, 0x00, 0xB5, 0xB5, 0x82, 0xB5, 0xBD, 0x04, 0xD6, 0xC5, 0xD6,
    0xBD, 0xD6, 0xC5, 0xB5, 0xBD, 0x95, 0xBD, 0x82, 0xB5, 0xBD, 0x0B, 0x54, 0xB5, 0x0E, 0x84, 0xCD,
    0x83, 0x6C, 0xC3, 0xE6, 0x79, 0x8C, 0xD3, 0x6C, 0xCB, 0x0E, 0x8C, 0x2F, 0x8C, 0x94, 0xB5, 0xD6,
    0xBD, 0x74, 0xB5, 0x81, 0xD5, 0xBD, 0x82, 0xB5, 0xBD, 0x03, 0xD6, 0xC5, 0xB5, 0xBD, 0xD5, 0xBD,
    0xB5, 0xBD, 0x82, 0xD6, 0xBD, 0x00, 0xB5, 0xBD, 0x81, 0xD5, 0xBD, 0x83, 0xB5, 0xBD, 0x03, 0xD5,
    0xBD, 0xB5, 0xBD, 0xD5, 0xBD, 0xB5, 0xBD, 0x81, 0xD5, 0xBD, 0x01, 0xD6, 0xBD, 0x74, 0xB5, 0x84,
    0xB5, 0xBD, 0x03, 0xD6, 0xBD, 0xB5, 0xBD, 0xD6, 0xC5, 0x95, 0xBD, 0x81, 0xD5, 0xBD, 0x01, 0xD6,
    0xBD, 0x95, 0xB5, 0x82, 0xD6, 0xBD, 0x86, 0xB5, 0xBD, 0x03, 0xD5, 0xBD, 0xB5, 0xBD, 0xD5, 0xC5,
    0xB5, 0xBD, 0x81, 0xD5, 0xBD, 0x01, 0xD6, 0xC5, 0x74, 0xB5, 0x84, 0xB5, 0xBD, 0x09, 0xD6, 0xC5,
    0xB5, 0xBD, 0xD6, 0xC5, 0xB5, 0xBD, 0xD6, 0xBD, 0xD5, 0xBD, 0xD6, 0xBD, 0x95, 0xBD, 0xD6, 0xBD,
    0xD6, 0xC5, 0x82, 0xB5, 0xBD, 0x01, 0xD6, 0xC5, 0xD5, 0xBD, 0x81, 0xB5, 0xBD, 0x00, 0xD6, 0xBD,
    0x82, 0xD5, 0xBD, 0x02, 0x95, 0xBD, 0xB5, 0xBD, 0x95, 0xB5, 0x82, 0xB5, 0xBD, 0x03, 0xD6, 0xBD,
    0xB5, 0xBD, 0xD6, 0xC5, 0xB5, 0xBD, 0x81, 0xD5, 0xBD, 0x04, 0xD6, 0xC5, 0x74, 0xB5, 0xD5, 0xBD,
    0xB5, 0xBD, 0xD5, 0xBD, 0x81, 0xB5, 0xBD, 0x03, 0xD6, 0xC5, 0xB5, 0xBD, 0xD5, 0xC5, 0xB5, 0xBD,
    0x82, 0xD6, 0xBD, 0x02, 0x95, 0xBD, 0xD6, 0xBD, 0xD5, 0xBD, 0x82, 0xB5, 0xBD, 0x0E, 0x74, 0xB5,
    0x2F, 0x8C, 0x2E, 0x8C, 0x8C, 0xBB, 0xE6, 0x79, 0x6D, 0x9B, 0x6D, 0x8B, 0x2E, 0x8C, 0x4F, 0x94,
    0x95, 0xB5, 0xD5, 0xBD, 0xD6, 0xBD, 0xD5, 0xBD, 0xB5, 0xBD, 0xD5, 0xBD, 0x82, 0xB5, 0xBD, 0x0C,
    0x95, 0xBD, 0x94, 0xBD, 0xB5, 0xBD, 0xD6, 0xC5, 0xD5, 0xBD, 0x95, 0xBD, 0xD6, 0xBD, 0xF6, 0xC5,
    0xB5, 0xBD, 0xF6, 0xC5, 0xD5, 0xC5, 0xD5, 0xBD, 0xD6, 0xBD, 0x82, 0xB5, 0xBD, 0x07, 0xD5, 0xBD,
    0xD6, 0xBD, 0xB6, 0xBD, 0xD6, 0xBD, 0xF6, 0xC5, 0xB5, 0xBD, 0xF6, 0xC5, 0xD6, 0xC5, 0x81, 0xD5,
    0xBD, 0x06, 0xB5, 0xBD, 0x95, 0xB5, 0x94, 0xBD, 0xB5, 0xBD, 0xD6, 0xC5, 0xD6, 0xBD, 0xB5, 0xBD,
    0x81, 0xD6, 0xBD, 0x81, 0xB5, 0xBD, 0x06, 0xD6, 0xBD, 0xF6, 0xC5, 0xB5, 0xBD, 0xF6, 0xC5, 0xD6,
    0xC5, 0xD5, 0xBD, 0xD6, 0xBD, 0x81, 0xB5, 0xBD, 0x01, 0x95, 0xBD, 0xB5, 0xBD, 0x82, 0xD6, 0xBD,
    0x03, 0xF6, 0xC5, 0xB5, 0xBD, 0xD6, 0xBD, 0xD5, 0xC5, 0x82, 0xB5, 0xBD, 0x05, 0x95, 0xB5, 0x94,
    0xBD, 0xB5, 0xBD, 0xD6, 0xC5, 0xD6, 0xBD, 0xB5, 0xBD, 0x81, 0xD6, 0xBD, 0x04, 0xB5, 0xBD, 0xD6,
    0xBD, 0xD5, 0xBD, 0xB5, 0xBD, 0xD5, 0xBD, 0x82, 0xB5, 0xBD, 0x07, 0xD5, 0xC5, 0xD5, 0xBD, 0xB5,
    0xBD, 0xD6, 0xBD, 0xF6, 0xC5, 0xB5, 0xBD, 0xF6, 0xC5, 0xD6, 0xC5, 0x81, 0xD5, 0xBD, 0x03, 0xB5,
    0xBD, 0x95, 0xB5, 0x95, 0xBD, 0xB5, 0xBD, 0x82, 0xD6, 0xBD, 0x03, 0xF6, 0xC5, 0xD5, 0xBD, 0xD6,
    0xBD, 0xD5, 0xBD, 0x82, 0xB5, 0xBD, 0x05, 0x95, 0xB5, 0x94, 0xBD, 0xB5, 0xBD, 0xD6, 0xC5, 0xD5,
    0xBD, 0xB5, 0xBD, 0x81, 0xD6, 0xBD, 0x04, 0xB5, 0xBD, 0xD6, 0xC5, 0xD5, 0xBD, 0xB5, 0xBD, 0x74,
    0xB5, 0x81, 0x0E, 0x8C, 0x0E, 0x6C, 0xB3, 0xE6, 0x79, 0x8C, 0xCB, 0x8C, 0xB3, 0x90, 0x94, 0x6F,
    0x94, 0xB5, 0xBD, 0xF6, 0xC5, 0xB6, 0xBD, 0xF6, 0xC5, 0xB5, 0xBD, 0xD6, 0xC5, 0xD5, 0xBD, 0x74,
    0xB5, 0xD5, 0xBD, 0x81, 0xD6, 0xBD, 0x81, 0xF6, 0xC5, 0x0A, 0xD5, 0xBD, 0xD6, 0xBD, 0xB6, 0xBD,
    0xF6, 0xC5, 0xD5, 0xBD, 0xD6, 0xBD, 0xD5, 0xC5, 0xB5, 0xBD, 0x74, 0xB5, 0xD6, 0xBD, 0xB5, 0xBD,
    0x81, 0xF6, 0xC5, 0x0A, 0xD6, 0xBD, 0xF6, 0xBD, 0xF6, 0xC5, 0xD6, 0xC5, 0xD6, 0xBD, 0xB5, 0xBD,
    0xD6, 0xC5, 0xD5, 0xBD, 0x74, 0xB5, 0xF6, 0xC5, 0xD6, 0xBD, 0x82, 0xF6, 0xC5, 0x04, 0xD6, 0xBD,
    0xF6, 0xC5, 0xB5, 0xBD, 0xF6, 0xC5, 0xB5, 0xBD, 0x81, 0xD6, 0xBD, 0x07, 0xF6, 0xC5, 0xD5, 0xBD,
    0xB5, 0xBD, 0xD5, 0xC5, 0xB5, 0xBD, 0x74, 0xB5, 0xD6, 0xBD, 0xB5, 0xBD, 0x82, 0xF6, 0xC5, 0x09,
    0xF6, 0xBD, 0xF6, 0xC5, 0xD6, 0xC5, 0xD6, 0xBD, 0xB5, 0xBD, 0xD6, 0xC5, 0xD5, 0xBD, 0x74, 0xB5,
    0xF6, 0xC5, 0xD6, 0xBD, 0x82, 0xF6, 0xC5, 0x06, 0xD5, 0xBD, 0xD6, 0xC5, 0xB5, 0xBD, 0xF6, 0xC5,
    0xB5, 0xBD, 0xD6, 0xC5, 0xD5, 0xBD, 0x81, 0x95, 0xB5, 0x01, 0xD5, 0xBD, 0xB6, 0xBD, 0x81, 0xF6,
    0xC5, 0x00, 0xD5, 0xBD, 0x81, 0xD6, 0xBD, 0x05, 0xF6, 0xC5, 0xD6, 0xBD, 0xB5, 0xBD, 0xD5, 0xC5,
    0xB5, 0xBD, 0x54, 0xB5, 0x81, 0xD6, 0xBD, 0x82, 0xF6, 0xC5, 0x08, 0xF6, 0xBD, 0xF6, 0xC5, 0xD6,
    0xBD, 0xD6, 0xC5, 0xB5, 0xBD, 0xD6, 0xC5, 0xD5, 0xBD, 0x74, 0xB5, 0xF6, 0xBD, 0x81, 0xD6, 0xBD,
    0x81, 0xF6, 0xC5, 0x08, 0xD5, 0xBD, 0xD6, 0xBD, 0xB5, 0xBD, 0xF6, 0xC5, 0xB5, 0xBD, 0xD6, 0xBD,
    0xD5, 0xBD, 0x95, 0xB5, 0x33, 0xAD, 0x81, 0x2F, 0x8C, 0x06, 0x8C, 0xB3, 0xE6, 0x79, 0x8C, 0xC3,
    0xAD, 0xB3, 0x0E, 0x8C, 0x2E, 0x8C, 0x94, 0xB5, 0x82, 0xF6, 0xC5, 0x0A, 0xB5, 0xBD, 0xF6, 0xC5,
    0xD5, 0xBD, 0x95, 0xBD, 0x94, 0xBD, 0xF6, 0xC5, 0xD6, 0xBD, 0x94, 0xBD, 0xB5, 0xBD, 0xD5, 0xBD,
    0xD6, 0xBD, 0x81, 0xF6, 0xC5, 0x01, 0xB5, 0xBD, 0xD6, 0xC5, 0x82, 0xB5, 0xBD, 0x00, 0xD5, 0xBD,
    0x83, 0xB5, 0xBD, 0x00, 0xD5, 0xBD, 0x81, 0xF6, 0xC5, 0x01, 0xD6, 0xBD, 0xB5, 0xBD, 0x81, 0xD5,
    0xBD, 0x81, 0xB5, 0xBD, 0x81, 0xD6, 0xBD, 0x02, 0x94, 0xBD, 0xB5, 0xBD, 0xD5, 0xBD, 0x82, 0xF6,
    0xC5, 0x01, 0xB5, 0xBD, 0xD6, 0xBD, 0x81, 0xF6, 0xC5, 0x01, 0xB5, 0xBD, 0xD6, 0xBD, 0x82, 0xB5,
    0xBD, 0x00, 0xD5, 0xBD, 0x81, 0xB5, 0xBD, 0x02, 0x95, 0xBD, 0xB5, 0xBD, 0xD5, 0xBD, 0x81, 0xF6,
    0xC5, 0x05, 0xF6, 0xBD, 0xB5, 0xBD, 0xD6, 0xBD, 0xD5, 0xBD, 0x95, 0xBD, 0x94, 0xBD, 0x81, 0xD6,
    0xBD, 0x03, 0x94, 0xBD, 0xB5, 0xBD, 0xD5, 0xBD, 0xD6, 0xC5, 0x81, 0xF6, 0xC5, 0x01, 0xB5, 0xBD,
    0xF6, 0xC5, 0x82, 0xB5, 0xBD, 0x05, 0xF6, 0xC5, 0xB5, 0xBD, 0x95, 0xBD, 0xB5, 0xBD, 0xD5, 0xBD,
    0xD6, 0xBD, 0x81, 0xF6, 0xC5, 0x81, 0xD5, 0xBD, 0x02, 0xB5, 0xBD, 0xD5, 0xBD, 0xB5, 0xBD, 0x81,
    0xD5, 0xBD, 0x03, 0xD6, 0xBD, 0x94, 0xBD, 0xB5, 0xBD, 0xD5, 0xBD, 0x82, 0xF6, 0xC5, 0x04, 0xB5,
    0xBD, 0xD6, 0xBD, 0xD5, 0xBD, 0x95, 0xBD, 0x94, 0xB5, 0x81, 0xD6, 0xBD, 0x03, 0x94, 0xBD, 0xB5,
    0xBD, 0xD5, 0xBD, 0xD6, 0xC5, 0x81, 0xF6, 0xC5, 0x01, 0xB5, 0xBD, 0xF6, 0xC5, 0x81, 0xB5, 0xBD,
    0x06, 0x53, 0xB5, 0x4F, 0x94, 0x2F, 0x8C, 0x8C, 0xA3, 0xE7, 0x61, 0x8C, 0xBB, 0x6C, 0xAB, 0x81,
    0x2F, 0x8C, 0x03, 0x94, 0xBD, 0xD6, 0xC5, 0xF6, 0xC5, 0xD5, 0xBD, 0x83, 0xB5, 0xBD, 0x0F, 0xD5,
    0xBD, 0xB5, 0xBD, 0x94, 0xBD, 0xB5, 0xBD, 0xB6, 0xBD, 0xF6, 0xC5, 0xD6, 0xC5, 0xF6, 0xC5, 0xD5,
    0xBD, 0xB5, 0xBD, 0xD5, 0xBD, 0xB5, 0xBD, 0xD5, 0xBD, 0xB5, 0xBD, 0xD5, 0xBD, 0x94, 0xB5, 0x81,
    0xB5, 0xBD, 0x04, 0xD6, 0xC5, 0xB5, 0xBD, 0xD6, 0xC5, 0xF6, 0xC5, 0xD5, 0xBD, 0x81, 0xB5, 0xBD,
    0x02, 0xD5, 0xBD, 0xB5, 0xBD, 0xD5, 0xBD, 0x82, 0xB5, 0xBD, 0x00, 0xD5, 0xBD, 0x81, 0xD6, 0xC5,
    0x0C, 0xF6, 0xC5, 0xD5, 0xBD, 0xB5, 0xBD, 0xD6, 0xC5, 0xF6, 0xC5, 0xD5, 0xBD, 0xB5, 0xBD, 0xD5,
    0xBD, 0xB5, 0xBD, 0xD5, 0xBD, 0xB5, 0xBD, 0xD5, 0xBD, 0x94, 0xB5, 0x81, 0xB5, 0xBD, 0x04, 0xD6,
    0xC5, 0xB5, 0xBD, 0xD5, 0xC5, 0xF6, 0xC5, 0xD5, 0xBD, 0x81, 0xB5, 0xBD, 0x02, 0xD5, 0xBD, 0xB5,
    0xBD, 0xD5, 0xBD, 0x83, 0xB5, 0xBD, 0x04, 0xF6, 0xC5, 0xD6, 0xC5, 0xF6, 0xC5, 0xD5, 0xBD, 0x95,
    0xBD, 0x84, 0xB5, 0xBD, 0x0D, 0x94, 0xB5, 0xB5, 0xBD, 0xB6, 0xBD, 0xF6, 0xC5, 0xD5, 0xBD, 0xF6,
    0xC5, 0xD6, 0xC5, 0xB5, 0xBD, 0xD5, 0xBD, 0xB5, 0xBD, 0xD5, 0xBD, 0xB5, 0xBD, 0xD5, 0xBD, 0x94,
    0xB5, 0x81, 0xB5, 0xBD, 0x04, 0xD5, 0xBD, 0xB5, 0xBD, 0xD5, 0xC5, 0xF6, 0xC5, 0xD5, 0xBD, 0x81,
    0xB5, 0xBD, 0x0C, 0xD5, 0xBD, 0xB5, 0xBD, 0xD5, 0xBD, 0xB5, 0xBD, 0x95, 0xBD, 0xB5, 0xBD, 0xB6,
    0xBD, 0xF6, 0xC5, 0xD6, 0xC5, 0xF6, 0xC5, 0xD5, 0xBD, 0xB5, 0xBD, 0xD5, 0xBD, 0x81, 0xB5, 0xBD,
    0x08, 0x53, 0xB5, 0x0E, 0x8C, 0xCD, 0x83, 0x6C, 0xB3, 0xE6, 0x79, 0x8C, 0xBB, 0x6C, 0xA3, 0x0E,
    0x8C, 0x2E, 0x8C, 0x81, 0xB5, 0xBD, 0x07, 0xF6, 0xC5, 0xB5, 0xBD, 0xD5, 0xBD, 0xB4, 0xBD, 0xB5,
    0xBD, 0x94, 0xB5, 0xB5, 0xBD, 0x94, 0xB5, 0x81, 0xB5, 0xBD, 0x05, 0xF6, 0xC5, 0xD5, 0xC5, 0xD6,
    0xC5, 0xD5, 0xBD, 0xB5, 0xBD, 0xD5, 0xBD, 0x81, 0xB5, 0xBD, 0x02, 0x94, 0xB5, 0xB5, 0xBD, 0x94,
    0xB5, 0x81, 0xB5, 0xBD, 0x05, 0xD5, 0xBD, 0xB5, 0xBD, 0xF6, 0xC5, 0xB5, 0xBD, 0xF6, 0xC5, 0xD5,
    0xBD, 0x81, 0xB5, 0xBD, 0x00, 0x94, 0xBD, 0x81, 0xB5, 0xBD, 0x0C, 0x94, 0xB5, 0x95, 0xBD, 0xB5,
    0xBD, 0xD5, 0xBD, 0xF6, 0xC5, 0xB5, 0xBD, 0xF6, 0xC5, 0x95, 0xBD, 0xD5, 0xBD, 0xF6, 0xC5, 0xD5,
    0xBD, 0xB5, 0xBD, 0xD5, 0xBD, 0x81, 0xB5, 0xBD, 0x02, 0x94, 0xB5, 0xB5, 0xBD, 0x94, 0xB5, 0x81,
    0xB5, 0xBD, 0x04, 0xD5, 0xBD, 0xB5, 0xBD, 0xF6, 0xC5, 0xB5, 0xBD, 0xF6, 0xC5, 0x83, 0xB5, 0xBD,
    0x0A, 0x94, 0xBD, 0xB5, 0xBD, 0x94, 0xB5, 0x95, 0xBD, 0xB5, 0xBD, 0xD5, 0xBD, 0xD5, 0xC5, 0xD5,
    0xBD, 0xD6, 0xC5, 0x95, 0xBD, 0xD5, 0xBD, 0x81, 0xB5, 0xBD, 0x02, 0x94, 0xB5, 0xB5, 0xBD, 0x94,
    0xB5, 0x81, 0xB5, 0xBD, 0x05, 0xF6, 0xC5, 0xB5, 0xBD, 0xF6, 0xC5, 0xB5, 0xBD, 0xD6, 0xBD, 0xD5,
    0xBD, 0x81, 0xB5, 0xBD, 0x02, 0x94, 0xB5, 0xB5, 0xBD, 0x94, 0xBD, 0x83, 0xB5, 0xBD, 0x02, 0xF6,
    0xC5, 0xB5, 0xBD, 0xF6, 0xC5, 0x83, 0xB5, 0xBD, 0x02, 0x94, 0xBD, 0xB5, 0xBD, 0x94, 0xB5, 0x81,
    0xB5, 0xBD, 0x05, 0xD6, 0xC5, 0xD5, 0xC5, 0xD5, 0xBD, 0xD6, 0xC5, 0x95, 0xBD, 0xD5, 0xBD, 0x81,
    0xB5, 0xBD, 0x07, 0x94, 0xB5, 0x73, 0xB5, 0xED, 0x83, 0x0E, 0x8C, 0x6C, 0xBB, 0xE6, 0x79, 0x8D,
    0xB3, 0x6D, 0xA3, 0x81, 0x0E, 0x8C, 0x05, 0x74, 0xB5, 0xD6, 0xBD, 0xB5, 0xBD, 0x74, 0xB5, 0xB5,
    0xBD, 0xB5, 0xB5, 0x83, 0xB5, 0xBD, 0x02, 0x95, 0xBD, 0x95, 0xB5, 0xD5, 0xBD, 0x82, 0xB5, 0xBD,
    0x02, 0x95, 0xB5, 0x94, 0xBD, 0x95, 0xB5, 0x81, 0xB5, 0xBD, 0x09, 0x94, 0xBD, 0xD5, 0xBD, 0xB5,
    0xBD, 0x95, 0xB5, 0xD5, 0xBD, 0x95, 0xBD, 0xB5, 0xBD, 0xD6, 0xBD, 0xD5, 0xBD, 0x74, 0xB5, 0x83,
    0xB5, 0xBD, 0x01, 0xD5, 0xBD, 0xB5, 0xBD, 0x81, 0x95, 0xBD, 0x81, 0xB5, 0xBD, 0x02, 0xB6, 0xBD,
    0xB5, 0xBD, 0x74, 0xB5, 0x83, 0xB5, 0xBD, 0x01, 0x94, 0xBD, 0x95, 0xB5, 0x81, 0xB5, 0xBD, 0x09,
    0x94, 0xBD, 0xD5, 0xBD, 0xB5, 0xBD, 0x95, 0xBD, 0xB5, 0xBD, 0x95, 0xBD, 0xB5, 0xBD, 0xD6, 0xBD,
    0xD5, 0xBD, 0x74, 0xB5, 0x83, 0xB5, 0xBD, 0x03, 0xD5, 0xBD, 0xB5, 0xBD, 0x95, 0xBD, 0x95, 0xB5,
    0x83, 0xB5, 0xBD, 0x02, 0x74, 0xB5, 0xB5, 0xBD, 0x95, 0xB5, 0x81, 0xB5, 0xBD, 0x00, 0x94, 0xBD,
    0x81, 0xB5, 0xBD, 0x02, 0x74, 0xB5, 0xD5, 0xBD, 0x95, 0xBD, 0x82, 0xB5, 0xBD, 0x00, 0x74, 0xB5,
    0x82, 0xB5, 0xBD, 0x09, 0x94, 0xBD, 0xD5, 0xBD, 0xB5, 0xBD, 0x95, 0xBD, 0xB5, 0xBD, 0x95, 0xBD,
    0xB5, 0xBD, 0xD6, 0xBD, 0xB5, 0xBD, 0x74, 0xB5, 0x85, 0xB5, 0xBD, 0x02, 0x95, 0xBD, 0x95, 0xB5,
    0xD5, 0xBD, 0x81, 0xB5, 0xBD, 0x03, 0x95, 0xBD, 0x95, 0xB5, 0xB5, 0xBD, 0x95, 0xB5, 0x81, 0xB5,
    0xBD, 0x10, 0x33, 0xAD, 0x2F, 0x8C, 0x0E, 0x8C, 0x6D, 0x83, 0xE7, 0x51, 0x8D, 0xAB, 0x6C, 0x9B,
    0xCD, 0x83, 0x0E, 0x84, 0x94, 0xB5, 0x95, 0xBD, 0xB5, 0xBD, 0xD5, 0xBD, 0x95, 0xBD, 0xB5, 0xBD,
    0x74, 0xB5, 0x94, 0xB5, 0x82, 0xB5, 0xBD, 0x05, 0x95, 0xB5, 0xB5, 0xBD, 0xD5, 0xBD, 0x54, 0xAD,
    0xB5, 0xBD, 0xD5, 0xBD, 0x81, 0xB5, 0xBD, 0x01, 0x94, 0xBD, 0x53, 0xAD, 0x81, 0x94, 0xBD, 0x81,
    0xB5, 0xBD, 0x03, 0x94, 0xBD, 0xB5, 0xBD, 0x95, 0xBD, 0xD6, 0xBD, 0x81, 0xD5, 0xBD, 0x03, 0x95,
    0xB5, 0x95, 0xBD, 0x54, 0xB5, 0x94, 0xBD, 0x82, 0xB5, 0xBD, 0x07, 0x74, 0xB5, 0xB5, 0xBD, 0xD5,
    0xBD, 0x94, 0xB5, 0xB5, 0xBD, 0xD5, 0xBD, 0x95, 0xBD, 0x54, 0xB5, 0x81, 0xD5, 0xBD, 0x03, 0xB5,
    0xBD, 0x95, 0xB5, 0x94, 0xBD, 0x53, 0xAD, 0x81, 0x94, 0xBD, 0x81, 0xB5, 0xBD, 0x00, 0x94, 0xBD,
    0x81, 0xB5, 0xBD, 0x00, 0xD6, 0xBD, 0x81, 0xD5, 0xBD, 0x03, 0x95, 0xB5, 0xB5, 0xBD, 0x74, 0xB5,
    0x94, 0xBD, 0x82, 0xB5, 0xBD, 0x0D, 0x74, 0xB5, 0xB5, 0xBD, 0xD5, 0xBD, 0x74, 0xB5, 0xB5, 0xBD,
    0xD5, 0xBD, 0x95, 0xBD, 0xB5, 0xBD, 0x94, 0xB5, 0x74, 0xB5, 0xB5, 0xBD, 0x94, 0xBD, 0xB5, 0xBD,
    0x95, 0xB5, 0x81, 0xB5, 0xBD, 0x07, 0x74, 0xB5, 0xD6, 0xBD, 0xD5, 0xBD, 0xB5, 0xBD, 0x95, 0xB5,
    0x94, 0xBD, 0x53, 0xAD, 0x94, 0xBD, 0x82, 0xB5, 0xBD, 0x00, 0x74, 0xB5, 0x81, 0xB5, 0xBD, 0x82,
    0xD5, 0xBD, 0x03, 0x95, 0xB5, 0xB5, 0xBD, 0x74, 0xB5, 0x94, 0xBD, 0x82, 0xB5, 0xBD, 0x05, 0x94,
    0xB5, 0xB5, 0xBD, 0xD5, 0xBD, 0x54, 0xB5, 0xB5, 0xBD, 0xD5, 0xBD, 0x81, 0xB5, 0xBD, 0x0B, 0x94,
    0xBD, 0x54, 0xB5, 0x53, 0xAD, 0xED, 0x8B, 0x0E, 0x8C, 0x6D, 0x83, 0xE7, 0x49, 0x6D, 0xA3, 0x6C,
    0x93, 0x0E, 0x8C, 0x2E, 0x8C, 0x53, 0xB5, 0x81, 0xB5, 0xBD, 0x02, 0x94, 0xB5, 0xD5, 0xBD, 0x94,
    0xB5, 0x82, 0xB5, 0xBD, 0x03, 0x95, 0xB5, 0x95, 0xBD, 0xB5, 0xBD, 0x74, 0xB5, 0x81, 0xB5, 0xBD,
    0x04, 0xD6, 0xBD, 0xB5, 0xBD, 0x94, 0xB5, 0x95, 0xBD, 0xD5, 0xBD, 0x81, 0xB5, 0xBD, 0x08, 0x74,
    0xB5, 0xB5, 0xBD, 0x95, 0xBD, 0x94, 0xB5, 0xD5, 0xBD, 0x94, 0xBD, 0xB5, 0xBD, 0x94, 0xB5, 0x53,
    0xAD, 0x85, 0xB5, 0xBD, 0x00, 0x94, 0xBD, 0x84, 0xB5, 0xBD, 0x00, 0x95, 0xBD, 0x81, 0xB5, 0xBD,
    0x0F, 0xD6, 0xBD, 0xB5, 0xBD, 0x74, 0xB5, 0xB5, 0xBD, 0xD5, 0xBD, 0xB5, 0xBD, 0x95, 0xBD, 0x74,
    0xB5, 0xB5, 0xBD, 0x94, 0xBD, 0x95, 0xB5, 0xD5, 0xBD, 0x94, 0xBD, 0xB5, 0xB5, 0x94, 0xB5, 0x54,
    0xB5, 0x85, 0xB5, 0xBD, 0x00, 0x94, 0xBD, 0x83, 0xB5, 0xBD, 0x03, 0xD5, 0xBD, 0xB5, 0xBD, 0xB4,
    0xBD, 0x94, 0xB5, 0x82, 0xB5, 0xBD, 0x00, 0x74, 0xB5, 0x81, 0x95, 0xBD, 0x01, 0x74, 0xB5, 0xD5,
    0xBD, 0x81, 0xB5, 0xBD, 0x0B, 0x95, 0xB5, 0x53, 0xB5, 0xB5, 0xBD, 0xD5, 0xBD, 0xB5, 0xBD, 0x95,
    0xBD, 0x94, 0xB5, 0xB5, 0xBD, 0x94, 0xBD, 0xB5, 0xBD, 0xD5, 0xBD, 0x94, 0xBD, 0x81, 0xB5, 0xB5,
    0x01, 0x74, 0xB5, 0xD5, 0xBD, 0x84, 0xB5, 0xBD, 0x02, 0x95, 0xBD, 0xB5, 0xBD, 0x94, 0xB5, 0x81,
    0xB5, 0xBD, 0x12, 0xD6, 0xBD, 0xB5, 0xBD, 0xB4, 0xBD, 0x94, 0xB5, 0xD5, 0xBD, 0xB5, 0xBD, 0x53,
    0xAD, 0xCD, 0x7B, 0xEE, 0x83, 0x6C, 0x83, 0xE7, 0x49, 0x6D, 0x9B, 0x6D, 0x8B, 0x2F, 0x8C, 0x0E,
    0x84, 0x74, 0xB5, 0xD5, 0xBD, 0xB5, 0xBD, 0x95, 0xBD, 0x81, 0x94, 0xB5, 0x03, 0x94, 0xBD, 0x94,
    0xB5, 0x53, 0xB5, 0xB5, 0xB5, 0x81, 0xB5, 0xBD, 0x01, 0x74, 0xB5, 0x94, 0xB5, 0x82, 0xB5, 0xBD,
    0x09, 0x94, 0xB5, 0xB5, 0xBD, 0x74, 0xB5, 0xB5, 0xBD, 0x53, 0xAD, 0x94, 0xB5, 0x95, 0xB5, 0xB5,
    0xBD, 0x95, 0xBD, 0xB5, 0xBD, 0x81, 0xD5, 0xBD, 0x04, 0xB5, 0xBD, 0x95, 0xBD, 0xB5, 0xBD, 0x74,
    0xB5, 0xB5, 0xBD, 0x81, 0x74, 0xB5, 0x00, 0xB5, 0xBD, 0x81, 0xD6, 0xBD, 0x83, 0xB5, 0xBD, 0x01,
    0x94, 0xBD, 0x94, 0xB5, 0x82, 0xB5, 0xBD, 0x07, 0x94, 0xB5, 0xB5, 0xBD, 0x74, 0xB5, 0xB5, 0xBD,
    0x54, 0xAD, 0x94, 0xB5, 0x95, 0xB5, 0xD5, 0xBD, 0x81, 0xB5, 0xBD, 0x81, 0xD5, 0xBD, 0x18, 0xB5,
    0xBD, 0x95, 0xBD, 0xB5, 0xBD, 0x94, 0xB5, 0xB5, 0xBD, 0x94, 0xB5, 0x73, 0xB5, 0xB5, 0xB5, 0xD5,
    0xBD, 0xD6, 0xBD, 0x94, 0xB5, 0xB4, 0xBD, 0xB5, 0xBD, 0x95, 0xBD, 0x94, 0xBD, 0x94, 0xB5, 0x95,
    0xBD, 0x94, 0xB5, 0xB5, 0xBD, 0x53, 0xAD, 0xB5, 0xB5, 0x95, 0xBD, 0xB5, 0xBD, 0x74, 0xB5, 0x94,
    0xB5, 0x82, 0xB5, 0xBD, 0x07, 0x94, 0xB5, 0xB5, 0xBD, 0x74, 0xB5, 0xB5, 0xBD, 0x54, 0xAD, 0x94,
    0xB5, 0x95, 0xB5, 0xD5, 0xBD, 0x81, 0xB5, 0xBD, 0x81, 0xD5, 0xBD, 0x09, 0xB5, 0xBD, 0x95, 0xBD,
    0xB5, 0xBD, 0x94, 0xB5, 0xB5, 0xBD, 0x94, 0xB5, 0x73, 0xB5, 0xB5, 0xB5, 0xD5, 0xBD, 0xB5, 0xBD,
    0x81, 0x94, 0xB5, 0x81, 0xB5, 0xBD, 0x0B, 0x94, 0xBD, 0x94, 0xB5, 0xB5, 0xBD, 0x94, 0xB5, 0xB5,
    0xBD, 0xF2, 0xA4, 0xED, 0x83, 0xEE, 0x83, 0x6D, 0x83, 0xE7, 0x51, 0x6D, 0x93, 0x6D, 0x8B, 0x81,
    0x4F, 0x94, 0x02, 0x95, 0xB5, 0x74, 0xB5, 0x94, 0xB5, 0x82, 0xB5, 0xBD, 0x04, 0x95, 0xBD, 0x94,
    0xB5, 0xB5, 0xBD, 0x95, 0xBD, 0xD5, 0xBD, 0x81, 0xB5, 0xBD, 0x03, 0xD5, 0xBD, 0x33, 0xAD, 0xB5,
    0xBD, 0x94, 0xB5, 0x81, 0xB5, 0xBD, 0x01, 0x94, 0xB5, 0xB5, 0xBD, 0x81, 0x94, 0xB5, 0x07, 0xD5,
    0xC5, 0x95, 0xBD, 0xB5, 0xBD, 0xD5, 0xBD, 0x95, 0xB5, 0xB5, 0xBD, 0x74, 0xB5, 0xB5, 0xBD, 0x81,
    0x94, 0xB5, 0x01, 0xB5, 0xBD, 0x94, 0xB5, 0x82, 0xB5, 0xBD, 0x81, 0xD5, 0xBD, 0x02, 0xD6, 0xBD,
    0x54, 0xB5, 0x95, 0xB5, 0x81, 0xB5, 0xBD, 0x06, 0x53, 0xB5, 0xB5, 0xBD, 0x94, 0xB5, 0xB5, 0xBD,
    0x94, 0xBD, 0x74, 0xB5, 0xB5, 0xBD, 0x81, 0x94, 0xB5, 0x03, 0xD5, 0xBD, 0x95, 0xBD, 0xB5, 0xBD,
    0xD5, 0xBD, 0x81, 0xB5, 0xBD, 0x05, 0x74, 0xB5, 0xB5, 0xBD, 0x94, 0xBD, 0x95, 0xBD, 0xB5, 0xBD,
    0x94, 0xB5, 0x83, 0xB5, 0xBD, 0x03, 0xD5, 0xBD, 0xD6, 0xBD, 0x53, 0xB5, 0xB5, 0xB5, 0x82, 0xB5,
    0xBD, 0x12, 0x94, 0xBD, 0x95, 0xB5, 0xB4, 0xB5, 0x95, 0xB5, 0xD6, 0xC5, 0x95, 0xBD, 0xB5, 0xBD,
    0xD5, 0xBD, 0x54, 0xB5, 0xB5, 0xBD, 0x94, 0xB5, 0xB5, 0xBD, 0x94, 0xB5, 0x74, 0xB5, 0xB5, 0xBD,
    0x94, 0xB5, 0x94, 0xBD, 0xD5, 0xBD, 0xB5, 0xBD, 0x81, 0xD5, 0xBD, 0x04, 0xB5, 0xBD, 0x95, 0xBD,
    0x94, 0xB5, 0xB5, 0xBD, 0x94, 0xBD, 0x81, 0xB5, 0xBD, 0x00, 0x94, 0xB5, 0x84, 0xB5, 0xBD, 0x03,
    0xD5, 0xBD, 0x33, 0xB5, 0xB5, 0xBD, 0x95, 0xBD, 0x81, 0xB5, 0xBD, 0x0F, 0x94, 0xB5, 0xB5, 0xBD,
    0x53, 0xAD, 0xED, 0x83, 0x4F, 0x94, 0x6D, 0x8B, 0xE7, 0x49, 0x6D, 0x8B, 0x8D, 0x83, 0x4F, 0x94,
    0x0E, 0x84, 0x95, 0xBD, 0x95, 0xB5, 0xD5, 0xBD, 0xB5, 0xBD, 0x94, 0xB5, 0x85, 0xB5, 0xBD, 0x00,
    0xF6, 0xBD, 0x81, 0xD5, 0xBD, 0x01, 0xB5, 0xBD, 0xD5, 0xBD, 0x81, 0xB5, 0xBD, 0x01, 0x95, 0xBD,
    0x95, 0xB5, 0x83, 0xB5, 0xBD, 0x04, 0xF6, 0xBD, 0xD6, 0xBD, 0xB5, 0xBD, 0xD6, 0xBD, 0x94, 0xB5,
    0x81, 0xB5, 0xBD, 0x00, 0x74, 0xB5, 0x84, 0xB5, 0xBD, 0x81, 0xD6, 0xBD, 0x07, 0xB5, 0xBD, 0xD6,
    0xBD, 0x95, 0xB5, 0xD5, 0xBD, 0xB5, 0xBD, 0x94, 0xB5, 0xB5, 0xBD, 0xD5, 0xBD, 0x81, 0xB5, 0xBD,
    0x01, 0x94, 0xBD, 0x95, 0xB5, 0x83, 0xB5, 0xBD, 0x81, 0xD6, 0xBD, 0x02, 0xB5, 0xBD, 0xD6, 0xBD,
    0x94, 0xB5, 0x81, 0xB5, 0xBD, 0x00, 0x74, 0xB5, 0x84, 0xB5, 0xBD, 0x81, 0xD6, 0xBD, 0x05, 0xB5,
    0xBD, 0xD6, 0xBD, 0x95, 0xBD, 0xD5, 0xBD, 0xB5, 0xBD, 0x94, 0xB5, 0x85, 0xB5, 0xBD, 0x01, 0xF6,
    0xBD, 0xD5, 0xBD, 0x84, 0xB5, 0xBD, 0x01, 0x94, 0xB5, 0x95, 0xB5, 0x83, 0xB5, 0xBD, 0x81, 0xD6,
    0xBD, 0x02, 0xB5, 0xBD, 0xD6, 0xBD, 0x94, 0xB5, 0x81, 0xB5, 0xBD, 0x00, 0x74, 0xB5, 0x84, 0xB5,
    0xBD, 0x07, 0xD5, 0xBD, 0xD6, 0xBD, 0xB5, 0xBD, 0xD5, 0xBD, 0xB5, 0xBD, 0xD5, 0xBD, 0xB5, 0xBD,
    0x94, 0xB5, 0x82, 0xB5, 0xBD, 0x00, 0x53, 0xB5, 0x81, 0x0E, 0x8C, 0x06, 0x6D, 0x93, 0xE7, 0x49,
    0x6D, 0x8B, 0x4C, 0x7B, 0x4F, 0x94, 0x2E, 0x8C, 0xB5, 0xBD, 0x82, 0xD5, 0xBD, 0x09, 0x95, 0xBD,
    0xB5, 0xBD, 0x94, 0xB5, 0x95, 0xBD, 0xD5, 0xBD, 0xB5, 0xB5, 0x94, 0xBD, 0x95, 0xBD, 0xB5, 0xBD,
    0xF6, 0xC5, 0x81, 0xD6, 0xBD, 0x00, 0xD5, 0xBD, 0x81, 0xB5, 0xBD, 0x05, 0x95, 0xBD, 0xB5, 0xBD,
    0xD5, 0xBD, 0xB5, 0xBD, 0x94, 0xBD, 0x94, 0xB5, 0x81, 0xD6, 0xBD, 0x03, 0xD6, 0xC5, 0xD5, 0xBD,
    0xB5, 0xBD, 0xD5, 0xBD, 0x84, 0xB5, 0xBD, 0x81, 0x95, 0xB5, 0x02, 0xD5, 0xBD, 0xB5, 0xBD, 0xF6,
    0xC5, 0x82, 0xD5, 0xBD, 0x00, 0x95, 0xBD, 0x81, 0xD6, 0xBD, 0x00, 0xD5, 0xBD, 0x85, 0xB5, 0xBD,
    0x0C, 0x94, 0xBD, 0x95, 0xB5, 0xD6, 0xBD, 0xD5, 0xBD, 0xD6, 0xC5, 0xD5, 0xBD, 0xB5, 0xBD, 0xD5,
    0xBD, 0x95, 0xBD, 0xB5, 0xBD, 0x95, 0xB5, 0x95, 0xBD, 0xD5, 0xBD, 0x81, 0x95, 0xB5, 0x05, 0xD5,
    0xBD, 0xB5, 0xBD, 0xF6, 0xC5, 0xD5, 0xBD, 0xD6, 0xBD, 0xD5, 0xBD, 0x81, 0xB5, 0xBD, 0x07, 0x94,
    0xB5, 0xB5, 0xBD, 0xD5, 0xBD, 0xB5, 0xBD, 0x94, 0xBD, 0x94, 0xB5, 0xB6, 0xBD, 0xF6, 0xC5, 0x81,
    0xD6, 0xBD, 0x86, 0xB5, 0xBD, 0x04, 0x94, 0xB5, 0x95, 0xB5, 0xD6, 0xBD, 0xD5, 0xBD, 0xF6, 0xC5,
    0x82, 0xD5, 0xBD, 0x04, 0x95, 0xBD, 0xB5, 0xBD, 0x94, 0xB5, 0x95, 0xBD, 0xD5, 0xBD, 0x81, 0x95,
    0xB5, 0x81, 0xB5, 0xBD, 0x03, 0xF6, 0xC5, 0xD5, 0xBD, 0xD6, 0xBD, 0xD5, 0xBD, 0x81, 0xB5, 0xBD,
    0x13, 0x94, 0xB5, 0xB5, 0xBD, 0x74, 0xB5, 0xEE, 0x83, 0xED, 0x83, 0x6C, 0x9B, 0xE7, 0x51, 0x6D,
    0x83, 0x6D, 0x7B, 0x0E, 0x8C, 0xEE, 0x83, 0x74, 0xB5, 0xF6, 0xC5, 0x95, 0xBD, 0xD5, 0xBD, 0xB5,
    0xBD, 0xD5, 0xC5, 0xD5, 0xBD, 0xB5, 0xBD, 0xD6, 0xBD, 0x81, 0xD5, 0xBD, 0x03, 0xB5, 0xBD, 0xD6,
    0xBD, 0xB5, 0xBD, 0xD6, 0xBD, 0x81, 0xB5, 0xBD, 0x00, 0xD5, 0xBD, 0x82, 0xB5, 0xBD, 0x81, 0xD5,
    0xBD, 0x81, 0xB5, 0xBD, 0x04, 0xD5, 0xBD, 0x95, 0xBD, 0xB5, 0xBD, 0xD6, 0xBD, 0x95, 0xBD, 0x81,
    0xB5, 0xBD, 0x81, 0xD5, 0xBD, 0x00, 0xB5, 0xBD, 0x81, 0xD5, 0xBD, 0x00, 0xD6, 0xC5, 0x82, 0xB5,
    0xBD, 0x01, 0xF6, 0xC5, 0x95, 0xBD, 0x81, 0xD5, 0xBD, 0x00, 0xD6, 0xBD, 0x85, 0xB5, 0xBD, 0x84,
    0xD5, 0xBD, 0x03, 0x95, 0xBD, 0xB5, 0xBD, 0xD6, 0xC5, 0x95, 0xBD, 0x81, 0xB5, 0xBD, 0x81, 0xD5,
    0xBD, 0x00, 0xB5, 0xBD, 0x81, 0xD5, 0xBD, 0x00, 0xD6, 0xC5, 0x82, 0xB5, 0xBD, 0x01, 0xF6, 0xC5,
    0xB5, 0xBD, 0x83, 0xD5, 0xBD, 0x01, 0xB5, 0xBD, 0xD6, 0xBD, 0x81, 0xD5, 0xBD, 0x02, 0xB5, 0xBD,
    0xF6, 0xBD, 0x95, 0xBD, 0x81, 0xD5, 0xBD, 0x85, 0xB5, 0xBD, 0x81, 0xD5, 0xBD, 0x05, 0xD6, 0xBD,
    0xB5, 0xBD, 0x95, 0xBD, 0xB5, 0xBD, 0xF6, 0xC5, 0x95, 0xBD, 0x81, 0xB5, 0xBD, 0x81, 0xD5, 0xBD,
    0x00, 0xB5, 0xBD, 0x81, 0xD5, 0xBD, 0x05, 0xD6, 0xC5, 0xB5, 0xBD, 0xD5, 0xBD, 0xB5, 0xBD, 0xD6,
    0xC5, 0xB5, 0xBD, 0x82, 0xD5, 0xBD, 0x81, 0xB5, 0xBD, 0x00, 0x74, 0xB5, 0x81, 0x2F, 0x8C, 0x03,
    0x8C, 0xAB, 0xE7, 0x49, 0x6D, 0x7B, 0x6D, 0x73, 0x81, 0x4F, 0x94, 0x00, 0x74, 0xAD, 0x82, 0xD6,
    0xBD, 0x00, 0xD5, 0xBD, 0x83, 0xB5, 0xBD, 0x00, 0x95, 0xB5, 0x81, 0xD5, 0xBD, 0x09, 0xD6, 0xC5,
    0x95, 0xBD, 0xB5, 0xBD, 0xD6, 0xBD, 0xD6, 0xC5, 0xD5, 0xBD, 0xD6, 0xBD, 0xD5, 0xC5, 0xB5, 0xBD,
    0xD5, 0xBD, 0x82, 0xB5, 0xBD, 0x07, 0xD6, 0xC5, 0xD5, 0xBD, 0xB5, 0xBD, 0xF6, 0xC5, 0xD6, 0xBD,
    0xD5, 0xBD, 0xF6, 0xC5, 0xD5, 0xBD, 0x82, 0xB5, 0xBD, 0x04, 0x74, 0xB5, 0xB5, 0xBD, 0xD5, 0xC5,
    0xD6, 0xC5, 0x95, 0xB5, 0x81, 0xD6, 0xBD, 0x02, 0xD6, 0xC5, 0xD5, 0xBD, 0xB5, 0xBD, 0x81, 0xD6,
    0xBD, 0x04, 0xD5, 0xBD, 0xF6, 0xBD, 0xD5, 0xC5, 0xB5, 0xBD, 0xD5, 0xBD, 0x82, 0xB5, 0xBD, 0x03,
    0xD6, 0xC5, 0xD5, 0xBD, 0xB5, 0xB5, 0xF6, 0xC5, 0x81, 0xD6, 0xBD, 0x01, 0xF6, 0xBD, 0xD5, 0xBD,
    0x82, 0xB5, 0xBD, 0x07, 0x74, 0xB5, 0xB5, 0xBD, 0xD5, 0xBD, 0xD6, 0xC5, 0x95, 0xB5, 0xB5, 0xBD,
    0xD6, 0xBD, 0xD6, 0xC5, 0x82, 0xD5, 0xBD, 0x82, 0xB5, 0xBD, 0x02, 0xD5, 0xBD, 0xB5, 0xBD, 0xD6,
    0xC5, 0x81, 0xB5, 0xBD, 0x04, 0xF6, 0xBD, 0xD6, 0xBD, 0xD5, 0xBD, 0xF6, 0xC5, 0xD5, 0xC5, 0x82,
    0xB5, 0xBD, 0x05, 0x95, 0xB5, 0xB5, 0xBD, 0xD5, 0xC5, 0xD6, 0xBD, 0xB5, 0xB5, 0xF6, 0xC5, 0x81,
    0xD6, 0xBD, 0x01, 0xF6, 0xBD, 0xD5, 0xBD, 0x82, 0xB5, 0xBD, 0x07, 0x74, 0xB5, 0xB5, 0xBD, 0xD5,
    0xBD, 0xD6, 0xC5, 0x95, 0xBD, 0xB5, 0xBD, 0xD6, 0xBD, 0xD6, 0xC5, 0x82, 0xD5, 0xBD, 0x12, 0xB5,
    0xBD, 0x74, 0xB5, 0x0E, 0x8C, 0x2F, 0x8C, 0x6C, 0x9B, 0xE7, 0x49, 0x6D, 0x7B, 0x6D, 0x73, 0x90,
    0x94, 0x4F, 0x94, 0xB5, 0xBD, 0xF6, 0xC5, 0xB5, 0xBD, 0xD6, 0xBD, 0xB5, 0xBD, 0x94, 0xBD, 0xB5,
    0xBD, 0x94, 0xB5, 0xD5, 0xBD, 0x81, 0xD6, 0xBD, 0x05, 0xD5, 0xBD, 0xD6, 0xBD, 0xD5, 0xBD, 0xD6,
    0xBD, 0x95, 0xB5, 0xF6, 0xC5, 0x81, 0x95, 0xBD, 0x82, 0xB5, 0xBD, 0x81, 0xD6, 0xBD, 0x02, 0xB5,
    0xBD, 0xF6, 0xC5, 0xD6, 0xBD, 0x81, 0xF6, 0xC5, 0x02, 0xD6, 0xBD, 0xB5, 0xBD, 0x95, 0xBD, 0x81,
    0xB5, 0xBD, 0x00, 0x74, 0xB5, 0x82, 0xD6, 0xBD, 0x09, 0xF6, 0xC5, 0xD6, 0xBD, 0xF6, 0xC5, 0xF6,
    0xBD, 0x95, 0xB5, 0xD6, 0xBD, 0xB5, 0xBD, 0xD6, 0xBD, 0xB5, 0xBD, 0xF6, 0xC5, 0x81, 0x95, 0xBD,
    0x81, 0xB5, 0xBD, 0x00, 0x95, 0xBD, 0x81, 0xD6, 0xBD, 0x02, 0xD5, 0xBD, 0xF6, 0xC5, 0xD6, 0xC5,
    0x81, 0xF6, 0xC5, 0x01, 0xD5, 0xBD, 0xB5, 0xBD, 0x81, 0x95, 0xBD, 0x01, 0xB5, 0xBD, 0x74, 0xB5,
    0x82, 0xD6, 0xBD, 0x0A, 0xF6, 0xC5, 0xD6, 0xBD, 0xD5, 0xC5, 0xD6, 0xBD, 0x95, 0xB5, 0xD6, 0xBD,
    0xB5, 0xBD, 0x94, 0xBD, 0xB5, 0xBD, 0x95, 0xB5, 0xB5, 0xBD, 0x81, 0xD6, 0xBD, 0x07, 0xD5, 0xBD,
    0xD6, 0xBD, 0xD5, 0xBD, 0xD6, 0xBD, 0xB5, 0xBD, 0xD6, 0xC5, 0xB5, 0xBD, 0x95, 0xBD, 0x81, 0xB5,
    0xBD, 0x00, 0x94, 0xB5, 0x81, 0xD6, 0xBD, 0x02, 0xD5, 0xBD, 0xF6, 0xC5, 0xD6, 0xC5, 0x81, 0xF6,
    0xC5, 0x81, 0xB5, 0xBD, 0x81, 0x95, 0xBD, 0x01, 0xB5, 0xBD, 0x74, 0xB5, 0x84, 0xD6, 0xBD, 0x11,
    0xD5, 0xC5, 0xD6, 0xBD, 0x95, 0xB5, 0xF6, 0xBD, 0xB5, 0xBD, 0x94, 0xBD, 0xB5, 0xBD, 0x95, 0xB5,
    0x53, 0xB5, 0x2F, 0x8C, 0x4F, 0x94, 0x6C, 0x9B, 0xE7, 0x51, 0x6D, 0x83, 0x8D, 0xA3, 0xB1, 0x9C,
    0x90, 0x94, 0x94, 0xB5, 0x81, 0xD6, 0xC5, 0x03, 0xF6, 0xC5, 0xD5, 0xBD, 0xB5, 0xBD, 0xD5, 0xBD,
    0x81, 0xB5, 0xBD, 0x01, 0xF6, 0xC5, 0xD6, 0xC5, 0x81, 0x16, 0xC6, 0x04, 0xD6, 0xBD, 0xB6, 0xBD,
    0xF6, 0xC5, 0xD6, 0xC5, 0xF5, 0xC5, 0x81, 0xB5, 0xBD, 0x00, 0xD5, 0xBD, 0x81, 0xF6, 0xC5, 0x00,
    0xB5, 0xBD, 0x81, 0x16, 0xC6, 0x04, 0xF6, 0xC5, 0xB5, 0xBD, 0xF6, 0xC5, 0xB5, 0xBD, 0xF6, 0xC5,
    0x81, 0xB5, 0xBD, 0x81, 0xD5, 0xBD, 0x01, 0xB5, 0xBD, 0xD5, 0xBD, 0x81, 0x17, 0xC6, 0x09, 0x16,
    0xC6, 0xD5, 0xBD, 0xD6, 0xBD, 0xD6, 0xC5, 0xF6, 0xC5, 0xD5, 0xBD, 0xB6, 0xBD, 0xF6, 0xC5, 0xD6,
    0xC5, 0xF6, 0xC5, 0x81, 0xB5, 0xBD, 0x00, 0xD5, 0xBD, 0x81, 0xF6, 0xC5, 0x00, 0xB5, 0xBD, 0x81,
    0x17, 0xC6, 0x04, 0xF6, 0xC5, 0xB5, 0xBD, 0xF6, 0xC5, 0xB5, 0xBD, 0xF6, 0xC5, 0x81, 0xB5, 0xBD,
    0x81, 0xD5, 0xBD, 0x01, 0xB5, 0xBD, 0xD6, 0xBD, 0x81, 0x17, 0xC6, 0x02, 0x16, 0xC6, 0xD5, 0xBD,
    0xD6, 0xBD, 0x81, 0xF6, 0xC5, 0x01, 0xD5, 0xBD, 0xB5, 0xBD, 0x82, 0xD5, 0xBD, 0x01, 0xF6, 0xC5,
    0xD6, 0xBD, 0x81, 0x16, 0xC6, 0x04, 0xD6, 0xBD, 0xB5, 0xBD, 0xF6, 0xC5, 0xD5, 0xC5, 0xF6, 0xC5,
    0x81, 0xB5, 0xBD, 0x00, 0xD5, 0xBD, 0x81, 0xD6, 0xC5, 0x00, 0xB5, 0xBD, 0x81, 0x17, 0xC6, 0x04,
    0xF6, 0xC5, 0xD5, 0xBD, 0xF6, 0xC5, 0xD5, 0xBD, 0xF6, 0xC5, 0x81, 0xB5, 0xBD, 0x04, 0xD5, 0xBD,
    0xB5, 0xBD, 0x95, 0xBD, 0xD6, 0xBD, 0xF6, 0xC5, 0x81, 0x16, 0xC6, 0x81, 0xD6, 0xBD, 0x81, 0xF6,
    0xC5, 0x00, 0xD5, 0xC5, 0x81, 0xB5, 0xBD, 0x07, 0xD5, 0xBD, 0x74, 0xB5, 0x6F, 0x94, 0x2F, 0x8C,
    0x8D, 0x8B, 0xE7, 0x59, 0x8C, 0xBB, 0x6C, 0xCB, 0x81, 0x0E, 0x8C, 0x00, 0x74, 0xB5, 0x81, 0xF6,
    0xC5, 0x03, 0xD6, 0xBD, 0xD5, 0xBD, 0x95, 0xB5, 0xD5, 0xBD, 0x81, 0xB5, 0xBD, 0x03, 0x95, 0xB5,
    0xB5, 0xBD, 0x95, 0xBD, 0xB5, 0xBD, 0x81, 0xD6, 0xC5, 0x01, 0xF6, 0xC5, 0xD6, 0xC5, 0x81, 0xB5,
    0xBD, 0x04, 0xD5, 0xBD, 0xB5, 0xBD, 0x94, 0xB5, 0xB5, 0xBD, 0x94, 0xBD, 0x83, 0xB5, 0xBD, 0x03,
    0xF6, 0xC5, 0xD5, 0xBD, 0xB5, 0xBD, 0xD6, 0xBD, 0x81, 0xB5, 0xBD, 0x02, 0x94, 0xBD, 0xD5, 0xBD,
    0x94, 0xB5, 0x83, 0xB5, 0xBD, 0x81, 0xF6, 0xC5, 0x04, 0xD6, 0xC5, 0xD5, 0xBD, 0xD6, 0xC5, 0x16,
    0xC6, 0xD5, 0xBD, 0x81, 0xB5, 0xBD, 0x04, 0xD5, 0xBD, 0xB5, 0xBD, 0x74, 0xB5, 0xB5, 0xBD, 0x94,
    0xB5, 0x83, 0xB5, 0xBD, 0x00, 0xF6, 0xC5, 0x81, 0xD5, 0xBD, 0x05, 0xD6, 0xBD, 0xB5, 0xBD, 0xD5,
    0xBD, 0x94, 0xBD, 0xD5, 0xBD, 0x94, 0xB5, 0x82, 0xB5, 0xBD, 0x00, 0xD5, 0xBD, 0x81, 0xF6, 0xC5,
    0x06, 0xD6, 0xC5, 0xD5, 0xBD, 0x95, 0xB5, 0xD5, 0xBD, 0xB5, 0xBD, 0x94, 0xBD, 0xB5, 0xBD, 0x81,
    0x95, 0xBD, 0x04, 0xB5, 0xBD, 0xD6, 0xC5, 0xD5, 0xBD, 0x16, 0xC6, 0xD5, 0xBD, 0x81, 0xB5, 0xBD,
    0x04, 0xD5, 0xBD, 0xB5, 0xBD, 0x94, 0xB5, 0xB5, 0xBD, 0x94, 0xB5, 0x83, 0xB5, 0xBD, 0x00, 0xF6,
    0xC5, 0x82, 0xD5, 0xBD, 0x04, 0x95, 0xBD, 0xD5, 0xBD, 0x95, 0xBD, 0xD5, 0xBD, 0x94, 0xB5, 0x82,
    0xB5, 0xBD, 0x81, 0xD6, 0xC5, 0x0C, 0xF6, 0xC5, 0xD6, 0xC5, 0xD5, 0xBD, 0x95, 0xB5, 0xD5, 0xBD,
    0xB5, 0xBD, 0x33, 0xAD, 0x0E, 0x8C, 0xEE, 0x8B, 0x6D, 0x83, 0xE6, 0x69, 0x8C, 0xEB, 0x8C, 0xCB,
    0x81, 0x0E, 0x8C, 0x81, 0xB5, 0xBD, 0x01, 0xF6, 0xC5, 0x74, 0xB5, 0x82, 0xB5, 0xBD, 0x0F, 0x94,
    0xB5, 0xB5, 0xBD, 0x94, 0xB5, 0x95, 0xBD, 0xB5, 0xBD, 0xD6, 0xC5, 0xF6, 0xC5, 0xD6, 0xBD, 0xD5,
    0xBD, 0x95, 0xBD, 0xB5, 0xBD, 0xD5, 0xBD, 0xB5, 0xBD, 0x94, 0xB5, 0xB5, 0xBD, 0x74, 0xB5, 0x81,
    0xB5, 0xBD, 0x81, 0xD5, 0xBD, 0x02, 0xF6, 0xC5, 0x95, 0xBD, 0xD6, 0xC5, 0x82, 0xB5, 0xBD, 0x01,
    0x95, 0xBD, 0x94, 0xBD, 0x84, 0xB5, 0xBD, 0x05, 0xF6, 0xC5, 0xB5, 0xBD, 0xD6, 0xC5, 0x74, 0xB5,
    0xB5, 0xBD, 0xD6, 0xC5, 0x82, 0xB5, 0xBD, 0x04, 0xD5, 0xBD, 0xB5, 0xBD, 0x94, 0xBD, 0xB5, 0xBD,
    0x74, 0xB5, 0x83, 0xB5, 0xBD, 0x03, 0xF6, 0xC5, 0x95, 0xBD, 0xF6, 0xC5, 0x94, 0xBD, 0x82, 0xB5,
    0xBD, 0x09, 0x94, 0xB5, 0xB5, 0xBD, 0xB5, 0xB5, 0x95, 0xBD, 0xB5, 0xBD, 0xD5, 0xBD, 0xF6, 0xC5,
    0xB5, 0xBD, 0xD6, 0xBD, 0x74, 0xB5, 0x82, 0xB5, 0xBD, 0x04, 0x94, 0xB5, 0xB5, 0xBD, 0x74, 0xB5,
    0xB5, 0xBD, 0xD5, 0xBD, 0x81, 0xD6, 0xC5, 0x00, 0xF6, 0xC5, 0x82, 0xB5, 0xBD, 0x04, 0xD5, 0xBD,
    0xB5, 0xBD, 0x94, 0xBD, 0xB5, 0xBD, 0x94, 0xB5, 0x83, 0xB5, 0xBD, 0x03, 0xF6, 0xC5, 0x95, 0xBD,
    0xF6, 0xC5, 0x94, 0xBD, 0x82, 0xB5, 0xBD, 0x06, 0x94, 0xB5, 0xB5, 0xBD, 0x95, 0xB5, 0x95, 0xBD,
    0xB5, 0xBD, 0xD6, 0xBD, 0xF6, 0xC5, 0x81, 0xD6, 0xBD, 0x00, 0x74, 0xB5, 0x82, 0xB5, 0xBD, 0x0F,
    0x94, 0xB5, 0x73, 0xB5, 0xCD, 0x83, 0x0E, 0x8C, 0x6C, 0xAB, 0xE6, 0x71, 0x8C, 0xEB, 0x6C, 0xB3,
    0xEE, 0x83, 0x0E, 0x8C, 0x74, 0xB5, 0xD6, 0xBD, 0xB5, 0xBD, 0x95, 0xB5, 0xB5, 0xBD, 0x95, 0xBD,
    0x81, 0xD5, 0xBD, 0x00, 0xF6, 0xC5, 0x81, 0xB5, 0xBD, 0x04, 0x95, 0xBD, 0xD6, 0xBD, 0x95, 0xBD,
    0xD6, 0xBD, 0x95, 0xBD, 0x81, 0xB5, 0xBD, 0x02, 0x95, 0xB5, 0xD5, 0xBD, 0xB5, 0xBD, 0x81, 0xD5,
    0xBD, 0x03, 0xB5, 0xBD, 0x95, 0xBD, 0xD5, 0xBD, 0x95, 0xBD, 0x81, 0xD6, 0xBD, 0x02, 0xF6, 0xBD,
    0x94, 0xB5, 0x95, 0xB5, 0x81, 0xB5, 0xBD, 0x01, 0xD5, 0xBD, 0xF6, 0xC5, 0x81, 0xB5, 0xBD, 0x00,
    0x95, 0xBD, 0x81, 0xB5, 0xBD, 0x04, 0xD6, 0xBD, 0xB5, 0xBD, 0x95, 0xB5, 0xB5, 0xBD, 0xD6, 0xBD,
    0x81, 0xB5, 0xBD, 0x05, 0x95, 0xBD, 0x95, 0xB5, 0xD5, 0xBD, 0xB5, 0xBD, 0xD5, 0xBD, 0xD6, 0xBD,
    0x82, 0xB5, 0xBD, 0x05, 0x95, 0xBD, 0xD5, 0xBD, 0xD6, 0xBD, 0xD5, 0xBD, 0x95, 0xB5, 0x95, 0xBD,
    0x81, 0xB5, 0xBD, 0x01, 0xD5, 0xBD, 0xF6, 0xC5, 0x81, 0xB5, 0xBD, 0x18, 0x95, 0xBD, 0xD5, 0xBD,
    0xB5, 0xBD, 0xD6, 0xBD, 0xB5, 0xBD, 0x95, 0xB5, 0xB5, 0xBD, 0x95, 0xB5, 0xD5, 0xBD, 0xB5, 0xBD,
    0xD5, 0xC5, 0xD5, 0xBD, 0xB5, 0xBD, 0x95, 0xBD, 0xD6, 0xBD, 0x95, 0xBD, 0xD6, 0xBD, 0xB5, 0xBD,
    0xD5, 0xBD, 0x95, 0xBD, 0x95, 0xB5, 0xD5, 0xBD, 0xB5, 0xBD, 0xD5, 0xBD, 0xF6, 0xC5, 0x83, 0xB5,
    0xBD, 0x03, 0xD5, 0xBD, 0xD6, 0xBD, 0xD5, 0xBD, 0x95, 0xB5, 0x82, 0xB5, 0xBD, 0x01, 0xD5, 0xBD,
    0xF6, 0xC5, 0x81, 0xB5, 0xBD, 0x0A, 0x95, 0xBD, 0xD5, 0xBD, 0x95, 0xBD, 0xD6, 0xBD, 0x95, 0xBD,
    0x95, 0xB5, 0xB5, 0xBD, 0x95, 0xB5, 0xD5, 0xBD, 0xB5, 0xBD, 0x74, 0xB5, 0x81, 0x2E, 0x8C, 0x03,
    0x6C, 0xB3, 0xE6, 0x79, 0x8C, 0xEB, 0x8D, 0x93, 0x81, 0x0E, 0x8C, 0x00, 0x74, 0xB5, 0x84, 0xB5,
    0xBD, 0x81, 0x94, 0xB5, 0x01, 0x74, 0xB5, 0xB5, 0xBD, 0x81, 0x94, 0xB5, 0x81, 0xB5, 0xBD, 0x01,
    0x53, 0xAD, 0xD6, 0xBD, 0x82, 0xB5, 0xBD, 0x05, 0x94, 0xBD, 0x54, 0xB5, 0x74, 0xB5, 0xB5, 0xBD,
    0x94, 0xB5, 0x74, 0xB5, 0x81, 0xB5, 0xBD, 0x01, 0x94, 0xB5, 0xF6, 0xC5, 0x83, 0xB5, 0xBD, 0x81,
    0x74, 0xB5, 0x03, 0x94, 0xB5, 0xB5, 0xBD, 0x95, 0xB5, 0x94, 0xBD, 0x81, 0xB5, 0xBD, 0x00, 0x94,
    0xB5, 0x82, 0xB5, 0xBD, 0x01, 0x53, 0xB5, 0xD6, 0xBD, 0x82, 0xB5, 0xBD, 0x05, 0x94, 0xBD, 0x54,
    0xB5, 0x74, 0xB5, 0x95, 0xBD, 0x95, 0xB5, 0x74, 0xB5, 0x81, 0xB5, 0xBD, 0x01, 0x95, 0xBD, 0xD6,
    0xC5, 0x83, 0xB5, 0xBD, 0x00, 0x74, 0xB5, 0x81, 0x94, 0xB5, 0x02, 0xB5, 0xBD, 0x95, 0xB5, 0x94,
    0xB5, 0x81, 0xB5, 0xBD, 0x01, 0x74, 0xB5, 0xD5, 0xBD, 0x82, 0xB5, 0xBD, 0x00, 0x94, 0xBD, 0x81,
    0x74, 0xB5, 0x02, 0xB5, 0xBD, 0x94, 0xB5, 0x74, 0xB5, 0x81, 0xB5, 0xBD, 0x01, 0x54, 0xB5, 0xD6,
    0xBD, 0x82, 0xB5, 0xBD, 0x05, 0x95, 0xBD, 0x54, 0xB5, 0x74, 0xB5, 0x95, 0xBD, 0x95, 0xB5, 0x74,
    0xB5, 0x82, 0xB5, 0xBD, 0x00, 0xD6, 0xBD, 0x83, 0xB5, 0xBD, 0x81, 0x94, 0xB5, 0x01, 0x74, 0xB5,
    0xB5, 0xBD, 0x81, 0x94, 0xB5, 0x81, 0xB5, 0xBD, 0x01, 0x54, 0xB5, 0xD5, 0xBD, 0x82, 0xB5, 0xBD,
    0x0D, 0x94, 0xBD, 0x74, 0xB5, 0x12, 0xA5, 0x0E, 0x8C, 0xEE, 0x83, 0x8C, 0xBB, 0xE6, 0x81, 0x8C,
    0xE3, 0x6C, 0x8B, 0x0E, 0x8C, 0x2E, 0x8C, 0x74, 0xB5, 0x95, 0xB5, 0xF5, 0xC5, 0x81, 0xB5, 0xBD,
    0x04, 0xB5, 0xB5, 0x95, 0xBD, 0x94, 0xB5, 0xB5, 0xBD, 0x94, 0xB5, 0x81, 0xB5, 0xBD, 0x00, 0x94,
    0xBD, 0x81, 0xD5, 0xBD, 0x01, 0xD5, 0xC5, 0xD5, 0xBD, 0x82, 0xB5, 0xBD, 0x00, 0x94, 0xB5, 0x81,
    0x74, 0xB5, 0x81, 0xB5, 0xBD, 0x00, 0x95, 0xBD, 0x81, 0xD5, 0xBD, 0x02, 0x94, 0xB5, 0xD5, 0xBD,
    0x94, 0xB5, 0x81, 0xB5, 0xBD, 0x01, 0x94, 0xB5, 0x74, 0xB5, 0x81, 0xB5, 0xBD, 0x00, 0x95, 0xBD,
    0x82, 0xB5, 0xBD, 0x01, 0x95, 0xBD, 0xF6, 0xC5, 0x81, 0xB5, 0xBD, 0x82, 0xD5, 0xBD, 0x00, 0x95,
    0xBD, 0x81, 0xB5, 0xBD, 0x02, 0x94, 0xB5, 0x74, 0xB5, 0x94, 0xB5, 0x81, 0xB5, 0xBD, 0x05, 0x95,
    0xBD, 0xD5, 0xBD, 0xB5, 0xBD, 0x74, 0xB5, 0xD5, 0xBD, 0x95, 0xB5, 0x81, 0xB5, 0xBD, 0x01, 0x94,
    0xB5, 0x74, 0xB5, 0x81, 0xB5, 0xBD, 0x00, 0x95, 0xBD, 0x81, 0xB5, 0xBD, 0x09, 0xD5, 0xBD, 0xB5,
    0xBD, 0xF6, 0xC5, 0xD5, 0xBD, 0xB5, 0xBD, 0xB5, 0xB5, 0x95, 0xBD, 0x94, 0xB5, 0x95, 0xBD, 0x74,
    0xB5, 0x81, 0xB5, 0xBD, 0x00, 0x94, 0xBD, 0x81, 0xD5, 0xBD, 0x02, 0xB5, 0xBD, 0xD5, 0xBD, 0x94,
    0xB5, 0x81, 0xB5, 0xBD, 0x02, 0x94, 0xB5, 0x74, 0xB5, 0x94, 0xB5, 0x82, 0xB5, 0xBD, 0x03, 0xD5,
    0xBD, 0xB5, 0xBD, 0x94, 0xB5, 0xD5, 0xBD, 0x81, 0xB5, 0xBD, 0x00, 0xB5, 0xB5, 0x81, 0x94, 0xB5,
    0x81, 0xB5, 0xBD, 0x1C, 0x95, 0xBD, 0xB5, 0xBD, 0x95, 0xBD, 0xD5, 0xBD, 0xB5, 0xBD, 0xF6, 0xC5,
    0xD5, 0xBD, 0xB5, 0xBD, 0xB5, 0xB5, 0xB5, 0xBD, 0x94, 0xB5, 0x33, 0xAD, 0xAD, 0x7B, 0x0E, 0x8C,
    0x6C, 0xBB, 0xE6, 0x81, 0x8C, 0xE3, 0x6C, 0xAB, 0x2F, 0x8C, 0x4F, 0x8C, 0xB5, 0xBD, 0xD5, 0xBD,
    0x94, 0xB5, 0xB5, 0xBD, 0x74, 0xB5, 0x54, 0xB5, 0x94, 0xB5, 0x95, 0xB5, 0x94, 0xB5, 0x81, 0xD5,
    0xBD, 0x0A, 0xB5, 0xBD, 0x94, 0xB5, 0xD6, 0xBD, 0xB5, 0xBD, 0x74, 0xB5, 0xB5, 0xBD, 0x94, 0xB5,
    0xB5, 0xBD, 0x53, 0xAD, 0xB5, 0xBD, 0x95, 0xB5, 0x81, 0xB5, 0xBD, 0x03, 0xD5, 0xBD, 0x95, 0xBD,
    0xF6, 0xBD, 0xD5, 0xC5, 0x83, 0xB5, 0xBD, 0x14, 0x53, 0xAD, 0xB5, 0xBD, 0x95, 0xB5, 0x94, 0xBD,
    0xD5, 0xBD, 0xD6, 0xBD, 0xB5, 0xBD, 0xD5, 0xBD, 0xF6, 0xC5, 0xB5, 0xBD, 0x74, 0xB5, 0xB5, 0xBD,
    0x74, 0xB5, 0xB5, 0xBD, 0x94, 0xB5, 0xB5, 0xBD, 0x94, 0xB5, 0xB5, 0xBD, 0x53, 0xAD, 0xB5, 0xBD,
    0x95, 0xB5, 0x81, 0xB5, 0xBD, 0x03, 0xD5, 0xBD, 0xB5, 0xBD, 0xF6, 0xBD, 0xD5, 0xC5, 0x83, 0xB5,
    0xBD, 0x03, 0x54, 0xAD, 0xB5, 0xBD, 0x95, 0xB5, 0x94, 0xBD, 0x81, 0xD5, 0xBD, 0x81, 0xB5, 0xBD,
    0x03, 0xF6, 0xC5, 0xB5, 0xBD, 0x74, 0xB5, 0xB5, 0xBD, 0x82, 0x74, 0xB5, 0x02, 0xB5, 0xBD, 0x94,
    0xB5, 0xD5, 0xBD, 0x81, 0xB5, 0xBD, 0x0A, 0x94, 0xB5, 0xF6, 0xBD, 0xD5, 0xBD, 0x94, 0xB5, 0xB5,
    0xBD, 0x95, 0xB5, 0xB5, 0xBD, 0x33, 0xAD, 0xB5, 0xBD, 0x95, 0xB5, 0xB5, 0xBD, 0x81, 0xD5, 0xBD,
    0x03, 0xB5, 0xBD, 0xF6, 0xBD, 0xD6, 0xC5, 0xD5, 0xBD, 0x81, 0xB5, 0xBD, 0x04, 0x94, 0xBD, 0x54,
    0xAD, 0x95, 0xBD, 0x95, 0xB5, 0x94, 0xB5, 0x81, 0xD5, 0xBD, 0x81, 0xB5, 0xBD, 0x08, 0xD6, 0xBD,
    0xB5, 0xBD, 0x74, 0xB5, 0xB5, 0xBD, 0x74, 0xB5, 0x95, 0xB5, 0x74, 0xB5, 0xB5, 0xBD, 0x33, 0xAD,
    0x81, 0x2E, 0x8C, 0x09, 0x8C, 0xBB, 0xE6, 0x81, 0x8C, 0xE3, 0x8C, 0xC3, 0x2E, 0x8C, 0x4F, 0x8C,
    0x95, 0xB5, 0xB5, 0xBD, 0xF5, 0xC5, 0x95, 0xBD, 0x83, 0xB5, 0xBD, 0x07, 0xB4, 0xBD, 0x94, 0xB5,
    0xB5, 0xBD, 0x74, 0xB5, 0xB5, 0xBD, 0xD5, 0xBD, 0xB5, 0xBD, 0xD5, 0xBD, 0x81, 0xB5, 0xBD, 0x00,
    0x74, 0xB5, 0x81, 0xB5, 0xBD, 0x00, 0x74, 0xAD, 0x81, 0xB5, 0xBD, 0x07, 0x74, 0xB5, 0x95, 0xBD,
    0xD5, 0xBD, 0xD6, 0xBD, 0xD5, 0xBD, 0xD5, 0xC5, 0x94, 0xB5, 0x74, 0xB5, 0x81, 0xB5, 0xBD, 0x01,
    0x94, 0xB5, 0xD5, 0xBD, 0x81, 0x74, 0xB5, 0x05, 0x95, 0xBD, 0xD5, 0xBD, 0xD6, 0xBD, 0xB5, 0xBD,
    0xD5, 0xBD, 0x95, 0xBD, 0x81, 0xB5, 0xBD, 0x81, 0xD5, 0xBD, 0x01, 0xB5, 0xBD, 0x74, 0xB5, 0x81,
    0xB5, 0xBD, 0x00, 0x54, 0xAD, 0x81, 0xB5, 0xBD, 0x07, 0x74, 0xB5, 0xB5, 0xBD, 0xD5, 0xBD, 0xD6,
    0xBD, 0xD5, 0xBD, 0xD5, 0xC5, 0x94, 0xB5, 0x74, 0xB5, 0x81, 0xB5, 0xBD, 0x08, 0x94, 0xB5, 0xD5,
    0xBD, 0x74, 0xB5, 0x94, 0xB5, 0x95, 0xB5, 0xB5, 0xBD, 0xD6, 0xBD, 0xB4, 0xBD, 0xD5, 0xBD, 0x81,
    0xB5, 0xBD, 0x00, 0x95, 0xB5, 0x81, 0xB5, 0xBD, 0x06, 0x94, 0xB5, 0x95, 0xB5, 0xB5, 0xBD, 0x74,
    0xB5, 0x95, 0xBD, 0xD5, 0xBD, 0xB5, 0xBD, 0x81, 0xD5, 0xBD, 0x01, 0x94, 0xBD, 0x54, 0xB5, 0x81,
    0xB5, 0xBD, 0x0A, 0x74, 0xB5, 0xB5, 0xBD, 0x94, 0xBD, 0x74, 0xB5, 0xB5, 0xBD, 0xD5, 0xBD, 0xD6,
    0xBD, 0xB5, 0xBD, 0xF5, 0xC5, 0x94, 0xBD, 0x94, 0xB5, 0x81, 0xB5, 0xBD, 0x02, 0x94, 0xB5, 0xB5,
    0xBD, 0x74, 0xB5, 0x81, 0x94, 0xB5, 0x03, 0xB5, 0xBD, 0xD5, 0xBD, 0xB4, 0xBD, 0xD5, 0xBD, 0x81,
    0xB5, 0xBD, 0x00, 0x94, 0xB5, 0x81, 0xB5, 0xBD, 0x0C, 0x12, 0xA5, 0xEE, 0x83, 0x2F, 0x8C, 0xAD,
    0xBB, 0xE6, 0x81, 0x8C, 0xC3, 0x6C, 0xC3, 0x2E, 0x8C, 0x4F, 0x8C, 0x94, 0xB5, 0xD6, 0xBD, 0xD5,
    0xBD, 0xD5, 0xC5, 0x83, 0xB5, 0xBD, 0x00, 0x94, 0xB5, 0x83, 0xB5, 0xBD, 0x03, 0xF6, 0xC5, 0xB5,
    0xBD, 0xF6, 0xC5, 0xD5, 0xBD, 0x83, 0xB5, 0xBD, 0x09, 0x94, 0xB5, 0x95, 0xBD, 0x95, 0xB5, 0xD5,
    0xBD, 0xB5, 0xBD, 0xF6, 0xC5, 0xB5, 0xBD, 0xF6, 0xC5, 0xB5, 0xBD, 0xD5, 0xC5, 0x83, 0xB5, 0xBD,
    0x03, 0x94, 0xB5, 0x95, 0xBD, 0xF6, 0xC5, 0xB5, 0xBD, 0x84, 0xD5, 0xBD, 0x81, 0xB5, 0xBD, 0x00,
    0xF6, 0xC5, 0x84, 0xB5, 0xBD, 0x09, 0x95, 0xB5, 0x94, 0xBD, 0x95, 0xBD, 0xD5, 0xBD, 0xB5, 0xBD,
    0xF6, 0xC5, 0xB5, 0xBD, 0xD6, 0xBD, 0xB5, 0xBD, 0xD5, 0xC5, 0x83, 0xB5, 0xBD, 0x06, 0x94, 0xB5,
    0xB5, 0xBD, 0xD6, 0xC5, 0xB5, 0xBD, 0xD5, 0xBD, 0xD5, 0xC5, 0xB5, 0xBD, 0x81, 0xD5, 0xBD, 0x83,
    0xB5, 0xBD, 0x02, 0x94, 0xB5, 0xB5, 0xBD, 0x95, 0xBD, 0x81, 0xB5, 0xBD, 0x02, 0xF6, 0xC5, 0xB5,
    0xBD, 0xF6, 0xC5, 0x84, 0xB5, 0xBD, 0x09, 0x95, 0xB5, 0x94, 0xB5, 0x95, 0xBD, 0xD6, 0xBD, 0xB5,
    0xBD, 0xD6, 0xC5, 0xB5, 0xBD, 0xD6, 0xBD, 0xB5, 0xBD, 0xD5, 0xC5, 0x83, 0xB5, 0xBD, 0x06, 0x94,
    0xB5, 0xB5, 0xBD, 0xD6, 0xBD, 0xB5, 0xBD, 0xD5, 0xBD, 0xD5, 0xC5, 0xB5, 0xBD, 0x81, 0xD5, 0xBD,
    0x83, 0xB5, 0xBD, 0x00, 0x33, 0xAD, 0x81, 0xEE, 0x83, 0x05, 0x8C, 0xBB, 0xE6, 0x81, 0x6D, 0x9B,
    0x6C, 0x93, 0x2F, 0x8C, 0x2E, 0x8C, 0x81, 0xB5, 0xBD, 0x01, 0xD6, 0xBD, 0xD5, 0xBD, 0x81, 0xB5,
    0xBD, 0x02, 0x94, 0xB5, 0x95, 0xBD, 0xF6, 0xC5, 0x83, 0xB5, 0xBD, 0x02, 0xF6, 0xC5, 0xD5, 0xBD,
    0xD6, 0xBD, 0x81, 0xD5, 0xBD, 0x07, 0x95, 0xBD, 0x94, 0xB5, 0xB5, 0xBD, 0xD5, 0xBD, 0xB5, 0xBD,
    0xD5, 0xBD, 0x94, 0xBD, 0xB5, 0xBD, 0x81, 0xD6, 0xBD, 0x03, 0xB5, 0xBD, 0xD5, 0xBD, 0xD5, 0xC5,
    0x95, 0xBD, 0x82, 0xB5, 0xBD, 0x09, 0xD5, 0xBD, 0xB5, 0xBD, 0x95, 0xBD, 0xB5, 0xBD, 0xD5, 0xBD,
    0xF6, 0xC5, 0xB5, 0xBD, 0xD6, 0xBD, 0xD5, 0xBD, 0xB5, 0xBD, 0x83, 0xD5, 0xBD, 0x81, 0x95, 0xBD,
    0x0F, 0xB5, 0xBD, 0xD5, 0xBD, 0xB5, 0xBD, 0xD5, 0xBD, 0x95, 0xBD, 0xB5, 0xBD, 0xD5, 0xBD, 0xD6,
    0xBD, 0xB5, 0xBD, 0xD5, 0xBD, 0xD5, 0xC5, 0x95, 0xBD, 0xB5, 0xBD, 0x94, 0xB5, 0xB5, 0xBD, 0xD5,
    0xC5, 0x83, 0xB5, 0xBD, 0x03, 0xF6, 0xC5, 0xB5, 0xBD, 0xD6, 0xBD, 0xD5, 0xBD, 0x81, 0xB5, 0xBD,
    0x08, 0x94, 0xB5, 0xB5, 0xBD, 0xF6, 0xC5, 0xB5, 0xBD, 0xD5, 0xBD, 0x94, 0xBD, 0xB5, 0xBD, 0xF6,
    0xC5, 0xD6, 0xBD, 0x82, 0xD5, 0xBD, 0x00, 0x95, 0xBD, 0x81, 0xB5, 0xBD, 0x81, 0xD5, 0xBD, 0x0C,
    0xB5, 0xBD, 0x95, 0xBD, 0xB5, 0xBD, 0xD5, 0xBD, 0xD6, 0xBD, 0xB5, 0xBD, 0xD6, 0xBD, 0xD5, 0xBD,
    0x95, 0xBD, 0xB5, 0xBD, 0x94, 0xB5, 0x95, 0xBD, 0xF5, 0xC5, 0x83, 0xB5, 0xBD, 0x03, 0xF6, 0xC5,
    0xD5, 0xBD, 0xD6, 0xBD, 0xD5, 0xBD, 0x81, 0xB5, 0xBD, 0x0D, 0x94, 0xB5, 0xB5, 0xBD, 0x94, 0xB5,
    0x0E, 0x8C, 0x2E, 0x8C, 0x6C, 0xB3, 0xE6, 0x79, 0x8C, 0xC3, 0x6C, 0xA3, 0x2E, 0x8C, 0xEE, 0x83,
    0x54, 0xB5, 0xF6, 0xC5, 0xD5, 0xBD, 0x81, 0xB5, 0xBD, 0x01, 0xD5, 0xC5, 0xD5, 0xBD, 0x81, 0xB5,
    0xBD, 0x81, 0xD5, 0xBD, 0x04, 0xB5, 0xBD, 0xD6, 0xBD, 0x95, 0xB5, 0xD6, 0xC5, 0xD6, 0xBD, 0x81,
    0xB5, 0xBD, 0x00, 0xD5, 0xBD, 0x81, 0xB5, 0xBD, 0x81, 0xD5, 0xBD, 0x81, 0xB5, 0xBD, 0x03, 0xF6,
    0xC5, 0x75, 0xB5, 0xB5, 0xBD, 0xD6, 0xBD, 0x81, 0xB5, 0xBD, 0x00, 0xB4, 0xBD, 0x81, 0xD5, 0xBD,
    0x81, 0xB5, 0xBD, 0x02, 0xD5, 0xBD, 0xD6, 0xBD, 0xB5, 0xBD, 0x81, 0x95, 0xBD, 0x01, 0xF6, 0xC5,
    0xD5, 0xBD, 0x81, 0xB5, 0xBD, 0x01, 0xD6, 0xC5, 0xD6, 0xBD, 0x85, 0xB5, 0xBD, 0x00, 0xD5, 0xBD,
    0x81, 0xB5, 0xBD, 0x03, 0xD5, 0xBD, 0x75, 0xB5, 0xB5, 0xBD, 0xD6, 0xBD, 0x81, 0xB5, 0xBD, 0x00,
    0xB4, 0xBD, 0x81, 0xD5, 0xBD, 0x81, 0xB5, 0xBD, 0x01, 0xD5, 0xBD, 0xD6, 0xBD, 0x81, 0xB5, 0xBD,
    0x02, 0x95, 0xBD, 0xF6, 0xC5, 0xD5, 0xBD, 0x81, 0xB5, 0xBD, 0x01, 0xD5, 0xC5, 0xD5, 0xBD, 0x81,
    0xB5, 0xBD, 0x06, 0xD5, 0xBD, 0xB5, 0xBD, 0x95, 0xB5, 0xF6, 0xBD, 0x95, 0xB5, 0xD5, 0xBD, 0xD6,
    0xBD, 0x87, 0xB5, 0xBD, 0x05, 0xD6, 0xBD, 0xD5, 0xBD, 0x75, 0xB5, 0xB5, 0xBD, 0xF6, 0xBD, 0xD5,
    0xBD, 0x81, 0xB5, 0xBD, 0x81, 0xD5, 0xBD, 0x81, 0xB5, 0xBD, 0x01, 0xD5, 0xBD, 0xD6, 0xBD, 0x81,
    0xB5, 0xBD, 0x02, 0x95, 0xBD, 0xF6, 0xC5, 0xD5, 0xBD, 0x81, 0xB5, 0xBD, 0x00, 0xD5, 0xC5, 0x81,
    0xB5, 0xBD, 0x00, 0x74, 0xB5, 0x81, 0x2E, 0x8C, 0x03, 0x8C, 0xBB, 0xE6, 0x79, 0x8C, 0xCB, 0x6C,
    0xAB, 0x81, 0x4F, 0x94, 0x02, 0x74, 0xB5, 0xD6, 0xC5, 0xB5, 0xBD, 0x81, 0xD6, 0xBD, 0x83, 0xB5,
    0xBD, 0x03, 0x95, 0xB5, 0xD6, 0xBD, 0xB5, 0xBD, 0xD6, 0xC5, 0x81, 0xB5, 0xBD, 0x81, 0xD6, 0xBD,
    0x82, 0xD5, 0xBD, 0x83, 0xB5, 0xBD, 0x05, 0xD6, 0xBD, 0xD6, 0xC5, 0xD5, 0xBD, 0xB5, 0xBD, 0xF6,
    0xC5, 0x95, 0xBD, 0x82, 0xD5, 0xBD, 0x82, 0xB5, 0xBD, 0x0A, 0x94, 0xB5, 0xD6, 0xC5, 0xD5, 0xBD,
    0xD6, 0xC5, 0xB5, 0xBD, 0xD6, 0xBD, 0xB5, 0xBD, 0xD6, 0xC5, 0xD6, 0xBD, 0xB5, 0xBD, 0xD6, 0xBD,
    0x83, 0xD5, 0xBD, 0x83, 0xB5, 0xBD, 0x81, 0xD6, 0xBD, 0x03, 0xD5, 0xBD, 0xB5, 0xBD, 0xF6, 0xC5,
    0x95, 0xBD, 0x81, 0xD5, 0xBD, 0x83, 0xB5, 0xBD, 0x08, 0x74, 0xB5, 0xD6, 0xC5, 0xD5, 0xBD, 0xD6,
    0xC5, 0xB5, 0xBD, 0xD6, 0xBD, 0xB6, 0xBD, 0xD6, 0xC5, 0xD6, 0xBD, 0x84, 0xB5, 0xBD, 0x02, 0xD6,
    0xBD, 0xB5, 0xBD, 0xD6, 0xC5, 0x81, 0xB5, 0xBD, 0x01, 0xD6, 0xBD, 0xB5, 0xBD, 0x82, 0xD5, 0xBD,
    0x82, 0xB5, 0xBD, 0x00, 0x95, 0xBD, 0x81, 0xD6, 0xBD, 0x05, 0xD5, 0xBD, 0xB5, 0xBD, 0xF6, 0xC5,
    0xB5, 0xBD, 0xD6, 0xBD, 0xD5, 0xBD, 0x83, 0xB5, 0xBD, 0x12, 0x94, 0xB5, 0xD6, 0xC5, 0xD5, 0xBD,
    0xD6, 0xC5, 0xB5, 0xBD, 0xD5, 0xBD, 0xD6, 0xBD, 0xD6, 0xC5, 0xD5, 0xBD, 0xB5, 0xBD, 0xD5, 0xBD,
    0xB5, 0xBD, 0x54, 0xB5, 0x0E, 0x8C, 0x4F, 0x8C, 0x8C, 0xBB, 0xE6, 0x81, 0x8C, 0xC3, 0x6C, 0xB3,
    0x81, 0x4F, 0x94, 0x08, 0xB5, 0xBD, 0xD6, 0xBD, 0xB5, 0xBD, 0xD5, 0xBD, 0xB5, 0xBD, 0x95, 0xBD,
    0xB5, 0xBD, 0x95, 0xBD, 0xD5, 0xBD, 0x82, 0xB5, 0xBD, 0x01, 0xD6, 0xBD, 0xD5, 0xBD, 0x81, 0xB5,
    0xBD, 0x01, 0xF6, 0xC5, 0x95, 0xB5, 0x82, 0xB5, 0xBD, 0x01, 0xD5, 0xBD, 0xD6, 0xBD, 0x81, 0xB5,
    0xBD, 0x84, 0xD6, 0xBD, 0x84, 0xB5, 0xBD, 0x00, 0xD5, 0xBD, 0x81, 0xB5, 0xBD, 0x05, 0xD5, 0xBD,
    0xD6, 0xBD, 0xF6, 0xBD, 0xD6, 0xBD, 0xB5, 0xBD, 0xD6, 0xBD, 0x82, 0xB5, 0xBD, 0x01, 0xF6, 0xC5,
    0x95, 0xB5, 0x82, 0xB5, 0xBD, 0x01, 0xD5, 0xBD, 0xD6, 0xBD, 0x81, 0xB5, 0xBD, 0x81, 0xD6, 0xBD,
    0x81, 0xF6, 0xBD, 0x00, 0xD6, 0xBD, 0x84, 0xB5, 0xBD, 0x00, 0xD5, 0xBD, 0x81, 0xB5, 0xBD, 0x00,
    0xD5, 0xBD, 0x82, 0xD6, 0xBD, 0x01, 0xB5, 0xBD, 0xD6, 0xBD, 0x81, 0x95, 0xBD, 0x81, 0xB5, 0xBD,
    0x01, 0xD5, 0xBD, 0xB6, 0xBD, 0x81, 0xB5, 0xBD, 0x05, 0xD6, 0xBD, 0xD5, 0xBD, 0xD6, 0xBD, 0xB5,
    0xBD, 0xF6, 0xC5, 0x95, 0xBD, 0x83, 0xB5, 0xBD, 0x00, 0xD5, 0xBD, 0x81, 0xB5, 0xBD, 0x81, 0xD6,
    0xBD, 0x00, 0xF6, 0xBD, 0x81, 0xD6, 0xBD, 0x83, 0xB5, 0xBD, 0x01, 0x95, 0xBD, 0xD5, 0xBD, 0x81,
    0xB5, 0xBD, 0x06, 0xD5, 0xBD, 0xD6, 0xBD, 0xD5, 0xBD, 0xB5, 0xBD, 0x95, 0xBD, 0xD6, 0xBD, 0x95,
    0xB5, 0x82, 0xB5, 0xBD, 0x00, 0x74, 0xB5, 0x81, 0x2F, 0x8C, 0x0E, 0x6C, 0xBB, 0xE6, 0x81, 0x8C,
    0xC3, 0x8C, 0xB3, 0xB1, 0x9C, 0x90, 0x94, 0x95, 0xB5, 0xF6, 0xC5, 0xD6, 0xBD, 0xF6, 0xC5, 0xD5,
    0xBD, 0xD6, 0xBD, 0xD5, 0xBD, 0x95, 0xBD, 0xB5, 0xBD, 0x81, 0xD6, 0xBD, 0x02, 0x17, 0xC6, 0x16,
    0xC6, 0xD5, 0xBD, 0x81, 0xD6, 0xBD, 0x01, 0xF6, 0xC5, 0xD6, 0xC5, 0x82, 0xD5, 0xBD, 0x02, 0x95,
    0xBD, 0xD6, 0xC5, 0xB5, 0xBD, 0x81, 0x17, 0xC6, 0x05, 0xF6, 0xC5, 0xD6, 0xBD, 0xF6, 0xC5, 0xD5,
    0xC5, 0xF6, 0xC5, 0xB5, 0xBD, 0x81, 0xD5, 0xBD, 0x00, 0x95, 0xB5, 0x81, 0xD6, 0xBD, 0x81, 0x17,
    0xC6, 0x0A, 0x16, 0xC6, 0xD6, 0xBD, 0xD6, 0xC5, 0xD6, 0xBD, 0xF6, 0xC5, 0xD5, 0xBD, 0xD6, 0xBD,
    0xF6, 0xBD, 0xD6, 0xC5, 0xF6, 0xC5, 0xB5, 0xBD, 0x81, 0xD5, 0xBD, 0x02, 0x95, 0xB5, 0xD6, 0xBD,
    0xB5, 0xBD, 0x81, 0x17, 0xC6, 0x08, 0xF6, 0xC5, 0xD6, 0xBD, 0xF6, 0xC5, 0xD5, 0xC5, 0xF6, 0xC5,
    0xB5, 0xBD, 0xD6, 0xBD, 0xD5, 0xBD, 0x95, 0xB5, 0x81, 0xD6, 0xBD, 0x03, 0xF6, 0xC5, 0x17, 0xC6,
    0x16, 0xC6, 0xD5, 0xBD, 0x81, 0xD6, 0xBD, 0x03, 0xF6, 0xC5, 0xD5, 0xBD, 0xD6, 0xBD, 0xD5, 0xBD,
    0x81, 0xB5, 0xBD, 0x03, 0xD6, 0xBD, 0xB6, 0xBD, 0x17, 0xC6, 0x16, 0xC6, 0x81, 0xD6, 0xBD, 0x03,
    0xF6, 0xC5, 0xD6, 0xC5, 0xF6, 0xC5, 0xB5, 0xBD, 0x81, 0xD5, 0xBD, 0x02, 0x95, 0xB5, 0xD6, 0xBD,
    0xB5, 0xBD, 0x81, 0x17, 0xC6, 0x08, 0xF6, 0xC5, 0xD6, 0xBD, 0xF6, 0xC5, 0xD6, 0xBD, 0xF6, 0xC5,
    0xB5, 0xBD, 0xD6, 0xBD, 0xD5, 0xBD, 0x95, 0xBD, 0x81, 0xD6, 0xBD, 0x03, 0xF6, 0xC5, 0x17, 0xC6,
    0x16, 0xC6, 0xD5, 0xBD, 0x81, 0xD6, 0xBD, 0x0E, 0xF6, 0xC5, 0xD5, 0xBD, 0xD6, 0xBD, 0xD5, 0xBD,
    0xB5, 0xBD, 0x54, 0xAD, 0x4F, 0x94, 0x2F, 0x8C, 0x8C, 0xC3, 0xE6, 0x81, 0x8C, 0xCB, 0x8C, 0xB3,
    0xCD, 0x83, 0xEE, 0x83, 0x74, 0xB5, 0x82, 0xF6, 0xC5, 0x0A, 0xB5, 0xBD, 0xD6, 0xBD, 0xB5, 0xBD,
    0x95, 0xB5, 0x94, 0xBD, 0xD5, 0xBD, 0xB5, 0xBD, 0x74, 0xB5, 0x95, 0xBD, 0xD5, 0xBD, 0xD6, 0xC5,
    0x81, 0xF6, 0xC5, 0x01, 0xB5, 0xBD, 0xD6, 0xBD, 0x81, 0xB5, 0xBD, 0x06, 0x94, 0xB5, 0xD5, 0xBD,
    0xB5, 0xBD, 0x94, 0xB5, 0x74, 0xB5, 0xB5, 0xBD, 0xD5, 0xBD, 0x81, 0xF6, 0xC5, 0x82, 0xD5, 0xBD,
    0x01, 0xB5, 0xBD, 0x94, 0xB5, 0x82, 0xB5, 0xBD, 0x02, 0x54, 0xB5, 0x95, 0xBD, 0xB5, 0xBD, 0x82,
    0xF6, 0xC5, 0x01, 0x95, 0xBD, 0xD6, 0xC5, 0x81, 0xF6, 0xC5, 0x01, 0xB5, 0xBD, 0xD6, 0xBD, 0x81,
    0xB5, 0xBD, 0x04, 0x94, 0xB5, 0xD5, 0xBD, 0xB5, 0xBD, 0x95, 0xB5, 0x74, 0xB5, 0x81, 0xB5, 0xBD,
    0x81, 0xF6, 0xC5, 0x04, 0xD5, 0xBD, 0xB5, 0xBD, 0xD5, 0xBD, 0xB5, 0xBD, 0x94, 0xB5, 0x82, 0xB5,
    0xBD, 0x02, 0x54, 0xB5, 0x95, 0xBD, 0xD5, 0xBD, 0x82, 0xF6, 0xC5, 0x0A, 0x95, 0xBD, 0xD6, 0xBD,
    0xB5, 0xBD, 0x95, 0xBD, 0x94, 0xBD, 0xD5, 0xBD, 0xB5, 0xBD, 0x74, 0xB5, 0x94, 0xB5, 0xB5, 0xBD,
    0xD6, 0xBD, 0x81, 0xF6, 0xC5, 0x01, 0xB5, 0xBD, 0xD6, 0xBD, 0x81, 0xB5, 0xBD, 0x00, 0x94, 0xB5,
    0x82, 0xB5, 0xBD, 0x02, 0x74, 0xB5, 0x95, 0xBD, 0xB5, 0xBD, 0x81, 0xF6, 0xC5, 0x04, 0xD6, 0xBD,
    0xB5, 0xBD, 0xD5, 0xBD, 0xB5, 0xBD, 0x94, 0xB5, 0x82, 0xB5, 0xBD, 0x02, 0x54, 0xB5, 0x95, 0xBD,
    0xD5, 0xBD, 0x82, 0xF6, 0xC5, 0x01, 0x95, 0xBD, 0xD6, 0xBD, 0x81, 0xB5, 0xBD, 0x08, 0x33, 0xAD,
    0x2E, 0x8C, 0x0E, 0x8C, 0x6C, 0xA3, 0xE7, 0x61, 0x8C, 0xCB, 0x6C, 0xB3, 0x2E, 0x8C, 0x2F, 0x94,
    0x81, 0xB5, 0xBD, 0x03, 0xF6, 0xC5, 0xB5, 0xBD, 0x94, 0xB5, 0xD6, 0xBD, 0x81, 0xB5, 0xBD, 0x81,
    0xD5, 0xBD, 0x08, 0x94, 0xBD, 0xB5, 0xBD, 0xD6, 0xBD, 0x16, 0xC6, 0xD6, 0xBD, 0xD6, 0xC5, 0xB5,
    0xBD, 0x95, 0xBD, 0xF6, 0xBD, 0x81, 0xB5, 0xBD, 0x08, 0xD5, 0xBD, 0xB5, 0xBD, 0x94, 0xB5, 0xB5,
    0xBD, 0xD6, 0xBD, 0xF6, 0xC5, 0xD6, 0xC5, 0xB5, 0xBD, 0xF6, 0xC5, 0x84, 0xB5, 0xBD, 0x00, 0xD5,
    0xBD, 0x82, 0xB5, 0xBD, 0x0A, 0xD6, 0xBD, 0xF6, 0xC5, 0xB5, 0xBD, 0xF6, 0xC5, 0xB5, 0xBD, 0x94,
    0xB5, 0xD6, 0xC5, 0xD6, 0xBD, 0xD5, 0xBD, 0xB5, 0xBD, 0xD5, 0xBD, 0x83, 0xB5, 0xBD, 0x02, 0x95,
    0xB5, 0xB5, 0xBD, 0xD5, 0xBD, 0x81, 0xD6, 0xC5, 0x01, 0xB5, 0xBD, 0xF6, 0xC5, 0x81, 0xB5, 0xBD,
    0x00, 0xD5, 0xBD, 0x81, 0xB5, 0xBD, 0x81, 0xD5, 0xBD, 0x08, 0x95, 0xBD, 0xB5, 0xBD, 0xD6, 0xBD,
    0xF6, 0xC5, 0xD5, 0xBD, 0xF6, 0xC5, 0xB5, 0xBD, 0x94, 0xB5, 0xF6, 0xC5, 0x81, 0xB5, 0xBD, 0x0A,
    0xD5, 0xBD, 0xB5, 0xBD, 0x74, 0xB5, 0xB5, 0xBD, 0xD6, 0xBD, 0xF6, 0xC5, 0xD6, 0xC5, 0xD5, 0xBD,
    0xD6, 0xC5, 0xB5, 0xBD, 0xD5, 0xBD, 0x86, 0xB5, 0xBD, 0x03, 0xD5, 0xC5, 0xD6, 0xC5, 0xB5, 0xBD,
    0xF6, 0xC5, 0x81, 0xB5, 0xBD, 0x00, 0xD5, 0xBD, 0x81, 0xB5, 0xBD, 0x81, 0xD5, 0xBD, 0x08, 0x94,
    0xBD, 0xB5, 0xBD, 0xD6, 0xBD, 0xF6, 0xC5, 0xD6, 0xBD, 0xF6, 0xC5, 0xB5, 0xBD, 0x94, 0xB5, 0xF6,
    0xC5, 0x81, 0xB5, 0xBD, 0x11, 0x74, 0xB5, 0x0E, 0x8C, 0xCD, 0x83, 0x6C, 0xB3, 0xE6, 0x81, 0x8C,
    0xD3, 0x6C, 0xBB, 0x2E, 0x8C, 0x4F, 0x94, 0x94, 0xBD, 0xD6, 0xBD, 0xF6, 0xC5, 0xD6, 0xBD, 0xD5,
    0xBD, 0xB5, 0xBD, 0xD5, 0xBD, 0xB5, 0xBD, 0xD5, 0xBD, 0x82, 0xB5, 0xBD, 0x08, 0xF6, 0xC5, 0x95,
    0xBD, 0xD6, 0xC5, 0xD5, 0xC5, 0xD6, 0xBD, 0xD6, 0xC5, 0x95, 0xBD, 0xD5, 0xBD, 0x94, 0xBD, 0x81,
    0xD5, 0xBD, 0x81, 0xB5, 0xBD, 0x05, 0xD5, 0xBD, 0xB5, 0xBD, 0xD6, 0xC5, 0xD6, 0xBD, 0xF6, 0xC5,
    0xD6, 0xBD, 0x83, 0xB5, 0xBD, 0x10, 0xD5, 0xBD, 0x94, 0xBD, 0x95, 0xBD, 0xB5, 0xBD, 0xD5, 0xC5,
    0xB5, 0xBD, 0xD6, 0xBD, 0xF5, 0xC5, 0xD6, 0xBD, 0xD5, 0xBD, 0xD6, 0xC5, 0xD5, 0xC5, 0xF6, 0xC5,
    0xD6, 0xC5, 0x95, 0xBD, 0xD5, 0xBD, 0x94, 0xBD, 0x81, 0xD5, 0xBD, 0x81, 0xB5, 0xBD, 0x81, 0xD5,
    0xBD, 0x03, 0xD6, 0xC5, 0xD6, 0xBD, 0xF6, 0xC5, 0xD6, 0xBD, 0x83, 0xB5, 0xBD, 0x01, 0xD5, 0xBD,
    0x94, 0xBD, 0x81, 0xB5, 0xBD, 0x03, 0xF6, 0xC5, 0xB5, 0xBD, 0xD6, 0xC5, 0xD5, 0xC5, 0x81, 0xD6,
    0xBD, 0x03, 0x95, 0xBD, 0xD5, 0xBD, 0xB5, 0xBD, 0xD5, 0xBD, 0x82, 0xB5, 0xBD, 0x08, 0xF6, 0xC5,
    0xB5, 0xBD, 0xD6, 0xC5, 0xD5, 0xBD, 0xF6, 0xC5, 0xD6, 0xC5, 0x95, 0xBD, 0xD5, 0xBD, 0x94, 0xBD,
    0x81, 0xD5, 0xBD, 0x01, 0xB5, 0xBD, 0x95, 0xBD, 0x81, 0xD5, 0xBD, 0x03, 0xD5, 0xC5, 0xD6, 0xBD,
    0xF6, 0xC5, 0xD6, 0xBD, 0x83, 0xB5, 0xBD, 0x00, 0xD5, 0xBD, 0x82, 0xB5, 0xBD, 0x16, 0xF6, 0xC5,
    0xB5, 0xBD, 0xD6, 0xC5, 0xD5, 0xC5, 0xD6, 0xBD, 0xD6, 0xC5, 0x95, 0xBD, 0xD5, 0xBD, 0x94, 0xBD,
    0x74, 0xB5, 0x2E, 0x8C, 0x0E, 0x8C, 0x6C, 0xBB, 0xE6, 0x69, 0x8C, 0xD3, 0xAD, 0xBB, 0x4F, 0x94,
    0x2E, 0x8C, 0x74, 0xB5, 0xB5, 0xBD, 0xD5, 0xBD, 0x95, 0xBD, 0xD5, 0xBD, 0x81, 0xB5, 0xBD, 0x08,
    0x94, 0xB5, 0x53, 0xAD, 0xB5, 0xBD, 0x74, 0xB5, 0x94, 0xBD, 0xD5, 0xBD, 0xB5, 0xBD, 0x94, 0xB5,
    0xD6, 0xBD, 0x81, 0xB5, 0xBD, 0x0F, 0xD5, 0xBD, 0xB5, 0xBD, 0x94, 0xB5, 0x33, 0xAD, 0xB5, 0xBD,
    0x74, 0xB5, 0x54, 0xB5, 0xD5, 0xBD, 0xB5, 0xBD, 0x94, 0xBD, 0xD5, 0xBD, 0xB5, 0xBD, 0x94, 0xBD,
    0xD5, 0xBD, 0xB5, 0xBD, 0x95, 0xB5, 0x81, 0x74, 0xB5, 0x03, 0xB5, 0xBD, 0x54, 0xB5, 0xB5, 0xBD,
    0xD5, 0xBD, 0x81, 0xB5, 0xBD, 0x04, 0xD5, 0xBD, 0xB5, 0xBD, 0xD5, 0xBD, 0x94, 0xB5, 0xD6, 0xBD,
    0x81, 0xB5, 0xBD, 0x1A, 0xD5, 0xBD, 0xB5, 0xBD, 0x94, 0xB5, 0x33, 0xAD, 0xB5, 0xBD, 0x94, 0xB5,
    0x54, 0xB5, 0xD5, 0xBD, 0xB5, 0xBD, 0x95, 0xBD, 0xD5, 0xBD, 0xB5, 0xBD, 0x95, 0xBD, 0xD5, 0xBD,
    0xB5, 0xBD, 0x95, 0xB5, 0x74, 0xB5, 0x54, 0xB5, 0xB5, 0xBD, 0x54, 0xB5, 0xB5, 0xBD, 0xD5, 0xBD,
    0xB5, 0xBD, 0x94, 0xBD, 0xD6, 0xBD, 0xB5, 0xBD, 0xD5, 0xBD, 0x81, 0xB5, 0xBD, 0x02, 0x94, 0xB5,
    0x33, 0xAD, 0xB5, 0xBD, 0x81, 0x74, 0xB5, 0x03, 0xD5, 0xBD, 0xB5, 0xBD, 0x94, 0xB5, 0xD6, 0xBD,
    0x81, 0xB5, 0xBD, 0x06, 0xD5, 0xBD, 0xB5, 0xBD, 0x94, 0xB5, 0x33, 0xAD, 0x95, 0xBD, 0x95, 0xB5,
    0x54, 0xB5, 0x81, 0xD5, 0xBD, 0x00, 0xB5, 0xBD, 0x81, 0xD5, 0xBD, 0x0E, 0x95, 0xBD, 0xD5, 0xBD,
    0xB5, 0xBD, 0x95, 0xB5, 0x74, 0xB5, 0x54, 0xB5, 0xB5, 0xBD, 0x54, 0xB5, 0xB5, 0xBD, 0xD5, 0xBD,
    0xB5, 0xBD, 0x94, 0xBD, 0xD6, 0xBD, 0xB5, 0xBD, 0xD5, 0xBD, 0x81, 0xB5, 0xBD, 0x0F, 0x94, 0xB5,
    0xD1, 0xA4, 0x0E, 0x8C, 0xEE, 0x83, 0x8D, 0x93, 0xE7, 0x61, 0x8C, 0xD3, 0x8C, 0xBB, 0x0E, 0x84,
    0x0E, 0x8C, 0xB5, 0xBD, 0x94, 0xBD, 0xF6, 0xC5, 0xD5, 0xBD, 0xB5, 0xBD, 0xB5, 0xB5, 0x81, 0x74,
    0xB5, 0x01, 0xB5, 0xBD, 0x94, 0xBD, 0x81, 0xB5, 0xBD, 0x04, 0xB4, 0xBD, 0xD5, 0xBD, 0xB5, 0xBD,
    0xD5, 0xC5, 0xF6, 0xBD, 0x81, 0xB5, 0xBD, 0x82, 0x74, 0xB5, 0x0A, 0x94, 0xB5, 0xD5, 0xBD, 0xB5,
    0xBD, 0x95, 0xBD, 0xD5, 0xBD, 0xD6, 0xBD, 0x94, 0xBD, 0xF6, 0xC5, 0xD5, 0xBD, 0x95, 0xBD, 0x94,
    0xB5, 0x81, 0x74, 0xB5, 0x00, 0xD5, 0xBD, 0x83, 0xB5, 0xBD, 0x03, 0xD6, 0xBD, 0x95, 0xBD, 0xF5,
    0xC5, 0xD5, 0xBD, 0x81, 0xB5, 0xBD, 0x03, 0xD5, 0xBD, 0xF6, 0xC5, 0xD5, 0xBD, 0x95, 0xBD, 0x82,
    0x74, 0xB5, 0x0A, 0x94, 0xB5, 0xD5, 0xBD, 0xB5, 0xBD, 0x95, 0xBD, 0xD5, 0xBD, 0xD6, 0xBD, 0x94,
    0xBD, 0xF6, 0xC5, 0xD5, 0xBD, 0x95, 0xBD, 0x95, 0xB5, 0x81, 0x74, 0xB5, 0x00, 0xD5, 0xBD, 0x83,
    0xB5, 0xBD, 0x05, 0xD6, 0xBD, 0x95, 0xBD, 0xF5, 0xC5, 0xD5, 0xBD, 0xB5, 0xBD, 0xB5, 0xB5, 0x81,
    0x74, 0xB5, 0x01, 0x95, 0xBD, 0x94, 0xB5, 0x81, 0xB5, 0xBD, 0x00, 0x94, 0xBD, 0x81, 0xD5, 0xBD,
    0x03, 0xB5, 0xBD, 0xF6, 0xC5, 0xD5, 0xBD, 0x95, 0xBD, 0x82, 0x74, 0xB5, 0x82, 0xB5, 0xBD, 0x07,
    0x95, 0xBD, 0xD5, 0xBD, 0xF6, 0xBD, 0x94, 0xB5, 0xF6, 0xC5, 0xD5, 0xBD, 0x95, 0xBD, 0x95, 0xB5,
    0x81, 0x74, 0xB5, 0x00, 0xD5, 0xBD, 0x83, 0xB5, 0xBD, 0x03, 0xD5, 0xBD, 0xB5, 0xBD, 0xF5, 0xC5,
    0xF5, 0xBD, 0x81, 0xB5, 0xBD, 0x81, 0x74, 0xB5, 0x0A, 0x33, 0xAD, 0xCD, 0x83, 0x2E, 0x8C, 0x6C,
    0xBB, 0xE6, 0x89, 0x8C, 0xDB, 0x6C, 0xBB, 0x0E, 0x8C, 0x4F, 0x8C, 0x94, 0xBD, 0xB5, 0xBD, 0x81,
    0x95, 0xB5, 0x02, 0x94, 0xBD, 0x54, 0xB5, 0x94, 0xB5, 0x81, 0xB5, 0xBD, 0x00, 0xD5, 0xBD, 0x81,
    0xB5, 0xBD, 0x07, 0x94, 0xB5, 0xF6, 0xC5, 0xB5, 0xBD, 0x94, 0xB5, 0xB5, 0xBD, 0x94, 0xB5, 0x95,
    0xB5, 0x74, 0xB5, 0x84, 0xB5, 0xBD, 0x02, 0x94, 0xBD, 0xF6, 0xC5, 0xD5, 0xBD, 0x81, 0xB5, 0xBD,
    0x02, 0x94, 0xB5, 0xB5, 0xBD, 0x54, 0xB5, 0x82, 0xB5, 0xBD, 0x00, 0xD5, 0xBD, 0x81, 0xB5, 0xBD,
    0x0B, 0xD5, 0xBD, 0xD5, 0xC5, 0xB5, 0xBD, 0x94, 0xB5, 0xB5, 0xBD, 0x94, 0xBD, 0xB5, 0xBD, 0x95,
    0xB5, 0xB5, 0xBD, 0x94, 0xB5, 0xB5, 0xBD, 0x74, 0xB5, 0x82, 0xB5, 0xBD, 0x04, 0xD5, 0xBD, 0xB5,
    0xBD, 0x95, 0xBD, 0xF6, 0xC5, 0xD5, 0xBD, 0x81, 0xB5, 0xBD, 0x02, 0x94, 0xB5, 0xB5, 0xBD, 0x54,
    0xB5, 0x82, 0xB5, 0xBD, 0x00, 0xD5, 0xBD, 0x82, 0xB5, 0xBD, 0x06, 0xF6, 0xC5, 0xB5, 0xBD, 0x94,
    0xB5, 0xB5, 0xBD, 0x94, 0xB5, 0x74, 0xB5, 0x94, 0xB5, 0x84, 0xB5, 0xBD, 0x07, 0x94, 0xB5, 0xF6,
    0xC5, 0xB5, 0xBD, 0x95, 0xB5, 0xB5, 0xBD, 0x94, 0xB5, 0xB5, 0xBD, 0x74, 0xB5, 0x82, 0xB5, 0xBD,
    0x00, 0xD5, 0xBD, 0x81, 0xB5, 0xBD, 0x01, 0xF6, 0xC5, 0xD5, 0xBD, 0x81, 0xB5, 0xBD, 0x03, 0x95,
    0xB5, 0xB4, 0xBD, 0x54, 0xB5, 0x95, 0xBD, 0x81, 0xB5, 0xBD, 0x00, 0xD5, 0xBD, 0x82, 0xB5, 0xBD,
    0x04, 0xF6, 0xC5, 0xB5, 0xBD, 0x94, 0xB5, 0xB5, 0xBD, 0x94, 0xB5, 0x81, 0x74, 0xB5, 0x0E, 0xB5,
    0xBD, 0x54, 0xB5, 0x0E, 0x8C, 0x2E, 0x8C, 0x6C, 0x93, 0xE6, 0x69, 0x8C, 0xDB, 0x8C, 0xC3, 0x2F,
    0x8C, 0x2E, 0x8C, 0x94, 0xB5, 0xD5, 0xBD, 0xD5, 0xC5, 0x94, 0xBD, 0x95, 0xBD, 0x82, 0xB5, 0xBD,
    0x01, 0x74, 0xB5, 0x94, 0xB5, 0x81, 0x95, 0xB5, 0x01, 0x94, 0xB5, 0xB5, 0xBD, 0x81, 0xD5, 0xBD,
    0x02, 0xB5, 0xBD, 0x94, 0xBD, 0x94, 0xB5, 0x81, 0xB5, 0xBD, 0x01, 0x53, 0xAD, 0xB5, 0xB5, 0x81,
    0x94, 0xB5, 0x04, 0x95, 0xB5, 0xB5, 0xBD, 0xD6, 0xBD, 0xD5, 0xBD, 0xD5, 0xC5, 0x81, 0x94, 0xB5,
    0x81, 0xB5, 0xBD, 0x03, 0x74, 0xB5, 0x94, 0xBD, 0x74, 0xB5, 0x95, 0xB5, 0x82, 0xB5, 0xBD, 0x81,
    0xD5, 0xBD, 0x01, 0x94, 0xBD, 0x95, 0xBD, 0x81, 0xD5, 0xBD, 0x02, 0xB5, 0xBD, 0x94, 0xBD, 0x94,
    0xB5, 0x81, 0xB5, 0xBD, 0x01, 0x53, 0xAD, 0xB5, 0xB5, 0x81, 0x94, 0xB5, 0x06, 0x95, 0xBD, 0xD5,
    0xBD, 0xD6, 0xBD, 0xD5, 0xBD, 0xD5, 0xC5, 0x94, 0xBD, 0x94, 0xB5, 0x81, 0xB5, 0xBD, 0x03, 0x94,
    0xB5, 0x94, 0xBD, 0x74, 0xB5, 0x95, 0xB5, 0x82, 0xB5, 0xBD, 0x81, 0xD5, 0xBD, 0x81, 0xB5, 0xBD,
    0x00, 0x95, 0xBD, 0x81, 0xB5, 0xBD, 0x00, 0x53, 0xB5, 0x81, 0x95, 0xB5, 0x81, 0x94, 0xB5, 0x00,
    0xB5, 0xBD, 0x82, 0xD5, 0xBD, 0x81, 0x94, 0xB5, 0x81, 0xB5, 0xBD, 0x01, 0x53, 0xAD, 0xB5, 0xB5,
    0x81, 0x94, 0xB5, 0x06, 0xB5, 0xBD, 0xD5, 0xBD, 0xD6, 0xBD, 0xD5, 0xBD, 0xD5, 0xC5, 0x94, 0xBD,
    0x94, 0xB5, 0x81, 0xB5, 0xBD, 0x82, 0x94, 0xB5, 0x81, 0x95, 0xB5, 0x01, 0x95, 0xBD, 0xB5, 0xBD,
    0x81, 0xD5, 0xBD, 0x02, 0xB5, 0xBD, 0x95, 0xBD, 0x94, 0xB5, 0x81, 0xB5, 0xBD, 0x0C, 0xF2, 0xA4,
    0xEE, 0x83, 0x0E, 0x8C, 0x8D, 0xA3, 0xE7, 0x61, 0x8C, 0xE3, 0x6C, 0xC3, 0x2F, 0x8C, 0x4F, 0x94,
    0x94, 0xB5, 0x95, 0xBD, 0x95, 0xB5, 0xD5, 0xBD, 0x82, 0xB5, 0xBD, 0x03, 0x95, 0xB5, 0x94, 0xB5,
    0xB5, 0xBD, 0xD5, 0xBD, 0x81, 0xB5, 0xBD, 0x01, 0xD6, 0xBD, 0x54, 0xB5, 0x83, 0xB5, 0xBD, 0x01,
    0x94, 0xB5, 0xB5, 0xBD, 0x81, 0x94, 0xB5, 0x82, 0xB5, 0xBD, 0x07, 0xD6, 0xC5, 0x95, 0xB5, 0xD6,
    0xBD, 0x74, 0xB5, 0xD5, 0xBD, 0xB5, 0xBD, 0x94, 0xBD, 0xB5, 0xBD, 0x81, 0x94, 0xB5, 0x01, 0xB5,
    0xBD, 0xD6, 0xBD, 0x82, 0xD5, 0xBD, 0x01, 0x94, 0xB5, 0xB5, 0xB5, 0x81, 0xB5, 0xBD, 0x02, 0x54,
    0xB5, 0xD5, 0xBD, 0x95, 0xBD, 0x81, 0xB5, 0xBD, 0x0B, 0x94, 0xB5, 0xB5, 0xBD, 0x95, 0xB5, 0x94,
    0xB5, 0xB5, 0xBD, 0xD5, 0xBD, 0xB5, 0xBD, 0xD6, 0xC5, 0xB5, 0xBD, 0xD6, 0xBD, 0x94, 0xB5, 0xD5,
    0xBD, 0x82, 0xB5, 0xBD, 0x81, 0x94, 0xB5, 0x02, 0xB5, 0xBD, 0xD6, 0xBD, 0xB5, 0xBD, 0x81, 0xD5,
    0xBD, 0x00, 0x74, 0xB5, 0x83, 0xB5, 0xBD, 0x03, 0x94, 0xBD, 0xB5, 0xBD, 0x94, 0xB5, 0x95, 0xB5,
    0x82, 0xB5, 0xBD, 0x03, 0xD6, 0xBD, 0x74, 0xB5, 0xD6, 0xBD, 0x94, 0xB5, 0x81, 0xB5, 0xBD, 0x04,
    0x94, 0xB5, 0xB5, 0xBD, 0x95, 0xB5, 0x94, 0xB5, 0xB5, 0xBD, 0x81, 0xD5, 0xBD, 0x00, 0xD6, 0xC5,
    0x81, 0xB5, 0xBD, 0x01, 0x94, 0xB5, 0xD5, 0xBD, 0x82, 0xB5, 0xBD, 0x81, 0x94, 0xB5, 0x02, 0xB5,
    0xBD, 0xD6, 0xBD, 0xB5, 0xBD, 0x81, 0xD5, 0xBD, 0x00, 0x54, 0xB5, 0x83, 0xB5, 0xBD, 0x13, 0x94,
    0xBD, 0xB5, 0xBD, 0x53, 0xAD, 0xED, 0x83, 0x2E, 0x8C, 0x8C, 0xAB, 0xE6, 0x69, 0x8C, 0xE3, 0x8C,
    0xCB, 0x4F, 0x94, 0xEE, 0x83, 0x95, 0xBD, 0x94, 0xB5, 0xD5, 0xBD, 0xB5, 0xBD, 0x94, 0xB5, 0xB5,
    0xBD, 0x95, 0xBD, 0xB5, 0xBD, 0xD5, 0xBD, 0x81, 0xB5, 0xBD, 0x04, 0xD6, 0xC5, 0xB5, 0xBD, 0xD5,
    0xBD, 0xB5, 0xBD, 0xD5, 0xBD, 0x81, 0xB5, 0xBD, 0x02, 0x94, 0xBD, 0x94, 0xB5, 0xB5, 0xBD, 0x83,
    0xD5, 0xBD, 0x07, 0xD6, 0xBD, 0xB5, 0xBD, 0xD6, 0xBD, 0x74, 0xB5, 0xB5, 0xBD, 0xD5, 0xBD, 0x74,
    0xB5, 0xB5, 0xB5, 0x81, 0xB5, 0xBD, 0x81, 0xD5, 0xBD, 0x07, 0xB5, 0xBD, 0xD6, 0xC5, 0xB5, 0xBD,
    0xD6, 0xC5, 0x94, 0xB5, 0xD5, 0xBD, 0xB5, 0xBD, 0x94, 0xB5, 0x83, 0xB5, 0xBD, 0x81, 0x94, 0xB5,
    0x00, 0xB5, 0xBD, 0x83, 0xD5, 0xBD, 0x06, 0xD6, 0xBD, 0xB5, 0xBD, 0xD6, 0xBD, 0x74, 0xB5, 0xB5,
    0xBD, 0xD5, 0xBD, 0x74, 0xB5, 0x82, 0xB5, 0xBD, 0x81, 0xD5, 0xBD, 0x11, 0xB5, 0xBD, 0xD6, 0xC5,
    0xB5, 0xBD, 0xD6, 0xBD, 0x95, 0xBD, 0xD5, 0xBD, 0xB5, 0xBD, 0x94, 0xB5, 0xB5, 0xBD, 0x94, 0xB5,
    0xB5, 0xBD, 0xD5, 0xBD, 0xB5, 0xBD, 0xD5, 0xBD, 0xD6, 0xC5, 0xD5, 0xBD, 0xB5, 0xBD, 0xD6, 0xBD,
    0x82, 0xB5, 0xBD, 0x02, 0x74, 0xB5, 0x94, 0xB5, 0xB5, 0xBD, 0x83, 0xD5, 0xBD, 0x06, 0xD6, 0xBD,
    0x95, 0xBD, 0xD6, 0xBD, 0x74, 0xB5, 0xD5, 0xBD, 0xB5, 0xBD, 0x74, 0xB5, 0x82, 0xB5, 0xBD, 0x81,
    0xD5, 0xBD, 0x19, 0xB5, 0xBD, 0xD6, 0xC5, 0xB5, 0xBD, 0xD6, 0xBD, 0xB5, 0xBD, 0xD5, 0xBD, 0xB5,
    0xBD, 0x95, 0xB5, 0x95, 0xBD, 0x94, 0xB5, 0xB5, 0xBD, 0x74, 0xB5, 0x2E, 0x8C, 0x2F, 0x8C, 0x6C,
    0xAB, 0xE6, 0x69, 0x8C, 0xEB, 0x6C, 0xCB, 0x6F, 0x94, 0xEE, 0x83, 0x95, 0xBD, 0xD6, 0xBD, 0xD5,
    0xBD, 0xB5, 0xBD, 0x95, 0xBD, 0xD5, 0xBD, 0x83, 0xB5, 0xBD, 0x01, 0x94, 0xB5, 0xB5, 0xBD, 0x83,
    0xD6, 0xBD, 0x01, 0xB5, 0xBD, 0x95, 0xBD, 0x84, 0xB5, 0xBD, 0x05, 0x74, 0xB5, 0x95, 0xB5, 0xF6,
    0xC5, 0xB5, 0xBD, 0xD6, 0xC5, 0xD6, 0xBD, 0x81, 0xB5, 0xBD, 0x00, 0xB4, 0xBD, 0x83, 0xB5, 0xBD,
    0x08, 0x95, 0xB5, 0xB5, 0xBD, 0xD5, 0xC5, 0xB5, 0xBD, 0xD6, 0xC5, 0xD6, 0xBD, 0xD5, 0xBD, 0xB5,
    0xBD, 0x95, 0xBD, 0x81, 0xD6, 0xBD, 0x86, 0xB5, 0xBD, 0x05, 0x74, 0xB5, 0xB5, 0xB5, 0xF6, 0xC5,
    0xB5, 0xBD, 0xD6, 0xC5, 0xD6, 0xBD, 0x81, 0xB5, 0xBD, 0x00, 0x94, 0xBD, 0x83, 0xB5, 0xBD, 0x09,
    0xB5, 0xB5, 0xB5, 0xBD, 0xD5, 0xBD, 0xB5, 0xBD, 0xD6, 0xC5, 0xD6, 0xBD, 0xD5, 0xBD, 0xB5, 0xBD,
    0x95, 0xBD, 0xD5, 0xBD, 0x83, 0xB5, 0xBD, 0x01, 0x74, 0xB5, 0x95, 0xB5, 0x81, 0xD6, 0xBD, 0x01,
    0xD6, 0xC5, 0xD6, 0xBD, 0x86, 0xB5, 0xBD, 0x05, 0x94, 0xB5, 0xB5, 0xBD, 0xF6, 0xC5, 0x95, 0xBD,
    0xD6, 0xC5, 0xD6, 0xBD, 0x81, 0xB5, 0xBD, 0x00, 0x94, 0xBD, 0x83, 0xB5, 0xBD, 0x00, 0xB5, 0xB5,
    0x82, 0xB5, 0xBD, 0x04, 0xD6, 0xC5, 0xD6, 0xBD, 0xD6, 0xC5, 0xB5, 0xBD, 0x95, 0xBD, 0x82, 0xB5,
    0xBD, 0x0B, 0x54, 0xB5, 0x0E, 0x84, 0xCD, 0x83, 0x6C, 0xBB, 0xE6, 0x69, 0x8C, 0xEB, 0x6C, 0xCB,
    0x0E, 0x8C, 0x2F, 0x8C, 0x94, 0xB5, 0xD6, 0xBD, 0x74, 0xB5, 0x81, 0xD5, 0xBD, 0x82, 0xB5, 0xBD,
    0x03, 0xD6, 0xC5, 0xB5, 0xBD, 0xD5, 0xBD, 0xB5, 0xBD, 0x82, 0xD6, 0xBD, 0x00, 0xB5, 0xBD, 0x81,
    0xD5, 0xBD, 0x83, 0xB5, 0xBD, 0x03, 0xD5, 0xBD, 0xB5, 0xBD, 0xD5, 0xBD, 0xB5, 0xBD, 0x81, 0xD5,
    0xBD, 0x01, 0xD6, 0xBD, 0x74, 0xB5, 0x84, 0xB5, 0xBD, 0x03, 0xD6, 0xBD, 0xB5, 0xBD, 0xD6, 0xC5,
    0x95, 0xBD, 0x81, 0xD5, 0xBD, 0x01, 0xD6, 0xBD, 0x95, 0xB5, 0x82, 0xD6, 0xBD, 0x86, 0xB5, 0xBD,
    0x03, 0xD5, 0xBD, 0xB5, 0xBD, 0xD5, 0xC5, 0xB5, 0xBD, 0x81, 0xD5, 0xBD, 0x01, 0xD6, 0xC5, 0x74,
    0xB5, 0x84, 0xB5, 0xBD, 0x09, 0xD6, 0xC5, 0xB5, 0xBD, 0xD6, 0xC5, 0xB5, 0xBD, 0xD6, 0xBD, 0xD5,
    0xBD, 0xD6, 0xBD, 0x95, 0xBD, 0xD6, 0xBD, 0xD6, 0xC5, 0x82, 0xB5, 0xBD, 0x01, 0xD6, 0xC5, 0xD5,
    0xBD, 0x81, 0xB5, 0xBD, 0x00, 0xD6, 0xBD, 0x82, 0xD5, 0xBD, 0x02, 0x95, 0xBD, 0xB5, 0xBD, 0x95,
    0xB5, 0x82, 0xB5, 0xBD, 0x03, 0xD6, 0xBD, 0xB5, 0xBD, 0xD6, 0xC5, 0xB5, 0xBD, 0x81, 0xD5, 0xBD,
    0x04, 0xD6, 0xC5, 0x74, 0xB5, 0xD5, 0xBD, 0xB5, 0xBD, 0xD5, 0xBD, 0x81, 0xB5, 0xBD, 0x03, 0xD6,
    0xC5, 0xB5, 0xBD, 0xD5, 0xC5, 0xB5, 0xBD, 0x82, 0xD6, 0xBD, 0x02, 0x95, 0xBD, 0xD6, 0xBD, 0xD5,
    0xBD, 0x82, 0xB5, 0xBD, 0x0E, 0x74, 0xB5, 0x2F, 0x8C, 0x2E, 0x8C, 0x8C, 0xCB, 0xE6, 0x81, 0x8C,
    0xF3, 0x6C, 0xD3, 0x2E, 0x8C, 0x4F, 0x94, 0x95, 0xB5, 0xD5, 0xBD, 0xD6, 0xBD, 0xD5, 0xBD, 0xB5,
    0xBD, 0xD5, 0xBD, 0x82, 0xB5, 0xBD, 0x0C, 0x95, 0xBD, 0x94, 0xBD, 0xB5, 0xBD, 0xD6, 0xC5, 0xD5,
    0xBD, 0x95, 0xBD, 0xD6, 0xBD, 0xF6, 0xC5, 0xB5, 0xBD, 0xF6, 0xC5, 0xD5, 0xC5, 0xD5, 0xBD, 0xD6,
    0xBD, 0x82, 0xB5, 0xBD, 0x07, 0xD5, 0xBD, 0xD6, 0xBD, 0xB6, 0xBD, 0xD6, 0xBD, 0xF6, 0xC5, 0xB5,
    0xBD, 0xF6, 0xC5, 0xD6, 0xC5, 0x81, 0xD5, 0xBD, 0x06, 0xB5, 0xBD, 0x95, 0xB5, 0x94, 0xBD, 0xB5,
    0xBD, 0xD6, 0xC5, 0xD6, 0xBD, 0xB5, 0xBD, 0x81, 0xD6, 0xBD, 0x81, 0xB5, 0xBD, 0x06, 0xD6, 0xBD,
    0xF6, 0xC5, 0xB5, 0xBD, 0xF6, 0xC5, 0xD6, 0xC5, 0xD5, 0xBD, 0xD6, 0xBD, 0x81, 0xB5, 0xBD, 0x01,
    0x95, 0xBD, 0xB5, 0xBD, 0x82, 0xD6, 0xBD, 0x03, 0xF6, 0xC5, 0xB5, 0xBD, 0xD6, 0xBD, 0xD5, 0xC5,
    0x82, 0xB5, 0xBD, 0x05, 0x95, 0xB5, 0x94, 0xBD, 0xB5, 0xBD, 0xD6, 0xC5, 0xD6, 0xBD, 0xB5, 0xBD,
    0x81, 0xD6, 0xBD, 0x04, 0xB5, 0xBD, 0xD6, 0xBD, 0xD5, 0xBD, 0xB5, 0xBD, 0xD5, 0xBD, 0x82, 0xB5,
    0xBD, 0x07, 0xD5, 0xC5, 0xD5, 0xBD, 0xB5, 0xBD, 0xD6, 0xBD, 0xF6, 0xC5, 0xB5, 0xBD, 0xF6, 0xC5,
    0xD6, 0xC5, 0x81, 0xD5, 0xBD, 0x03, 0xB5, 0xBD, 0x95, 0xB5, 0x95, 0xBD, 0xB5, 0xBD, 0x82, 0xD6,
    0xBD, 0x03, 0xF6, 0xC5, 0xD5, 0xBD, 0xD6, 0xBD, 0xD5, 0xBD, 0x82, 0xB5, 0xBD, 0x05, 0x95, 0xB5,
    0x94, 0xBD, 0xB5, 0xBD, 0xD6, 0xC5, 0xD5, 0xBD, 0xB5, 0xBD, 0x81, 0xD6, 0xBD, 0x04, 0xB5, 0xBD,
    0xD6, 0xC5, 0xD5, 0xBD, 0xB5, 0xBD, 0x74, 0xB5, 0x81, 0x0E, 0x8C, 0x0E, 0x6C, 0xA3, 0xE7, 0x61,
    0x8C, 0xF3, 0x8C, 0xD3, 0x90, 0x94, 0x6F, 0x94, 0xB5, 0xBD, 0xF6, 0xC5, 0xB6, 0xBD, 0xF6, 0xC5,
    0xB5, 0xBD, 0xD6, 0xC5, 0xD5, 0xBD, 0x74, 0xB5, 0xD5, 0xBD, 0x81, 0xD6, 0xBD, 0x81, 0xF6, 0xC5,
    0x0A, 0xD5, 0xBD, 0xD6, 0xBD, 0xB6, 0xBD, 0xF6, 0xC5, 0xD5, 0xBD, 0xD6, 0xBD, 0xD5, 0xC5, 0xB5,
    0xBD, 0x74, 0xB5, 0xD6, 0xBD, 0xB5, 0xBD, 0x81, 0xF6, 0xC5, 0x0A, 0xD6, 0xBD, 0xF6, 0xBD, 0xF6,
    0xC5, 0xD6, 0xC5, 0xD6, 0xBD, 0xB5, 0xBD, 0xD6, 0xC5, 0xD5, 0xBD, 0x74, 0xB5, 0xF6, 0xC5, 0xD6,
    0xBD, 0x82, 0xF6, 0xC5, 0x04, 0xD6, 0xBD, 0xF6, 0xC5, 0xB5, 0xBD, 0xF6, 0xC5, 0xB5, 0xBD, 0x81,
    0xD6, 0xBD, 0x07, 0xF6, 0xC5, 0xD5, 0xBD, 0xB5, 0xBD, 0xD5, 0xC5, 0xB5, 0xBD, 0x74, 0xB5, 0xD6,
    0xBD, 0xB5, 0xBD, 0x82, 0xF6, 0xC5, 0x09, 0xF6, 0xBD, 0xF6, 0xC5, 0xD6, 0xC5, 0xD6, 0xBD, 0xB5,
    0xBD, 0xD6, 0xC5, 0xD5, 0xBD, 0x74, 0xB5, 0xF6, 0xC5, 0xD6, 0xBD, 0x82, 0xF6, 0xC5, 0x06, 0xD5,
    0xBD, 0xD6, 0xC5, 0xB5, 0xBD, 0xF6, 0xC5, 0xB5, 0xBD, 0xD6, 0xC5, 0xD5, 0xBD, 0x81, 0x95, 0xB5,
    0x01, 0xD5, 0xBD, 0xB6, 0xBD, 0x81, 0xF6, 0xC5, 0x00, 0xD5, 0xBD, 0x81, 0xD6, 0xBD, 0x05, 0xF6,
    0xC5, 0xD6, 0xBD, 0xB5, 0xBD, 0xD5, 0xC5, 0xB5, 0xBD, 0x54, 0xB5, 0x81, 0xD6, 0xBD, 0x82, 0xF6,
    0xC5, 0x08, 0xF6, 0xBD, 0xF6, 0xC5, 0xD6, 0xBD, 0xD6, 0xC5, 0xB5, 0xBD, 0xD6, 0xC5, 0xD5, 0xBD,
    0x74, 0xB5, 0xF6, 0xBD, 0x81, 0xD6, 0xBD, 0x81, 0xF6, 0xC5, 0x08, 0xD5, 0xBD, 0xD6, 0xBD, 0xB5,
    0xBD, 0xF6, 0xC5, 0xB5, 0xBD, 0xD6, 0xBD, 0xD5, 0xBD, 0x95, 0xB5, 0x33, 0xAD, 0x81, 0x2F, 0x8C,
    0x06, 0x8C, 0xD3, 0xE6, 0x91, 0x8C, 0xBB, 0xAC, 0xD3, 0x0E, 0x8C, 0x2E, 0x8C, 0x94, 0xB5, 0x82,
    0xF6, 0xC5, 0x0A, 0xB5, 0xBD, 0xF6, 0xC5, 0xD5, 0xBD, 0x95, 0xBD, 0x94, 0xBD, 0xF6, 0xC5, 0xD6,
    0xBD, 0x94, 0xBD, 0xB5, 0xBD, 0xD5, 0xBD, 0xD6, 0xBD, 0x81, 0xF6, 0xC5, 0x01, 0xB5, 0xBD, 0xD6,
    0xC5, 0x82, 0xB5, 0xBD, 0x00, 0xD5, 0xBD, 0x83, 0xB5, 0xBD, 0x00, 0xD5, 0xBD, 0x81, 0xF6, 0xC5,
    0x01, 0xD6, 0xBD, 0xB5, 0xBD, 0x81, 0xD5, 0xBD, 0x81, 0xB5, 0xBD, 0x81, 0xD6, 0xBD, 0x02, 0x94,
    0xBD, 0xB5, 0xBD, 0xD5, 0xBD, 0x82, 0xF6, 0xC5, 0x01, 0xB5, 0xBD, 0xD6, 0xBD, 0x81, 0xF6, 0xC5,
    0x01, 0xB5, 0xBD, 0xD6, 0xBD, 0x82, 0xB5, 0xBD, 0x00, 0xD5, 0xBD, 0x81, 0xB5, 0xBD, 0x02, 0x95,
    0xBD, 0xB5, 0xBD, 0xD5, 0xBD, 0x81, 0xF6, 0xC5, 0x05, 0xF6, 0xBD, 0xB5, 0xBD, 0xD6, 0xBD, 0xD5,
    0xBD, 0x95, 0xBD, 0x94, 0xBD, 0x81, 0xD6, 0xBD, 0x03, 0x94, 0xBD, 0xB5, 0xBD, 0xD5, 0xBD, 0xD6,
    0xC5, 0x81, 0xF6, 0xC5, 0x01, 0xB5, 0xBD, 0xF6, 0xC5, 0x82, 0xB5, 0xBD, 0x05, 0xF6, 0xC5, 0xB5,
    0xBD, 0x95, 0xBD, 0xB5, 0xBD, 0xD5, 0xBD, 0xD6, 0xBD, 0x81, 0xF6, 0xC5, 0x81, 0xD5, 0xBD, 0x02,
    0xB5, 0xBD, 0xD5, 0xBD, 0xB5, 0xBD, 0x81, 0xD5, 0xBD, 0x03, 0xD6, 0xBD, 0x94, 0xBD, 0xB5, 0xBD,
    0xD5, 0xBD, 0x82, 0xF6, 0xC5, 0x04, 0xB5, 0xBD, 0xD6, 0xBD, 0xD5, 0xBD, 0x95, 0xBD, 0x94, 0xB5,
    0x81, 0xD6, 0xBD, 0x03, 0x94, 0xBD, 0xB5, 0xBD, 0xD5, 0xBD, 0xD6, 0xC5, 0x81, 0xF6, 0xC5, 0x01,
    0xB5, 0xBD, 0xF6, 0xC5, 0x81, 0xB5, 0xBD, 0x06, 0x53, 0xB5, 0x4F, 0x94, 0x2F, 0x8C, 0x8C, 0xCB,
    0xE6, 0x91, 0x6D, 0x7B, 0x6C, 0x83, 0x81, 0x2F, 0x8C, 0x03, 0x94, 0xBD, 0xD6, 0xC5, 0xF6, 0xC5,
    0xD5, 0xBD, 0x83, 0xB5, 0xBD, 0x0F, 0xD5, 0xBD, 0xB5, 0xBD, 0x94, 0xBD, 0xB5, 0xBD, 0xB6, 0xBD,
    0xF6, 0xC5, 0xD6, 0xC5, 0xF6, 0xC5, 0xD5, 0xBD, 0xB5, 0xBD, 0xD5, 0xBD, 0xB5, 0xBD, 0xD5, 0xBD,
    0xB5, 0xBD, 0xD5, 0xBD, 0x94, 0xB5, 0x81, 0xB5, 0xBD, 0x04, 0xD6, 0xC5, 0xB5, 0xBD, 0xD6, 0xC5,
    0xF6, 0xC5, 0xD5, 0xBD, 0x81, 0xB5, 0xBD, 0x02, 0xD5, 0xBD, 0xB5, 0xBD, 0xD5, 0xBD, 0x82, 0xB5,
    0xBD, 0x00, 0xD5, 0xBD, 0x81, 0xD6, 0xC5, 0x0C, 0xF6, 0xC5, 0xD5, 0xBD, 0xB5, 0xBD, 0xD6, 0xC5,
    0xF6, 0xC5, 0xD5, 0xBD, 0xB5, 0xBD, 0xD5, 0xBD, 0xB5, 0xBD, 0xD5, 0xBD, 0xB5, 0xBD, 0xD5, 0xBD,
    0x94, 0xB5, 0x81, 0xB5, 0xBD, 0x04, 0xD6, 0xC5, 0xB5, 0xBD, 0xD5, 0xC5, 0xF6, 0xC5, 0xD5, 0xBD,
    0x81, 0xB5, 0xBD, 0x02, 0xD5, 0xBD, 0xB5, 0xBD, 0xD5, 0xBD, 0x83, 0xB5, 0xBD, 0x04, 0xF6, 0xC5,
    0xD6, 0xC5, 0xF6, 0xC5, 0xD5, 0xBD, 0x95, 0xBD, 0x84, 0xB5, 0xBD, 0x0D, 0x94, 0xB5, 0xB5, 0xBD,
    0xB6, 0xBD, 0xF6, 0xC5, 0xD5, 0xBD, 0xF6, 0xC5, 0xD6, 0xC5, 0xB5, 0xBD, 0xD5, 0xBD, 0xB5, 0xBD,
    0xD5, 0xBD, 0xB5, 0xBD, 0xD5, 0xBD, 0x94, 0xB5, 0x81, 0xB5, 0xBD, 0x04, 0xD5, 0xBD, 0xB5, 0xBD,
    0xD5, 0xC5, 0xF6, 0xC5, 0xD5, 0xBD, 0x81, 0xB5, 0xBD, 0x0C, 0xD5, 0xBD, 0xB5, 0xBD, 0xD5, 0xBD,
    0xB5, 0xBD, 0x95, 0xBD, 0xB5, 0xBD, 0xB6, 0xBD, 0xF6, 0xC5, 0xD6, 0xC5, 0xF6, 0xC5, 0xD5, 0xBD,
    0xB5, 0xBD, 0xD5, 0xBD, 0x81, 0xB5, 0xBD, 0x04, 0x53, 0xB5, 0x0E, 0x8C, 0xCD, 0x83, 0x6C, 0xCB,
    0xE6, 0x89, 0x81, 0x6D, 0x83, 0x01, 0x0E, 0x8C, 0x2E, 0x8C, 0x81, 0xB5, 0xBD, 0x07, 0xF6, 0xC5,
    0xB5, 0xBD, 0xD5, 0xBD, 0xB4, 0xBD, 0xB5, 0xBD, 0x94, 0xB5, 0xB5, 0xBD, 0x94, 0xB5, 0x81, 0xB5,
    0xBD, 0x05, 0xF6, 0xC5, 0xD5, 0xC5, 0xD6, 0xC5, 0xD5, 0xBD, 0xB5, 0xBD, 0xD5, 0xBD, 0x81, 0xB5,
    0xBD, 0x02, 0x94, 0xB5, 0xB5, 0xBD, 0x94, 0xB5, 0x81, 0xB5, 0xBD, 0x05, 0xD5, 0xBD, 0xB5, 0xBD,
    0xF6, 0xC5, 0xB5, 0xBD, 0xF6, 0xC5, 0xD5, 0xBD, 0x81, 0xB5, 0xBD, 0x00, 0x94, 0xBD, 0x81, 0xB5,
    0xBD, 0x0C, 0x94, 0xB5, 0x95, 0xBD, 0xB5, 0xBD, 0xD5, 0xBD, 0xF6, 0xC5, 0xB5, 0xBD, 0xF6, 0xC5,
    0x95, 0xBD, 0xD5, 0xBD, 0xF6, 0xC5, 0xD5, 0xBD, 0xB5, 0xBD, 0xD5, 0xBD, 0x81, 0xB5, 0xBD, 0x02,
    0x94, 0xB5, 0xB5, 0xBD, 0x94, 0xB5, 0x81, 0xB5, 0xBD, 0x04, 0xD5, 0xBD, 0xB5, 0xBD, 0xF6, 0xC5,
    0xB5, 0xBD, 0xF6, 0xC5, 0x83, 0xB5, 0xBD, 0x0A, 0x94, 0xBD, 0xB5, 0xBD, 0x94, 0xB5, 0x95, 0xBD,
    0xB5, 0xBD, 0xD5, 0xBD, 0xD5, 0xC5, 0xD5, 0xBD, 0xD6, 0xC5, 0x95, 0xBD, 0xD5, 0xBD, 0x81, 0xB5,
    0xBD, 0x02, 0x94, 0xB5, 0xB5, 0xBD, 0x94, 0xB5, 0x81, 0xB5, 0xBD, 0x05, 0xF6, 0xC5, 0xB5, 0xBD,
    0xF6, 0xC5, 0xB5, 0xBD, 0xD6, 0xBD, 0xD5, 0xBD, 0x81, 0xB5, 0xBD, 0x02, 0x94, 0xB5, 0xB5, 0xBD,
    0x94, 0xBD, 0x83, 0xB5, 0xBD, 0x02, 0xF6, 0xC5, 0xB5, 0xBD, 0xF6, 0xC5, 0x83, 0xB5, 0xBD, 0x02,
    0x94, 0xBD, 0xB5, 0xBD, 0x94, 0xB5, 0x81, 0xB5, 0xBD, 0x05, 0xD6, 0xC5, 0xD5, 0xC5, 0xD5, 0xBD,
    0xD6, 0xC5, 0x95, 0xBD, 0xD5, 0xBD, 0x81, 0xB5, 0xBD, 0x07, 0x94, 0xB5, 0x73, 0xB5, 0xED, 0x83,
    0x0E, 0x8C, 0x6C, 0xD3, 0xE6, 0x89, 0x6D, 0x9B, 0x6D, 0x93, 0x81, 0x0E, 0x8C, 0x05, 0x74, 0xB5,
    0xD6, 0xBD, 0xB5, 0xBD, 0x74, 0xB5, 0xB5, 0xBD, 0xB5, 0xB5, 0x83, 0xB5, 0xBD, 0x02, 0x95, 0xBD,
    0x95, 0xB5, 0xD5, 0xBD, 0x82, 0xB5, 0xBD, 0x02, 0x95, 0xB5, 0x94, 0xBD, 0x95, 0xB5, 0x81, 0xB5,
    0xBD, 0x09, 0x94, 0xBD, 0xD5, 0xBD, 0xB5, 0xBD, 0x95, 0xB5, 0xD5, 0xBD, 0x95, 0xBD, 0xB5, 0xBD,
    0xD6, 0xBD, 0xD5, 0xBD, 0x74, 0xB5, 0x83, 0xB5, 0xBD, 0x01, 0xD5, 0xBD, 0xB5, 0xBD, 0x81, 0x95,
    0xBD, 0x81, 0xB5, 0xBD, 0x02, 0xB6, 0xBD, 0xB5, 0xBD, 0x74, 0xB5, 0x83, 0xB5, 0xBD, 0x01, 0x94,
    0xBD, 0x95, 0xB5, 0x81, 0xB5, 0xBD, 0x09, 0x94, 0xBD, 0xD5, 0xBD, 0xB5, 0xBD, 0x95, 0xBD, 0xB5,
    0xBD, 0x95, 0xBD, 0xB5, 0xBD, 0xD6, 0xBD, 0xD5, 0xBD, 0x74, 0xB5, 0x83, 0xB5, 0xBD, 0x03, 0xD5,
    0xBD, 0xB5, 0xBD, 0x95, 0xBD, 0x95, 0xB5, 0x83, 0xB5, 0xBD, 0x02, 0x74, 0xB5, 0xB5, 0xBD, 0x95,
    0xB5, 0x81, 0xB5, 0xBD, 0x00, 0x94, 0xBD, 0x81, 0xB5, 0xBD, 0x02, 0x74, 0xB5, 0xD5, 0xBD, 0x95,
    0xBD, 0x82, 0xB5, 0xBD, 0x00, 0x74, 0xB5, 0x82, 0xB5, 0xBD, 0x09, 0x94, 0xBD, 0xD5, 0xBD, 0xB5,
    0xBD, 0x95, 0xBD, 0xB5, 0xBD, 0x95, 0xBD, 0xB5, 0xBD, 0xD6, 0xBD, 0xB5, 0xBD, 0x74, 0xB5, 0x85,
    0xB5, 0xBD, 0x02, 0x95, 0xBD, 0x95, 0xB5, 0xD5, 0xBD, 0x81, 0xB5, 0xBD, 0x03, 0x95, 0xBD, 0x95,
    0xB5, 0xB5, 0xBD, 0x95, 0xB5, 0x81, 0xB5, 0xBD, 0x10, 0x33, 0xAD, 0x2F, 0x8C, 0x0E, 0x8C, 0x8C,
    0xDB, 0xE6, 0x91, 0x8C, 0xD3, 0x6C, 0xBB, 0xCD, 0x83, 0x0E, 0x84, 0x94, 0xB5, 0x95, 0xBD, 0xB5,
    0xBD, 0xD5, 0xBD, 0x95, 0xBD, 0xB5, 0xBD, 0x74, 0xB5, 0x94, 0xB5, 0x82, 0xB5, 0xBD, 0x05, 0x95,
    0xB5, 0xB5, 0xBD, 0xD5, 0xBD, 0x54, 0xAD, 0xB5, 0xBD, 0xD5, 0xBD, 0x81, 0xB5, 0xBD, 0x01, 0x94,
    0xBD, 0x53, 0xAD, 0x81, 0x94, 0xBD, 0x81, 0xB5, 0xBD, 0x03, 0x94, 0xBD, 0xB5, 0xBD, 0x95, 0xBD,
    0xD6, 0xBD, 0x81, 0xD5, 0xBD, 0x03, 0x95, 0xB5, 0x95, 0xBD, 0x54, 0xB5, 0x94, 0xBD, 0x82, 0xB5,
    0xBD, 0x07, 0x74, 0xB5, 0xB5, 0xBD, 0xD5, 0xBD, 0x94, 0xB5, 0xB5, 0xBD, 0xD5, 0xBD, 0x95, 0xBD,
    0x54, 0xB5, 0x81, 0xD5, 0xBD, 0x03, 0xB5, 0xBD, 0x95, 0xB5, 0x94, 0xBD, 0x53, 0xAD, 0x81, 0x94,
    0xBD, 0x81, 0xB5, 0xBD, 0x00, 0x94, 0xBD, 0x81, 0xB5, 0xBD, 0x00, 0xD6, 0xBD, 0x81, 0xD5, 0xBD,
    0x03, 0x95, 0xB5, 0xB5, 0xBD, 0x74, 0xB5, 0x94, 0xBD, 0x82, 0xB5, 0xBD, 0x0D, 0x74, 0xB5, 0xB5,
    0xBD, 0xD5, 0xBD, 0x74, 0xB5, 0xB5, 0xBD, 0xD5, 0xBD, 0x95, 0xBD, 0xB5, 0xBD, 0x94, 0xB5, 0x74,
    0xB5, 0xB5, 0xBD, 0x94, 0xBD, 0xB5, 0xBD, 0x95, 0xB5, 0x81, 0xB5, 0xBD, 0x07, 0x74, 0xB5, 0xD6,
    0xBD, 0xD5, 0xBD, 0xB5, 0xBD, 0x95, 0xB5, 0x94, 0xBD, 0x53, 0xAD, 0x94, 0xBD, 0x82, 0xB5, 0xBD,
    0x00, 0x74, 0xB5, 0x81, 0xB5, 0xBD, 0x82, 0xD5, 0xBD, 0x03, 0x95, 0xB5, 0xB5, 0xBD, 0x74, 0xB5,
    0x94, 0xBD, 0x82, 0xB5, 0xBD, 0x05, 0x94, 0xB5, 0xB5, 0xBD, 0xD5, 0xBD, 0x54, 0xB5, 0xB5, 0xBD,
    0xD5, 0xBD, 0x81, 0xB5, 0xBD, 0x0B, 0x94, 0xBD, 0x54, 0xB5, 0x53, 0xAD, 0xED, 0x8B, 0x0E, 0x8C,
    0x6C, 0xC3, 0xE6, 0x91, 0x8C, 0xC3, 0x6C, 0xA3, 0x0E, 0x8C, 0x2E, 0x8C, 0x53, 0xB5, 0x81, 0xB5,
    0xBD, 0x02, 0x94, 0xB5, 0xD5, 0xBD, 0x94, 0xB5, 0x82, 0xB5, 0xBD, 0x03, 0x95, 0xB5, 0x95, 0xBD,
    0xB5, 0xBD, 0x74, 0xB5, 0x81, 0xB5, 0xBD, 0x04, 0xD6, 0xBD, 0xB5, 0xBD, 0x94, 0xB5, 0x95, 0xBD,
    0xD5, 0xBD, 0x81, 0xB5, 0xBD, 0x08, 0x74, 0xB5, 0xB5, 0xBD, 0x95, 0xBD, 0x94, 0xB5, 0xD5, 0xBD,
    0x94, 0xBD, 0xB5, 0xBD, 0x94, 0xB5, 0x53, 0xAD, 0x85, 0xB5, 0xBD, 0x00, 0x94, 0xBD, 0x84, 0xB5,
    0xBD, 0x00, 0x95, 0xBD, 0x81, 0xB5, 0xBD, 0x0F, 0xD6, 0xBD, 0xB5, 0xBD, 0x74, 0xB5, 0xB5, 0xBD,
    0xD5, 0xBD, 0xB5, 0xBD, 0x95, 0xBD, 0x74, 0xB5, 0xB5, 0xBD, 0x94, 0xBD, 0x95, 0xB5, 0xD5, 0xBD,
    0x94, 0xBD, 0xB5, 0xB5, 0x94, 0xB5, 0x54, 0xB5, 0x85, 0xB5, 0xBD, 0x00, 0x94, 0xBD, 0x83, 0xB5,
    0xBD, 0x03, 0xD5, 0xBD, 0xB5, 0xBD, 0xB4, 0xBD, 0x94, 0xB5, 0x82, 0xB5, 0xBD, 0x00, 0x74, 0xB5,
    0x81, 0x95, 0xBD, 0x01, 0x74, 0xB5, 0xD5, 0xBD, 0x81, 0xB5, 0xBD, 0x0B, 0x95, 0xB5, 0x53, 0xB5,
    0xB5, 0xBD, 0xD5, 0xBD, 0xB5, 0xBD, 0x95, 0xBD, 0x94, 0xB5, 0xB5, 0xBD, 0x94, 0xBD, 0xB5, 0xBD,
    0xD5, 0xBD, 0x94, 0xBD, 0x81, 0xB5, 0xB5, 0x01, 0x74, 0xB5, 0xD5, 0xBD, 0x84, 0xB5, 0xBD, 0x02,
    0x95, 0xBD, 0xB5, 0xBD, 0x94, 0xB5, 0x81, 0xB5, 0xBD, 0x12, 0xD6, 0xBD, 0xB5, 0xBD, 0xB4, 0xBD,
    0x94, 0xB5, 0xD5, 0xBD, 0xB5, 0xBD, 0x53, 0xAD, 0xCD, 0x7B, 0xEE, 0x83, 0x6C, 0xA3, 0xE6, 0x81,
    0x8C, 0xF3, 0x6C, 0xCB, 0x2F, 0x8C, 0x0E, 0x84, 0x74, 0xB5, 0xD5, 0xBD, 0xB5, 0xBD, 0x95, 0xBD,
    0x81, 0x94, 0xB5, 0x03, 0x94, 0xBD, 0x94, 0xB5, 0x53, 0xB5, 0xB5, 0xB5, 0x81, 0xB5, 0xBD, 0x01,
    0x74, 0xB5, 0x94, 0xB5, 0x82, 0xB5, 0xBD, 0x09, 0x94, 0xB5, 0xB5, 0xBD, 0x74, 0xB5, 0xB5, 0xBD,
    0x53, 0xAD, 0x94, 0xB5, 0x95, 0xB5, 0xB5, 0xBD, 0x95, 0xBD, 0xB5, 0xBD, 0x81, 0xD5, 0xBD, 0x04,
    0xB5, 0xBD, 0x95, 0xBD, 0xB5, 0xBD, 0x74, 0xB5, 0xB5, 0xBD, 0x81, 0x74, 0xB5, 0x00, 0xB5, 0xBD,
    0x81, 0xD6, 0xBD, 0x83, 0xB5, 0xBD, 0x01, 0x94, 0xBD, 0x94, 0xB5, 0x82, 0xB5, 0xBD, 0x07, 0x94,
    0xB5, 0xB5, 0xBD, 0x74, 0xB5, 0xB5, 0xBD, 0x54, 0xAD, 0x94, 0xB5, 0x95, 0xB5, 0xD5, 0xBD, 0x81,
    0xB5, 0xBD, 0x81, 0xD5, 0xBD, 0x18, 0xB5, 0xBD, 0x95, 0xBD, 0xB5, 0xBD, 0x94, 0xB5, 0xB5, 0xBD,
    0x94, 0xB5, 0x73, 0xB5, 0xB5, 0xB5, 0xD5, 0xBD, 0xD6, 0xBD, 0x94, 0xB5, 0xB4, 0xBD, 0xB5, 0xBD,
    0x95, 0xBD, 0x94, 0xBD, 0x94, 0xB5, 0x95, 0xBD, 0x94, 0xB5, 0xB5, 0xBD, 0x53, 0xAD, 0xB5, 0xB5,
    0x95, 0xBD, 0xB5, 0xBD, 0x74, 0xB5, 0x94, 0xB5, 0x82, 0xB5, 0xBD, 0x07, 0x94, 0xB5, 0xB5, 0xBD,
    0x74, 0xB5, 0xB5, 0xBD, 0x54, 0xAD, 0x94, 0xB5, 0x95, 0xB5, 0xD5, 0xBD, 0x81, 0xB5, 0xBD, 0x81,
    0xD5, 0xBD, 0x09, 0xB5, 0xBD, 0x95, 0xBD, 0xB5, 0xBD, 0x94, 0xB5, 0xB5, 0xBD, 0x94, 0xB5, 0x73,
    0xB5, 0xB5, 0xB5, 0xD5, 0xBD, 0xB5, 0xBD, 0x81, 0x94, 0xB5, 0x81, 0xB5, 0xBD, 0x0B, 0x94, 0xBD,
    0x94, 0xB5, 0xB5, 0xBD, 0x94, 0xB5, 0xB5, 0xBD, 0xF2, 0xA4, 0xED, 0x83, 0xEE, 0x83, 0x8C, 0xBB,
    0xE6, 0x71, 0x8C, 0xF3, 0x8C, 0xCB, 0x81, 0x4F, 0x94, 0x02, 0x95, 0xB5, 0x74, 0xB5, 0x94, 0xB5,
    0x82, 0xB5, 0xBD, 0x04, 0x95, 0xBD, 0x94, 0xB5, 0xB5, 0xBD, 0x95, 0xBD, 0xD5, 0xBD, 0x81, 0xB5,
    0xBD, 0x03, 0xD5, 0xBD, 0x33, 0xAD, 0xB5, 0xBD, 0x94, 0xB5, 0x81, 0xB5, 0xBD, 0x01, 0x94, 0xB5,
    0xB5, 0xBD, 0x81, 0x94, 0xB5, 0x07, 0xD5, 0xC5, 0x95, 0xBD, 0xB5, 0xBD, 0xD5, 0xBD, 0x95, 0xB5,
    0xB5, 0xBD, 0x74, 0xB5, 0xB5, 0xBD, 0x81, 0x94, 0xB5, 0x01, 0xB5, 0xBD, 0x94, 0xB5, 0x82, 0xB5,
    0xBD, 0x81, 0xD5, 0xBD, 0x02, 0xD6, 0xBD, 0x54, 0xB5, 0x95, 0xB5, 0x81, 0xB5, 0xBD, 0x06, 0x53,
    0xB5, 0xB5, 0xBD, 0x94, 0xB5, 0xB5, 0xBD, 0x94, 0xBD, 0x74, 0xB5, 0xB5, 0xBD, 0x81, 0x94, 0xB5,
    0x03, 0xD5, 0xBD, 0x95, 0xBD, 0xB5, 0xBD, 0xD5, 0xBD, 0x81, 0xB5, 0xBD, 0x05, 0x74, 0xB5, 0xB5,
    0xBD, 0x94, 0xBD, 0x95, 0xBD, 0xB5, 0xBD, 0x94, 0xB5, 0x83, 0xB5, 0xBD, 0x03, 0xD5, 0xBD, 0xD6,
    0xBD, 0x53, 0xB5, 0xB5, 0xB5, 0x82, 0xB5, 0xBD, 0x12, 0x94, 0xBD, 0x95, 0xB5, 0xB4, 0xB5, 0x95,
    0xB5, 0xD6, 0xC5, 0x95, 0xBD, 0xB5, 0xBD, 0xD5, 0xBD, 0x54, 0xB5, 0xB5, 0xBD, 0x94, 0xB5, 0xB5,
    0xBD, 0x94, 0xB5, 0x74, 0xB5, 0xB5, 0xBD, 0x94, 0xB5, 0x94, 0xBD, 0xD5, 0xBD, 0xB5, 0xBD, 0x81,
    0xD5, 0xBD, 0x04, 0xB5, 0xBD, 0x95, 0xBD, 0x94, 0xB5, 0xB5, 0xBD, 0x94, 0xBD, 0x81, 0xB5, 0xBD,
    0x00, 0x94, 0xB5, 0x84, 0xB5, 0xBD, 0x03, 0xD5, 0xBD, 0x33, 0xB5, 0xB5, 0xBD, 0x95, 0xBD, 0x81,
    0xB5, 0xBD, 0x0F, 0x94, 0xB5, 0xB5, 0xBD, 0x53, 0xAD, 0xED, 0x83, 0x4F, 0x94, 0x8C, 0xA3, 0xE6,
    0x79, 0x8C, 0xEB, 0x8C, 0xCB, 0x4F, 0x94, 0x0E, 0x84, 0x95, 0xBD, 0x95, 0xB5, 0xD5, 0xBD, 0xB5,
    0xBD, 0x94, 0xB5, 0x85, 0xB5, 0xBD, 0x00, 0xF6, 0xBD, 0x81, 0xD5, 0xBD, 0x01, 0xB5, 0xBD, 0xD5,
    0xBD, 0x81, 0xB5, 0xBD, 0x01, 0x95, 0xBD, 0x95, 0xB5, 0x83, 0xB5, 0xBD, 0x04, 0xF6, 0xBD, 0xD6,
    0xBD, 0xB5, 0xBD, 0xD6, 0xBD, 0x94, 0xB5, 0x81, 0xB5, 0xBD, 0x00, 0x74, 0xB5, 0x84, 0xB5, 0xBD,
    0x81, 0xD6, 0xBD, 0x07, 0xB5, 0xBD, 0xD6, 0xBD, 0x95, 0xB5, 0xD5, 0xBD, 0xB5, 0xBD, 0x94, 0xB5,
    0xB5, 0xBD, 0xD5, 0xBD, 0x81, 0xB5, 0xBD, 0x01, 0x94, 0xBD, 0x95, 0xB5, 0x83, 0xB5, 0xBD, 0x81,
    0xD6, 0xBD, 0x02, 0xB5, 0xBD, 0xD6, 0xBD, 0x94, 0xB5, 0x81, 0xB5, 0xBD, 0x00, 0x74, 0xB5, 0x84,
    0xB5, 0xBD, 0x81, 0xD6, 0xBD, 0x05, 0xB5, 0xBD, 0xD6, 0xBD, 0x95, 0xBD, 0xD5, 0xBD, 0xB5, 0xBD,
    0x94, 0xB5, 0x85, 0xB5, 0xBD, 0x01, 0xF6, 0xBD, 0xD5, 0xBD, 0x84, 0xB5, 0xBD, 0x01, 0x94, 0xB5,
    0x95, 0xB5, 0x83, 0xB5, 0xBD, 0x81, 0xD6, 0xBD, 0x02, 0xB5, 0xBD, 0xD6, 0xBD, 0x94, 0xB5, 0x81,
    0xB5, 0xBD, 0x00, 0x74, 0xB5, 0x84, 0xB5, 0xBD, 0x07, 0xD5, 0xBD, 0xD6, 0xBD, 0xB5, 0xBD, 0xD5,
    0xBD, 0xB5, 0xBD, 0xD5, 0xBD, 0xB5, 0xBD, 0x94, 0xB5, 0x82, 0xB5, 0xBD, 0x00, 0x53, 0xB5, 0x81,
    0x0E, 0x8C, 0x06, 0x8C, 0xC3, 0xE6, 0x71, 0x8C, 0xDB, 0x6C, 0xA3, 0x4F, 0x94, 0x2E, 0x8C, 0xB5,
    0xBD, 0x82, 0xD5, 0xBD, 0x09, 0x95, 0xBD, 0xB5, 0xBD, 0x94, 0xB5, 0x95, 0xBD, 0xD5, 0xBD, 0xB5,
    0xB5, 0x94, 0xBD, 0x95, 0xBD, 0xB5, 0xBD, 0xF6, 0xC5, 0x81, 0xD6, 0xBD, 0x00, 0xD5, 0xBD, 0x81,
    0xB5, 0xBD, 0x05, 0x95, 0xBD, 0xB5, 0xBD, 0xD5, 0xBD, 0xB5, 0xBD, 0x94, 0xBD, 0x94, 0xB5, 0x81,
    0xD6, 0xBD, 0x03, 0xD6, 0xC5, 0xD5, 0xBD, 0xB5, 0xBD, 0xD5, 0xBD, 0x84, 0xB5, 0xBD, 0x81, 0x95,
    0xB5, 0x02, 0xD5, 0xBD, 0xB5, 0xBD, 0xF6, 0xC5, 0x82, 0xD5, 0xBD, 0x00, 0x95, 0xBD, 0x81, 0xD6,
    0xBD, 0x00, 0xD5, 0xBD, 0x85, 0xB5, 0xBD, 0x0C, 0x94, 0xBD, 0x95, 0xB5, 0xD6, 0xBD, 0xD5, 0xBD,
    0xD6, 0xC5, 0xD5, 0xBD, 0xB5, 0xBD, 0xD5, 0xBD, 0x95, 0xBD, 0xB5, 0xBD, 0x95, 0xB5, 0x95, 0xBD,
    0xD5, 0xBD, 0x81, 0x95, 0xB5, 0x05, 0xD5, 0xBD, 0xB5, 0xBD, 0xF6, 0xC5, 0xD5, 0xBD, 0xD6, 0xBD,
    0xD5, 0xBD, 0x81, 0xB5, 0xBD, 0x07, 0x94, 0xB5, 0xB5, 0xBD, 0xD5, 0xBD, 0xB5, 0xBD, 0x94, 0xBD,
    0x94, 0xB5, 0xB6, 0xBD, 0xF6, 0xC5, 0x81, 0xD6, 0xBD, 0x86, 0xB5, 0xBD, 0x04, 0x94, 0xB5, 0x95,
    0xB5, 0xD6, 0xBD, 0xD5, 0xBD, 0xF6, 0xC5, 0x82, 0xD5, 0xBD, 0x04, 0x95, 0xBD, 0xB5, 0xBD, 0x94,
    0xB5, 0x95, 0xBD, 0xD5, 0xBD, 0x81, 0x95, 0xB5, 0x81, 0xB5, 0xBD, 0x03, 0xF6, 0xC5, 0xD5, 0xBD,
    0xD6, 0xBD, 0xD5, 0xBD, 0x81, 0xB5, 0xBD, 0x13, 0x94, 0xB5, 0xB5, 0xBD, 0x74, 0xB5, 0xEE, 0x83,
    0xED, 0x83, 0x6C, 0xC3, 0xE6, 0x79, 0x6D, 0xB3, 0x6C, 0xB3, 0x0E, 0x8C, 0xEE, 0x83, 0x74, 0xB5,
    0xF6, 0xC5, 0x95, 0xBD, 0xD5, 0xBD, 0xB5, 0xBD, 0xD5, 0xC5, 0xD5, 0xBD, 0xB5, 0xBD, 0xD6, 0xBD,
    0x81, 0xD5, 0xBD, 0x03, 0xB5, 0xBD, 0xD6, 0xBD, 0xB5, 0xBD, 0xD6, 0xBD, 0x81, 0xB5, 0xBD, 0x00,
    0xD5, 0xBD, 0x82, 0xB5, 0xBD, 0x81, 0xD5, 0xBD, 0x81, 0xB5, 0xBD, 0x04, 0xD5, 0xBD, 0x95, 0xBD,
    0xB5, 0xBD, 0xD6, 0xBD, 0x95, 0xBD, 0x81, 0xB5, 0xBD, 0x81, 0xD5, 0xBD, 0x00, 0xB5, 0xBD, 0x81,
    0xD5, 0xBD, 0x00, 0xD6, 0xC5, 0x82, 0xB5, 0xBD, 0x01, 0xF6, 0xC5, 0x95, 0xBD, 0x81, 0xD5, 0xBD,
    0x00, 0xD6, 0xBD, 0x85, 0xB5, 0xBD, 0x84, 0xD5, 0xBD, 0x03, 0x95, 0xBD, 0xB5, 0xBD, 0xD6, 0xC5,
    0x95, 0xBD, 0x81, 0xB5, 0xBD, 0x81, 0xD5, 0xBD, 0x00, 0xB5, 0xBD, 0x81, 0xD5, 0xBD, 0x00, 0xD6,
    0xC5, 0x82, 0xB5, 0xBD, 0x01, 0xF6, 0xC5, 0xB5, 0xBD, 0x83, 0xD5, 0xBD, 0x01, 0xB5, 0xBD, 0xD6,
    0xBD, 0x81, 0xD5, 0xBD, 0x02, 0xB5, 0xBD, 0xF6, 0xBD, 0x95, 0xBD, 0x81, 0xD5, 0xBD, 0x85, 0xB5,
    0xBD, 0x81, 0xD5, 0xBD, 0x05, 0xD6, 0xBD, 0xB5, 0xBD, 0x95, 0xBD, 0xB5, 0xBD, 0xF6, 0xC5, 0x95,
    0xBD, 0x81, 0xB5, 0xBD, 0x81, 0xD5, 0xBD, 0x00, 0xB5, 0xBD, 0x81, 0xD5, 0xBD, 0x05, 0xD6, 0xC5,
    0xB5, 0xBD, 0xD5, 0xBD, 0xB5, 0xBD, 0xD6, 0xC5, 0xB5, 0xBD, 0x82, 0xD5, 0xBD, 0x81, 0xB5, 0xBD,
    0x00, 0x74, 0xB5, 0x81, 0x2F, 0x8C, 0x03, 0x8C, 0xBB, 0xE6, 0x79, 0x8C, 0xC3, 0x6C, 0x9B, 0x81,
    0x4F, 0x94, 0x00, 0x74, 0xAD, 0x82, 0xD6, 0xBD, 0x00, 0xD5, 0xBD, 0x83, 0xB5, 0xBD, 0x00, 0x95,
    0xB5, 0x81, 0xD5, 0xBD, 0x09, 0xD6, 0xC5, 0x95, 0xBD, 0xB5, 0xBD, 0xD6, 0xBD, 0xD6, 0xC5, 0xD5,
    0xBD, 0xD6, 0xBD, 0xD5, 0xC5, 0xB5, 0xBD, 0xD5, 0xBD, 0x82, 0xB5, 0xBD, 0x07, 0xD6, 0xC5, 0xD5,
    0xBD, 0xB5, 0xBD, 0xF6, 0xC5, 0xD6, 0xBD, 0xD5, 0xBD, 0xF6, 0xC5, 0xD5, 0xBD, 0x82, 0xB5, 0xBD,
    0x04, 0x74, 0xB5, 0xB5, 0xBD, 0xD5, 0xC5, 0xD6, 0xC5, 0x95, 0xB5, 0x81, 0xD6, 0xBD, 0x02, 0xD6,
    0xC5, 0xD5, 0xBD, 0xB5, 0xBD, 0x81, 0xD6, 0xBD, 0x04, 0xD5, 0xBD, 0xF6, 0xBD, 0xD5, 0xC5, 0xB5,
    0xBD, 0xD5, 0xBD, 0x82, 0xB5, 0xBD, 0x03, 0xD6, 0xC5, 0xD5, 0xBD, 0xB5, 0xB5, 0xF6, 0xC5, 0x81,
    0xD6, 0xBD, 0x01, 0xF6, 0xBD, 0xD5, 0xBD, 0x82, 0xB5, 0xBD, 0x07, 0x74, 0xB5, 0xB5, 0xBD, 0xD5,
    0xBD, 0xD6, 0xC5, 0x95, 0xB5, 0xB5, 0xBD, 0xD6, 0xBD, 0xD6, 0xC5, 0x82, 0xD5, 0xBD, 0x82, 0xB5,
    0xBD, 0x02, 0xD5, 0xBD, 0xB5, 0xBD, 0xD6, 0xC5, 0x81, 0xB5, 0xBD, 0x04, 0xF6, 0xBD, 0xD6, 0xBD,
    0xD5, 0xBD, 0xF6, 0xC5, 0xD5, 0xC5, 0x82, 0xB5, 0xBD, 0x05, 0x95, 0xB5, 0xB5, 0xBD, 0xD5, 0xC5,
    0xD6, 0xBD, 0xB5, 0xB5, 0xF6, 0xC5, 0x81, 0xD6, 0xBD, 0x01, 0xF6, 0xBD, 0xD5, 0xBD, 0x82, 0xB5,
    0xBD, 0x07, 0x74, 0xB5, 0xB5, 0xBD, 0xD5, 0xBD, 0xD6, 0xC5, 0x95, 0xBD, 0xB5, 0xBD, 0xD6, 0xBD,
    0xD6, 0xC5, 0x82, 0xD5, 0xBD, 0x12, 0xB5, 0xBD, 0x74, 0xB5, 0x0E, 0x8C, 0x2F, 0x8C, 0x6C, 0xB3,
    0xE6, 0x79, 0x8C, 0xBB, 0x6C, 0xAB, 0x90, 0x94, 0x4F, 0x94, 0xB5, 0xBD, 0xF6, 0xC5, 0xB5, 0xBD,
    0xD6, 0xBD, 0xB5, 0xBD, 0x94, 0xBD, 0xB5, 0xBD, 0x94, 0xB5, 0xD5, 0xBD, 0x81, 0xD6, 0xBD, 0x05,
    0xD5, 0xBD, 0xD6, 0xBD, 0xD5, 0xBD, 0xD6, 0xBD, 0x95, 0xB5, 0xF6, 0xC5, 0x81, 0x95, 0xBD, 0x82,
    0xB5, 0xBD, 0x81, 0xD6, 0xBD, 0x02, 0xB5, 0xBD, 0xF6, 0xC5, 0xD6, 0xBD, 0x81, 0xF6, 0xC5, 0x02,
    0xD6, 0xBD, 0xB5, 0xBD, 0x95, 0xBD, 0x81, 0xB5, 0xBD, 0x00, 0x74, 0xB5, 0x82, 0xD6, 0xBD, 0x09,
    0xF6, 0xC5, 0xD6, 0xBD, 0xF6, 0xC5, 0xF6, 0xBD, 0x95, 0xB5, 0xD6, 0xBD, 0xB5, 0xBD, 0xD6, 0xBD,
    0xB5, 0xBD, 0xF6, 0xC5, 0x81, 0x95, 0xBD, 0x81, 0xB5, 0xBD, 0x00, 0x95, 0xBD, 0x81, 0xD6, 0xBD,
    0x02, 0xD5, 0xBD, 0xF6, 0xC5, 0xD6, 0xC5, 0x81, 0xF6, 0xC5, 0x01, 0xD5, 0xBD, 0xB5, 0xBD, 0x81,
    0x95, 0xBD, 0x01, 0xB5, 0xBD, 0x74, 0xB5, 0x82, 0xD6, 0xBD, 0x0A, 0xF6, 0xC5, 0xD6, 0xBD, 0xD5,
    0xC5, 0xD6, 0xBD, 0x95, 0xB5, 0xD6, 0xBD, 0xB5, 0xBD, 0x94, 0xBD, 0xB5, 0xBD, 0x95, 0xB5, 0xB5,
    0xBD, 0x81, 0xD6, 0xBD, 0x07, 0xD5, 0xBD, 0xD6, 0xBD, 0xD5, 0xBD, 0xD6, 0xBD, 0xB5, 0xBD, 0xD6,
    0xC5, 0xB5, 0xBD, 0x95, 0xBD, 0x81, 0xB5, 0xBD, 0x00, 0x94, 0xB5, 0x81, 0xD6, 0xBD, 0x02, 0xD5,
    0xBD, 0xF6, 0xC5, 0xD6, 0xC5, 0x81, 0xF6, 0xC5, 0x81, 0xB5, 0xBD, 0x81, 0x95, 0xBD, 0x01, 0xB5,
    0xBD, 0x74, 0xB5, 0x84, 0xD6, 0xBD, 0x11, 0xD5, 0xC5, 0xD6, 0xBD, 0x95, 0xB5, 0xF6, 0xBD, 0xB5,
    0xBD, 0x94, 0xBD, 0xB5, 0xBD, 0x95, 0xB5, 0x53, 0xB5, 0x2F, 0x8C, 0x4F, 0x94, 0x8C, 0xB3, 0xE6,
    0x79, 0x8C, 0xCB, 0x8D, 0xB3, 0xB1, 0x9C, 0x90, 0x94, 0x94, 0xB5, 0x81, 0xD6, 0xC5, 0x03, 0xF6,
    0xC5, 0xD5, 0xBD, 0xB5, 0xBD, 0xD5, 0xBD, 0x81, 0xB5, 0xBD, 0x01, 0xF6, 0xC5, 0xD6, 0xC5, 0x81,
    0x16, 0xC6, 0x04, 0xD6, 0xBD, 0xB6, 0xBD, 0xF6, 0xC5, 0xD6, 0xC5, 0xF5, 0xC5, 0x81, 0xB5, 0xBD,
    0x00, 0xD5, 0xBD, 0x81, 0xF6, 0xC5, 0x00, 0xB5, 0xBD, 0x81, 0x16, 0xC6, 0x04, 0xF6, 0xC5, 0xB5,
    0xBD, 0xF6, 0xC5, 0xB5, 0xBD, 0xF6, 0xC5, 0x81, 0xB5, 0xBD, 0x81, 0xD5, 0xBD, 0x01, 0xB5, 0xBD,
    0xD5, 0xBD, 0x81, 0x17, 0xC6, 0x09, 0x16, 0xC6, 0xD5, 0xBD, 0xD6, 0xBD, 0xD6, 0xC5, 0xF6, 0xC5,
    0xD5, 0xBD, 0xB6, 0xBD, 0xF6, 0xC5, 0xD6, 0xC5, 0xF6, 0xC5, 0x81, 0xB5, 0xBD, 0x00, 0xD5, 0xBD,
    0x81, 0xF6, 0xC5, 0x00, 0xB5, 0xBD, 0x81, 0x17, 0xC6, 0x04, 0xF6, 0xC5, 0xB5, 0xBD, 0xF6, 0xC5,
    0xB5, 0xBD, 0xF6, 0xC5, 0x81, 0xB5, 0xBD, 0x81, 0xD5, 0xBD, 0x01, 0xB5, 0xBD, 0xD6, 0xBD, 0x81,
    0x17, 0xC6, 0x02, 0x16, 0xC6, 0xD5, 0xBD, 0xD6, 0xBD, 0x81, 0xF6, 0xC5, 0x01, 0xD5, 0xBD, 0xB5,
    0xBD, 0x82, 0xD5, 0xBD, 0x01, 0xF6, 0xC5, 0xD6, 0xBD, 0x81, 0x16, 0xC6, 0x04, 0xD6, 0xBD, 0xB5,
    0xBD, 0xF6, 0xC5, 0xD5, 0xC5, 0xF6, 0xC5, 0x81, 0xB5, 0xBD, 0x00, 0xD5, 0xBD, 0x81, 0xD6, 0xC5,
    0x00, 0xB5, 0xBD, 0x81, 0x17, 0xC6, 0x04, 0xF6, 0xC5, 0xD5, 0xBD, 0xF6, 0xC5, 0xD5, 0xBD, 0xF6,
    0xC5, 0x81, 0xB5, 0xBD, 0x04, 0xD5, 0xBD, 0xB5, 0xBD, 0x95, 0xBD, 0xD6, 0xBD, 0xF6, 0xC5, 0x81,
    0x16, 0xC6, 0x81, 0xD6, 0xBD, 0x81, 0xF6, 0xC5, 0x00, 0xD5, 0xC5, 0x81, 0xB5, 0xBD, 0x07, 0xD5,
    0xBD, 0x74, 0xB5, 0x6F, 0x94, 0x2F, 0x8C, 0x8D, 0xAB, 0xE6, 0x71, 0x8C, 0xC3, 0x6C, 0xAB, 0x81,
    0x0E, 0x8C, 0x00, 0x74, 0xB5, 0x81, 0xF6, 0xC5, 0x03, 0xD6, 0xBD, 0xD5, 0xBD, 0x95, 0xB5, 0xD5,
    0xBD, 0x81, 0xB5, 0xBD, 0x03, 0x95, 0xB5, 0xB5, 0xBD, 0x95, 0xBD, 0xB5, 0xBD, 0x81, 0xD6, 0xC5,
    0x01, 0xF6, 0xC5, 0xD6, 0xC5, 0x81, 0xB5, 0xBD, 0x04, 0xD5, 0xBD, 0xB5, 0xBD, 0x94, 0xB5, 0xB5,
    0xBD, 0x94, 0xBD, 0x83, 0xB5, 0xBD, 0x03, 0xF6, 0xC5, 0xD5, 0xBD, 0xB5, 0xBD, 0xD6, 0xBD, 0x81,
    0xB5, 0xBD, 0x02, 0x94, 0xBD, 0xD5, 0xBD, 0x94, 0xB5, 0x83, 0xB5, 0xBD, 0x81, 0xF6, 0xC5, 0x04,
    0xD6, 0xC5, 0xD5, 0xBD, 0xD6, 0xC5, 0x16, 0xC6, 0xD5, 0xBD, 0x81, 0xB5, 0xBD, 0x04, 0xD5, 0xBD,
    0xB5, 0xBD, 0x74, 0xB5, 0xB5, 0xBD, 0x94, 0xB5, 0x83, 0xB5, 0xBD, 0x00, 0xF6, 0xC5, 0x81, 0xD5,
    0xBD, 0x05, 0xD6, 0xBD, 0xB5, 0xBD, 0xD5, 0xBD, 0x94, 0xBD, 0xD5, 0xBD, 0x94, 0xB5, 0x82, 0xB5,
    0xBD, 0x00, 0xD5, 0xBD, 0x81, 0xF6, 0xC5, 0x06, 0xD6, 0xC5, 0xD5, 0xBD, 0x95, 0xB5, 0xD5, 0xBD,
    0xB5, 0xBD, 0x94, 0xBD, 0xB5, 0xBD, 0x81, 0x95, 0xBD, 0x04, 0xB5, 0xBD, 0xD6, 0xC5, 0xD5, 0xBD,
    0x16, 0xC6, 0xD5, 0xBD, 0x81, 0xB5, 0xBD, 0x04, 0xD5, 0xBD, 0xB5, 0xBD, 0x94, 0xB5, 0xB5, 0xBD,
    0x94, 0xB5, 0x83, 0xB5, 0xBD, 0x00, 0xF6, 0xC5, 0x82, 0xD5, 0xBD, 0x04, 0x95, 0xBD, 0xD5, 0xBD,
    0x95, 0xBD, 0xD5, 0xBD, 0x94, 0xB5, 0x82, 0xB5, 0xBD, 0x81, 0xD6, 0xC5, 0x0C, 0xF6, 0xC5, 0xD6,
    0xC5, 0xD5, 0xBD, 0x95, 0xB5, 0xD5, 0xBD, 0xB5, 0xBD, 0x33, 0xAD, 0x0E, 0x8C, 0xEE, 0x8B, 0x6C,
    0x9B, 0xE6, 0x69, 0x8C, 0xBB, 0x6C, 0xA3, 0x81, 0x0E, 0x8C, 0x81, 0xB5, 0xBD, 0x01, 0xF6, 0xC5,
    0x74, 0xB5, 0x82, 0xB5, 0xBD, 0x0F, 0x94, 0xB5, 0xB5, 0xBD, 0x94, 0xB5, 0x95, 0xBD, 0xB5, 0xBD,
    0xD6, 0xC5, 0xF6, 0xC5, 0xD6, 0xBD, 0xD5, 0xBD, 0x95, 0xBD, 0xB5, 0xBD, 0xD5, 0xBD, 0xB5, 0xBD,
    0x94, 0xB5, 0xB5, 0xBD, 0x74, 0xB5, 0x81, 0xB5, 0xBD, 0x81, 0xD5, 0xBD, 0x02, 0xF6, 0xC5, 0x95,
    0xBD, 0xD6, 0xC5, 0x82, 0xB5, 0xBD, 0x01, 0x95, 0xBD, 0x94, 0xBD, 0x84, 0xB5, 0xBD, 0x05, 0xF6,
    0xC5, 0xB5, 0xBD, 0xD6, 0xC5, 0x74, 0xB5, 0xB5, 0xBD, 0xD6, 0xC5, 0x82, 0xB5, 0xBD, 0x04, 0xD5,
    0xBD, 0xB5, 0xBD, 0x94, 0xBD, 0xB5, 0xBD, 0x74, 0xB5, 0x83, 0xB5, 0xBD, 0x03, 0xF6, 0xC5, 0x95,
    0xBD, 0xF6, 0xC5, 0x94, 0xBD, 0x82, 0xB5, 0xBD, 0x09, 0x94, 0xB5, 0xB5, 0xBD, 0xB5, 0xB5, 0x95,
    0xBD, 0xB5, 0xBD, 0xD5, 0xBD, 0xF6, 0xC5, 0xB5, 0xBD, 0xD6, 0xBD, 0x74, 0xB5, 0x82, 0xB5, 0xBD,
    0x04, 0x94, 0xB5, 0xB5, 0xBD, 0x74, 0xB5, 0xB5, 0xBD, 0xD5, 0xBD, 0x81, 0xD6, 0xC5, 0x00, 0xF6,
    0xC5, 0x82, 0xB5, 0xBD, 0x04, 0xD5, 0xBD, 0xB5, 0xBD, 0x94, 0xBD, 0xB5, 0xBD, 0x94, 0xB5, 0x83,
    0xB5, 0xBD, 0x03, 0xF6, 0xC5, 0x95, 0xBD, 0xF6, 0xC5, 0x94, 0xBD, 0x82, 0xB5, 0xBD, 0x06, 0x94,
    0xB5, 0xB5, 0xBD, 0x95, 0xB5, 0x95, 0xBD, 0xB5, 0xBD, 0xD6, 0xBD, 0xF6, 0xC5, 0x81, 0xD6, 0xBD,
    0x00, 0x74, 0xB5, 0x82, 0xB5, 0xBD, 0x0F, 0x94, 0xB5, 0x73, 0xB5, 0xCD, 0x83, 0x0E, 0x8C, 0x6C,
    0xCB, 0xE6, 0x81, 0x8C, 0xB3, 0x6C, 0xA3, 0xEE, 0x83, 0x0E, 0x8C, 0x74, 0xB5, 0xD6, 0xBD, 0xB5,
    0xBD, 0x95, 0xB5, 0xB5, 0xBD, 0x95, 0xBD, 0x81, 0xD5, 0xBD, 0x00, 0xF6, 0xC5, 0x81, 0xB5, 0xBD,
    0x04, 0x95, 0xBD, 0xD6, 0xBD, 0x95, 0xBD, 0xD6, 0xBD, 0x95, 0xBD, 0x81, 0xB5, 0xBD, 0x02, 0x95,
    0xB5, 0xD5, 0xBD, 0xB5, 0xBD, 0x81, 0xD5, 0xBD, 0x03, 0xB5, 0xBD, 0x95, 0xBD, 0xD5, 0xBD, 0x95,
    0xBD, 0x81, 0xD6, 0xBD, 0x02, 0xF6, 0xBD, 0x94, 0xB5, 0x95, 0xB5, 0x81, 0xB5, 0xBD, 0x01, 0xD5,
    0xBD, 0xF6, 0xC5, 0x81, 0xB5, 0xBD, 0x00, 0x95, 0xBD, 0x81, 0xB5, 0xBD, 0x04, 0xD6, 0xBD, 0xB5,
    0xBD, 0x95, 0xB5, 0xB5, 0xBD, 0xD6, 0xBD, 0x81, 0xB5, 0xBD, 0x05, 0x95, 0xBD, 0x95, 0xB5, 0xD5,
    0xBD, 0xB5, 0xBD, 0xD5, 0xBD, 0xD6, 0xBD, 0x82, 0xB5, 0xBD, 0x05, 0x95, 0xBD, 0xD5, 0xBD, 0xD6,
    0xBD, 0xD5, 0xBD, 0x95, 0xB5, 0x95, 0xBD, 0x81, 0xB5, 0xBD, 0x01, 0xD5, 0xBD, 0xF6, 0xC5, 0x81,
    0xB5, 0xBD, 0x18, 0x95, 0xBD, 0xD5, 0xBD, 0xB5, 0xBD, 0xD6, 0xBD, 0xB5, 0xBD, 0x95, 0xB5, 0xB5,
    0xBD, 0x95, 0xB5, 0xD5, 0xBD, 0xB5, 0xBD, 0xD5, 0xC5, 0xD5, 0xBD, 0xB5, 0xBD, 0x95, 0xBD, 0xD6,
    0xBD, 0x95, 0xBD, 0xD6, 0xBD, 0xB5, 0xBD, 0xD5, 0xBD, 0x95, 0xBD, 0x95, 0xB5, 0xD5, 0xBD, 0xB5,
    0xBD, 0xD5, 0xBD, 0xF6, 0xC5, 0x83, 0xB5, 0xBD, 0x03, 0xD5, 0xBD, 0xD6, 0xBD, 0xD5, 0xBD, 0x95,
    0xB5, 0x82, 0xB5, 0xBD, 0x01, 0xD5, 0xBD, 0xF6, 0xC5, 0x81, 0xB5, 0xBD, 0x0A, 0x95, 0xBD, 0xD5,
    0xBD, 0x95, 0xBD, 0xD6, 0xBD, 0x95, 0xBD, 0x95, 0xB5, 0xB5, 0xBD, 0x95, 0xB5, 0xD5, 0xBD, 0xB5,
    0xBD, 0x74, 0xB5, 0x81, 0x2E, 0x8C, 0x03, 0x6C, 0x8B, 0xE7, 0x51, 0x8D, 0xAB, 0x8D, 0x9B, 0x81,
    0x0E, 0x8C, 0x00, 0x74, 0xB5, 0x84, 0xB5, 0xBD, 0x81, 0x94, 0xB5, 0x01, 0x74, 0xB5, 0xB5, 0xBD,
    0x81, 0x94, 0xB5, 0x81, 0xB5, 0xBD, 0x01, 0x53, 0xAD, 0xD6, 0xBD, 0x82, 0xB5, 0xBD, 0x05, 0x94,
    0xBD, 0x54, 0xB5, 0x74, 0xB5, 0xB5, 0xBD, 0x94, 0xB5, 0x74, 0xB5, 0x81, 0xB5, 0xBD, 0x01, 0x94,
    0xB5, 0xF6, 0xC5, 0x83, 0xB5, 0xBD, 0x81, 0x74, 0xB5, 0x03, 0x94, 0xB5, 0xB5, 0xBD, 0x95, 0xB5,
    0x94, 0xBD, 0x81, 0xB5, 0xBD, 0x00, 0x94, 0xB5, 0x82, 0xB5, 0xBD, 0x01, 0x53, 0xB5, 0xD6, 0xBD,
    0x82, 0xB5, 0xBD, 0x05, 0x94, 0xBD, 0x54, 0xB5, 0x74, 0xB5, 0x95, 0xBD, 0x95, 0xB5, 0x74, 0xB5,
    0x81, 0xB5, 0xBD, 0x01, 0x95, 0xBD, 0xD6, 0xC5, 0x83, 0xB5, 0xBD, 0x00, 0x74, 0xB5, 0x81, 0x94,
    0xB5, 0x02, 0xB5, 0xBD, 0x95, 0xB5, 0x94, 0xB5, 0x81, 0xB5, 0xBD, 0x01, 0x74, 0xB5, 0xD5, 0xBD,
    0x82, 0xB5, 0xBD, 0x00, 0x94, 0xBD, 0x81, 0x74, 0xB5, 0x02, 0xB5, 0xBD, 0x94, 0xB5, 0x74, 0xB5,
    0x81, 0xB5, 0xBD, 0x01, 0x54, 0xB5, 0xD6, 0xBD, 0x82, 0xB5, 0xBD, 0x05, 0x95, 0xBD, 0x54, 0xB5,
    0x74, 0xB5, 0x95, 0xBD, 0x95, 0xB5, 0x74, 0xB5, 0x82, 0xB5, 0xBD, 0x00, 0xD6, 0xBD, 0x83, 0xB5,
    0xBD, 0x81, 0x94, 0xB5, 0x01, 0x74, 0xB5, 0xB5, 0xBD, 0x81, 0x94, 0xB5, 0x81, 0xB5, 0xBD, 0x01,
    0x54, 0xB5, 0xD5, 0xBD, 0x82, 0xB5, 0xBD, 0x0D, 0x94, 0xBD, 0x74, 0xB5, 0x12, 0xA5, 0x0E, 0x8C,
    0xEE, 0x83, 0x8D, 0x8B, 0xE7, 0x51, 0x6D, 0xA3, 0x6C, 0x93, 0x0E, 0x8C, 0x2E, 0x8C, 0x74, 0xB5,
    0x95, 0xB5, 0xF5, 0xC5, 0x81, 0xB5, 0xBD, 0x04, 0xB5, 0xB5, 0x95, 0xBD, 0x94, 0xB5, 0xB5, 0xBD,
    0x94, 0xB5, 0x81, 0xB5, 0xBD, 0x00, 0x94, 0xBD, 0x81, 0xD5, 0xBD, 0x01, 0xD5, 0xC5, 0xD5, 0xBD,
    0x82, 0xB5, 0xBD, 0x00, 0x94, 0xB5, 0x81, 0x74, 0xB5, 0x81, 0xB5, 0xBD, 0x00, 0x95, 0xBD, 0x81,
    0xD5, 0xBD, 0x02, 0x94, 0xB5, 0xD5, 0xBD, 0x94, 0xB5, 0x81, 0xB5, 0xBD, 0x01, 0x94, 0xB5, 0x74,
    0xB5, 0x81, 0xB5, 0xBD, 0x00, 0x95, 0xBD, 0x82, 0xB5, 0xBD, 0x01, 0x95, 0xBD, 0xF6, 0xC5, 0x81,
    0xB5, 0xBD, 0x82, 0xD5, 0xBD, 0x00, 0x95, 0xBD, 0x81, 0xB5, 0xBD, 0x02, 0x94, 0xB5, 0x74, 0xB5,
    0x94, 0xB5, 0x81, 0xB5, 0xBD, 0x05, 0x95, 0xBD, 0xD5, 0xBD, 0xB5, 0xBD, 0x74, 0xB5, 0xD5, 0xBD,
    0x95, 0xB5, 0x81, 0xB5, 0xBD, 0x01, 0x94, 0xB5, 0x74, 0xB5, 0x81, 0xB5, 0xBD, 0x00, 0x95, 0xBD,
    0x81, 0xB5, 0xBD, 0x09, 0xD5, 0xBD, 0xB5, 0xBD, 0xF6, 0xC5, 0xD5, 0xBD, 0xB5, 0xBD, 0xB5, 0xB5,
    0x95, 0xBD, 0x94, 0xB5, 0x95, 0xBD, 0x74, 0xB5, 0x81, 0xB5, 0xBD, 0x00, 0x94, 0xBD, 0x81, 0xD5,
    0xBD, 0x02, 0xB5, 0xBD, 0xD5, 0xBD, 0x94, 0xB5, 0x81, 0xB5, 0xBD, 0x02, 0x94, 0xB5, 0x74, 0xB5,
    0x94, 0xB5, 0x82, 0xB5, 0xBD, 0x03, 0xD5, 0xBD, 0xB5, 0xBD, 0x94, 0xB5, 0xD5, 0xBD, 0x81, 0xB5,
    0xBD, 0x00, 0xB5, 0xB5, 0x81, 0x94, 0xB5, 0x81, 0xB5, 0xBD, 0x1C, 0x95, 0xBD, 0xB5, 0xBD, 0x95,
    0xBD, 0xD5, 0xBD, 0xB5, 0xBD, 0xF6, 0xC5, 0xD5, 0xBD, 0xB5, 0xBD, 0xB5, 0xB5, 0xB5, 0xBD, 0x94,
    0xB5, 0x33, 0xAD, 0xAD, 0x7B, 0x0E, 0x8C, 0x6C, 0x83, 0xE7, 0x41, 0x6D, 0x9B, 0x6C, 0x93, 0x2F,
    0x8C, 0x4F, 0x8C, 0xB5, 0xBD, 0xD5, 0xBD, 0x94, 0xB5, 0xB5, 0xBD, 0x74, 0xB5, 0x54, 0xB5, 0x94,
    0xB5, 0x95, 0xB5, 0x94, 0xB5, 0x81, 0xD5, 0xBD, 0x0A, 0xB5, 0xBD, 0x94, 0xB5, 0xD6, 0xBD, 0xB5,
    0xBD, 0x74, 0xB5, 0xB5, 0xBD, 0x94, 0xB5, 0xB5, 0xBD, 0x53, 0xAD, 0xB5, 0xBD, 0x95, 0xB5, 0x81,
    0xB5, 0xBD, 0x03, 0xD5, 0xBD, 0x95, 0xBD, 0xF6, 0xBD, 0xD5, 0xC5, 0x83, 0xB5, 0xBD, 0x14, 0x53,
    0xAD, 0xB5, 0xBD, 0x95, 0xB5, 0x94, 0xBD, 0xD5, 0xBD, 0xD6, 0xBD, 0xB5, 0xBD, 0xD5, 0xBD, 0xF6,
    0xC5, 0xB5, 0xBD, 0x74, 0xB5, 0xB5, 0xBD, 0x74, 0xB5, 0xB5, 0xBD, 0x94, 0xB5, 0xB5, 0xBD, 0x94,
    0xB5, 0xB5, 0xBD, 0x53, 0xAD, 0xB5, 0xBD, 0x95, 0xB5, 0x81, 0xB5, 0xBD, 0x03, 0xD5, 0xBD, 0xB5,
    0xBD, 0xF6, 0xBD, 0xD5, 0xC5, 0x83, 0xB5, 0xBD, 0x03, 0x54, 0xAD, 0xB5, 0xBD, 0x95, 0xB5, 0x94,
    0xBD, 0x81, 0xD5, 0xBD, 0x81, 0xB5, 0xBD, 0x03, 0xF6, 0xC5, 0xB5, 0xBD, 0x74, 0xB5, 0xB5, 0xBD,
    0x82, 0x74, 0xB5, 0x02, 0xB5, 0xBD, 0x94, 0xB5, 0xD5, 0xBD, 0x81, 0xB5, 0xBD, 0x0A, 0x94, 0xB5,
    0xF6, 0xBD, 0xD5, 0xBD, 0x94, 0xB5, 0xB5, 0xBD, 0x95, 0xB5, 0xB5, 0xBD, 0x33, 0xAD, 0xB5, 0xBD,
    0x95, 0xB5, 0xB5, 0xBD, 0x81, 0xD5, 0xBD, 0x03, 0xB5, 0xBD, 0xF6, 0xBD, 0xD6, 0xC5, 0xD5, 0xBD,
    0x81, 0xB5, 0xBD, 0x04, 0x94, 0xBD, 0x54, 0xAD, 0x95, 0xBD, 0x95, 0xB5, 0x94, 0xB5, 0x81, 0xD5,
    0xBD, 0x81, 0xB5, 0xBD, 0x08, 0xD6, 0xBD, 0xB5, 0xBD, 0x74, 0xB5, 0xB5, 0xBD, 0x74, 0xB5, 0x95,
    0xB5, 0x74, 0xB5, 0xB5, 0xBD, 0x33, 0xAD, 0x81, 0x2E, 0x8C, 0x09, 0x6D, 0x83, 0xE7, 0x51, 0x6D,
    0x93, 0x8D, 0x8B, 0x2E, 0x8C, 0x4F, 0x8C, 0x95, 0xB5, 0xB5, 0xBD, 0xF5, 0xC5, 0x95, 0xBD, 0x83,
    0xB5, 0xBD, 0x07, 0xB4, 0xBD, 0x94, 0xB5, 0xB5, 0xBD, 0x74, 0xB5, 0xB5, 0xBD, 0xD5, 0xBD, 0xB5,
    0xBD, 0xD5, 0xBD, 0x81, 0xB5, 0xBD, 0x00, 0x74, 0xB5, 0x81, 0xB5, 0xBD, 0x00, 0x74, 0xAD, 0x81,
    0xB5, 0xBD, 0x07, 0x74, 0xB5, 0x95, 0xBD, 0xD5, 0xBD, 0xD6, 0xBD, 0xD5, 0xBD, 0xD5, 0xC5, 0x94,
    0xB5, 0x74, 0xB5, 0x81, 0xB5, 0xBD, 0x01, 0x94, 0xB5, 0xD5, 0xBD, 0x81, 0x74, 0xB5, 0x05, 0x95,
    0xBD, 0xD5, 0xBD, 0xD6, 0xBD, 0xB5, 0xBD, 0xD5, 0xBD, 0x95, 0xBD, 0x81, 0xB5, 0xBD, 0x81, 0xD5,
    0xBD, 0x01, 0xB5, 0xBD, 0x74, 0xB5, 0x81, 0xB5, 0xBD, 0x00, 0x54, 0xAD, 0x81, 0xB5, 0xBD, 0x07,
    0x74, 0xB5, 0xB5, 0xBD, 0xD5, 0xBD, 0xD6, 0xBD, 0xD5, 0xBD, 0xD5, 0xC5, 0x94, 0xB5, 0x74, 0xB5,
    0x81, 0xB5, 0xBD, 0x08, 0x94, 0xB5, 0xD5, 0xBD, 0x74, 0xB5, 0x94, 0xB5, 0x95, 0xB5, 0xB5, 0xBD,
    0xD6, 0xBD, 0xB4, 0xBD, 0xD5, 0xBD, 0x81, 0xB5, 0xBD, 0x00, 0x95, 0xB5, 0x81, 0xB5, 0xBD, 0x06,
    0x94, 0xB5, 0x95, 0xB5, 0xB5, 0xBD, 0x74, 0xB5, 0x95, 0xBD, 0xD5, 0xBD, 0xB5, 0xBD, 0x81, 0xD5,
    0xBD, 0x01, 0x94, 0xBD, 0x54, 0xB5, 0x81, 0xB5, 0xBD, 0x0A, 0x74, 0xB5, 0xB5, 0xBD, 0x94, 0xBD,
    0x74, 0xB5, 0xB5, 0xBD, 0xD5, 0xBD, 0xD6, 0xBD, 0xB5, 0xBD, 0xF5, 0xC5, 0x94, 0xBD, 0x94, 0xB5,
    0x81, 0xB5, 0xBD, 0x02, 0x94, 0xB5, 0xB5, 0xBD, 0x74, 0xB5, 0x81, 0x94, 0xB5, 0x03, 0xB5, 0xBD,
    0xD5, 0xBD, 0xB4, 0xBD, 0xD5, 0xBD, 0x81, 0xB5, 0xBD, 0x00, 0x94, 0xB5, 0x81, 0xB5, 0xBD, 0x0C,
    0x12, 0xA5, 0xEE, 0x83, 0x2F, 0x8C, 0x8D, 0x8B, 0xE7, 0x49, 0x6D, 0x93, 0x6C, 0x83, 0x2E, 0x8C,
    0x4F, 0x8C, 0x94, 0xB5, 0xD6, 0xBD, 0xD5, 0xBD, 0xD5, 0xC5, 0x83, 0xB5, 0xBD, 0x00, 0x94, 0xB5,
    0x83, 0xB5, 0xBD, 0x03, 0xF6, 0xC5, 0xB5, 0xBD, 0xF6, 0xC5, 0xD5, 0xBD, 0x83, 0xB5, 0xBD, 0x09,
    0x94, 0xB5, 0x95, 0xBD, 0x95, 0xB5, 0xD5, 0xBD, 0xB5, 0xBD, 0xF6, 0xC5, 0xB5, 0xBD, 0xF6, 0xC5,
    0xB5, 0xBD, 0xD5, 0xC5, 0x83, 0xB5, 0xBD, 0x03, 0x94, 0xB5, 0x95, 0xBD, 0xF6, 0xC5, 0xB5, 0xBD,
    0x84, 0xD5, 0xBD, 0x81, 0xB5, 0xBD, 0x00, 0xF6, 0xC5, 0x84, 0xB5, 0xBD, 0x09, 0x95, 0xB5, 0x94,
    0xBD, 0x95, 0xBD, 0xD5, 0xBD, 0xB5, 0xBD, 0xF6, 0xC5, 0xB5, 0xBD, 0xD6, 0xBD, 0xB5, 0xBD, 0xD5,
    0xC5, 0x83, 0xB5, 0xBD, 0x06, 0x94, 0xB5, 0xB5, 0xBD, 0xD6, 0xC5, 0xB5, 0xBD, 0xD5, 0xBD, 0xD5,
    0xC5, 0xB5, 0xBD, 0x81, 0xD5, 0xBD, 0x83, 0xB5, 0xBD, 0x02, 0x94, 0xB5, 0xB5, 0xBD, 0x95, 0xBD,
    0x81, 0xB5, 0xBD, 0x02, 0xF6, 0xC5, 0xB5, 0xBD, 0xF6, 0xC5, 0x84, 0xB5, 0xBD, 0x09, 0x95, 0xB5,
    0x94, 0xB5, 0x95, 0xBD, 0xD6, 0xBD, 0xB5, 0xBD, 0xD6, 0xC5, 0xB5, 0xBD, 0xD6, 0xBD, 0xB5, 0xBD,
    0xD5, 0xC5, 0x83, 0xB5, 0xBD, 0x06, 0x94, 0xB5, 0xB5, 0xBD, 0xD6, 0xBD, 0xB5, 0xBD, 0xD5, 0xBD,
    0xD5, 0xC5, 0xB5, 0xBD, 0x81, 0xD5, 0xBD, 0x83, 0xB5, 0xBD, 0x00, 0x33, 0xAD, 0x81, 0xEE, 0x83,
    0x05, 0x8D, 0x93, 0xE7, 0x49, 0x6D, 0x8B, 0x6C, 0x83, 0x2F, 0x8C, 0x2E, 0x8C, 0x81, 0xB5, 0xBD,
    0x01, 0xD6, 0xBD, 0xD5, 0xBD, 0x81, 0xB5, 0xBD, 0x02, 0x94, 0xB5, 0x95, 0xBD, 0xF6, 0xC5, 0x83,
    0xB5, 0xBD, 0x02, 0xF6, 0xC5, 0xD5, 0xBD, 0xD6, 0xBD, 0x81, 0xD5, 0xBD, 0x07, 0x95, 0xBD, 0x94,
    0xB5, 0xB5, 0xBD, 0xD5, 0xBD, 0xB5, 0xBD, 0xD5, 0xBD, 0x94, 0xBD, 0xB5, 0xBD, 0x81, 0xD6, 0xBD,
    0x03, 0xB5, 0xBD, 0xD5, 0xBD, 0xD5, 0xC5, 0x95, 0xBD, 0x82, 0xB5, 0xBD, 0x09, 0xD5, 0xBD, 0xB5,
    0xBD, 0x95, 0xBD, 0xB5, 0xBD, 0xD5, 0xBD, 0xF6, 0xC5, 0xB5, 0xBD, 0xD6, 0xBD, 0xD5, 0xBD, 0xB5,
    0xBD, 0x83, 0xD5, 0xBD, 0x81, 0x95, 0xBD, 0x0F, 0xB5, 0xBD, 0xD5, 0xBD, 0xB5, 0xBD, 0xD5, 0xBD,
    0x95, 0xBD, 0xB5, 0xBD, 0xD5, 0xBD, 0xD6, 0xBD, 0xB5, 0xBD, 0xD5, 0xBD, 0xD5, 0xC5, 0x95, 0xBD,
    0xB5, 0xBD, 0x94, 0xB5, 0xB5, 0xBD, 0xD5, 0xC5, 0x83, 0xB5, 0xBD, 0x03, 0xF6, 0xC5, 0xB5, 0xBD,
    0xD6, 0xBD, 0xD5, 0xBD, 0x81, 0xB5, 0xBD, 0x08, 0x94, 0xB5, 0xB5, 0xBD, 0xF6, 0xC5, 0xB5, 0xBD,
    0xD5, 0xBD, 0x94, 0xBD, 0xB5, 0xBD, 0xF6, 0xC5, 0xD6, 0xBD, 0x82, 0xD5, 0xBD, 0x00, 0x95, 0xBD,
    0x81, 0xB5, 0xBD, 0x81, 0xD5, 0xBD, 0x0C, 0xB5, 0xBD, 0x95, 0xBD, 0xB5, 0xBD, 0xD5, 0xBD, 0xD6,
    0xBD, 0xB5, 0xBD, 0xD6, 0xBD, 0xD5, 0xBD, 0x95, 0xBD, 0xB5, 0xBD, 0x94, 0xB5, 0x95, 0xBD, 0xF5,
    0xC5, 0x83, 0xB5, 0xBD, 0x03, 0xF6, 0xC5, 0xD5, 0xBD, 0xD6, 0xBD, 0xD5, 0xBD, 0x81, 0xB5, 0xBD,
    0x0D, 0x94, 0xB5, 0xB5, 0xBD, 0x94, 0xB5, 0x0E, 0x8C, 0x2E, 0x8C, 0x6C, 0x9B, 0xE7, 0x51, 0x6D,
    0x83, 0x6D, 0x7B, 0x2E, 0x8C, 0xEE, 0x83, 0x54, 0xB5, 0xF6, 0xC5, 0xD5, 0xBD, 0x81, 0xB5, 0xBD,
    0x01, 0xD5, 0xC5, 0xD5, 0xBD, 0x81, 0xB5, 0xBD, 0x81, 0xD5, 0xBD, 0x04, 0xB5, 0xBD, 0xD6, 0xBD,
    0x95, 0xB5, 0xD6, 0xC5, 0xD6, 0xBD, 0x81, 0xB5, 0xBD, 0x00, 0xD5, 0xBD, 0x81, 0xB5, 0xBD, 0x81,
    0xD5, 0xBD, 0x81, 0xB5, 0xBD, 0x03, 0xF6, 0xC5, 0x75, 0xB5, 0xB5, 0xBD, 0xD6, 0xBD, 0x81, 0xB5,
    0xBD, 0x00, 0xB4, 0xBD, 0x81, 0xD5, 0xBD, 0x81, 0xB5, 0xBD, 0x02, 0xD5, 0xBD, 0xD6, 0xBD, 0xB5,
    0xBD, 0x81, 0x95, 0xBD, 0x01, 0xF6, 0xC5, 0xD5, 0xBD, 0x81, 0xB5, 0xBD, 0x01, 0xD6, 0xC5, 0xD6,
    0xBD, 0x85, 0xB5, 0xBD, 0x00, 0xD5, 0xBD, 0x81, 0xB5, 0xBD, 0x03, 0xD5, 0xBD, 0x75, 0xB5, 0xB5,
    0xBD, 0xD6, 0xBD, 0x81, 0xB5, 0xBD, 0x00, 0xB4, 0xBD, 0x81, 0xD5, 0xBD, 0x81, 0xB5, 0xBD, 0x01,
    0xD5, 0xBD, 0xD6, 0xBD, 0x81, 0xB5, 0xBD, 0x02, 0x95, 0xBD, 0xF6, 0xC5, 0xD5, 0xBD, 0x81, 0xB5,
    0xBD, 0x01, 0xD5, 0xC5, 0xD5, 0xBD, 0x81, 0xB5, 0xBD, 0x06, 0xD5, 0xBD, 0xB5, 0xBD, 0x95, 0xB5,
    0xF6, 0xBD, 0x95, 0xB5, 0xD5, 0xBD, 0xD6, 0xBD, 0x87, 0xB5, 0xBD, 0x05, 0xD6, 0xBD, 0xD5, 0xBD,
    0x75, 0xB5, 0xB5, 0xBD, 0xF6, 0xBD, 0xD5, 0xBD, 0x81, 0xB5, 0xBD, 0x81, 0xD5, 0xBD, 0x81, 0xB5,
    0xBD, 0x01, 0xD5, 0xBD, 0xD6, 0xBD, 0x81, 0xB5, 0xBD, 0x02, 0x95, 0xBD, 0xF6, 0xC5, 0xD5, 0xBD,
    0x81, 0xB5, 0xBD, 0x00, 0xD5, 0xC5, 0x81, 0xB5, 0xBD, 0x00, 0x74, 0xB5, 0x81, 0x2E, 0x8C, 0x01,
    0x8C, 0xA3, 0xE7, 0x51, 0x81, 0x6D, 0x7B, 0x81, 0x4F, 0x94, 0x02, 0x74, 0xB5, 0xD6, 0xC5, 0xB5,
    0xBD, 0x81, 0xD6, 0xBD, 0x83, 0xB5, 0xBD, 0x03, 0x95, 0xB5, 0xD6, 0xBD, 0xB5, 0xBD, 0xD6, 0xC5,
    0x81, 0xB5, 0xBD, 0x81, 0xD6, 0xBD, 0x82, 0xD5, 0xBD, 0x83, 0xB5, 0xBD, 0x05, 0xD6, 0xBD, 0xD6,
    0xC5, 0xD5, 0xBD, 0xB5, 0xBD, 0xF6, 0xC5, 0x95, 0xBD, 0x82, 0xD5, 0xBD, 0x82, 0xB5, 0xBD, 0x0A,
    0x94, 0xB5, 0xD6, 0xC5, 0xD5, 0xBD, 0xD6, 0xC5, 0xB5, 0xBD, 0xD6, 0xBD, 0xB5, 0xBD, 0xD6, 0xC5,
    0xD6, 0xBD, 0xB5, 0xBD, 0xD6, 0xBD, 0x83, 0xD5, 0xBD, 0x83, 0xB5, 0xBD, 0x81, 0xD6, 0xBD, 0x03,
    0xD5, 0xBD, 0xB5, 0xBD, 0xF6, 0xC5, 0x95, 0xBD, 0x81, 0xD5, 0xBD, 0x83, 0xB5, 0xBD, 0x08, 0x74,
    0xB5, 0xD6, 0xC5, 0xD5, 0xBD, 0xD6, 0xC5, 0xB5, 0xBD, 0xD6, 0xBD, 0xB6, 0xBD, 0xD6, 0xC5, 0xD6,
    0xBD, 0x84, 0xB5, 0xBD, 0x02, 0xD6, 0xBD, 0xB5, 0xBD, 0xD6, 0xC5, 0x81, 0xB5, 0xBD, 0x01, 0xD6,
    0xBD, 0xB5, 0xBD, 0x82, 0xD5, 0xBD, 0x82, 0xB5, 0xBD, 0x00, 0x95, 0xBD, 0x81, 0xD6, 0xBD, 0x05,
    0xD5, 0xBD, 0xB5, 0xBD, 0xF6, 0xC5, 0xB5, 0xBD, 0xD6, 0xBD, 0xD5, 0xBD, 0x83, 0xB5, 0xBD, 0x12,
    0x94, 0xB5, 0xD6, 0xC5, 0xD5, 0xBD, 0xD6, 0xC5, 0xB5, 0xBD, 0xD5, 0xBD, 0xD6, 0xBD, 0xD6, 0xC5,
    0xD5, 0xBD, 0xB5, 0xBD, 0xD5, 0xBD, 0xB5, 0xBD, 0x54, 0xB5, 0x0E, 0x8C, 0x4F, 0x8C, 0x6C, 0xA3,
    0xE7, 0x49, 0x6D, 0x7B, 0x6D, 0x73, 0x81, 0x4F, 0x94, 0x08, 0xB5, 0xBD, 0xD6, 0xBD, 0xB5, 0xBD,
    0xD5, 0xBD, 0xB5, 0xBD, 0x95, 0xBD, 0xB5, 0xBD, 0x95, 0xBD, 0xD5, 0xBD, 0x82, 0xB5, 0xBD, 0x01,
    0xD6, 0xBD, 0xD5, 0xBD, 0x81, 0xB5, 0xBD, 0x01, 0xF6, 0xC5, 0x95, 0xB5, 0x82, 0xB5, 0xBD, 0x01,
    0xD5, 0xBD, 0xD6, 0xBD, 0x81, 0xB5, 0xBD, 0x84, 0xD6, 0xBD, 0x84, 0xB5, 0xBD, 0x00, 0xD5, 0xBD,
    0x81, 0xB5, 0xBD, 0x05, 0xD5, 0xBD, 0xD6, 0xBD, 0xF6, 0xBD, 0xD6, 0xBD, 0xB5, 0xBD, 0xD6, 0xBD,
    0x82, 0xB5, 0xBD, 0x01, 0xF6, 0xC5, 0x95, 0xB5, 0x82, 0xB5, 0xBD, 0x01, 0xD5, 0xBD, 0xD6, 0xBD,
    0x81, 0xB5, 0xBD, 0x81, 0xD6, 0xBD, 0x81, 0xF6, 0xBD, 0x00, 0xD6, 0xBD, 0x84, 0xB5, 0xBD, 0x00,
    0xD5, 0xBD, 0x81, 0xB5, 0xBD, 0x00, 0xD5, 0xBD, 0x82, 0xD6, 0xBD, 0x01, 0xB5, 0xBD, 0xD6, 0xBD,
    0x81, 0x95, 0xBD, 0x81, 0xB5, 0xBD, 0x01, 0xD5, 0xBD, 0xB6, 0xBD, 0x81, 0xB5, 0xBD, 0x05, 0xD6,
    0xBD, 0xD5, 0xBD, 0xD6, 0xBD, 0xB5, 0xBD, 0xF6, 0xC5, 0x95, 0xBD, 0x83, 0xB5, 0xBD, 0x00, 0xD5,
    0xBD, 0x81, 0xB5, 0xBD, 0x81, 0xD6, 0xBD, 0x00, 0xF6, 0xBD, 0x81, 0xD6, 0xBD, 0x83, 0xB5, 0xBD,
    0x01, 0x95, 0xBD, 0xD5, 0xBD, 0x81, 0xB5, 0xBD, 0x06, 0xD5, 0xBD, 0xD6, 0xBD, 0xD5, 0xBD, 0xB5,
    0xBD, 0x95, 0xBD, 0xD6, 0xBD, 0x95, 0xB5, 0x82, 0xB5, 0xBD, 0x00, 0x74, 0xB5, 0x81, 0x2F, 0x8C,
    0x0E, 0x6C, 0x9B, 0xE7, 0x51, 0x6D, 0x7B, 0x8D, 0x8B, 0xB1, 0x9C, 0x90, 0x94, 0x95, 0xB5, 0xF6,
    0xC5, 0xD6, 0xBD, 0xF6, 0xC5, 0xD5, 0xBD, 0xD6, 0xBD, 0xD5, 0xBD, 0x95, 0xBD, 0xB5, 0xBD, 0x81,
    0xD6, 0xBD, 0x02, 0x17, 0xC6, 0x16, 0xC6, 0xD5, 0xBD, 0x81, 0xD6, 0xBD, 0x01, 0xF6, 0xC5, 0xD6,
    0xC5, 0x82, 0xD5, 0xBD, 0x02, 0x95, 0xBD, 0xD6, 0xC5, 0xB5, 0xBD, 0x81, 0x17, 0xC6, 0x05, 0xF6,
    0xC5, 0xD6, 0xBD, 0xF6, 0xC5, 0xD5, 0xC5, 0xF6, 0xC5, 0xB5, 0xBD, 0x81, 0xD5, 0xBD, 0x00, 0x95,
    0xB5, 0x81, 0xD6, 0xBD, 0x81, 0x17, 0xC6, 0x0A, 0x16, 0xC6, 0xD6, 0xBD, 0xD6, 0xC5, 0xD6, 0xBD,
    0xF6, 0xC5, 0xD5, 0xBD, 0xD6, 0xBD, 0xF6, 0xBD, 0xD6, 0xC5, 0xF6, 0xC5, 0xB5, 0xBD, 0x81, 0xD5,
    0xBD, 0x02, 0x95, 0xB5, 0xD6, 0xBD, 0xB5, 0xBD, 0x81, 0x17, 0xC6, 0x08, 0xF6, 0xC5, 0xD6, 0xBD,
    0xF6, 0xC5, 0xD5, 0xC5, 0xF6, 0xC5, 0xB5, 0xBD, 0xD6, 0xBD, 0xD5, 0xBD, 0x95, 0xB5, 0x81, 0xD6,
    0xBD, 0x03, 0xF6, 0xC5, 0x17, 0xC6, 0x16, 0xC6, 0xD5, 0xBD, 0x81, 0xD6, 0xBD, 0x03, 0xF6, 0xC5,
    0xD5, 0xBD, 0xD6, 0xBD, 0xD5, 0xBD, 0x81, 0xB5, 0xBD, 0x03, 0xD6, 0xBD, 0xB6, 0xBD, 0x17, 0xC6,
    0x16, 0xC6, 0x81, 0xD6, 0xBD, 0x03, 0xF6, 0xC5, 0xD6, 0xC5, 0xF6, 0xC5, 0xB5, 0xBD, 0x81, 0xD5,
    0xBD, 0x02, 0x95, 0xB5, 0xD6, 0xBD, 0xB5, 0xBD, 0x81, 0x17, 0xC6, 0x08, 0xF6, 0xC5, 0xD6, 0xBD,
    0xF6, 0xC5, 0xD6, 0xBD, 0xF6, 0xC5, 0xB5, 0xBD, 0xD6, 0xBD, 0xD5, 0xBD, 0x95, 0xBD, 0x81, 0xD6,
    0xBD, 0x03, 0xF6, 0xC5, 0x17, 0xC6, 0x16, 0xC6, 0xD5, 0xBD, 0x81, 0xD6, 0xBD, 0x0E, 0xF6, 0xC5,
    0xD5, 0xBD, 0xD6, 0xBD, 0xD5, 0xBD, 0xB5, 0xBD, 0x54, 0xAD, 0x4F, 0x94, 0x2F, 0x8C, 0x8D, 0x93,
    0xE7, 0x59, 0x6D, 0xA3, 0x8C, 0xCB, 0xCD, 0x83, 0xEE, 0x83, 0x74, 0xB5, 0x82, 0xF6, 0xC5, 0x0A,
    0xB5, 0xBD, 0xD6, 0xBD, 0xB5, 0xBD, 0x95, 0xB5, 0x94, 0xBD, 0xD5, 0xBD, 0xB5, 0xBD, 0x74, 0xB5,
    0x95, 0xBD, 0xD5, 0xBD, 0xD6, 0xC5, 0x81, 0xF6, 0xC5, 0x01, 0xB5, 0xBD, 0xD6, 0xBD, 0x81, 0xB5,
    0xBD, 0x06, 0x94, 0xB5, 0xD5, 0xBD, 0xB5, 0xBD, 0x94, 0xB5, 0x74, 0xB5, 0xB5, 0xBD, 0xD5, 0xBD,
    0x81, 0xF6, 0xC5, 0x82, 0xD5, 0xBD, 0x01, 0xB5, 0xBD, 0x94, 0xB5, 0x82, 0xB5, 0xBD, 0x02, 0x54,
    0xB5, 0x95, 0xBD, 0xB5, 0xBD, 0x82, 0xF6, 0xC5, 0x01, 0x95, 0xBD, 0xD6, 0xC5, 0x81, 0xF6, 0xC5,
    0x01, 0xB5, 0xBD, 0xD6, 0xBD, 0x81, 0xB5, 0xBD, 0x04, 0x94, 0xB5, 0xD5, 0xBD, 0xB5, 0xBD, 0x95,
    0xB5, 0x74, 0xB5, 0x81, 0xB5, 0xBD, 0x81, 0xF6, 0xC5, 0x04, 0xD5, 0xBD, 0xB5, 0xBD, 0xD5, 0xBD,
    0xB5, 0xBD, 0x94, 0xB5, 0x82, 0xB5, 0xBD, 0x02, 0x54, 0xB5, 0x95, 0xBD, 0xD5, 0xBD, 0x82, 0xF6,
    0xC5, 0x0A, 0x95, 0xBD, 0xD6, 0xBD, 0xB5, 0xBD, 0x95, 0xBD, 0x94, 0xBD, 0xD5, 0xBD, 0xB5, 0xBD,
    0x74, 0xB5, 0x94, 0xB5, 0xB5, 0xBD, 0xD6, 0xBD, 0x81, 0xF6, 0xC5, 0x01, 0xB5, 0xBD, 0xD6, 0xBD,
    0x81, 0xB5, 0xBD, 0x00, 0x94, 0xB5, 0x82, 0xB5, 0xBD, 0x02, 0x74, 0xB5, 0x95, 0xBD, 0xB5, 0xBD,
    0x81, 0xF6, 0xC5, 0x04, 0xD6, 0xBD, 0xB5, 0xBD, 0xD5, 0xBD, 0xB5, 0xBD, 0x94, 0xB5, 0x82, 0xB5,
    0xBD, 0x02, 0x54, 0xB5, 0x95, 0xBD, 0xD5, 0xBD, 0x82, 0xF6, 0xC5, 0x01, 0x95, 0xBD, 0xD6, 0xBD,
    0x81, 0xB5, 0xBD, 0x08, 0x33, 0xAD, 0x2E, 0x8C, 0x0E, 0x8C, 0x6D, 0x7B, 0xE7, 0x61, 0x8C, 0xE3,
    0x8C, 0xD3, 0x2E, 0x8C, 0x2F, 0x94, 0x81, 0xB5, 0xBD, 0x03, 0xF6, 0xC5, 0xB5, 0xBD, 0x94, 0xB5,
    0xD6, 0xBD, 0x81, 0xB5, 0xBD, 0x81, 0xD5, 0xBD, 0x08, 0x94, 0xBD, 0xB5, 0xBD, 0xD6, 0xBD, 0x16,
    0xC6, 0xD6, 0xBD, 0xD6, 0xC5, 0xB5, 0xBD, 0x95, 0xBD, 0xF6, 0xBD, 0x81, 0xB5, 0xBD, 0x08, 0xD5,
    0xBD, 0xB5, 0xBD, 0x94, 0xB5, 0xB5, 0xBD, 0xD6, 0xBD, 0xF6, 0xC5, 0xD6, 0xC5, 0xB5, 0xBD, 0xF6,
    0xC5, 0x84, 0xB5, 0xBD, 0x00, 0xD5, 0xBD, 0x82, 0xB5, 0xBD, 0x0A, 0xD6, 0xBD, 0xF6, 0xC5, 0xB5,
    0xBD, 0xF6, 0xC5, 0xB5, 0xBD, 0x94, 0xB5, 0xD6, 0xC5, 0xD6, 0xBD, 0xD5, 0xBD, 0xB5, 0xBD, 0xD5,
    0xBD, 0x83, 0xB5, 0xBD, 0x02, 0x95, 0xB5, 0xB5, 0xBD, 0xD5, 0xBD, 0x81, 0xD6, 0xC5, 0x01, 0xB5,
    0xBD, 0xF6, 0xC5, 0x81, 0xB5, 0xBD, 0x00, 0xD5, 0xBD, 0x81, 0xB5, 0xBD, 0x81, 0xD5, 0xBD, 0x08,
    0x95, 0xBD, 0xB5, 0xBD, 0xD6, 0xBD, 0xF6, 0xC5, 0xD5, 0xBD, 0xF6, 0xC5, 0xB5, 0xBD, 0x94, 0xB5,
    0xF6, 0xC5, 0x81, 0xB5, 0xBD, 0x0A, 0xD5, 0xBD, 0xB5, 0xBD, 0x74, 0xB5, 0xB5, 0xBD, 0xD6, 0xBD,
    0xF6, 0xC5, 0xD6, 0xC5, 0xD5, 0xBD, 0xD6, 0xC5, 0xB5, 0xBD, 0xD5, 0xBD, 0x86, 0xB5, 0xBD, 0x03,
    0xD5, 0xC5, 0xD6, 0xC5, 0xB5, 0xBD, 0xF6, 0xC5, 0x81, 0xB5, 0xBD, 0x00, 0xD5, 0xBD, 0x81, 0xB5,
    0xBD, 0x81, 0xD5, 0xBD, 0x08, 0x94, 0xBD, 0xB5, 0xBD, 0xD6, 0xBD, 0xF6, 0xC5, 0xD6, 0xBD, 0xF6,
    0xC5, 0xB5, 0xBD, 0x94, 0xB5, 0xF6, 0xC5, 0x81, 0xB5, 0xBD, 0x11, 0x74, 0xB5, 0x0E, 0x8C, 0xCD,
    0x83, 0x6C, 0x9B, 0xE6, 0x71, 0x8C, 0xF3, 0x6C, 0xC3, 0x2E, 0x8C, 0x4F, 0x94, 0x94, 0xBD, 0xD6,
    0xBD, 0xF6, 0xC5, 0xD6, 0xBD, 0xD5, 0xBD, 0xB5, 0xBD, 0xD5, 0xBD, 0xB5, 0xBD, 0xD5, 0xBD, 0x82,
    0xB5, 0xBD, 0x08, 0xF6, 0xC5, 0x95, 0xBD, 0xD6, 0xC5, 0xD5, 0xC5, 0xD6, 0xBD, 0xD6, 0xC5, 0x95,
    0xBD, 0xD5, 0xBD, 0x94, 0xBD, 0x81, 0xD5, 0xBD, 0x81, 0xB5, 0xBD, 0x05, 0xD5, 0xBD, 0xB5, 0xBD,
    0xD6, 0xC5, 0xD6, 0xBD, 0xF6, 0xC5, 0xD6, 0xBD, 0x83, 0xB5, 0xBD, 0x10, 0xD5, 0xBD, 0x94, 0xBD,
    0x95, 0xBD, 0xB5, 0xBD, 0xD5, 0xC5, 0xB5, 0xBD, 0xD6, 0xBD, 0xF5, 0xC5, 0xD6, 0xBD, 0xD5, 0xBD,
    0xD6, 0xC5, 0xD5, 0xC5, 0xF6, 0xC5, 0xD6, 0xC5, 0x95, 0xBD, 0xD5, 0xBD, 0x94, 0xBD, 0x81, 0xD5,
    0xBD, 0x81, 0xB5, 0xBD, 0x81, 0xD5, 0xBD, 0x03, 0xD6, 0xC5, 0xD6, 0xBD, 0xF6, 0xC5, 0xD6, 0xBD,
    0x83, 0xB5, 0xBD, 0x01, 0xD5, 0xBD, 0x94, 0xBD, 0x81, 0xB5, 0xBD, 0x03, 0xF6, 0xC5, 0xB5, 0xBD,
    0xD6, 0xC5, 0xD5, 0xC5, 0x81, 0xD6, 0xBD, 0x03, 0x95, 0xBD, 0xD5, 0xBD, 0xB5, 0xBD, 0xD5, 0xBD,
    0x82, 0xB5, 0xBD, 0x08, 0xF6, 0xC5, 0xB5, 0xBD, 0xD6, 0xC5, 0xD5, 0xBD, 0xF6, 0xC5, 0xD6, 0xC5,
    0x95, 0xBD, 0xD5, 0xBD, 0x94, 0xBD, 0x81, 0xD5, 0xBD, 0x01, 0xB5, 0xBD, 0x95, 0xBD, 0x81, 0xD5,
    0xBD, 0x03, 0xD5, 0xC5, 0xD6, 0xBD, 0xF6, 0xC5, 0xD6, 0xBD, 0x83, 0xB5, 0xBD, 0x00, 0xD5, 0xBD,
    0x82, 0xB5, 0xBD, 0x16, 0xF6, 0xC5, 0xB5, 0xBD, 0xD6, 0xC5, 0xD5, 0xC5, 0xD6, 0xBD, 0xD6, 0xC5,
    0x95, 0xBD, 0xD5, 0xBD, 0x94, 0xBD, 0x74, 0xB5, 0x2E, 0x8C, 0x0E, 0x8C, 0x6C, 0xB3, 0xE6, 0x79,
    0x8C, 0xEB, 0x8D, 0x9B, 0x4F, 0x94, 0x2E, 0x8C, 0x74, 0xB5, 0xB5, 0xBD, 0xD5, 0xBD, 0x95, 0xBD,
    0xD5, 0xBD, 0x81, 0xB5, 0xBD, 0x08, 0x94, 0xB5, 0x53, 0xAD, 0xB5, 0xBD, 0x74, 0xB5, 0x94, 0xBD,
    0xD5, 0xBD, 0xB5, 0xBD, 0x94, 0xB5, 0xD6, 0xBD, 0x81, 0xB5, 0xBD, 0x0F, 0xD5, 0xBD, 0xB5, 0xBD,
    0x94, 0xB5, 0x33, 0xAD, 0xB5, 0xBD, 0x74, 0xB5, 0x54, 0xB5, 0xD5, 0xBD, 0xB5, 0xBD, 0x94, 0xBD,
    0xD5, 0xBD, 0xB5, 0xBD, 0x94, 0xBD, 0xD5, 0xBD, 0xB5, 0xBD, 0x95, 0xB5, 0x81, 0x74, 0xB5, 0x03,
    0xB5, 0xBD, 0x54, 0xB5, 0xB5, 0xBD, 0xD5, 0xBD, 0x81, 0xB5, 0xBD, 0x04, 0xD5, 0xBD, 0xB5, 0xBD,
    0xD5, 0xBD, 0x94, 0xB5, 0xD6, 0xBD, 0x81, 0xB5, 0xBD, 0x1A, 0xD5, 0xBD, 0xB5, 0xBD, 0x94, 0xB5,
    0x33, 0xAD, 0xB5, 0xBD, 0x94, 0xB5, 0x54, 0xB5, 0xD5, 0xBD, 0xB5, 0xBD, 0x95, 0xBD, 0xD5, 0xBD,
    0xB5, 0xBD, 0x95, 0xBD, 0xD5, 0xBD, 0xB5, 0xBD, 0x95, 0xB5, 0x74, 0xB5, 0x54, 0xB5, 0xB5, 0xBD,
    0x54, 0xB5, 0xB5, 0xBD, 0xD5, 0xBD, 0xB5, 0xBD, 0x94, 0xBD, 0xD6, 0xBD, 0xB5, 0xBD, 0xD5, 0xBD,
    0x81, 0xB5, 0xBD, 0x02, 0x94, 0xB5, 0x33, 0xAD, 0xB5, 0xBD, 0x81, 0x74, 0xB5, 0x03, 0xD5, 0xBD,
    0xB5, 0xBD, 0x94, 0xB5, 0xD6, 0xBD, 0x81, 0xB5, 0xBD, 0x06, 0xD5, 0xBD, 0xB5, 0xBD, 0x94, 0xB5,
    0x33, 0xAD, 0x95, 0xBD, 0x95, 0xB5, 0x54, 0xB5, 0x81, 0xD5, 0xBD, 0x00, 0xB5, 0xBD, 0x81, 0xD5,
    0xBD, 0x0E, 0x95, 0xBD, 0xD5, 0xBD, 0xB5, 0xBD, 0x95, 0xB5, 0x74, 0xB5, 0x54, 0xB5, 0xB5, 0xBD,
    0x54, 0xB5, 0xB5, 0xBD, 0xD5, 0xBD, 0xB5, 0xBD, 0x94, 0xBD, 0xD6, 0xBD, 0xB5, 0xBD, 0xD5, 0xBD,
    0x81, 0xB5, 0xBD, 0x0F, 0x94, 0xB5, 0xD1, 0xA4, 0x0E, 0x8C, 0xEE, 0x83, 0x8D, 0xBB, 0xE6, 0x79,
    0x8C, 0xEB, 0x6C, 0x8B, 0x0E, 0x84, 0x0E, 0x8C, 0xB5, 0xBD, 0x94, 0xBD, 0xF6, 0xC5, 0xD5, 0xBD,
    0xB5, 0xBD, 0xB5, 0xB5, 0x81, 0x74, 0xB5, 0x01, 0xB5, 0xBD, 0x94, 0xBD, 0x81, 0xB5, 0xBD, 0x04,
    0xB4, 0xBD, 0xD5, 0xBD, 0xB5, 0xBD, 0xD5, 0xC5, 0xF6, 0xBD, 0x81, 0xB5, 0xBD, 0x82, 0x74, 0xB5,
    0x0A, 0x94, 0xB5, 0xD5, 0xBD, 0xB5, 0xBD, 0x95, 0xBD, 0xD5, 0xBD, 0xD6, 0xBD, 0x94, 0xBD, 0xF6,
    0xC5, 0xD5, 0xBD, 0x95, 0xBD, 0x94, 0xB5, 0x81, 0x74, 0xB5, 0x00, 0xD5, 0xBD, 0x83, 0xB5, 0xBD,
    0x03, 0xD6, 0xBD, 0x95, 0xBD, 0xF5, 0xC5, 0xD5, 0xBD, 0x81, 0xB5, 0xBD, 0x03, 0xD5, 0xBD, 0xF6,
    0xC5, 0xD5, 0xBD, 0x95, 0xBD, 0x82, 0x74, 0xB5, 0x0A, 0x94, 0xB5, 0xD5, 0xBD, 0xB5, 0xBD, 0x95,
    0xBD, 0xD5, 0xBD, 0xD6, 0xBD, 0x94, 0xBD, 0xF6, 0xC5, 0xD5, 0xBD, 0x95, 0xBD, 0x95, 0xB5, 0x81,
    0x74, 0xB5, 0x00, 0xD5, 0xBD, 0x83, 0xB5, 0xBD, 0x05, 0xD6, 0xBD, 0x95, 0xBD, 0xF5, 0xC5, 0xD5,
    0xBD, 0xB5, 0xBD, 0xB5, 0xB5, 0x81, 0x74, 0xB5, 0x01, 0x95, 0xBD, 0x94, 0xB5, 0x81, 0xB5, 0xBD,
    0x00, 0x94, 0xBD, 0x81, 0xD5, 0xBD, 0x03, 0xB5, 0xBD, 0xF6, 0xC5, 0xD5, 0xBD, 0x95, 0xBD, 0x82,
    0x74, 0xB5, 0x82, 0xB5, 0xBD, 0x07, 0x95, 0xBD, 0xD5, 0xBD, 0xF6, 0xBD, 0x94, 0xB5, 0xF6, 0xC5,
    0xD5, 0xBD, 0x95, 0xBD, 0x95, 0xB5, 0x81, 0x74, 0xB5, 0x00, 0xD5, 0xBD, 0x83, 0xB5, 0xBD, 0x03,
    0xD5, 0xBD, 0xB5, 0xBD, 0xF5, 0xC5, 0xF5, 0xBD, 0x81, 0xB5, 0xBD, 0x81, 0x74, 0xB5, 0x0A, 0x33,
    0xAD, 0xCD, 0x83, 0x2E, 0x8C, 0x6C, 0xB3, 0xE6, 0x81, 0x8C, 0xE3, 0x6C, 0x9B, 0x0E, 0x8C, 0x4F,
    0x8C, 0x94, 0xBD, 0xB5, 0xBD, 0x81, 0x95, 0xB5, 0x02, 0x94, 0xBD, 0x54, 0xB5, 0x94, 0xB5, 0x81,
    0xB5, 0xBD, 0x00, 0xD5, 0xBD, 0x81, 0xB5, 0xBD, 0x07, 0x94, 0xB5, 0xF6, 0xC5, 0xB5, 0xBD, 0x94,
    0xB5, 0xB5, 0xBD, 0x94, 0xB5, 0x95, 0xB5, 0x74, 0xB5, 0x84, 0xB5, 0xBD, 0x02, 0x94, 0xBD, 0xF6,
    0xC5, 0xD5, 0xBD, 0x81, 0xB5, 0xBD, 0x02, 0x94, 0xB5, 0xB5, 0xBD, 0x54, 0xB5, 0x82, 0xB5, 0xBD,
    0x00, 0xD5, 0xBD, 0x81, 0xB5, 0xBD, 0x0B, 0xD5, 0xBD, 0xD5, 0xC5, 0xB5, 0xBD, 0x94, 0xB5, 0xB5,
    0xBD, 0x94, 0xBD, 0xB5, 0xBD, 0x95, 0xB5, 0xB5, 0xBD, 0x94, 0xB5, 0xB5, 0xBD, 0x74, 0xB5, 0x82,
    0xB5, 0xBD, 0x04, 0xD5, 0xBD, 0xB5, 0xBD, 0x95, 0xBD, 0xF6, 0xC5, 0xD5, 0xBD, 0x81, 0xB5, 0xBD,
    0x02, 0x94, 0xB5, 0xB5, 0xBD, 0x54, 0xB5, 0x82, 0xB5, 0xBD, 0x00, 0xD5, 0xBD, 0x82, 0xB5, 0xBD,
    0x06, 0xF6, 0xC5, 0xB5, 0xBD, 0x94, 0xB5, 0xB5, 0xBD, 0x94, 0xB5, 0x74, 0xB5, 0x94, 0xB5, 0x84,
    0xB5, 0xBD, 0x07, 0x94, 0xB5, 0xF6, 0xC5, 0xB5, 0xBD, 0x95, 0xB5, 0xB5, 0xBD, 0x94, 0xB5, 0xB5,
    0xBD, 0x74, 0xB5, 0x82, 0xB5, 0xBD, 0x00, 0xD5, 0xBD, 0x81, 0xB5, 0xBD, 0x01, 0xF6, 0xC5, 0xD5,
    0xBD, 0x81, 0xB5, 0xBD, 0x03, 0x95, 0xB5, 0xB4, 0xBD, 0x54, 0xB5, 0x95, 0xBD, 0x81, 0xB5, 0xBD,
    0x00, 0xD5, 0xBD, 0x82, 0xB5, 0xBD, 0x04, 0xF6, 0xC5, 0xB5, 0xBD, 0x94, 0xB5, 0xB5, 0xBD, 0x94,
    0xB5, 0x81, 0x74, 0xB5, 0x0E, 0xB5, 0xBD, 0x54, 0xB5, 0x0E, 0x8C, 0x2E, 0x8C, 0x6C, 0xBB, 0xE6,
    0x81, 0x8C, 0xE3, 0x8C, 0xBB, 0x2F, 0x8C, 0x2E, 0x8C, 0x94, 0xB5, 0xD5, 0xBD, 0xD5, 0xC5, 0x94,
    0xBD, 0x95, 0xBD, 0x82, 0xB5, 0xBD, 0x01, 0x74, 0xB5, 0x94, 0xB5, 0x81, 0x95, 0xB5, 0x01, 0x94,
    0xB5, 0xB5, 0xBD, 0x81, 0xD5, 0xBD, 0x02, 0xB5, 0xBD, 0x94, 0xBD, 0x94, 0xB5, 0x81, 0xB5, 0xBD,
    0x01, 0x53, 0xAD, 0xB5, 0xB5, 0x81, 0x94, 0xB5, 0x04, 0x95, 0xB5, 0xB5, 0xBD, 0xD6, 0xBD, 0xD5,
    0xBD, 0xD5, 0xC5, 0x81, 0x94, 0xB5, 0x81, 0xB5, 0xBD, 0x03, 0x74, 0xB5, 0x94, 0xBD, 0x74, 0xB5,
    0x95, 0xB5, 0x82, 0xB5, 0xBD, 0x81, 0xD5, 0xBD, 0x01, 0x94, 0xBD, 0x95, 0xBD, 0x81, 0xD5, 0xBD,
    0x02, 0xB5, 0xBD, 0x94, 0xBD, 0x94, 0xB5, 0x81, 0xB5, 0xBD, 0x01, 0x53, 0xAD, 0xB5, 0xB5, 0x81,
    0x94, 0xB5, 0x06, 0x95, 0xBD, 0xD5, 0xBD, 0xD6, 0xBD, 0xD5, 0xBD, 0xD5, 0xC5, 0x94, 0xBD, 0x94,
    0xB5, 0x81, 0xB5, 0xBD, 0x03, 0x94, 0xB5, 0x94, 0xBD, 0x74, 0xB5, 0x95, 0xB5, 0x82, 0xB5, 0xBD,
    0x81, 0xD5, 0xBD, 0x81, 0xB5, 0xBD, 0x00, 0x95, 0xBD, 0x81, 0xB5, 0xBD, 0x00, 0x53, 0xB5, 0x81,
    0x95, 0xB5, 0x81, 0x94, 0xB5, 0x00, 0xB5, 0xBD, 0x82, 0xD5, 0xBD, 0x81, 0x94, 0xB5, 0x81, 0xB5,
    0xBD, 0x01, 0x53, 0xAD, 0xB5, 0xB5, 0x81, 0x94, 0xB5, 0x06, 0xB5, 0xBD, 0xD5, 0xBD, 0xD6, 0xBD,
    0xD5, 0xBD, 0xD5, 0xC5, 0x94, 0xBD, 0x94, 0xB5, 0x81, 0xB5, 0xBD, 0x82, 0x94, 0xB5, 0x81, 0x95,
    0xB5, 0x01, 0x95, 0xBD, 0xB5, 0xBD, 0x81, 0xD5, 0xBD, 0x02, 0xB5, 0xBD, 0x95, 0xBD, 0x94, 0xB5,
    0x81, 0xB5, 0xBD, 0x0C, 0xF2, 0xA4, 0xEE, 0x83, 0x0E, 0x8C, 0x8C, 0xBB, 0xE6, 0x81, 0x8C, 0xE3,
    0x6C, 0xBB, 0x2F, 0x8C, 0x4F, 0x94, 0x94, 0xB5, 0x95, 0xBD, 0x95, 0xB5, 0xD5, 0xBD, 0x82, 0xB5,
    0xBD, 0x03, 0x95, 0xB5, 0x94, 0xB5, 0xB5, 0xBD, 0xD5, 0xBD, 0x81, 0xB5, 0xBD, 0x01, 0xD6, 0xBD,
    0x54, 0xB5, 0x83, 0xB5, 0xBD, 0x01, 0x94, 0xB5, 0xB5, 0xBD, 0x81, 0x94, 0xB5, 0x82, 0xB5, 0xBD,
    0x07, 0xD6, 0xC5, 0x95, 0xB5, 0xD6, 0xBD, 0x74, 0xB5, 0xD5, 0xBD, 0xB5, 0xBD, 0x94, 0xBD, 0xB5,
    0xBD, 0x81, 0x94, 0xB5, 0x01, 0xB5, 0xBD, 0xD6, 0xBD, 0x82, 0xD5, 0xBD, 0x01, 0x94, 0xB5, 0xB5,
    0xB5, 0x81, 0xB5, 0xBD, 0x02, 0x54, 0xB5, 0xD5, 0xBD, 0x95, 0xBD, 0x81, 0xB5, 0xBD, 0x0B, 0x94,
    0xB5, 0xB5, 0xBD, 0x95, 0xB5, 0x94, 0xB5, 0xB5, 0xBD, 0xD5, 0xBD, 0xB5, 0xBD, 0xD6, 0xC5, 0xB5,
    0xBD, 0xD6, 0xBD, 0x94, 0xB5, 0xD5, 0xBD, 0x82, 0xB5, 0xBD, 0x81, 0x94, 0xB5, 0x02, 0xB5, 0xBD,
    0xD6, 0xBD, 0xB5, 0xBD, 0x81, 0xD5, 0xBD, 0x00, 0x74, 0xB5, 0x83, 0xB5, 0xBD, 0x03, 0x94, 0xBD,
    0xB5, 0xBD, 0x94, 0xB5, 0x95, 0xB5, 0x82, 0xB5, 0xBD, 0x03, 0xD6, 0xBD, 0x74, 0xB5, 0xD6, 0xBD,
    0x94, 0xB5, 0x81, 0xB5, 0xBD, 0x04, 0x94, 0xB5, 0xB5, 0xBD, 0x95, 0xB5, 0x94, 0xB5, 0xB5, 0xBD,
    0x81, 0xD5, 0xBD, 0x00, 0xD6, 0xC5, 0x81, 0xB5, 0xBD, 0x01, 0x94, 0xB5, 0xD5, 0xBD, 0x82, 0xB5,
    0xBD, 0x81, 0x94, 0xB5, 0x02, 0xB5, 0xBD, 0xD6, 0xBD, 0xB5, 0xBD, 0x81, 0xD5, 0xBD, 0x00, 0x54,
    0xB5, 0x83, 0xB5, 0xBD, 0x13, 0x94, 0xBD, 0xB5, 0xBD, 0x53, 0xAD, 0xED, 0x83, 0x2E, 0x8C, 0x8C,
    0xBB, 0xE6, 0x81, 0x6D, 0x93, 0x6C, 0x9B, 0x4F, 0x94, 0xEE, 0x83, 0x95, 0xBD, 0x94, 0xB5, 0xD5,
    0xBD, 0xB5, 0xBD, 0x94, 0xB5, 0xB5, 0xBD, 0x95, 0xBD, 0xB5, 0xBD, 0xD5, 0xBD, 0x81, 0xB5, 0xBD,
    0x04, 0xD6, 0xC5, 0xB5, 0xBD, 0xD5, 0xBD, 0xB5, 0xBD, 0xD5, 0xBD, 0x81, 0xB5, 0xBD, 0x02, 0x94,
    0xBD, 0x94, 0xB5, 0xB5, 0xBD, 0x83, 0xD5, 0xBD, 0x07, 0xD6, 0xBD, 0xB5, 0xBD, 0xD6, 0xBD, 0x74,
    0xB5, 0xB5, 0xBD, 0xD5, 0xBD, 0x74, 0xB5, 0xB5, 0xB5, 0x81, 0xB5, 0xBD, 0x81, 0xD5, 0xBD, 0x07,
    0xB5, 0xBD, 0xD6, 0xC5, 0xB5, 0xBD, 0xD6, 0xC5, 0x94, 0xB5, 0xD5, 0xBD, 0xB5, 0xBD, 0x94, 0xB5,
    0x83, 0xB5, 0xBD, 0x81, 0x94, 0xB5, 0x00, 0xB5, 0xBD, 0x83, 0xD5, 0xBD, 0x06, 0xD6, 0xBD, 0xB5,
    0xBD, 0xD6, 0xBD, 0x74, 0xB5, 0xB5, 0xBD, 0xD5, 0xBD, 0x74, 0xB5, 0x82, 0xB5, 0xBD, 0x81, 0xD5,
    0xBD, 0x11, 0xB5, 0xBD, 0xD6, 0xC5, 0xB5, 0xBD, 0xD6, 0xBD, 0x95, 0xBD, 0xD5, 0xBD, 0xB5, 0xBD,
    0x94, 0xB5, 0xB5, 0xBD, 0x94, 0xB5, 0xB5, 0xBD, 0xD5, 0xBD, 0xB5, 0xBD, 0xD5, 0xBD, 0xD6, 0xC5,
    0xD5, 0xBD, 0xB5, 0xBD, 0xD6, 0xBD, 0x82, 0xB5, 0xBD, 0x02, 0x74, 0xB5, 0x94, 0xB5, 0xB5, 0xBD,
    0x83, 0xD5, 0xBD, 0x06, 0xD6, 0xBD, 0x95, 0xBD, 0xD6, 0xBD, 0x74, 0xB5, 0xD5, 0xBD, 0xB5, 0xBD,
    0x74, 0xB5, 0x82, 0xB5, 0xBD, 0x81, 0xD5, 0xBD, 0x19, 0xB5, 0xBD, 0xD6, 0xC5, 0xB5, 0xBD, 0xD6,
    0xBD, 0xB5, 0xBD, 0xD5, 0xBD, 0xB5, 0xBD, 0x95, 0xB5, 0x95, 0xBD, 0x94, 0xB5, 0xB5, 0xBD, 0x74,
    0xB5, 0x2E, 0x8C, 0x2F, 0x8C, 0x6C, 0xBB, 0xE6, 0x79, 0x8C, 0xBB, 0x6C, 0x9B, 0x6F, 0x94, 0xEE,
    0x83, 0x95, 0xBD, 0xD6, 0xBD, 0xD5, 0xBD, 0xB5, 0xBD, 0x95, 0xBD, 0xD5, 0xBD, 0x83, 0xB5, 0xBD,
    0x01, 0x94, 0xB5, 0xB5, 0xBD, 0x83, 0xD6, 0xBD, 0x01, 0xB5, 0xBD, 0x95, 0xBD, 0x84, 0xB5, 0xBD,
    0x05, 0x74, 0xB5, 0x95, 0xB5, 0xF6, 0xC5, 0xB5, 0xBD, 0xD6, 0xC5, 0xD6, 0xBD, 0x81, 0xB5, 0xBD,
    0x00, 0xB4, 0xBD, 0x83, 0xB5, 0xBD, 0x08, 0x95, 0xB5, 0xB5, 0xBD, 0xD5, 0xC5, 0xB5, 0xBD, 0xD6,
    0xC5, 0xD6, 0xBD, 0xD5, 0xBD, 0xB5, 0xBD, 0x95, 0xBD, 0x81, 0xD6, 0xBD, 0x86, 0xB5, 0xBD, 0x05,
    0x74, 0xB5, 0xB5, 0xB5, 0xF6, 0xC5, 0xB5, 0xBD, 0xD6, 0xC5, 0xD6, 0xBD, 0x81, 0xB5, 0xBD, 0x00,
    0x94, 0xBD, 0x83, 0xB5, 0xBD, 0x09, 0xB5, 0xB5, 0xB5, 0xBD, 0xD5, 0xBD, 0xB5, 0xBD, 0xD6, 0xC5,
    0xD6, 0xBD, 0xD5, 0xBD, 0xB5, 0xBD, 0x95, 0xBD, 0xD5, 0xBD, 0x83, 0xB5, 0xBD, 0x01, 0x74, 0xB5,
    0x95, 0xB5, 0x81, 0xD6, 0xBD, 0x01, 0xD6, 0xC5, 0xD6, 0xBD, 0x86, 0xB5, 0xBD, 0x05, 0x94, 0xB5,
    0xB5, 0xBD, 0xF6, 0xC5, 0x95, 0xBD, 0xD6, 0xC5, 0xD6, 0xBD, 0x81, 0xB5, 0xBD, 0x00, 0x94, 0xBD,
    0x83, 0xB5, 0xBD, 0x00, 0xB5, 0xB5, 0x82, 0xB5, 0xBD, 0x04, 0xD6, 0xC5, 0xD6, 0xBD, 0xD6, 0xC5,
    0xB5, 0xBD, 0x95, 0xBD, 0x82, 0xB5, 0xBD, 0x0B, 0x54, 0xB5, 0x0E, 0x84, 0xCD, 0x83, 0x6C, 0xBB,
    0xE6, 0x79, 0x8C, 0xCB, 0x6C, 0xAB, 0x0E, 0x8C, 0x2F, 0x8C, 0x94, 0xB5, 0xD6, 0xBD, 0x74, 0xB5,
    0x81, 0xD5, 0xBD, 0x82, 0xB5, 0xBD, 0x03, 0xD6, 0xC5, 0xB5, 0xBD, 0xD5, 0xBD, 0xB5, 0xBD, 0x82,
    0xD6, 0xBD, 0x00, 0xB5, 0xBD, 0x81, 0xD5, 0xBD, 0x83, 0xB5, 0xBD, 0x03, 0xD5, 0xBD, 0xB5, 0xBD,
    0xD5, 0xBD, 0xB5, 0xBD, 0x81, 0xD5, 0xBD, 0x01, 0xD6, 0xBD, 0x74, 0xB5, 0x84, 0xB5, 0xBD, 0x03,
    0xD6, 0xBD, 0xB5, 0xBD, 0xD6, 0xC5, 0x95, 0xBD, 0x81, 0xD5, 0xBD, 0x01, 0xD6, 0xBD, 0x95, 0xB5,
    0x82, 0xD6, 0xBD, 0x86, 0xB5, 0xBD, 0x03, 0xD5, 0xBD, 0xB5, 0xBD, 0xD5, 0xC5, 0xB5, 0xBD, 0x81,
    0xD5, 0xBD, 0x01, 0xD6, 0xC5, 0x74, 0xB5, 0x84, 0xB5, 0xBD, 0x09, 0xD6, 0xC5, 0xB5, 0xBD, 0xD6,
    0xC5, 0xB5, 0xBD, 0xD6, 0xBD, 0xD5, 0xBD, 0xD6, 0xBD, 0x95, 0xBD, 0xD6, 0xBD, 0xD6, 0xC5, 0x82,
    0xB5, 0xBD, 0x01, 0xD6, 0xC5, 0xD5, 0xBD, 0x81, 0xB5, 0xBD, 0x00, 0xD6, 0xBD, 0x82, 0xD5, 0xBD,
    0x02, 0x95, 0xBD, 0xB5, 0xBD, 0x95, 0xB5, 0x82, 0xB5, 0xBD, 0x03, 0xD6, 0xBD, 0xB5, 0xBD, 0xD6,
    0xC5, 0xB5, 0xBD, 0x81, 0xD5, 0xBD, 0x04, 0xD6, 0xC5, 0x74, 0xB5, 0xD5, 0xBD, 0xB5, 0xBD, 0xD5,
    0xBD, 0x81, 0xB5, 0xBD, 0x03, 0xD6, 0xC5, 0xB5, 0xBD, 0xD5, 0xC5, 0xB5, 0xBD, 0x82, 0xD6, 0xBD,
    0x02, 0x95, 0xBD, 0xD6, 0xBD, 0xD5, 0xBD, 0x82, 0xB5, 0xBD, 0x0E, 0x74, 0xB5, 0x2F, 0x8C, 0x2E,
    0x8C, 0x8C, 0xBB, 0xE6, 0x81, 0x8C, 0xC3, 0x6C, 0xB3, 0x2E, 0x8C, 0x4F, 0x94, 0x95, 0xB5, 0xD5,
    0xBD, 0xD6, 0xBD, 0xD5, 0xBD, 0xB5, 0xBD, 0xD5, 0xBD, 0x82, 0xB5, 0xBD, 0x0C, 0x95, 0xBD, 0x94,
    0xBD, 0xB5, 0xBD, 0xD6, 0xC5, 0xD5, 0xBD, 0x95, 0xBD, 0xD6, 0xBD, 0xF6, 0xC5, 0xB5, 0xBD, 0xF6,
    0xC5, 0xD5, 0xC5, 0xD5, 0xBD, 0xD6, 0xBD, 0x82, 0xB5, 0xBD, 0x07, 0xD5, 0xBD, 0xD6, 0xBD, 0xB6,
    0xBD, 0xD6, 0xBD, 0xF6, 0xC5, 0xB5, 0xBD, 0xF6, 0xC5, 0xD6, 0xC5, 0x81, 0xD5, 0xBD, 0x06, 0xB5,
    0xBD, 0x95, 0xB5, 0x94, 0xBD, 0xB5, 0xBD, 0xD6, 0xC5, 0xD6, 0xBD, 0xB5, 0xBD, 0x81, 0xD6, 0xBD,
    0x81, 0xB5, 0xBD, 0x06, 0xD6, 0xBD, 0xF6, 0xC5, 0xB5, 0xBD, 0xF6, 0xC5, 0xD6, 0xC5, 0xD5, 0xBD,
    0xD6, 0xBD, 0x81, 0xB5, 0xBD, 0x01, 0x95, 0xBD, 0xB5, 0xBD, 0x82, 0xD6, 0xBD, 0x03, 0xF6, 0xC5,
    0xB5, 0xBD, 0xD6, 0xBD, 0xD5, 0xC5, 0x82, 0xB5, 0xBD, 0x05, 0x95, 0xB5, 0x94, 0xBD, 0xB5, 0xBD,
    0xD6, 0xC5, 0xD6, 0xBD, 0xB5, 0xBD, 0x81, 0xD6, 0xBD, 0x04, 0xB5, 0xBD, 0xD6, 0xBD, 0xD5, 0xBD,
    0xB5, 0xBD, 0xD5, 0xBD, 0x82, 0xB5, 0xBD, 0x07, 0xD5, 0xC5, 0xD5, 0xBD, 0xB5, 0xBD, 0xD6, 0xBD,
    0xF6, 0xC5, 0xB5, 0xBD, 0xF6, 0xC5, 0xD6, 0xC5, 0x81, 0xD5, 0xBD, 0x03, 0xB5, 0xBD, 0x95, 0xB5,
    0x95, 0xBD, 0xB5, 0xBD, 0x82, 0xD6, 0xBD, 0x03, 0xF6, 0xC5, 0xD5, 0xBD, 0xD6, 0xBD, 0xD5, 0xBD,
    0x82, 0xB5, 0xBD, 0x05, 0x95, 0xB5, 0x94, 0xBD, 0xB5, 0xBD, 0xD6, 0xC5, 0xD5, 0xBD, 0xB5, 0xBD,
    0x81, 0xD6, 0xBD, 0x04, 0xB5, 0xBD, 0xD6, 0xC5, 0xD5, 0xBD, 0xB5, 0xBD, 0x74, 0xB5, 0x81, 0x0E,
    0x8C, 0x0E, 0x6C, 0xBB, 0xE6, 0x81, 0x8C, 0xC3, 0x8C, 0xB3, 0x90, 0x94, 0x6F, 0x94, 0xB5, 0xBD,
    0xF6, 0xC5, 0xB6, 0xBD, 0xF6, 0xC5, 0xB5, 0xBD, 0xD6, 0xC5, 0xD5, 0xBD, 0x74, 0xB5, 0xD5, 0xBD,
    0x81, 0xD6, 0xBD, 0x81, 0xF6, 0xC5, 0x0A, 0xD5, 0xBD, 0xD6, 0xBD, 0xB6, 0xBD, 0xF6, 0xC5, 0xD5,
    0xBD, 0xD6, 0xBD, 0xD5, 0xC5, 0xB5, 0xBD, 0x74, 0xB5, 0xD6, 0xBD, 0xB5, 0xBD, 0x81, 0xF6, 0xC5,
    0x0A, 0xD6, 0xBD, 0xF6, 0xBD, 0xF6, 0xC5, 0xD6, 0xC5, 0xD6, 0xBD, 0xB5, 0xBD, 0xD6, 0xC5, 0xD5,
    0xBD, 0x74, 0xB5, 0xF6, 0xC5, 0xD6, 0xBD, 0x82, 0xF6, 0xC5, 0x04, 0xD6, 0xBD, 0xF6, 0xC5, 0xB5,
    0xBD, 0xF6, 0xC5, 0xB5, 0xBD, 0x81, 0xD6, 0xBD, 0x07, 0xF6, 0xC5, 0xD5, 0xBD, 0xB5, 0xBD, 0xD5,
    0xC5, 0xB5, 0xBD, 0x74, 0xB5, 0xD6, 0xBD, 0xB5, 0xBD, 0x82, 0xF6, 0xC5, 0x09, 0xF6, 0xBD, 0xF6,
    0xC5, 0xD6, 0xC5, 0xD6, 0xBD, 0xB5, 0xBD, 0xD6, 0xC5, 0xD5, 0xBD, 0x74, 0xB5, 0xF6, 0xC5, 0xD6,
    0xBD, 0x82, 0xF6, 0xC5, 0x06, 0xD5, 0xBD, 0xD6, 0xC5, 0xB5, 0xBD, 0xF6, 0xC5, 0xB5, 0xBD, 0xD6,
    0xC5, 0xD5, 0xBD, 0x81, 0x95, 0xB5, 0x01, 0xD5, 0xBD, 0xB6, 0xBD, 0x81, 0xF6, 0xC5, 0x00, 0xD5,
    0xBD, 0x81, 0xD6, 0xBD, 0x05, 0xF6, 0xC5, 0xD6, 0xBD, 0xB5, 0xBD, 0xD5, 0xC5, 0xB5, 0xBD, 0x54,
    0xB5, 0x81, 0xD6, 0xBD, 0x82, 0xF6, 0xC5, 0x08, 0xF6, 0xBD, 0xF6, 0xC5, 0xD6, 0xBD, 0xD6, 0xC5,
    0xB5, 0xBD, 0xD6, 0xC5, 0xD5, 0xBD, 0x74, 0xB5, 0xF6, 0xBD, 0x81, 0xD6, 0xBD, 0x81, 0xF6, 0xC5,
    0x08, 0xD5, 0xBD, 0xD6, 0xBD, 0xB5, 0xBD, 0xF6, 0xC5, 0xB5, 0xBD, 0xD6, 0xBD, 0xD5, 0xBD, 0x95,
    0xB5, 0x33, 0xAD, 0x81, 0x2F, 0x8C, 0x06, 0x8C, 0xBB, 0xE6, 0x81, 0x8C, 0xCB, 0xAD, 0xB3, 0x0E,
    0x8C, 0x2E, 0x8C, 0x94, 0xB5, 0x82, 0xF6, 0xC5, 0x0A, 0xB5, 0xBD, 0xF6, 0xC5, 0xD5, 0xBD, 0x95,
    0xBD, 0x94, 0xBD, 0xF6, 0xC5, 0xD6, 0xBD, 0x94, 0xBD, 0xB5, 0xBD, 0xD5, 0xBD, 0xD6, 0xBD, 0x81,
    0xF6, 0xC5, 0x01, 0xB5, 0xBD, 0xD6, 0xC5, 0x82, 0xB5, 0xBD, 0x00, 0xD5, 0xBD, 0x83, 0xB5, 0xBD,
    0x00, 0xD5, 0xBD, 0x81, 0xF6, 0xC5, 0x01, 0xD6, 0xBD, 0xB5, 0xBD, 0x81, 0xD5, 0xBD, 0x81, 0xB5,
    0xBD, 0x81, 0xD6, 0xBD, 0x02, 0x94, 0xBD, 0xB5, 0xBD, 0xD5, 0xBD, 0x82, 0xF6, 0xC5, 0x01, 0xB5,
    0xBD, 0xD6, 0xBD, 0x81, 0xF6, 0xC5, 0x01, 0xB5, 0xBD, 0xD6, 0xBD, 0x82, 0xB5, 0xBD, 0x00, 0xD5,
    0xBD, 0x81, 0xB5, 0xBD, 0x02, 0x95, 0xBD, 0xB5, 0xBD, 0xD5, 0xBD, 0x81, 0xF6, 0xC5, 0x05, 0xF6,
    0xBD, 0xB5, 0xBD, 0xD6, 0xBD, 0xD5, 0xBD, 0x95, 0xBD, 0x94, 0xBD, 0x81, 0xD6, 0xBD, 0x03, 0x94,
    0xBD, 0xB5, 0xBD, 0xD5, 0xBD, 0xD6, 0xC5, 0x81, 0xF6, 0xC5, 0x01, 0xB5, 0xBD, 0xF6, 0xC5, 0x82,
    0xB5, 0xBD, 0x05, 0xF6, 0xC5, 0xB5, 0xBD, 0x95, 0xBD, 0xB5, 0xBD, 0xD5, 0xBD, 0xD6, 0xBD, 0x81,
    0xF6, 0xC5, 0x81, 0xD5, 0xBD, 0x02, 0xB5, 0xBD, 0xD5, 0xBD, 0xB5, 0xBD, 0x81, 0xD5, 0xBD, 0x03,
    0xD6, 0xBD, 0x94, 0xBD, 0xB5, 0xBD, 0xD5, 0xBD, 0x82, 0xF6, 0xC5, 0x04, 0xB5, 0xBD, 0xD6, 0xBD,
    0xD5, 0xBD, 0x95, 0xBD, 0x94, 0xB5, 0x81, 0xD6, 0xBD, 0x03, 0x94, 0xBD, 0xB5, 0xBD, 0xD5, 0xBD,
    0xD6, 0xC5, 0x81, 0xF6, 0xC5, 0x01, 0xB5, 0xBD, 0xF6, 0xC5, 0x81, 0xB5, 0xBD, 0x06, 0x53, 0xB5,
    0x4F, 0x94, 0x2F, 0x8C, 0x8C, 0xB3, 0xE6, 0x69, 0x8C, 0xCB, 0x6C, 0xB3, 0x81, 0x2F, 0x8C, 0x03,
    0x94, 0xBD, 0xD6, 0xC5, 0xF6, 0xC5, 0xD5, 0xBD, 0x83, 0xB5, 0xBD, 0x0F, 0xD5, 0xBD, 0xB5, 0xBD,
    0x94, 0xBD, 0xB5, 0xBD, 0xB6, 0xBD, 0xF6, 0xC5, 0xD6, 0xC5, 0xF6, 0xC5, 0xD5, 0xBD, 0xB5, 0xBD,
    0xD5, 0xBD, 0xB5, 0xBD, 0xD5, 0xBD, 0xB5, 0xBD, 0xD5, 0xBD, 0x94, 0xB5, 0x81, 0xB5, 0xBD, 0x04,
    0xD6, 0xC5, 0xB5, 0xBD, 0xD6, 0xC5, 0xF6, 0xC5, 0xD5, 0xBD, 0x81, 0xB5, 0xBD, 0x02, 0xD5, 0xBD,
    0xB5, 0xBD, 0xD5, 0xBD, 0x82, 0xB5, 0xBD, 0x00, 0xD5, 0xBD, 0x81, 0xD6, 0xC5, 0x0C, 0xF6, 0xC5,
    0xD5, 0xBD, 0xB5, 0xBD, 0xD6, 0xC5, 0xF6, 0xC5, 0xD5, 0xBD, 0xB5, 0xBD, 0xD5, 0xBD, 0xB5, 0xBD,
    0xD5, 0xBD, 0xB5, 0xBD, 0xD5, 0xBD, 0x94, 0xB5, 0x81, 0xB5, 0xBD, 0x04, 0xD6, 0xC5, 0xB5, 0xBD,
    0xD5, 0xC5, 0xF6, 0xC5, 0xD5, 0xBD, 0x81, 0xB5, 0xBD, 0x02, 0xD5, 0xBD, 0xB5, 0xBD, 0xD5, 0xBD,
    0x83, 0xB5, 0xBD, 0x04, 0xF6, 0xC5, 0xD6, 0xC5, 0xF6, 0xC5, 0xD5, 0xBD, 0x95, 0xBD, 0x84, 0xB5,
    0xBD, 0x0D, 0x94, 0xB5, 0xB5, 0xBD, 0xB6, 0xBD, 0xF6, 0xC5, 0xD5, 0xBD, 0xF6, 0xC5, 0xD6, 0xC5,
    0xB5, 0xBD, 0xD5, 0xBD, 0xB5, 0xBD, 0xD5, 0xBD, 0xB5, 0xBD, 0xD5, 0xBD, 0x94, 0xB5, 0x81, 0xB5,
    0xBD, 0x04, 0xD5, 0xBD, 0xB5, 0xBD, 0xD5, 0xC5, 0xF6, 0xC5, 0xD5, 0xBD, 0x81, 0xB5, 0xBD, 0x0C,
    0xD5, 0xBD, 0xB5, 0xBD, 0xD5, 0xBD, 0xB5, 0xBD, 0x95, 0xBD, 0xB5, 0xBD, 0xB6, 0xBD, 0xF6, 0xC5,
    0xD6, 0xC5, 0xF6, 0xC5, 0xD5, 0xBD, 0xB5, 0xBD, 0xD5, 0xBD, 0x81, 0xB5, 0xBD, 0x08, 0x53, 0xB5,
    0x0E, 0x8C, 0xCD, 0x83, 0x6C, 0x9B, 0xE6, 0x71, 0x8C, 0xD3, 0x6C, 0xBB, 0x0E, 0x8C, 0x2E, 0x8C,
    0x81, 0xB5, 0xBD, 0x07, 0xF6, 0xC5, 0xB5, 0xBD, 0xD5, 0xBD, 0xB4, 0xBD, 0xB5, 0xBD, 0x94, 0xB5,
    0xB5, 0xBD, 0x94, 0xB5, 0x81, 0xB5, 0xBD, 0x05, 0xF6, 0xC5, 0xD5, 0xC5, 0xD6, 0xC5, 0xD5, 0xBD,
    0xB5, 0xBD, 0xD5, 0xBD, 0x81, 0xB5, 0xBD, 0x02, 0x94, 0xB5, 0xB5, 0xBD, 0x94, 0xB5, 0x81, 0xB5,
    0xBD, 0x05, 0xD5, 0xBD, 0xB5, 0xBD, 0xF6, 0xC5, 0xB5, 0xBD, 0xF6, 0xC5, 0xD5, 0xBD, 0x81, 0xB5,
    0xBD, 0x00, 0x94, 0xBD, 0x81, 0xB5, 0xBD, 0x0C, 0x94, 0xB5, 0x95, 0xBD, 0xB5, 0xBD, 0xD5, 0xBD,
    0xF6, 0xC5, 0xB5, 0xBD, 0xF6, 0xC5, 0x95, 0xBD, 0xD5, 0xBD, 0xF6, 0xC5, 0xD5, 0xBD, 0xB5, 0xBD,
    0xD5, 0xBD, 0x81, 0xB5, 0xBD, 0x02, 0x94, 0xB5, 0xB5, 0xBD, 0x94, 0xB5, 0x81, 0xB5, 0xBD, 0x04,
    0xD5, 0xBD, 0xB5, 0xBD, 0xF6, 0xC5, 0xB5, 0xBD, 0xF6, 0xC5, 0x83, 0xB5, 0xBD, 0x0A, 0x94, 0xBD,
    0xB5, 0xBD, 0x94, 0xB5, 0x95, 0xBD, 0xB5, 0xBD, 0xD5, 0xBD, 0xD5, 0xC5, 0xD5, 0xBD, 0xD6, 0xC5,
    0x95, 0xBD, 0xD5, 0xBD, 0x81, 0xB5, 0xBD, 0x02, 0x94, 0xB5, 0xB5, 0xBD, 0x94, 0xB5, 0x81, 0xB5,
    0xBD, 0x05, 0xF6, 0xC5, 0xB5, 0xBD, 0xF6, 0xC5, 0xB5, 0xBD, 0xD6, 0xBD, 0xD5, 0xBD, 0x81, 0xB5,
    0xBD, 0x02, 0x94, 0xB5, 0xB5, 0xBD, 0x94, 0xBD, 0x83, 0xB5, 0xBD, 0x02, 0xF6, 0xC5, 0xB5, 0xBD,
    0xF6, 0xC5, 0x83, 0xB5, 0xBD, 0x02, 0x94, 0xBD, 0xB5, 0xBD, 0x94, 0xB5, 0x81, 0xB5, 0xBD, 0x05,
    0xD6, 0xC5, 0xD5, 0xC5, 0xD5, 0xBD, 0xD6, 0xC5, 0x95, 0xBD, 0xD5, 0xBD, 0x81, 0xB5, 0xBD, 0x07,
    0x94, 0xB5, 0x73, 0xB5, 0xED, 0x83, 0x0E, 0x8C, 0x6C, 0xCB, 0xE6, 0x79, 0x8C, 0xD3, 0x6C, 0xBB,
    0x81, 0x0E, 0x8C, 0x05, 0x74, 0xB5, 0xD6, 0xBD, 0xB5, 0xBD, 0x74, 0xB5, 0xB5, 0xBD, 0xB5, 0xB5,
    0x83, 0xB5, 0xBD, 0x02, 0x95, 0xBD, 0x95, 0xB5, 0xD5, 0xBD, 0x82, 0xB5, 0xBD, 0x02, 0x95, 0xB5,
    0x94, 0xBD, 0x95, 0xB5, 0x81, 0xB5, 0xBD, 0x09, 0x94, 0xBD, 0xD5, 0xBD, 0xB5, 0xBD, 0x95, 0xB5,
    0xD5, 0xBD, 0x95, 0xBD, 0xB5, 0xBD, 0xD6, 0xBD, 0xD5, 0xBD, 0x74, 0xB5, 0x83, 0xB5, 0xBD, 0x01,
    0xD5, 0xBD, 0xB5, 0xBD, 0x81, 0x95, 0xBD, 0x81, 0xB5, 0xBD, 0x02, 0xB6, 0xBD, 0xB5, 0xBD, 0x74,
    0xB5, 0x83, 0xB5, 0xBD, 0x01, 0x94, 0xBD, 0x95, 0xB5, 0x81, 0xB5, 0xBD, 0x09, 0x94, 0xBD, 0xD5,
    0xBD, 0xB5, 0xBD, 0x95, 0xBD, 0xB5, 0xBD, 0x95, 0xBD, 0xB5, 0xBD, 0xD6, 0xBD, 0xD5, 0xBD, 0x74,
    0xB5, 0x83, 0xB5, 0xBD, 0x03, 0xD5, 0xBD, 0xB5, 0xBD, 0x95, 0xBD, 0x95, 0xB5, 0x83, 0xB5, 0xBD,
    0x02, 0x74, 0xB5, 0xB5, 0xBD, 0x95, 0xB5, 0x81, 0xB5, 0xBD, 0x00, 0x94, 0xBD, 0x81, 0xB5, 0xBD,
    0x02, 0x74, 0xB5, 0xD5, 0xBD, 0x95, 0xBD, 0x82, 0xB5, 0xBD, 0x00, 0x74, 0xB5, 0x82, 0xB5, 0xBD,
    0x09, 0x94, 0xBD, 0xD5, 0xBD, 0xB5, 0xBD, 0x95, 0xBD, 0xB5, 0xBD, 0x95, 0xBD, 0xB5, 0xBD, 0xD6,
    0xBD, 0xB5, 0xBD, 0x74, 0xB5, 0x85, 0xB5, 0xBD, 0x02, 0x95, 0xBD, 0x95, 0xB5, 0xD5, 0xBD, 0x81,
    0xB5, 0xBD, 0x03, 0x95, 0xBD, 0x95, 0xB5, 0xB5, 0xBD, 0x95, 0xB5, 0x81, 0xB5, 0xBD, 0x10, 0x33,
    0xAD, 0x2F, 0x8C, 0x0E, 0x8C, 0x8D, 0x93, 0xE7, 0x59, 0x8C, 0xD3, 0x6C, 0xBB, 0xCD, 0x83, 0x0E,
    0x84, 0x94, 0xB5, 0x95, 0xBD, 0xB5, 0xBD, 0xD5, 0xBD, 0x95, 0xBD, 0xB5, 0xBD, 0x74, 0xB5, 0x94,
    0xB5, 0x82, 0xB5, 0xBD, 0x05, 0x95, 0xB5, 0xB5, 0xBD, 0xD5, 0xBD, 0x54, 0xAD, 0xB5, 0xBD, 0xD5,
    0xBD, 0x81, 0xB5, 0xBD, 0x01, 0x94, 0xBD, 0x53, 0xAD, 0x81, 0x94, 0xBD, 0x81, 0xB5, 0xBD, 0x03,
    0x94, 0xBD, 0xB5, 0xBD, 0x95, 0xBD, 0xD6, 0xBD, 0x81, 0xD5, 0xBD, 0x03, 0x95, 0xB5, 0x95, 0xBD,
    0x54, 0xB5, 0x94, 0xBD, 0x82, 0xB5, 0xBD, 0x07, 0x74, 0xB5, 0xB5, 0xBD, 0xD5, 0xBD, 0x94, 0xB5,
    0xB5, 0xBD, 0xD5, 0xBD, 0x95, 0xBD, 0x54, 0xB5, 0x81, 0xD5, 0xBD, 0x03, 0xB5, 0xBD, 0x95, 0xB5,
    0x94, 0xBD, 0x53, 0xAD, 0x81, 0x94, 0xBD, 0x81, 0xB5, 0xBD, 0x00, 0x94, 0xBD, 0x81, 0xB5, 0xBD,
    0x00, 0xD6, 0xBD, 0x81, 0xD5, 0xBD, 0x03, 0x95, 0xB5, 0xB5, 0xBD, 0x74, 0xB5, 0x94, 0xBD, 0x82,
    0xB5, 0xBD, 0x0D, 0x74, 0xB5, 0xB5, 0xBD, 0xD5, 0xBD, 0x74, 0xB5, 0xB5, 0xBD, 0xD5, 0xBD, 0x95,
    0xBD, 0xB5, 0xBD, 0x94, 0xB5, 0x74, 0xB5, 0xB5, 0xBD, 0x94, 0xBD, 0xB5, 0xBD, 0x95, 0xB5, 0x81,
    0xB5, 0xBD, 0x07, 0x74, 0xB5, 0xD6, 0xBD, 0xD5, 0xBD, 0xB5, 0xBD, 0x95, 0xB5, 0x94, 0xBD, 0x53,
    0xAD, 0x94, 0xBD, 0x82, 0xB5, 0xBD, 0x00, 0x74, 0xB5, 0x81, 0xB5, 0xBD, 0x82, 0xD5, 0xBD, 0x03,
    0x95, 0xB5, 0xB5, 0xBD, 0x74, 0xB5, 0x94, 0xBD, 0x82, 0xB5, 0xBD, 0x05, 0x94, 0xB5, 0xB5, 0xBD,
    0xD5, 0xBD, 0x54, 0xB5, 0xB5, 0xBD, 0xD5, 0xBD, 0x81, 0xB5, 0xBD, 0x0B, 0x94, 0xBD, 0x54, 0xB5,
    0x53, 0xAD, 0xED, 0x8B, 0x0E, 0x8C, 0x6C, 0xAB, 0xE6, 0x81, 0x8C, 0xDB, 0x6C, 0xBB, 0x0E, 0x8C,
    0x2E, 0x8C, 0x53, 0xB5, 0x81, 0xB5, 0xBD, 0x02, 0x94, 0xB5, 0xD5, 0xBD, 0x94, 0xB5, 0x82, 0xB5,
    0xBD, 0x03, 0x95, 0xB5, 0x95, 0xBD, 0xB5, 0xBD, 0x74, 0xB5, 0x81, 0xB5, 0xBD, 0x04, 0xD6, 0xBD,
    0xB5, 0xBD, 0x94, 0xB5, 0x95, 0xBD, 0xD5, 0xBD, 0x81, 0xB5, 0xBD, 0x08, 0x74, 0xB5, 0xB5, 0xBD,
    0x95, 0xBD, 0x94, 0xB5, 0xD5, 0xBD, 0x94, 0xBD, 0xB5, 0xBD, 0x94, 0xB5, 0x53, 0xAD, 0x85, 0xB5,
    0xBD, 0x00, 0x94, 0xBD, 0x84, 0xB5, 0xBD, 0x00, 0x95, 0xBD, 0x81, 0xB5, 0xBD, 0x0F, 0xD6, 0xBD,
    0xB5, 0xBD, 0x74, 0xB5, 0xB5, 0xBD, 0xD5, 0xBD, 0xB5, 0xBD, 0x95, 0xBD, 0x74, 0xB5, 0xB5, 0xBD,
    0x94, 0xBD, 0x95, 0xB5, 0xD5, 0xBD, 0x94, 0xBD, 0xB5, 0xB5, 0x94, 0xB5, 0x54, 0xB5, 0x85, 0xB5,
    0xBD, 0x00, 0x94, 0xBD, 0x83, 0xB5, 0xBD, 0x03, 0xD5, 0xBD, 0xB5, 0xBD, 0xB4, 0xBD, 0x94, 0xB5,
    0x82, 0xB5, 0xBD, 0x00, 0x74, 0xB5, 0x81, 0x95, 0xBD, 0x01, 0x74, 0xB5, 0xD5, 0xBD, 0x81, 0xB5,
    0xBD, 0x0B, 0x95, 0xB5, 0x53, 0xB5, 0xB5, 0xBD, 0xD5, 0xBD, 0xB5, 0xBD, 0x95, 0xBD, 0x94, 0xB5,
    0xB5, 0xBD, 0x94, 0xBD, 0xB5, 0xBD, 0xD5, 0xBD, 0x94, 0xBD, 0x81, 0xB5, 0xB5, 0x01, 0x74, 0xB5,
    0xD5, 0xBD, 0x84, 0xB5, 0xBD, 0x02, 0x95, 0xBD, 0xB5, 0xBD, 0x94, 0xB5, 0x81, 0xB5, 0xBD, 0x12,
    0xD6, 0xBD, 0xB5, 0xBD, 0xB4, 0xBD, 0x94, 0xB5, 0xD5, 0xBD, 0xB5, 0xBD, 0x53, 0xAD, 0xCD, 0x7B,
    0xEE, 0x83, 0x6C, 0xA3, 0xE6, 0x79, 0x8C, 0xDB, 0x6C, 0xC3, 0x2F, 0x8C, 0x0E, 0x84, 0x74, 0xB5,
    0xD5, 0xBD, 0xB5, 0xBD, 0x95, 0xBD, 0x81, 0x94, 0xB5, 0x03, 0x94, 0xBD, 0x94, 0xB5, 0x53, 0xB5,
    0xB5, 0xB5, 0x81, 0xB5, 0xBD, 0x01, 0x74, 0xB5, 0x94, 0xB5, 0x82, 0xB5, 0xBD, 0x09, 0x94, 0xB5,
    0xB5, 0xBD, 0x74, 0xB5, 0xB5, 0xBD, 0x53, 0xAD, 0x94, 0xB5, 0x95, 0xB5, 0xB5, 0xBD, 0x95, 0xBD,
    0xB5, 0xBD, 0x81, 0xD5, 0xBD, 0x04, 0xB5, 0xBD, 0x95, 0xBD, 0xB5, 0xBD, 0x74, 0xB5, 0xB5, 0xBD,
    0x81, 0x74, 0xB5, 0x00, 0xB5, 0xBD, 0x81, 0xD6, 0xBD, 0x83, 0xB5, 0xBD, 0x01, 0x94, 0xBD, 0x94,
    0xB5, 0x82, 0xB5, 0xBD, 0x07, 0x94, 0xB5, 0xB5, 0xBD, 0x74, 0xB5, 0xB5, 0xBD, 0x54, 0xAD, 0x94,
    0xB5, 0x95, 0xB5, 0xD5, 0xBD, 0x81, 0xB5, 0xBD, 0x81, 0xD5, 0xBD, 0x18, 0xB5, 0xBD, 0x95, 0xBD,
    0xB5, 0xBD, 0x94, 0xB5, 0xB5, 0xBD, 0x94, 0xB5, 0x73, 0xB5, 0xB5, 0xB5, 0xD5, 0xBD, 0xD6, 0xBD,
    0x94, 0xB5, 0xB4, 0xBD, 0xB5, 0xBD, 0x95, 0xBD, 0x94, 0xBD, 0x94, 0xB5, 0x95, 0xBD, 0x94, 0xB5,
    0xB5, 0xBD, 0x53, 0xAD, 0xB5, 0xB5, 0x95, 0xBD, 0xB5, 0xBD, 0x74, 0xB5, 0x94, 0xB5, 0x82, 0xB5,
    0xBD, 0x07, 0x94, 0xB5, 0xB5, 0xBD, 0x74, 0xB5, 0xB5, 0xBD, 0x54, 0xAD, 0x94, 0xB5, 0x95, 0xB5,
    0xD5, 0xBD, 0x81, 0xB5, 0xBD, 0x81, 0xD5, 0xBD, 0x09, 0xB5, 0xBD, 0x95, 0xBD, 0xB5, 0xBD, 0x94,
    0xB5, 0xB5, 0xBD, 0x94, 0xB5, 0x73, 0xB5, 0xB5, 0xB5, 0xD5, 0xBD, 0xB5, 0xBD, 0x81, 0x94, 0xB5,
    0x81, 0xB5, 0xBD, 0x0B, 0x94, 0xBD, 0x94, 0xB5, 0xB5, 0xBD, 0x94, 0xB5, 0xB5, 0xBD, 0xF2, 0xA4,
    0xED, 0x83, 0xEE, 0x83, 0x6D, 0x93, 0xE7, 0x59, 0x8C, 0xE3, 0x8C, 0xC3, 0x81, 0x4F, 0x94, 0x02,
    0x95, 0xB5, 0x74, 0xB5, 0x94, 0xB5, 0x82, 0xB5, 0xBD, 0x04, 0x95, 0xBD, 0x94, 0xB5, 0xB5, 0xBD,
    0x95, 0xBD, 0xD5, 0xBD, 0x81, 0xB5, 0xBD, 0x03, 0xD5, 0xBD, 0x33, 0xAD, 0xB5, 0xBD, 0x94, 0xB5,
    0x81, 0xB5, 0xBD, 0x01, 0x94, 0xB5, 0xB5, 0xBD, 0x81, 0x94, 0xB5, 0x07, 0xD5, 0xC5, 0x95, 0xBD,
    0xB5, 0xBD, 0xD5, 0xBD, 0x95, 0xB5, 0xB5, 0xBD, 0x74, 0xB5, 0xB5, 0xBD, 0x81, 0x94, 0xB5, 0x01,
    0xB5, 0xBD, 0x94, 0xB5, 0x82, 0xB5, 0xBD, 0x81, 0xD5, 0xBD, 0x02, 0xD6, 0xBD, 0x54, 0xB5, 0x95,
    0xB5, 0x81, 0xB5, 0xBD, 0x06, 0x53, 0xB5, 0xB5, 0xBD, 0x94, 0xB5, 0xB5, 0xBD, 0x94, 0xBD, 0x74,
    0xB5, 0xB5, 0xBD, 0x81, 0x94, 0xB5, 0x03, 0xD5, 0xBD, 0x95, 0xBD, 0xB5, 0xBD, 0xD5, 0xBD, 0x81,
    0xB5, 0xBD, 0x05, 0x74, 0xB5, 0xB5, 0xBD, 0x94, 0xBD, 0x95, 0xBD, 0xB5, 0xBD, 0x94, 0xB5, 0x83,
    0xB5, 0xBD, 0x03, 0xD5, 0xBD, 0xD6, 0xBD, 0x53, 0xB5, 0xB5, 0xB5, 0x82, 0xB5, 0xBD, 0x12, 0x94,
    0xBD, 0x95, 0xB5, 0xB4, 0xB5, 0x95, 0xB5, 0xD6, 0xC5, 0x95, 0xBD, 0xB5, 0xBD, 0xD5, 0xBD, 0x54,
    0xB5, 0xB5, 0xBD, 0x94, 0xB5, 0xB5, 0xBD, 0x94, 0xB5, 0x74, 0xB5, 0xB5, 0xBD, 0x94, 0xB5, 0x94,
    0xBD, 0xD5, 0xBD, 0xB5, 0xBD, 0x81, 0xD5, 0xBD, 0x04, 0xB5, 0xBD, 0x95, 0xBD, 0x94, 0xB5, 0xB5,
    0xBD, 0x94, 0xBD, 0x81, 0xB5, 0xBD, 0x00, 0x94, 0xB5, 0x84, 0xB5, 0xBD, 0x03, 0xD5, 0xBD, 0x33,
    0xB5, 0xB5, 0xBD, 0x95, 0xBD, 0x81, 0xB5, 0xBD, 0x0F, 0x94, 0xB5, 0xB5, 0xBD, 0x53, 0xAD, 0xED,
    0x83, 0x4F, 0x94, 0x8C, 0xA3, 0xE6, 0x69, 0x8C, 0xE3, 0x8C, 0xC3, 0x4F, 0x94, 0x0E, 0x84, 0x95,
    0xBD, 0x95, 0xB5, 0xD5, 0xBD, 0xB5, 0xBD, 0x94, 0xB5, 0x85, 0xB5, 0xBD, 0x00, 0xF6, 0xBD, 0x81,
    0xD5, 0xBD, 0x01, 0xB5, 0xBD, 0xD5, 0xBD, 0x81, 0xB5, 0xBD, 0x01, 0x95, 0xBD, 0x95, 0xB5, 0x83,
    0xB5, 0xBD, 0x04, 0xF6, 0xBD, 0xD6, 0xBD, 0xB5, 0xBD, 0xD6, 0xBD, 0x94, 0xB5, 0x81, 0xB5, 0xBD,
    0x00, 0x74, 0xB5, 0x84, 0xB5, 0xBD, 0x81, 0xD6, 0xBD, 0x07, 0xB5, 0xBD, 0xD6, 0xBD, 0x95, 0xB5,
    0xD5, 0xBD, 0xB5, 0xBD, 0x94, 0xB5, 0xB5, 0xBD, 0xD5, 0xBD, 0x81, 0xB5, 0xBD, 0x01, 0x94, 0xBD,
    0x95, 0xB5, 0x83, 0xB5, 0xBD, 0x81, 0xD6, 0xBD, 0x02, 0xB5, 0xBD, 0xD6, 0xBD, 0x94, 0xB5, 0x81,
    0xB5, 0xBD, 0x00, 0x74, 0xB5, 0x84, 0xB5, 0xBD, 0x81, 0xD6, 0xBD, 0x05, 0xB5, 0xBD, 0xD6, 0xBD,
    0x95, 0xBD, 0xD5, 0xBD, 0xB5, 0xBD, 0x94, 0xB5, 0x85, 0xB5, 0xBD, 0x01, 0xF6, 0xBD, 0xD5, 0xBD,
    0x84, 0xB5, 0xBD, 0x01, 0x94, 0xB5, 0x95, 0xB5, 0x83, 0xB5, 0xBD, 0x81, 0xD6, 0xBD, 0x02, 0xB5,
    0xBD, 0xD6, 0xBD, 0x94, 0xB5, 0x81, 0xB5, 0xBD, 0x00, 0x74, 0xB5, 0x84, 0xB5, 0xBD, 0x07, 0xD5,
    0xBD, 0xD6, 0xBD, 0xB5, 0xBD, 0xD5, 0xBD, 0xB5, 0xBD, 0xD5, 0xBD, 0xB5, 0xBD, 0x94, 0xB5, 0x82,
    0xB5, 0xBD, 0x00, 0x53, 0xB5, 0x81, 0x0E, 0x8C, 0x06, 0x8C, 0xAB, 0xE6, 0x69, 0x8C, 0xEB, 0x6C,
    0xCB, 0x4F, 0x94, 0x2E, 0x8C, 0xB5, 0xBD, 0x82, 0xD5, 0xBD, 0x81, 0xB5, 0xBD, 0x07, 0x94, 0xB5,
    0xB5, 0xBD, 0xD5, 0xBD, 0xB5, 0xBD, 0x94, 0xBD, 0xB5, 0xBD, 0xB6, 0xBD, 0xF6, 0xC5, 0x81, 0xD6,
    0xBD, 0x00, 0xD5, 0xBD, 0x82, 0xB5, 0xBD, 0x81, 0xD5, 0xBD, 0x02, 0xB5, 0xBD, 0x94, 0xBD, 0x95,
    0xB5, 0x81, 0xD6, 0xBD, 0x01, 0xF6, 0xC5, 0xD6, 0xBD, 0x81, 0xD5, 0xBD, 0x83, 0xB5, 0xBD, 0x00,
    0xD5, 0xBD, 0x81, 0xB5, 0xBD, 0x02, 0xD5, 0xBD, 0xB5, 0xBD, 0xF6, 0xC5, 0x82, 0xD6, 0xBD, 0x00,
    0xB5, 0xBD, 0x81, 0xD6, 0xBD, 0x00, 0xD5, 0xBD, 0x82, 0xB5, 0xBD, 0x81, 0xD5, 0xBD, 0x02, 0xB5,
    0xBD, 0x94, 0xBD, 0x95, 0xB5, 0x81, 0xD6, 0xBD, 0x00, 0xF6, 0xC5, 0x82, 0xD5, 0xBD, 0x81, 0xB5,
    0xBD, 0x02, 0x95, 0xBD, 0xB5, 0xBD, 0xD5, 0xBD, 0x81, 0xB5, 0xBD, 0x05, 0xD5, 0xBD, 0xB5, 0xBD,
    0xF6, 0xC5, 0xD6, 0xBD, 0xD6, 0xC5, 0xD6, 0xBD, 0x81, 0xB5, 0xBD, 0x03, 0x94, 0xB5, 0xB5, 0xBD,
    0xD5, 0xBD, 0xB5, 0xBD, 0x81, 0x94, 0xBD, 0x01, 0xD6, 0xBD, 0xF6, 0xC5, 0x81, 0xD6, 0xBD, 0x00,
    0xD5, 0xBD, 0x82, 0xB5, 0xBD, 0x00, 0xD5, 0xBD, 0x81, 0xB5, 0xBD, 0x04, 0x94, 0xBD, 0x95, 0xB5,
    0xD6, 0xBD, 0xD5, 0xBD, 0xF6, 0xC5, 0x82, 0xD5, 0xBD, 0x81, 0xB5, 0xBD, 0x02, 0x94, 0xB5, 0xB5,
    0xBD, 0xD5, 0xBD, 0x83, 0xB5, 0xBD, 0x03, 0xF6, 0xC5, 0xD6, 0xBD, 0xD6, 0xC5, 0xD6, 0xBD, 0x81,
    0xB5, 0xBD, 0x12, 0x94, 0xB5, 0xB5, 0xBD, 0x74, 0xB5, 0xEE, 0x83, 0xED, 0x83, 0x6C, 0xB3, 0xE6,
    0x69, 0x8C, 0xEB, 0x6C, 0xCB, 0x0E, 0x8C, 0xEE, 0x83, 0x2E, 0x8C, 0x70, 0x94, 0x0E, 0x8C, 0x4F,
    0x8C, 0x2F, 0x8C, 0x6F, 0x94, 0x4F, 0x94, 0x2E, 0x8C, 0x82, 0x4F, 0x94, 0x03, 0x0E, 0x8C, 0x6F,
    0x94, 0x0E, 0x8C, 0x4F, 0x94, 0x81, 0x2F, 0x8C, 0x00, 0x4F, 0x8C, 0x82, 0x2E, 0x8C, 0x81, 0x4F,
    0x94, 0x81, 0x2F, 0x8C, 0x09, 0x4F, 0x94, 0xEE, 0x8B, 0x2F, 0x8C, 0x70, 0x94, 0x0E, 0x8C, 0x2F,
    0x8C, 0x0E, 0x8C, 0x4F, 0x8C, 0x4F, 0x94, 0x2E, 0x8C, 0x81, 0x4F, 0x94, 0x06, 0x6F, 0x94, 0x0E,
    0x8C, 0x2F, 0x8C, 0x0E, 0x8C, 0x70, 0x94, 0x0E, 0x8C, 0x4F, 0x8C, 0x81, 0x4F, 0x94, 0x82, 0x2F,
    0x8C, 0x81, 0x2E, 0x8C, 0x0B, 0x2F, 0x8C, 0x2F, 0x94, 0x4F, 0x94, 0x2F, 0x8C, 0x4F, 0x94, 0x4F,
    0x8C, 0xEE, 0x8B, 0x2E, 0x8C, 0x70, 0x94, 0x0E, 0x8C, 0x2F, 0x8C, 0x2E, 0x8C, 0x81, 0x4F, 0x94,
    0x00, 0x2E, 0x8C, 0x81, 0x4F, 0x94, 0x06, 0x6F, 0x94, 0x0E, 0x8C, 0x2F, 0x8C, 0x0E, 0x8C, 0x70,
    0x94, 0x0E, 0x8C, 0x4F, 0x8C, 0x82, 0x4F, 0x94, 0x00, 0x2E, 0x8C, 0x81, 0x4F, 0x94, 0x05, 0x2F,
    0x8C, 0x0E, 0x8C, 0x6F, 0x94, 0x0E, 0x8C, 0x4F, 0x94, 0x4F, 0x8C, 0x81, 0x2F, 0x8C, 0x0D, 0x0E,
    0x8C, 0x2E, 0x8C, 0x2F, 0x8C, 0x2F, 0x94, 0x4F, 0x94, 0x4F, 0x8C, 0x4F, 0x94, 0x2E, 0x8C, 0x0E,
    0x8C, 0x2E, 0x8C, 0x70, 0x94, 0x0E, 0x8C, 0x2F, 0x8C, 0x2E, 0x8C, 0x81, 0x4F, 0x94, 0x00, 0x2E,
    0x8C, 0x81, 0x4F, 0x94, 0x06, 0x6F, 0x94, 0x0E, 0x8C, 0x4F, 0x8C, 0x0E, 0x8C, 0x70, 0x94, 0x0F,
    0x8C, 0x4F, 0x8C, 0x81, 0x4F, 0x94, 0x08, 0x2F, 0x8C, 0x2E, 0x8C, 0x4F, 0x94, 0x2F, 0x8C, 0x2E,
    0x8C, 0x6C, 0xCB, 0xE6, 0x81, 0x8C, 0xF3, 0x8C, 0xD3, 0x81, 0x4F, 0x94, 0x02, 0xEE, 0x83, 0x4F,
    0x8C, 0x2F, 0x8C, 0x81, 0x4F, 0x8C, 0x81, 0x0E, 0x8C, 0x0F, 0x0E, 0x84, 0x0E, 0x8C, 0xCD, 0x83,
    0x2F, 0x8C, 0x2E, 0x8C, 0x4F, 0x94, 0xEE, 0x83, 0x0E, 0x84, 0x4F, 0x8C, 0x4F, 0x94, 0x2E, 0x8C,
    0x4F, 0x8C, 0x2F, 0x94, 0x0E, 0x8C, 0x2F, 0x8C, 0x0F, 0x8C, 0x81, 0x0E, 0x8C, 0x03, 0x4F, 0x94,
    0x2E, 0x8C, 0xEE, 0x83, 0x6F, 0x94, 0x81, 0x2F, 0x8C, 0x01, 0x6F, 0x94, 0x2E, 0x8C, 0x81, 0x0E,
    0x8C, 0x05, 0xEE, 0x8B, 0xAD, 0x7B, 0x0E, 0x8C, 0x2F, 0x94, 0x4F, 0x94, 0xEE, 0x83, 0x81, 0x2F,
    0x8C, 0x10, 0x4F, 0x94, 0x2E, 0x8C, 0xEE, 0x83, 0x4F, 0x8C, 0x4F, 0x94, 0x2E, 0x8C, 0x4F, 0x8C,
    0x4F, 0x94, 0x0E, 0x8C, 0x2F, 0x8C, 0x0E, 0x8C, 0x0E, 0x84, 0x0E, 0x8C, 0x2F, 0x94, 0x2F, 0x8C,
    0xEE, 0x83, 0x4F, 0x94, 0x81, 0x2F, 0x8C, 0x0C, 0x4F, 0x8C, 0x2E, 0x8C, 0x0E, 0x8C, 0x0E, 0x84,
    0xEE, 0x8B, 0xAD, 0x7B, 0x0E, 0x8C, 0x2F, 0x94, 0x4F, 0x94, 0xEE, 0x83, 0x2E, 0x8C, 0x2F, 0x8C,
    0x4F, 0x94, 0x82, 0x2E, 0x8C, 0x07, 0x0E, 0x84, 0x0E, 0x8C, 0xEE, 0x83, 0x2F, 0x8C, 0x0E, 0x8C,
    0x4F, 0x94, 0x0E, 0x84, 0xEE, 0x83, 0x81, 0x4F, 0x8C, 0x0B, 0x2E, 0x8C, 0x6F, 0x94, 0x4F, 0x94,
    0x0E, 0x8C, 0x2E, 0x8C, 0x0E, 0x8C, 0xEE, 0x83, 0x0E, 0x8C, 0x2F, 0x94, 0x4F, 0x8C, 0xEE, 0x83,
    0x4F, 0x94, 0x81, 0x2F, 0x8C, 0x0C, 0x4F, 0x8C, 0x2E, 0x8C, 0x0E, 0x8C, 0x0E, 0x84, 0xEE, 0x8B,
    0xAD, 0x7B, 0x2F, 0x8C, 0x2E, 0x8C, 0x4F, 0x94, 0xEE, 0x83, 0x0E, 0x8C, 0x4F, 0x8C, 0x4F, 0x94,
    0x82, 0x2E, 0x8C, 0x82, 0x0E, 0x8C, 0x1A, 0x2F, 0x8C, 0x6C, 0x9B, 0xE6, 0x71, 0x8C, 0xF3, 0xCD,
    0xDB, 0xD1, 0xB4, 0x90, 0xAC, 0xB0, 0xAC, 0xB1, 0xAC, 0x4F, 0xA4, 0x70, 0xA4, 0x50, 0x9C, 0x0E,
    0x94, 0x50, 0xAC, 0x2F, 0x9C, 0x90, 0x9C, 0x70, 0xA4, 0x90, 0xA4, 0x70, 0xA4, 0x90, 0xA4, 0x70,
    0x9C, 0x90, 0xA4, 0x4F, 0x9C, 0x90, 0x9C, 0x30, 0x94, 0x2F, 0x9C, 0x50, 0xA4, 0x81, 0x6F, 0xA4,
    0x81, 0x90, 0xAC, 0x0B, 0x6F, 0xA4, 0xB1, 0xAC, 0x90, 0xB4, 0xB0, 0xAC, 0x91, 0xAC, 0x70, 0xA4,
    0x4F, 0xA4, 0x2F, 0xA4, 0x4F, 0xA4, 0x70, 0xA4, 0x2F, 0xA4, 0x90, 0xAC, 0x81, 0x70, 0xA4, 0x00,
    0xB1, 0xAC, 0x81, 0x90, 0xAC, 0x0B, 0x91, 0xAC, 0x2F, 0xA4, 0x90, 0xAC, 0x50, 0xA4, 0x90, 0xAC,
    0x4F, 0xA4, 0x90, 0xAC, 0x2F, 0x9C, 0x2F, 0x94, 0x50, 0xA4, 0x6F, 0xA4, 0x4F, 0x94, 0x81, 0x90,
    0xA4, 0x0C, 0x6F, 0xA4, 0xB1, 0xAC, 0x90, 0xA4, 0xB1, 0xA4, 0xB1, 0xAC, 0x70, 0x9C, 0x50, 0x94,
    0x4F, 0x9C, 0x2F, 0xA4, 0x70, 0xA4, 0x2F, 0xA4, 0x90, 0xAC, 0x70, 0xA4, 0x82, 0x90, 0xAC, 0x07,
    0x90, 0xB4, 0x90, 0xAC, 0x2F, 0x9C, 0x90, 0xA4, 0x50, 0xA4, 0x0E, 0xA4, 0x50, 0xAC, 0x4F, 0xA4,
    0x81, 0x70, 0xAC, 0x06, 0x90, 0xAC, 0x6F, 0xA4, 0x90, 0xAC, 0x70, 0xAC, 0x90, 0xAC, 0x70, 0xA4,
    0x90, 0xAC, 0x81, 0x2F, 0xA4, 0x03, 0x50, 0xA4, 0x70, 0x9C, 0x4F, 0x9C, 0x90, 0xAC, 0x81, 0x70,
    0xAC, 0x03, 0xB1, 0xB4, 0x90, 0xAC, 0xB0, 0xAC, 0xB1, 0xAC, 0x81, 0x70, 0xA4, 0x05, 0x50, 0x9C,
    0x2F, 0x94, 0x50, 0xAC, 0x2F, 0x94, 0x90, 0x9C, 0x70, 0xA4, 0x84, 0x90, 0xA4, 0x0B, 0x2F, 0x94,
    0x90, 0x9C, 0x50, 0x94, 0x2E, 0x9C, 0x50, 0xA4, 0x4F, 0xA4, 0x70, 0xA4, 0x70, 0xAC, 0x90, 0xAC,
    0x8C, 0xD3, 0xE6, 0x89, 0xE9, 0xC2, 0x81, 0x88, 0xBA, 0x81, 0x88, 0xB2, 0x03, 0x88, 0xAA, 0x88,
    0xA2, 0x69, 0x82, 0x69, 0x72, 0x81, 0x88, 0xAA, 0x02, 0x69, 0x6A, 0x69, 0x72, 0x88, 0x9A, 0x83,
    0x88, 0xA2, 0x81, 0x69, 0x82, 0x03, 0x88, 0xA2, 0x88, 0x9A, 0x69, 0x6A, 0x69, 0x82, 0x83, 0x88,
    0xAA, 0x00, 0x88, 0xB2, 0x81, 0x88, 0xBA, 0x01, 0x88, 0xB2, 0x88, 0xAA, 0x81, 0x88, 0xA2, 0x02,
    0x88, 0x9A, 0x88, 0xAA, 0x88, 0xB2, 0x86, 0x88, 0xAA, 0x84, 0x88, 0xB2, 0x07, 0x88, 0xAA, 0x88,
    0x92, 0x69, 0x6A, 0x89, 0x8A, 0x88, 0xB2, 0x69, 0x8A, 0x69, 0x62, 0x88, 0x92, 0x83, 0x88, 0xA2,
    0x06, 0x89, 0x92, 0x69, 0x7A, 0x88, 0x92, 0x88, 0xA2, 0x69, 0x82, 0x69, 0x72, 0x88, 0x9A, 0x83,
    0x88, 0xAA, 0x82, 0x88, 0xBA, 0x81, 0x88, 0xAA, 0x02, 0x88, 0xA2, 0x88, 0x9A, 0x88, 0xA2, 0x81,
    0x88, 0xB2, 0x86, 0x88, 0xAA, 0x84, 0x88, 0xB2, 0x03, 0x89, 0x82, 0x69, 0x72, 0x69, 0x82, 0x88,
    0xB2, 0x81, 0x88, 0xBA, 0x81, 0x88, 0xB2, 0x08, 0x88, 0xAA, 0x88, 0xA2, 0x69, 0x7A, 0x69, 0x72,
    0x88, 0xAA, 0x88, 0xA2, 0x69, 0x62, 0x69, 0x7A, 0x88, 0x9A, 0x82, 0x88, 0xA2, 0x00, 0x88, 0x9A,
    0x81, 0x69, 0x82, 0x03, 0x88, 0xA2, 0x88, 0x92, 0x69, 0x6A, 0x89, 0x8A, 0x83, 0x88, 0xAA, 0x05,
    0x88, 0xB2, 0x85, 0x79, 0xA2, 0x28, 0xC1, 0x70, 0xC0, 0xC0, 0xC1, 0xB0, 0x81, 0xC2, 0x60, 0x06,
    0xC1, 0xA8, 0xC1, 0xB8, 0xC1, 0x88, 0xC2, 0x48, 0xC2, 0x30, 0xC2, 0x60, 0xC1, 0x90, 0x84, 0xC1,
    0x98, 0x81, 0xC1, 0xA0, 0x06, 0xC1, 0xA8, 0xC1, 0x70, 0xC1, 0x78, 0xC1, 0x88, 0xC2, 0x50, 0xC1,
    0xB0, 0xC0, 0xC0, 0x81, 0xC0, 0xB8, 0x04, 0xE0, 0xC8, 0xE0, 0xD0, 0xC0, 0xC0, 0xC0, 0xB0, 0xC1,
    0xA8, 0x81, 0xC1, 0xA0, 0x81, 0xC1, 0x98, 0x86, 0xC0, 0xB8, 0x81, 0xC0, 0xC0, 0x09, 0xC0, 0xC8,
    0xE0, 0xC8, 0xC2, 0x50, 0xC1, 0x88, 0xC0, 0xB8, 0xC1, 0xA0, 0xC2, 0x60, 0xC2, 0x30, 0xC2, 0x48,
    0xC1, 0x80, 0x84, 0xC1, 0x98, 0x81, 0xC1, 0xA0, 0x07, 0xC1, 0xA8, 0xC1, 0x98, 0xC2, 0x48, 0xC1,
    0xA0, 0xC2, 0x48, 0xC1, 0x90, 0xC0, 0xB8, 0xC0, 0xC0, 0x81, 0xC0, 0xB8, 0x01, 0xE0, 0xD0, 0xE0,
    0xC8, 0x81, 0xC0, 0xB0, 0x04, 0xC1, 0xA8, 0xC1, 0xA0, 0xC1, 0x98, 0xC1, 0x90, 0xC0, 0xA8, 0x85,
    0xC0, 0xB8, 0x81, 0xC0, 0xC0, 0x81, 0xC0, 0xC8, 0x81, 0xE0, 0xC8, 0x0F, 0xC1, 0x80, 0xC2, 0x38,
    0xA2, 0x20, 0xA2, 0x30, 0xC1, 0x80, 0xC0, 0xC0, 0xC1, 0xA8, 0xC2, 0x58, 0xC1, 0x68, 0xC1, 0xB0,
    0xC1, 0xB8, 0xC1, 0x80, 0xC2, 0x40, 0xC2, 0x30, 0xC1, 0x68, 0xC1, 0x90, 0x84, 0xC1, 0x98, 0x81,
    0xC1, 0xA0, 0x06, 0xC1, 0xA8, 0xC2, 0x60, 0xC1, 0x88, 0xC1, 0x78, 0xC2, 0x60, 0xC0, 0xB8, 0xC0,
    0xC0, 0x81, 0xC0, 0xB8, 0x00, 0xE0, 0xD0, 0x81, 0xC2, 0x30, 0x08, 0xC2, 0x58, 0xC1, 0x78, 0xE1,
    0xA8, 0xC2, 0x78, 0xC2, 0x58, 0xC2, 0x50, 0xC2, 0x68, 0xC1, 0x80, 0xE1, 0x90, 0x86, 0xE1, 0x98,
    0x81, 0xE1, 0xA0, 0x07, 0xE1, 0xA8, 0xE1, 0xB0, 0xC1, 0x88, 0xC2, 0x78, 0xE1, 0xA0, 0xC2, 0x58,
    0xE1, 0xC0, 0xE0, 0xD8, 0x81, 0xE0, 0xC8, 0x06, 0xE0, 0xE0, 0xE0, 0xD0, 0xE0, 0xB8, 0xE1, 0xB8,
    0xE1, 0xB0, 0xE1, 0xA8, 0xE1, 0xA0, 0x81, 0xE1, 0x98, 0x00, 0xC1, 0xA8, 0x82, 0xE0, 0xC8, 0x82,
    0xE0, 0xD0, 0x00, 0xE0, 0xD8, 0x81, 0xE0, 0xE0, 0x06, 0xC1, 0x90, 0xC2, 0x60, 0xC2, 0x50, 0xC2,
    0x60, 0xC2, 0x78, 0xC1, 0x88, 0xE1, 0x90, 0x85, 0xE1, 0x98, 0x81, 0xE1, 0xA0, 0x82, 0xE1, 0xA8,
    0x03, 0xC2, 0x60, 0xE1, 0xA0, 0xC2, 0x60, 0xC1, 0x90, 0x81, 0xE0, 0xD0, 0x00, 0xE0, 0xC8, 0x81,
    0xE0, 0xD8, 0x01, 0xE0, 0xC0, 0xE1, 0xB8, 0x81, 0xE1, 0xB0, 0x04, 0xE1, 0xA8, 0xE1, 0xA0, 0xE1,
    0x98, 0xC1, 0xA0, 0xE1, 0xB8, 0x82, 0xE0, 0xC8, 0x81, 0xE0, 0xD0, 0x81, 0xE0, 0xD8, 0x82, 0xE0,
    0xE0, 0x02, 0xC1, 0x98, 0xC2, 0x40, 0xC2, 0x20, 0x81, 0xC2, 0x30, 0x03, 0xC2, 0x58, 0xC1, 0x88,
    0xE1, 0xA0, 0xC2, 0x70, 0x81, 0xC2, 0x50, 0x02, 0xC2, 0x68, 0xC1, 0x80, 0xE1, 0x90, 0x86, 0xE1,
    0x98, 0x81, 0xE1, 0xA0, 0x01, 0xE1, 0xA8, 0xE1, 0xB0, 0x81, 0xC1, 0x80, 0x03, 0xC1, 0x98, 0xC2,
    0x68, 0xE0, 0xC8, 0xE0, 0xD8, 0x81, 0xE0, 0xC8, 0x05, 0xC2, 0x40, 0xC2, 0x48, 0xC2, 0x70, 0xE1,
    0xA0, 0xC2, 0x40, 0xC1, 0x80, 0x82, 0xE1, 0xA0, 0x00, 0xE1, 0x98, 0x87, 0xE1, 0x90, 0x81, 0xE1,
    0x98, 0x81, 0xE1, 0xA0, 0x0D, 0xE1, 0xA8, 0xE1, 0x98, 0xC2, 0x68, 0xE1, 0xA8, 0xC2, 0x68, 0xE1,
    0xB8, 0xE0, 0xD8, 0xE0, 0xD0, 0xE0, 0xC0, 0xE1, 0xB8, 0xC1, 0xA8, 0xC1, 0xB0, 0xE1, 0xB0, 0xE1,
    0xA8, 0x82, 0xE1, 0xA0, 0x00, 0xE1, 0xB8, 0x81, 0xE0, 0xC8, 0x01, 0xE0, 0xD0, 0xE0, 0xD8, 0x83,
    0xE0, 0xE0, 0x02, 0xE0, 0xE8, 0xC2, 0x60, 0xE1, 0x98, 0x81, 0xE1, 0xA0, 0x81, 0xE1, 0x98, 0x87,
    0xE1, 0x90, 0x81, 0xE1, 0x98, 0x00, 0xE1, 0xA0, 0x81, 0xE1, 0xA8, 0x01, 0xC2, 0x78, 0xC1, 0x90,
    0x81, 0xC1, 0x88, 0x81, 0xE0, 0xD8, 0x0A, 0xE0, 0xC8, 0xE1, 0xB8, 0xE1, 0xB0, 0xC1, 0xA8, 0xE1,
    0xB8, 0xE1, 0xB0, 0xE1, 0xA8, 0xE1, 0xA0, 0xE1, 0x98, 0xE1, 0xB0, 0xE0, 0xC0, 0x81, 0xE0, 0xC8,
    0x00, 0xE0, 0xD8, 0x83, 0xE0, 0xE0, 0x81, 0xE0, 0xE8, 0x09, 0xE0, 0xE0, 0xC1, 0x80, 0xC2, 0x38,
    0xC2, 0x28, 0xC2, 0x40, 0xC2, 0x48, 0xC2, 0x80, 0xC1, 0x90, 0xC2, 0x48, 0xC1, 0x88, 0x82, 0xE1,
    0xA0, 0x00, 0xE1, 0x98, 0x87, 0xE1, 0x90, 0x81, 0xE1, 0x98, 0x00, 0xE1, 0xA0, 0x81, 0xE1, 0xA8,
    0x0B, 0xE1, 0x98, 0xC2, 0x68, 0xE1, 0xA0, 0xC2, 0x60, 0xE1, 0xC0, 0xE0, 0xD8, 0xE0, 0xC8, 0xE1,
    0x98, 0xE1, 0xA0, 0xE1, 0xB8, 0xC2, 0x50, 0xC1, 0x80, 0x81, 0xE1, 0xA8, 0x01, 0xE1, 0xA0, 0xE1,
    0x98, 0x81, 0xE1, 0x90, 0x81, 0xE1, 0x88, 0x82, 0xC1, 0x80, 0x00, 0xC1, 0x88, 0x81, 0xE1, 0x88,
    0x81, 0xE1, 0x90, 0x01, 0xE1, 0x98, 0xE1, 0xA0, 0x81, 0xE1, 0xA8, 0x05, 0xC2, 0x70, 0xC1, 0x98,
    0xC1, 0x78, 0xE1, 0xC0, 0xE0, 0xE0, 0xE0, 0xC8, 0x81, 0xE1, 0xB0, 0x04, 0xC1, 0xA0, 0xC1, 0x90,
    0xC1, 0xA0, 0xE1, 0xA8, 0xE1, 0xB0, 0x82, 0xE0, 0xC8, 0x83, 0xE0, 0xD0, 0x00, 0xE0, 0xD8, 0x81,
    0xE0, 0xE0, 0x00, 0xE0, 0xD0, 0x81, 0xE1, 0xA8, 0x01, 0xE1, 0xA0, 0xE1, 0x98, 0x81, 0xE1, 0x90,
    0x81, 0xE1, 0x88, 0x00, 0xC1, 0x88, 0x82, 0xC1, 0x80, 0x81, 0xE1, 0x88, 0x81, 0xE1, 0x90, 0x07,
    0xE1, 0x98, 0xE1, 0xA0, 0xE1, 0xA8, 0xE1, 0xB0, 0xC1, 0x90, 0xC2, 0x80, 0xE1, 0x98, 0xC1, 0x90,
    0x81, 0xE0, 0xD8, 0x04, 0xE1, 0xB8, 0xE1, 0xB0, 0xC1, 0xA8, 0xC1, 0x90, 0xC1, 0x98, 0x81, 0xE1,
    0xA8, 0x00, 0xE1, 0xB8, 0x81, 0xE0, 0xC8, 0x83, 0xE0, 0xD0, 0x00, 0xE0, 0xD8, 0x82, 0xE0, 0xE0,
    0x00, 0xE1, 0xB0, 0x81, 0xC2, 0x68, 0x07, 0xC2, 0x80, 0xC1, 0x90, 0xE1, 0x98, 0xE1, 0xA0, 0xE1,
    0xB0, 0xC2, 0x40, 0xC1, 0x88, 0xE1, 0xA8, 0x81, 0xE1, 0xA0, 0x00, 0xE1, 0x98, 0x81, 0xE1, 0x90,
    0x01, 0xE1, 0x88, 0xC1, 0x88, 0x82, 0xC1, 0x80, 0x00, 0xC1, 0x88, 0x81, 0xE1, 0x88, 0x00, 0xE1,
    0x90, 0x81, 0xE1, 0x98, 0x00, 0xE1, 0xA0, 0x81, 0xE1, 0xA8, 0x04, 0xC2, 0x70, 0xC1, 0xA0, 0xC1,
    0x70, 0xE0, 0xC8, 0xE0, 0xE0,
};
