// Generated from: title.png by tools/png2rle565.py
// Format: RGB565_LE, run length encoded, draw with drawImageRLE() or drawImageRLETransparent()
// Original size: 128x128 = 32768 bytes, encoded: 24237 bytes

const uint16_t default_title_width = 128;
const uint16_t default_title_height = 128;

const uint8_t default_title_rle[] PLATFORM_PROGMEM = {
    0x84, 0x02, 0xC3, 0x00, 0xE2, 0xC2, 0x83, 0x02, 0xC3, 0x81, 0x23, 0xCB, 0x02, 0x02, 0xCB, 0x02,
    0xC3, 0x23, 0xCB, 0x88, 0x02, 0xC3, 0x82, 0xE2, 0xC2, 0x82, 0x02, 0xC3, 0x83, 0xE2, 0xC2, 0x83,
    0x02, 0xC3, 0x00, 0xE2, 0xC2, 0x81, 0x02, 0xC3, 0x01, 0xE2, 0xC2, 0x02, 0xC3, 0x81, 0xE2, 0xC2,
    0x00, 0x02, 0xC3, 0x85, 0xE2, 0xC2, 0x00, 0x02, 0xC3, 0x83, 0xE2, 0xC2, 0x8E, 0x02, 0xC3, 0x00,
    0xE2, 0xC2, 0x83, 0x02, 0xC3, 0x00, 0x23, 0xCB, 0x81, 0x02, 0xCB, 0x01, 0x02, 0xC3, 0x23, 0xCB,
    0x88, 0x02, 0xC3, 0x82, 0xE2, 0xC2, 0x82, 0x02, 0xC3, 0x83, 0xE2, 0xC2, 0x83, 0x02, 0xC3, 0x01,
    0xE2, 0xC2, 0x02, 0xC3, 0x81, 0xE2, 0xC2, 0x00, 0x02, 0xC3, 0x81, 0xE2, 0xC2, 0x00, 0x02, 0xC3,
    0x81, 0xE2, 0xC2, 0x02, 0x02, 0xC3, 0xE2, 0xC2, 0x02, 0xC3, 0x85, 0xE2, 0xC2, 0x83, 0x02, 0xC3,
    0x02, 0xE2, 0xC2, 0x02, 0xC3, 0xE2, 0xC2, 0x82, 0x02, 0xC3, 0x81, 0x23, 0xCB, 0x82, 0x02, 0xC3,
    0x00, 0xE2, 0xC2, 0x8D, 0x02, 0xC3, 0x00, 0xE2, 0xC2, 0x81, 0x02, 0xC3, 0x86, 0xE2, 0xC2, 0x82,
    0x02, 0xC3, 0x00, 0xE2, 0xC2, 0x88, 0x02, 0xC3, 0x03, 0x23, 0xCB, 0x43, 0xCB, 0x23, 0xCB, 0x03,
    0xCB, 0x83, 0x23, 0xCB, 0x82, 0x43, 0xCB, 0x84, 0x23, 0xCB, 0x00, 0x02, 0xC3, 0x81, 0xE2, 0xC2,
    0x84, 0x02, 0xC3, 0x81, 0x23, 0xCB, 0x81, 0x02, 0xC3, 0x00, 0xE2, 0xC2, 0x86, 0x02, 0xC3, 0x00,
    0xE2, 0xC2, 0x85, 0x02, 0xC3, 0x00, 0xE2, 0xC2, 0x82, 0x02, 0xC3, 0x83, 0xE2, 0xC2, 0x01, 0x02,
    0xC3, 0xE2, 0xC2, 0x83, 0x02, 0xC3, 0x00, 0xE2, 0xC2, 0x88, 0x02, 0xC3, 0x03, 0x23, 0xCB, 0x43,
    0xCB, 0x23, 0xCB, 0x02, 0xCB, 0x83, 0x23, 0xCB, 0x82, 0x43, 0xCB, 0x04, 0x23, 0xCB, 0x02, 0xC3,
    0x02, 0xCB, 0x23, 0xCB, 0x43, 0xCB, 0x82, 0x23, 0xCB, 0x81, 0x43, 0xCB, 0x00, 0x23, 0xCB, 0x81,
    0x43, 0xCB, 0x82, 0x23, 0xCB, 0x01, 0x43, 0xCB, 0x23, 0xCB, 0x81, 0x43, 0xCB, 0x82, 0x23, 0xCB,
    0x00, 0x43, 0xCB, 0x81, 0x23, 0xCB, 0x00, 0x43, 0xCB, 0x84, 0x23, 0xCB, 0x00, 0x02, 0xCB, 0x81,
    0x23, 0xCB, 0x02, 0x02, 0xCB, 0x02, 0xC3, 0x03, 0xC3, 0x83, 0x23, 0xCB, 0x84, 0x43, 0xCB, 0x00,
    0x64, 0xCB, 0x82, 0x84, 0xD3, 0x00, 0x64, 0xCB, 0x81, 0x43, 0xCB, 0x00, 0x23, 0xCB, 0x88, 0x02,
    0xC3, 0x01, 0x02, 0xCB, 0x02, 0xC3, 0x81, 0x23, 0xCB, 0x00, 0x02, 0xC3, 0x81, 0x23, 0xCB, 0x00,
    0x43, 0xCB, 0x82, 0x23, 0xCB, 0x01, 0x43, 0xCB, 0x23, 0xCB, 0x82, 0x43, 0xCB, 0x81, 0x23, 0xCB,
    0x81, 0x43, 0xCB, 0x00, 0x23, 0xCB, 0x81, 0x43, 0xCB, 0x82, 0x23, 0xCB, 0x01, 0x43, 0xCB, 0x23,
    0xCB, 0x81, 0x43, 0xCB, 0x84, 0x23, 0xCB, 0x01, 0x02, 0xCB, 0x23, 0xCB, 0x81, 0x03, 0xCB, 0x01,
    0x02, 0xC3, 0x23, 0xC3, 0x83, 0x23, 0xCB, 0x84, 0x43, 0xCB, 0x00, 0x64, 0xD3, 0x82, 0x84, 0xD3,
    0x00, 0x64, 0xCB, 0x81, 0x43, 0xCB, 0x00, 0x03, 0xCB, 0x86, 0x02, 0xC3, 0x00, 0x02, 0xCB, 0x87,
    0x02, 0xC3, 0x02, 0x23, 0xC3, 0x23, 0xCB, 0x02, 0xCB, 0x85, 0x23, 0xCB, 0x82, 0x43, 0xCB, 0x83,
    0x23, 0xCB, 0x8F, 0x43, 0xCB, 0x00, 0x23, 0xCB, 0x85, 0x43, 0xCB, 0x83, 0x23, 0xCB, 0x04, 0x43,
    0x92, 0x4A, 0x83, 0x6B, 0x83, 0xE9, 0x7A, 0x03, 0xC3, 0x83, 0x43, 0xCB, 0x00, 0x64, 0xCB, 0x81,
    0x43, 0xCB, 0x84, 0x02, 0xC3, 0x00, 0x02, 0xCB, 0x81, 0x02, 0xC3, 0x00, 0x02, 0xCB, 0x82, 0x02,
    0xC3, 0x02, 0x23, 0xC3, 0x03, 0xC3, 0x02, 0xC3, 0x85, 0x23, 0xCB, 0x82, 0x43, 0xCB, 0x83, 0x23,
    0xCB, 0x87, 0x43, 0xCB, 0x00, 0x23, 0xCB, 0x82, 0x43, 0xCB, 0x00, 0x63, 0xCB, 0x82, 0x43, 0xCB,
    0x00, 0x23, 0xCB, 0x84, 0x43, 0xCB, 0x85, 0x23, 0xCB, 0x01, 0x03, 0xBB, 0xE9, 0x7A, 0x81, 0x6B,
    0x83, 0x01, 0xC8, 0x7A, 0x23, 0xC3, 0x81, 0x43, 0xCB, 0x02, 0x64, 0xCB, 0x03, 0xBB, 0xE8, 0x82,
    0x85, 0x09, 0x83, 0x03, 0x44, 0x8A, 0x24, 0xC3, 0x23, 0xC3, 0x63, 0xCB, 0x81, 0x64, 0xCB, 0x00,
    0x64, 0xD3, 0x82, 0x64, 0xCB, 0x00, 0x63, 0xCB, 0x81, 0x43, 0xCB, 0x82, 0x64, 0xCB, 0x81, 0x43,
    0xCB, 0x02, 0x23, 0xCB, 0x43, 0xCB, 0x23, 0xCB, 0x81, 0x43, 0xCB, 0x85, 0x23, 0xCB, 0x00, 0x43,
    0xCB, 0x88, 0x23, 0xCB, 0x83, 0x43, 0xCB, 0x04, 0xC6, 0x92, 0xB6, 0xE6, 0xD7, 0xEE, 0xB3, 0xC5,
    0xA5, 0xA2, 0x85, 0x43, 0xCB, 0x04, 0x64, 0xCB, 0x63, 0xCB, 0x43, 0xCB, 0x64, 0xCB, 0x63, 0xCB,
    0x81, 0x64, 0xCB, 0x00, 0x63, 0xCB, 0x83, 0x64, 0xCB, 0x01, 0x63, 0xCB, 0xA3, 0x9A, 0x81, 0x09,
    0x83, 0x04, 0xC8, 0x7A, 0x23, 0xC3, 0x64, 0xCB, 0x64, 0xD3, 0x64, 0xCB, 0x81, 0x63, 0xCB, 0x00,
    0x43, 0xCB, 0x81, 0x63, 0xCB, 0x81, 0x64, 0xCB, 0x00, 0x63, 0xCB, 0x81, 0x43, 0xCB, 0x00, 0x23,
    0xCB, 0x83, 0x43, 0xCB, 0x85, 0x23, 0xCB, 0x00, 0x43, 0xCB, 0x88, 0x23, 0xCB, 0x84, 0x43, 0xCB,
    0x01, 0x23, 0xC3, 0xD3, 0xCD, 0x81, 0xD7, 0xEE, 0x01, 0x52, 0xBD, 0xC4, 0xA2, 0x82, 0x43, 0xCB,
    0x01, 0x04, 0xB3, 0x55, 0xDE, 0x85, 0xB7, 0xE6, 0x03, 0x14, 0xCE, 0xF4, 0xCD, 0x6B, 0x7B, 0xE3,
    0xB2, 0x85, 0x43, 0xCB, 0x81, 0x23, 0xCB, 0x00, 0x43, 0xCB, 0x85, 0x23, 0xCB, 0x85, 0x02, 0xC3,
    0x81, 0x23, 0xCB, 0x81, 0x02, 0xC3, 0x00, 0x02, 0xCB, 0x88, 0x02, 0xC3, 0x00, 0x23, 0xCB, 0x82,
    0x43, 0xCB, 0x06, 0xA6, 0x92, 0xB6, 0xE6, 0xD7, 0xEE, 0xB3, 0xC5, 0xC6, 0x49, 0xA5, 0x9A, 0x23,
    0xC3, 0x82, 0x43, 0xCB, 0x00, 0x63, 0xCB, 0x84, 0x43, 0xCB, 0x00, 0x64, 0xCB, 0x81, 0x43, 0xCB,
    0x00, 0x64, 0xCB, 0x83, 0x43, 0xCB, 0x04, 0xC5, 0x92, 0x96, 0xE6, 0xB7, 0xE6, 0xF4, 0xCD, 0xA5,
    0xA2, 0x84, 0x43, 0xCB, 0x88, 0x23, 0xCB, 0x81, 0x02, 0xC3, 0x00, 0x23, 0xCB, 0x82, 0x02, 0xC3,
    0x81, 0x23, 0xCB, 0x8B, 0x02, 0xC3, 0x00, 0x23, 0xCB, 0x83, 0x43, 0xCB, 0x01, 0x03, 0xC3, 0xD4,
    0xCD, 0x81, 0xD7, 0xEE, 0x06, 0x52, 0xBD, 0xC6, 0x49, 0xA5, 0xA2, 0x23, 0xC3, 0x23, 0xCB, 0xE4,
    0xB2, 0x75, 0xDE, 0x81, 0xD7, 0xEE, 0x83, 0x96, 0xE6, 0x81, 0xD7, 0xEE, 0x03, 0x96, 0xE6, 0x8B,
    0x7B, 0xA2, 0xAA, 0x23, 0xC3, 0x82, 0x23, 0xCB, 0x01, 0x02, 0xC3, 0xE2, 0xC2, 0x81, 0x02, 0xC3,
    0x03, 0x23, 0xCB, 0x02, 0xCB, 0x02, 0xC3, 0x03, 0xCB, 0x86, 0x23, 0xCB, 0x82, 0x43, 0xCB, 0x00,
    0x23, 0xCB, 0x81, 0x43, 0xCB, 0x00, 0x23, 0xCB, 0x84, 0x43, 0xCB, 0x86, 0x23, 0xCB, 0x08, 0xA6,
    0x8A, 0xB6, 0xE6, 0xD7, 0xEE, 0xB3, 0xC5, 0xA6, 0x41, 0x06, 0x6A, 0xE3, 0xBA, 0x23, 0xCB, 0x43,
    0xCB, 0x82, 0x23, 0xCB, 0x00, 0x43, 0xCB, 0x8A, 0x23, 0xCB, 0x08, 0xA5, 0x92, 0xB6, 0xE6, 0xD7,
    0xEE, 0xF4, 0xCD, 0xC6, 0x49, 0x85, 0x9A, 0x03, 0xC3, 0x23, 0xCB, 0x03, 0xCB, 0x81, 0xE2, 0xC2,
    0x81, 0x02, 0xC3, 0x02, 0x23, 0xCB, 0x02, 0xCB, 0x02, 0xC3, 0x87, 0x23, 0xCB, 0x82, 0x43, 0xCB,
    0x00, 0x23, 0xCB, 0x81, 0x43, 0xCB, 0x00, 0x23, 0xCB, 0x84, 0x43, 0xCB, 0x87, 0x23, 0xCB, 0x01,
    0xE3, 0xBA, 0xD4, 0xCD, 0x81, 0xD7, 0xEE, 0x09, 0x52, 0xBD, 0xA6, 0x41, 0x25, 0x72, 0x03, 0xBB,
    0x23, 0xCB, 0xE4, 0xB2, 0x75, 0xDE, 0xD7, 0xEE, 0x76, 0xDE, 0x07, 0x42, 0x82, 0xC6, 0x41, 0x05,
    0xAF, 0x9C, 0x96, 0xE6, 0xD7, 0xEE, 0x96, 0xE6, 0x6B, 0x7B, 0x23, 0xBB, 0x84, 0x43, 0xCB, 0x02,
    0x64, 0xCB, 0x43, 0xCB, 0x44, 0xCB, 0x81, 0x64, 0xCB, 0x00, 0x43, 0xCB, 0x83, 0x64, 0xCB, 0x82,
    0x43, 0xCB, 0x82, 0x64, 0xCB, 0x03, 0x63, 0xCB, 0x43, 0xCB, 0x64, 0xCB, 0x64, 0xD3, 0x82, 0x64,
    0xCB, 0x02, 0x43, 0xCB, 0x63, 0xCB, 0x64, 0xCB, 0x81, 0x43, 0xCB, 0x00, 0x64, 0xCB, 0x82, 0x43,
    0xCB, 0x07, 0xC6, 0x92, 0xB6, 0xE6, 0xD7, 0xEE, 0xB3, 0xC5, 0xA6, 0x41, 0xE6, 0x69, 0xC3, 0xB2,
    0x23, 0xC3, 0x81, 0x23, 0xCB, 0x06, 0x02, 0xC3, 0xE2, 0xC2, 0x02, 0xC3, 0x23, 0xCB, 0x43, 0xCB,
    0x23, 0xCB, 0x43, 0xCB, 0x81, 0x23, 0xCB, 0x84, 0x43, 0xCB, 0x06, 0xA5, 0x92, 0xB6, 0xE6, 0xD7,
    0xEE, 0xF4, 0xCD, 0xA6, 0x41, 0x06, 0x6A, 0x04, 0xBB, 0x81, 0x43, 0xCB, 0x82, 0x64, 0xCB, 0x01,
    0x43, 0xCB, 0x64, 0xD3, 0x81, 0x84, 0xD3, 0x81, 0x64, 0xCB, 0x01, 0x43, 0xCB, 0x64, 0xCB, 0x83,
    0x64, 0xD3, 0x00, 0x84, 0xD3, 0x82, 0x64, 0xCB, 0x01, 0x43, 0xCB, 0x64, 0xD3, 0x83, 0x64, 0xCB,
    0x82, 0x64, 0xD3, 0x00, 0x64, 0xCB, 0x81, 0x64, 0xD3, 0x00, 0x64, 0xCB, 0x82, 0x43, 0xCB, 0x01,
    0x03, 0xC3, 0xD4, 0xCD, 0x81, 0xD7, 0xEE, 0x0E, 0x52, 0xBD, 0xA6, 0x41, 0x05, 0x72, 0xC3, 0xB2,
    0x84, 0xD3, 0x25, 0xB3, 0x75, 0xDE, 0xD7, 0xEE, 0x76, 0xDE, 0xC6, 0x41, 0xC6, 0x49, 0xE6, 0x59,
    0xE6, 0x61, 0xC5, 0x51, 0x51, 0xB5, 0x81, 0xD7, 0xEE, 0x03, 0x4E, 0x94, 0x85, 0x92, 0xA4, 0x9A,
    0xAF, 0xA4, 0x81, 0xD0, 0xAC, 0x04, 0xA7, 0x72, 0x63, 0xCB, 0x43, 0xCB, 0x84, 0x9A, 0xAF, 0xA4,
    0x81, 0xD0, 0xAC, 0x03, 0x87, 0x72, 0x64, 0xCB, 0x65, 0x82, 0xB0, 0xA4, 0x86, 0xD0, 0xAC, 0x03,
    0xAF, 0xA4, 0x84, 0x92, 0x43, 0xCB, 0xC8, 0x72, 0x87, 0xD0, 0xAC, 0x12, 0x6E, 0x9C, 0x04, 0xBB,
    0x64, 0xCB, 0xC6, 0x92, 0xB6, 0xE6, 0xD7, 0xEE, 0xB3, 0xC5, 0xA6, 0x41, 0x06, 0x6A, 0x03, 0xBB,
    0x64, 0xCB, 0xE3, 0xB2, 0xE5, 0xA2, 0x6B, 0x7B, 0xD0, 0xAC, 0x4E, 0x9C, 0xC5, 0x9A, 0xC3, 0xA2,
    0x64, 0xCB, 0x81, 0x84, 0xD3, 0x00, 0xA4, 0xD3, 0x84, 0x84, 0xD3, 0x07, 0xC5, 0x9A, 0xB6, 0xE6,
    0xD7, 0xEE, 0xF4, 0xCD, 0xA6, 0x41, 0x06, 0x6A, 0x24, 0xBB, 0x84, 0xD3, 0x83, 0x64, 0xCB, 0x09,
    0x43, 0xCB, 0x64, 0xCB, 0x44, 0xCB, 0xC4, 0xA2, 0x65, 0x82, 0xAF, 0xA4, 0xD0, 0xA4, 0x67, 0x72,
    0xC4, 0xA2, 0x23, 0xC3, 0x81, 0x43, 0xCB, 0x01, 0x64, 0xCB, 0x2A, 0x7B, 0x81, 0xD0, 0xAC, 0x02,
    0x87, 0x72, 0xA2, 0xA2, 0x66, 0x72, 0x81, 0xB0, 0xA4, 0x01, 0x66, 0x72, 0xC3, 0xAA, 0x83, 0x43,
    0xCB, 0x06, 0x23, 0xCB, 0xA3, 0xA2, 0x2A, 0x7B, 0xD0, 0xAC, 0x87, 0x6A, 0x83, 0x9A, 0xD4, 0xCD,
    0x81, 0xD7, 0xEE, 0x0E, 0x52, 0xBD, 0xA6, 0x41, 0x26, 0x72, 0x24, 0xBB, 0x64, 0xCB, 0x04, 0xB3,
    0x75, 0xDE, 0xD7, 0xEE, 0x76, 0xDE, 0xC6, 0x41, 0xC6, 0x51, 0x84, 0x9A, 0xC3, 0xAA, 0xA2, 0xAA,
    0x4A, 0x83, 0x81, 0xD7, 0xEE, 0x03, 0x4E, 0x94, 0xA6, 0x41, 0x26, 0x6A, 0x96, 0xE6, 0x81, 0xD7,
    0xEE, 0x04, 0x6B, 0x7B, 0xC4, 0xAA, 0x23, 0xC3, 0xA5, 0x9A, 0xB6, 0xE6, 0x81, 0xD7, 0xEE, 0x03,
    0x0A, 0x73, 0xE4, 0xAA, 0xA7, 0x82, 0xB7, 0xE6, 0x86, 0xD7, 0xEE, 0x03, 0xB6, 0xE6, 0x26, 0x6A,
    0xE3, 0xB2, 0xED, 0x93, 0x87, 0xD7, 0xEE, 0x0D, 0x35, 0xD6, 0x65, 0x82, 0x24, 0xC3, 0xC6, 0x92,
    0xB6, 0xE6, 0xD7, 0xEE, 0xB3, 0xC5, 0xA6, 0x41, 0x06, 0x6A, 0x04, 0xBB, 0xE3, 0xB2, 0xAC, 0x83,
    0x96, 0xE6, 0xB6, 0xE6, 0x81, 0xD7, 0xEE, 0x03, 0x96, 0xE6, 0xF0, 0xAC, 0xC8, 0x72, 0x23, 0xC3,
    0x84, 0x43, 0xCB, 0x08, 0x64, 0xCB, 0x43, 0xCB, 0xA5, 0x92, 0xB6, 0xE6, 0xD7, 0xEE, 0xF4, 0xCD,
    0xA6, 0x41, 0x06, 0x62, 0xE3, 0xB2, 0x82, 0x43, 0xCB, 0x82, 0x23, 0xCB, 0x03, 0xA2, 0xA2, 0xCC,
    0x8B, 0xD3, 0xCD, 0x96, 0xE6, 0x81, 0xD7, 0xEE, 0x06, 0xB6, 0xE6, 0x55, 0xDE, 0x2D, 0x94, 0xA3,
    0xAA, 0x03, 0xC3, 0x22, 0xC3, 0x6F, 0xA4, 0x81, 0xD7, 0xEE, 0x02, 0x6B, 0x73, 0x2E, 0x94, 0x96,
    0xE6, 0x81, 0xD7, 0xEE, 0x0C, 0x96, 0xE6, 0x0D, 0x8C, 0x82, 0xA2, 0x03, 0xC3, 0x23, 0xCB, 0x02,
    0xC3, 0x4A, 0x7B, 0x72, 0xBD, 0xB6, 0xE6, 0xD7, 0xEE, 0x96, 0xE6, 0x10, 0xC5, 0x14, 0xDE, 0x81,
    0xD7, 0xEE, 0x0E, 0x52, 0xBD, 0xA6, 0x41, 0x26, 0x72, 0x03, 0xBB, 0x23, 0xCB, 0xE4, 0xB2, 0x75,
    0xDE, 0xD7, 0xEE, 0x76, 0xDE, 0xC6, 0x41, 0xE6, 0x51, 0xC4, 0xA2, 0x23, 0xC3, 0x03, 0xBB, 0x6B,
    0x83, 0x81, 0xD7, 0xEE, 0x03, 0x4E, 0x94, 0xA6, 0x41, 0xE6, 0x51, 0x96, 0xE6, 0x81, 0xD7, 0xEE,
    0x04, 0x6B, 0x73, 0xC6, 0x51, 0xE4, 0xAA, 0xA5, 0x9A, 0xB6, 0xE6, 0x81, 0xD7, 0xEE, 0x03, 0x0A,
    0x6B, 0xE6, 0x51, 0x46, 0x62, 0xD4, 0xCD, 0x83, 0xF4, 0xCD, 0x00, 0xB6, 0xE6, 0x81, 0xD7, 0xEE,
    0x03, 0x35, 0xD6, 0xC6, 0x41, 0x06, 0x6A, 0x6B, 0x7B, 0x83, 0xF4, 0xCD, 0x00, 0x14, 0xCE, 0x82,
    0xD7, 0xEE, 0x0F, 0x92, 0xBD, 0xA6, 0x41, 0x45, 0x82, 0x86, 0x82, 0xB6, 0xE6, 0xD7, 0xEE, 0xB3,
    0xC5, 0xA6, 0x41, 0x06, 0x6A, 0xA3, 0xAA, 0x8C, 0x83, 0xB6, 0xE6, 0xD7, 0xEE, 0xB7, 0xE6, 0xF4,
    0xCD, 0x34, 0xD6, 0x81, 0xD7, 0xEE, 0x02, 0xF0, 0xAC, 0x63, 0x92, 0x23, 0xC3, 0x84, 0x43, 0xCB,
    0x07, 0x64, 0xCB, 0xC5, 0x9A, 0xB6, 0xE6, 0xD7, 0xEE, 0xF4, 0xCD, 0xA6, 0x41, 0x06, 0x62, 0x04,
    0xBB, 0x82, 0x64, 0xCB, 0x06, 0x64, 0xD3, 0x63, 0xCB, 0x43, 0xCB, 0xE8, 0x7A, 0xB6, 0xE6, 0xD7,
    0xEE, 0xB7, 0xE6, 0x81, 0xF4, 0xCD, 0x06, 0xB6, 0xE6, 0xD7, 0xEE, 0x96, 0xE6, 0xA8, 0x6A, 0x44,
    0xC3, 0x64, 0xCB, 0x6F, 0xA4, 0x81, 0xD7, 0xEE, 0x81, 0x96, 0xE6, 0x01, 0xF4, 0xCD, 0x75, 0xDE,
    0x81, 0xD7, 0xEE, 0x05, 0xB6, 0xE6, 0xE8, 0x7A, 0x23, 0xC3, 0x43, 0xCB, 0x43, 0x8A, 0xB3, 0xC5,
    0x81, 0xD7, 0xEE, 0x03, 0x96, 0xE6, 0xF4, 0xCD, 0x96, 0xE6, 0xB7, 0xE6, 0x81, 0xD7, 0xEE, 0x14,
    0x52, 0xBD, 0xA6, 0x41, 0x05, 0x6A, 0xE3, 0xB2, 0x84, 0xD3, 0x25, 0xBB, 0x75, 0xDE, 0xD7, 0xEE,
    0x76, 0xDE, 0xE6, 0x41, 0xE6, 0x51, 0xC4, 0xA2, 0x24, 0xBB, 0x66, 0x6A, 0x35, 0xD6, 0xD7, 0xEE,
    0xB7, 0xE6, 0xED, 0x8B, 0xA6, 0x41, 0xE6, 0x51, 0x96, 0xE6, 0x81, 0xD7, 0xEE, 0x04, 0x6B, 0x73,
    0xC6, 0x41, 0xA5, 0x92, 0xC5, 0x92, 0xB6, 0xE6, 0x81, 0xD7, 0xEE, 0x13, 0x0A, 0x6B, 0xC6, 0x41,
    0x65, 0x8A, 0xC4, 0xA2, 0xE6, 0x51, 0xA6, 0x41, 0xA6, 0x39, 0x4B, 0x73, 0xB6, 0xE6, 0xD7, 0xEE,
    0x96, 0xE6, 0x47, 0x4A, 0xA6, 0x39, 0xE6, 0x51, 0x84, 0x9A, 0x85, 0x92, 0xC6, 0x49, 0xA6, 0x41,
    0x86, 0x39, 0xF0, 0xAC, 0x81, 0xD7, 0xEE, 0x16, 0x14, 0xCE, 0x85, 0x39, 0xA6, 0x41, 0x06, 0x62,
    0x66, 0x72, 0xB6, 0xE6, 0xD7, 0xEE, 0xB3, 0xC5, 0xA6, 0x41, 0x06, 0x6A, 0xE4, 0x69, 0xF4, 0xCD,
    0xD7, 0xEE, 0xB6, 0xE6, 0x2A, 0x6B, 0x65, 0x31, 0xC6, 0x39, 0xF4, 0xCD, 0xD7, 0xEE, 0x96, 0xE6,
    0x88, 0x62, 0xE4, 0xAA, 0x64, 0xCB, 0x81, 0x84, 0xD3, 0x00, 0xA5, 0xD3, 0x81, 0x84, 0xD3, 0x07,
    0xC6, 0x9A, 0xB6, 0xE6, 0xD7, 0xEE, 0xF4, 0xCD, 0xA6, 0x41, 0x06, 0x6A, 0x04, 0xBB, 0x64, 0xCB,
    0x83, 0x84, 0xD3, 0x01, 0x44, 0xC3, 0x31, 0xB5, 0x81, 0x35, 0xD6, 0x03, 0xD0, 0xA4, 0x65, 0x31,
    0x86, 0x39, 0x0D, 0x8C, 0x81, 0xD7, 0xEE, 0x03, 0x0E, 0x8C, 0x45, 0x7A, 0x03, 0xBB, 0x6F, 0xA4,
    0x81, 0xD7, 0xEE, 0x04, 0xB6, 0xE6, 0xED, 0x83, 0x65, 0x31, 0x27, 0x4A, 0x31, 0xB5, 0x81, 0xD7,
    0xEE, 0x0A, 0xCC, 0x83, 0x44, 0x82, 0xE3, 0xB2, 0x2A, 0x73, 0xB7, 0xE6, 0xD7, 0xEE, 0x96, 0xE6,
    0x0A, 0x6B, 0x86, 0x39, 0x4B, 0x73, 0x96, 0xE6, 0x81, 0xD7, 0xEE, 0x08, 0x52, 0xBD, 0xA6, 0x41,
    0x26, 0x72, 0x03, 0xBB, 0x64, 0xD3, 0x04, 0xB3, 0x75, 0xDE, 0xD7, 0xEE, 0xB7, 0xE6, 0x83, 0x35,
    0xD6, 0x00, 0x55, 0xDE, 0x81, 0xD7, 0xEE, 0x04, 0x35, 0xD6, 0xA6, 0x39, 0xC7, 0x41, 0xE6, 0x51,
    0x96, 0xE6, 0x81, 0xD7, 0xEE, 0x04, 0x6B, 0x73, 0xC6, 0x41, 0x65, 0x8A, 0x85, 0x92, 0xB6, 0xE6,
    0x81, 0xD7, 0xEE, 0x24, 0x0A, 0x6B, 0xC6, 0x41, 0x65, 0x8A, 0x03, 0xBB, 0xE4, 0xAA, 0x25, 0x7A,
    0xE6, 0x49, 0x14, 0xCE, 0xD7, 0xEE, 0xB7, 0xE6, 0x8F, 0x9C, 0x65, 0x31, 0xC7, 0x41, 0xE6, 0x69,
    0xA3, 0xAA, 0x03, 0xC3, 0xA4, 0x9A, 0xE5, 0x69, 0xC9, 0x62, 0x76, 0xDE, 0xD7, 0xEE, 0x96, 0xE6,
    0x6B, 0x73, 0xA6, 0x39, 0xC6, 0x49, 0x25, 0x7A, 0x66, 0x7A, 0xB6, 0xE6, 0xD7, 0xEE, 0xB3, 0xC5,
    0xA6, 0x41, 0x06, 0x6A, 0xC8, 0x72, 0xB7, 0xE6, 0xD7, 0xEE, 0xB3, 0xC5, 0xE9, 0x62, 0x81, 0xC9,
    0x62, 0x00, 0x0D, 0x94, 0x81, 0xD7, 0xEE, 0x02, 0x8F, 0x9C, 0x25, 0x72, 0x24, 0xBB, 0x81, 0x64,
    0xCB, 0x00, 0x43, 0xCB, 0x81, 0x64, 0xD3, 0x06, 0xC5, 0x9A, 0xB6, 0xE6, 0xD7, 0xEE, 0xF4, 0xCD,
    0xA6, 0x41, 0x06, 0x62, 0xE3, 0xB2, 0x84, 0x43, 0xCB, 0x02, 0x23, 0xCB, 0x04, 0xB3, 0x06, 0x6A,
    0x81, 0xA6, 0x39, 0x81, 0xA6, 0x41, 0x00, 0x8C, 0x7B, 0x81, 0xD7, 0xEE, 0x03, 0x35, 0xD6, 0xC6,
    0x49, 0x84, 0x9A, 0x6F, 0x9C, 0x81, 0xD7, 0xEE, 0x04, 0x55, 0xDE, 0xA6, 0x39, 0xC7, 0x41, 0xC6,
    0x51, 0xD0, 0xA4, 0x81, 0xD7, 0xEE, 0x0A, 0x35, 0xD6, 0xC6, 0x49, 0x64, 0x92, 0x92, 0xC5, 0xD7,
    0xEE, 0xB7, 0xE6, 0x2A, 0x6B, 0x86, 0x39, 0xC7, 0x41, 0xA5, 0x49, 0xD4, 0xCD, 0x81, 0xD7, 0xEE,
    0x06, 0x52, 0xBD, 0xA6, 0x41, 0x06, 0x72, 0xE3, 0xBA, 0x43, 0xCB, 0x04, 0xB3, 0x75, 0xDE, 0x86,
    0xD7, 0xEE, 0x06, 0x96, 0xE6, 0x35, 0xD6, 0x48, 0x52, 0xA6, 0x39, 0xC6, 0x49, 0x05, 0x62, 0x96,
    0xE6, 0x81, 0xD7, 0xEE, 0x04, 0x6B, 0x73, 0xC6, 0x41, 0x45, 0x8A, 0x85, 0x8A, 0xB6, 0xE6, 0x81,
    0xD7, 0xEE, 0x02, 0x0A, 0x6B, 0xC6, 0x41, 0x65, 0x8A, 0x81, 0x23, 0xC3, 0x01, 0x84, 0x9A, 0xF4,
    0xCD, 0x81, 0xD7, 0xEE, 0x18, 0xAF, 0x9C, 0x65, 0x31, 0xC7, 0x41, 0xE6, 0x51, 0x84, 0x9A, 0x23,
    0xC3, 0x43, 0xCB, 0x23, 0xC3, 0x87, 0x7A, 0x75, 0xDE, 0xD7, 0xEE, 0xB7, 0xE6, 0x8B, 0x7B, 0x86,
    0x39, 0xC7, 0x41, 0xE6, 0x61, 0xA3, 0xAA, 0xA6, 0x8A, 0xB6, 0xE6, 0xD7, 0xEE, 0xB3, 0xC5, 0xA6,
    0x41, 0x06, 0x6A, 0xC8, 0x72, 0xB7, 0xE6, 0x81, 0xD7, 0xEE, 0x82, 0xB7, 0xE6, 0x82, 0xD7, 0xEE,
    0x0F, 0x8F, 0x9C, 0xA6, 0x49, 0x84, 0x9A, 0x03, 0xC3, 0x23, 0xC3, 0x23, 0xCB, 0x43, 0xCB, 0x23,
    0xCB, 0xA5, 0x92, 0xB6, 0xE6, 0xD7, 0xEE, 0xF4, 0xCD, 0xA6, 0x41, 0xE6, 0x61, 0xC3, 0xB2, 0x02,
    0xC3, 0x81, 0x23, 0xCB, 0x81, 0x43, 0xCB, 0x03, 0x23, 0xCB, 0x03, 0xBB, 0x66, 0x6A, 0xF0, 0xAC,
    0x82, 0xF4, 0xCD, 0x00, 0x35, 0xD6, 0x81, 0xD7, 0xEE, 0x03, 0x96, 0xE6, 0xC6, 0x41, 0x25, 0x7A,
    0x6F, 0x9C, 0x81, 0xD7, 0xEE, 0x04, 0x55, 0xDE, 0xC6, 0x41, 0xC6, 0x51, 0x24, 0x82, 0xD0, 0xAC,
    0x81, 0xD7, 0xEE, 0x0A, 0x35, 0xD6, 0xC6, 0x41, 0x05, 0x72, 0x93, 0xC5, 0xD7, 0xEE, 0xB7, 0xE6,
    0x27, 0x4A, 0xC7, 0x41, 0xE6, 0x59, 0x44, 0x82, 0xD4, 0xCD, 0x81, 0xD7, 0xEE, 0x08, 0x52, 0xBD,
    0xA6, 0x41, 0x05, 0x72, 0x03, 0xBB, 0x64, 0xD3, 0x24, 0xB3, 0x75, 0xDE, 0xD7, 0xEE, 0x96, 0xE6,
    0x84, 0x4E, 0x94, 0x06, 0x07, 0x4A, 0xA6, 0x41, 0xA6, 0x39, 0xC7, 0x41, 0x26, 0x6A, 0x65, 0x82,
    0x96, 0xE6, 0x81, 0xD7, 0xEE, 0x04, 0x6B, 0x73, 0xC6, 0x41, 0x65, 0x8A, 0xA5, 0x92, 0xB6, 0xE6,
    0x81, 0xD7, 0xEE, 0x11, 0x0A, 0x6B, 0xC6, 0x41, 0x85, 0x92, 0x44, 0xC3, 0xC3, 0xAA, 0xED, 0x8B,
    0xB7, 0xE6, 0xD7, 0xEE, 0x55, 0xDE, 0x68, 0x52, 0xA6, 0x41, 0xC6, 0x51, 0x45, 0x82, 0x03, 0xB3,
    0x44, 0xCB, 0x64, 0xCB, 0x63, 0x92, 0x11, 0xB5, 0x81, 0xD7, 0xEE, 0x0F, 0xB3, 0xC5, 0x85, 0x39,
    0xC7, 0x41, 0xE6, 0x59, 0x85, 0x92, 0x44, 0xC3, 0xC6, 0x8A, 0xB6, 0xE6, 0xD7, 0xEE, 0xB3, 0xC5,
    0xA6, 0x41, 0x06, 0x6A, 0xC8, 0x72, 0xB7, 0xE6, 0xD7, 0xEE, 0xB6, 0xE6, 0x85, 0x96, 0xE6, 0x04,
    0x6F, 0x9C, 0xA6, 0x41, 0x45, 0x82, 0x44, 0xC3, 0x64, 0xD3, 0x82, 0x84, 0xD3, 0x06, 0xC6, 0x9A,
    0xB6, 0xE6, 0xD7, 0xEE, 0xF4, 0xCD, 0xA6, 0x41, 0x06, 0x6A, 0x24, 0xBB, 0x84, 0x84, 0xD3, 0x04,
    0x44, 0xC3, 0xC8, 0x72, 0x75, 0xDE, 0xD7, 0xEE, 0xB6, 0xE6, 0x81, 0x96, 0xE6, 0x00, 0xB6, 0xE6,
    0x81, 0xD7, 0xEE, 0x03, 0x96, 0xE6, 0xC6, 0x41, 0xE6, 0x59, 0x6F, 0x9C, 0x81, 0xD7, 0xEE, 0x04,
    0x55, 0xDE, 0xC6, 0x41, 0xE6, 0x59, 0xA3, 0xA2, 0xD0, 0xAC, 0x81, 0xD7, 0xEE, 0x0A, 0x35, 0xD6,
    0xC6, 0x41, 0xC6, 0x51, 0x93, 0xC5, 0xD7, 0xEE, 0xB7, 0xE6, 0x27, 0x4A, 0xC6, 0x49, 0x65, 0x8A,
    0x04, 0xB3, 0xD4, 0xCD, 0x81, 0xD7, 0xEE, 0x09, 0x52, 0xBD, 0xA6, 0x41, 0x26, 0x72, 0x24, 0xBB,
    0x84, 0xD3, 0x24, 0xB3, 0x75, 0xDE, 0xD7, 0xEE, 0x76, 0xDE, 0xC6, 0x41, 0x84, 0xA6, 0x41, 0x05,
    0xC6, 0x41, 0xE6, 0x59, 0x05, 0x72, 0xA4, 0xA2, 0xA5, 0x9A, 0x96, 0xE6, 0x81, 0xD7, 0xEE, 0x04,
    0x6B, 0x73, 0xC6, 0x41, 0x65, 0x8A, 0x85, 0x92, 0xB6, 0xE6, 0x81, 0xD7, 0xEE, 0x0C, 0x0A, 0x6B,
    0xC6, 0x41, 0x65, 0x8A, 0xE3, 0xBA, 0x46, 0x7A, 0x96, 0xE6, 0xD7, 0xEE, 0x75, 0xDE, 0x68, 0x52,
    0xA6, 0x39, 0xC6, 0x41, 0x05, 0x72, 0xA3, 0xAA, 0x81, 0x03, 0xC3, 0x15, 0xE2, 0xBA, 0x2A, 0x7B,
    0xB7, 0xE6, 0xD7, 0xEE, 0xB3, 0xC5, 0xA5, 0x39, 0xA6, 0x41, 0xC6, 0x49, 0x65, 0x8A, 0x23, 0xBB,
    0x44, 0xCB, 0xC6, 0x92, 0xB6, 0xE6, 0xD7, 0xEE, 0xB3, 0xC5, 0xA6, 0x41, 0x06, 0x6A, 0xC8, 0x72,
    0xB7, 0xE6, 0xD7, 0xEE, 0x32, 0xB5, 0x85, 0x39, 0x84, 0xC6, 0x41, 0x04, 0x86, 0x39, 0xC7, 0x41,
    0x45, 0x82, 0x44, 0xC3, 0x64, 0xCB, 0x81, 0x84, 0xD3, 0x07, 0x64, 0xD3, 0xC5, 0x9A, 0xB6, 0xE6,
    0xD7, 0xEE, 0xF4, 0xCD, 0xA6, 0x41, 0x06, 0x62, 0x04, 0xBB, 0x82, 0x43, 0xCB, 0x06, 0x64, 0xCB,
    0x43, 0xCB, 0x04, 0xBB, 0x14, 0xD6, 0xD7, 0xEE, 0xB7, 0xE6, 0xAC, 0x7B, 0x81, 0xC6, 0x41, 0x00,
    0xAC, 0x7B, 0x81, 0xD7, 0xEE, 0x03, 0x96, 0xE6, 0xC6, 0x41, 0xC6, 0x49, 0x6F, 0x9C, 0x81, 0xD7,
    0xEE, 0x04, 0x55, 0xDE, 0xC6, 0x41, 0xE6, 0x59, 0x83, 0xA2, 0xD0, 0xAC, 0x81, 0xD7, 0xEE, 0x0A,
    0x35, 0xD6, 0xC6, 0x41, 0xC6, 0x51, 0x93, 0xC5, 0xD7, 0xEE, 0xB7, 0xE6, 0x27, 0x4A, 0xC6, 0x49,
    0xA4, 0x9A, 0x04, 0xBB, 0xD4, 0xCD, 0x81, 0xD7, 0xEE, 0x0D, 0x52, 0xBD, 0xA6, 0x41, 0x26, 0x72,
    0x24, 0xC3, 0x43, 0xCB, 0xE4, 0xB2, 0x75, 0xDE, 0xD7, 0xEE, 0x76, 0xDE, 0xC6, 0x41, 0xC6, 0x49,
    0x24, 0x7A, 0x44, 0x8A, 0x44, 0x92, 0x81, 0x64, 0x92, 0x04, 0x63, 0x9A, 0xC2, 0xB2, 0x03, 0xBB,
    0x83, 0x9A, 0xB3, 0xC5, 0x81, 0xD7, 0xEE, 0x04, 0x6B, 0x73, 0xA6, 0x41, 0x45, 0x82, 0x85, 0x8A,
    0xB6, 0xE6, 0x81, 0xD7, 0xEE, 0x25, 0x0A, 0x6B, 0xC6, 0x41, 0x44, 0x8A, 0x25, 0x72, 0xB3, 0xC5,
    0xD7, 0xEE, 0xB7, 0xE6, 0xF0, 0xAC, 0xA6, 0x39, 0xC7, 0x41, 0xE6, 0x61, 0xA4, 0x9A, 0x23, 0xC3,
    0x23, 0xCB, 0x03, 0xBB, 0xA8, 0x6A, 0x55, 0xDE, 0xD7, 0xEE, 0xB6, 0xE6, 0xAC, 0x83, 0xA6, 0x39,
    0xC6, 0x49, 0x05, 0x72, 0xA3, 0xAA, 0x23, 0xC3, 0x23, 0xCB, 0xA6, 0x8A, 0xB6, 0xE6, 0xD7, 0xEE,
    0xB3, 0xC5, 0xA6, 0x41, 0x06, 0x6A, 0xC8, 0x72, 0xB7, 0xE6, 0xD7, 0xEE, 0xB6, 0xE6, 0x07, 0x4A,
    0xA6, 0x49, 0x83, 0xC6, 0x59, 0x03, 0xE6, 0x59, 0xE6, 0x61, 0x45, 0x82, 0x03, 0xBB, 0x83, 0x23,
    0xCB, 0x07, 0xA5, 0x92, 0xB6, 0xE6, 0xD7, 0xEE, 0xF4, 0xCD, 0xA6, 0x41, 0xE6, 0x61, 0xC3, 0xB2,
    0x23, 0xC3, 0x81, 0x23, 0xCB, 0x09, 0x02, 0xC3, 0x23, 0xC3, 0x67, 0x72, 0x75, 0xDE, 0xD7, 0xEE,
    0x96, 0xE6, 0xC6, 0x41, 0xC7, 0x41, 0xA6, 0x41, 0xAC, 0x7B, 0x81, 0xD7, 0xEE, 0x03, 0x96, 0xE6,
    0xC6, 0x41, 0xC6, 0x49, 0x6F, 0x9C, 0x81, 0xD7, 0xEE, 0x04, 0x55, 0xDE, 0xC6, 0x41, 0xE6, 0x59,
    0xA3, 0xAA, 0xD0, 0xAC, 0x81, 0xD7, 0xEE, 0x0A, 0x35, 0xD6, 0xC6, 0x41, 0xC6, 0x51, 0x93, 0xC5,
    0xD7, 0xEE, 0xD7, 0xE6, 0x2E, 0x8C, 0xA6, 0x49, 0x64, 0x92, 0x42, 0x92, 0xF4, 0xCD, 0x81, 0xD7,
    0xEE, 0x0B, 0x52, 0xBD, 0xA6, 0x41, 0x05, 0x6A, 0x03, 0xBB, 0x64, 0xCB, 0x04, 0xB3, 0x75, 0xDE,
    0xD7, 0xEE, 0x76, 0xDE, 0xC6, 0x41, 0xE6, 0x51, 0xA4, 0xA2, 0x83, 0x23, 0xC3, 0x01, 0x43, 0xC3,
    0x43, 0xCB, 0x81, 0x64, 0xCB, 0x00, 0x2E, 0x94, 0x81, 0xD7, 0xEE, 0x04, 0xF0, 0xAC, 0xA8, 0x5A,
    0xC5, 0x49, 0x6E, 0x9C, 0xB6, 0xE6, 0x81, 0xD7, 0xEE, 0x03, 0x0A, 0x6B, 0xC6, 0x41, 0x04, 0x72,
    0x52, 0xB5, 0x81, 0xD7, 0xEE, 0x09, 0xF4, 0xCD, 0x85, 0x39, 0xC6, 0x41, 0xE6, 0x51, 0x45, 0x7A,
    0xC4, 0xA2, 0x03, 0xBB, 0x64, 0xCB, 0xA4, 0x9A, 0x55, 0xD6, 0x81, 0xD7, 0xEE, 0x0F, 0xB0, 0xA4,
    0x85, 0x31, 0xC6, 0x41, 0xE6, 0x51, 0x45, 0x82, 0xA4, 0xA2, 0x23, 0xC3, 0x43, 0xCB, 0xA6, 0x92,
    0xB6, 0xE6, 0xD7, 0xEE, 0xB3, 0xC5, 0xA6, 0x41, 0x06, 0x6A, 0x23, 0x7A, 0xD3, 0xC5, 0x81, 0xD7,
    0xEE, 0x08, 0xD3, 0xC5, 0xE5, 0x51, 0x44, 0x82, 0x47, 0x5A, 0x4E, 0x94, 0x2E, 0x94, 0x43, 0x8A,
    0x03, 0xB3, 0x24, 0xC3, 0x82, 0x64, 0xCB, 0x09, 0x63, 0xCB, 0x64, 0xD3, 0xC5, 0x9A, 0xB6, 0xE6,
    0xD7, 0xEE, 0xF4, 0xCD, 0xC6, 0x41, 0xE6, 0x59, 0xC5, 0x9A, 0xE4, 0xAA, 0x81, 0x05, 0xAB, 0x09,
    0xE4, 0xAA, 0x44, 0xCB, 0x64, 0x8A, 0x35, 0xD6, 0xD7, 0xEE, 0xB6, 0xE6, 0x4B, 0x73, 0xC6, 0x41,
    0xC9, 0x62, 0x76, 0xDE, 0x81, 0xD7, 0xEE, 0x03, 0x96, 0xE6, 0xC6, 0x41, 0xC6, 0x49, 0x6F, 0x9C,
    0x81, 0xD7, 0xEE, 0x04, 0x55, 0xDE, 0xC6, 0x41, 0xE6, 0x59, 0xC3, 0xAA, 0xD0, 0xAC, 0x81, 0xD7,
    0xEE, 0x03, 0x35, 0xD6, 0xC6, 0x41, 0xC6, 0x51, 0xB0, 0xA4, 0x81, 0xD7, 0xEE, 0x04, 0x14, 0xD6,
    0xCC, 0x83, 0x25, 0x72, 0x4E, 0x94, 0xB7, 0xE6, 0x81, 0xD7, 0xEE, 0x0B, 0x52, 0xBD, 0xA6, 0x41,
    0x06, 0x6A, 0x03, 0xBB, 0x84, 0xD3, 0x04, 0xB3, 0x75, 0xDE, 0xD7, 0xEE, 0x76, 0xDE, 0xC6, 0x41,
    0xE6, 0x59, 0xE4, 0xAA, 0x81, 0x64, 0xCB, 0x85, 0x84, 0xD3, 0x01, 0x66, 0x7A, 0x76, 0xDE, 0x81,
    0xD7, 0xEE, 0x81, 0x96, 0xE6, 0x01, 0xB7, 0xE6, 0x55, 0xDE, 0x81, 0xD7, 0xEE, 0x03, 0x0A, 0x6B,
    0xC6, 0x41, 0x47, 0x52, 0x96, 0xE6, 0x81, 0xD7, 0xEE, 0x00, 0xB7, 0xE6, 0x83, 0x76, 0xDE, 0x04,
    0x55, 0xDE, 0xA5, 0x92, 0x64, 0xCB, 0xCC, 0x8B, 0xB7, 0xE6, 0x81, 0xD7, 0xEE, 0x00, 0x96, 0xE6,
    0x83, 0x76, 0xDE, 0x0B, 0xF4, 0xCD, 0x05, 0xB3, 0x64, 0xCB, 0xC6, 0x92, 0xB6, 0xE6, 0xD7, 0xEE,
    0xB3, 0xC5, 0xA6, 0x41, 0x06, 0x6A, 0x04, 0xB3, 0xC8, 0x6A, 0x75, 0xDE, 0x81, 0xD7, 0xEE, 0x0A,
    0x96, 0xE6, 0x76, 0xDE, 0x96, 0xE6, 0xD7, 0xEE, 0x96, 0xE6, 0x46, 0x7A, 0x24, 0xC3, 0x84, 0xCB,
    0x64, 0xCB, 0x84, 0xD3, 0x64, 0xD3, 0x81, 0x84, 0xD3, 0x03, 0xC6, 0x9A, 0xB6, 0xE6, 0xD7, 0xEE,
    0xB7, 0xE6, 0x85, 0x76, 0xDE, 0x00, 0x72, 0xBD, 0x81, 0x24, 0xBB, 0x00, 0x72, 0xBD, 0x81, 0xD7,
    0xEE, 0x09, 0xB6, 0xE6, 0x76, 0xDE, 0x96, 0xE6, 0x14, 0xD6, 0xB6, 0xE6, 0xD7, 0xEE, 0x96, 0xE6,
    0xC6, 0x41, 0xC6, 0x49, 0x6F, 0x9C, 0x81, 0xD7, 0xEE, 0x04, 0x55, 0xDE, 0xC6, 0x41, 0xE6, 0x59,
    0xE4, 0xAA, 0xD0, 0xAC, 0x81, 0xD7, 0xEE, 0x04, 0x35, 0xD6, 0xC6, 0x41, 0x06, 0x62, 0x46, 0x6A,
    0x55, 0xDE, 0x81, 0xD7, 0xEE, 0x03, 0xB7, 0xE6, 0x96, 0xDE, 0xB7, 0xE6, 0x55, 0xDE, 0x81, 0xD7,
    0xEE, 0x0C, 0x52, 0xBD, 0xA6, 0x41, 0x26, 0x72, 0x44, 0xC3, 0x64, 0xD3, 0x04, 0xB3, 0x55, 0xDE,
    0xD7, 0xEE, 0x76, 0xDE, 0xC6, 0x41, 0xE6, 0x59, 0xE4, 0xAA, 0x44, 0xCB, 0x81, 0x84, 0xD3, 0x12,
    0x64, 0xD3, 0x84, 0xD3, 0x64, 0xD3, 0x64, 0xCB, 0x84, 0xD3, 0xE3, 0xB2, 0xED, 0x8B, 0x35, 0xD6,
    0xB6, 0xE6, 0xB7, 0xE6, 0x35, 0xD6, 0xF0, 0xAC, 0xB0, 0xA4, 0xD7, 0xEE, 0xB7, 0xE6, 0x0A, 0x6B,
    0xC6, 0x41, 0x47, 0x5A, 0xB6, 0xE6, 0x86, 0xD7, 0xEE, 0x04, 0x96, 0xE6, 0x06, 0x52, 0xA5, 0x9A,
    0xEC, 0x8B, 0xB7, 0xE6, 0x86, 0xD7, 0xEE, 0x0D, 0x35, 0xD6, 0x06, 0x5A, 0xE4, 0xB2, 0xA6, 0x8A,
    0xB6, 0xE6, 0xD7, 0xEE, 0xB3, 0xC5, 0xA6, 0x41, 0x06, 0x6A, 0x24, 0xBB, 0x23, 0xBB, 0xC8, 0x6A,
    0x14, 0xD6, 0x76, 0xDE, 0x81, 0xD7, 0xEE, 0x0C, 0x55, 0xD6, 0x35, 0xD6, 0x2E, 0x94, 0x65, 0x39,
    0x46, 0x7A, 0x44, 0xC3, 0x63, 0xCB, 0x84, 0xD3, 0x64, 0xD3, 0x84, 0xD3, 0x64, 0xD3, 0xC6, 0x9A,
    0x96, 0xE6, 0x87, 0xD7, 0xEE, 0x0F, 0xB3, 0xC5, 0x06, 0x62, 0x04, 0xB3, 0x24, 0x7A, 0x72, 0xBD,
    0x96, 0xE6, 0xD7, 0xEE, 0x96, 0xE6, 0x72, 0xBD, 0xA5, 0x39, 0x35, 0xD6, 0xD7, 0xEE, 0x96, 0xE6,
    0xC6, 0x41, 0xC6, 0x49, 0x6F, 0x9C, 0x81, 0xD7, 0xEE, 0x04, 0x55, 0xDE, 0xC6, 0x41, 0xE6, 0x59,
    0xC3, 0xAA, 0xD0, 0xAC, 0x81, 0xD7, 0xEE, 0x18, 0x35, 0xD6, 0xC6, 0x41, 0xE6, 0x61, 0xA3, 0xA2,
    0x88, 0x6A, 0x14, 0xD6, 0x75, 0xDE, 0xD7, 0xE6, 0x55, 0xD6, 0xF4, 0xCD, 0x0A, 0x6B, 0xB6, 0xE6,
    0xD7, 0xEE, 0x52, 0xB5, 0xA6, 0x41, 0x26, 0x72, 0x24, 0xBB, 0x43, 0xCB, 0xE3, 0xB2, 0x2A, 0x7B,
    0x4B, 0x73, 0x2A, 0x6B, 0x86, 0x39, 0xE6, 0x59, 0xC4, 0xAA, 0x85, 0x43, 0xCB, 0x09, 0x64, 0xCB,
    0x43, 0xCB, 0x23, 0xCB, 0xE3, 0xB2, 0x65, 0x8A, 0xEA, 0x6A, 0x2A, 0x6B, 0x86, 0x39, 0xA6, 0x39,
    0x27, 0x4A, 0x81, 0x4B, 0x73, 0x03, 0x85, 0x39, 0xC6, 0x41, 0x84, 0x51, 0x4A, 0x7B, 0x86, 0x4B,
    0x73, 0x04, 0x2A, 0x6B, 0x65, 0x31, 0xE6, 0x51, 0x06, 0x5A, 0x4B, 0x7B, 0x86, 0x4B, 0x73, 0x0D,
    0xEA, 0x6A, 0xA6, 0x39, 0x26, 0x6A, 0x03, 0x7A, 0x4A, 0x7B, 0x4B, 0x73, 0xC9, 0x5A, 0xA6, 0x41,
    0x06, 0x6A, 0xE3, 0xBA, 0x23, 0xC3, 0x03, 0xBB, 0x84, 0x9A, 0x47, 0x5A, 0x81, 0x4B, 0x73, 0x05,
    0xC6, 0x39, 0xC6, 0x41, 0xA6, 0x39, 0xC7, 0x41, 0xE6, 0x59, 0xE4, 0xAA, 0x84, 0x43, 0xCB, 0x01,
    0x63, 0x9A, 0x4A, 0x7B, 0x87, 0x4B, 0x73, 0x2D, 0xA9, 0x5A, 0xA6, 0x41, 0x26, 0x7A, 0xE3, 0xBA,
    0xC3, 0xAA, 0xC8, 0x6A, 0x4B, 0x73, 0xA9, 0x5A, 0xA6, 0x39, 0x86, 0x39, 0x0A, 0x6B, 0x4B, 0x73,
    0x2A, 0x6B, 0x85, 0x39, 0xC6, 0x51, 0x47, 0x62, 0x4B, 0x7B, 0x4B, 0x73, 0x0A, 0x6B, 0x86, 0x39,
    0xE6, 0x59, 0xA3, 0xAA, 0x87, 0x72, 0x4B, 0x7B, 0x4B, 0x73, 0xEA, 0x62, 0xA6, 0x39, 0xE6, 0x61,
    0xC3, 0xB2, 0x03, 0xBB, 0xA4, 0x9A, 0x47, 0x5A, 0x4B, 0x73, 0xA6, 0x39, 0xA6, 0x41, 0x65, 0x31,
    0x2B, 0x73, 0x4B, 0x73, 0x88, 0x5A, 0xA6, 0x41, 0x05, 0x72, 0x03, 0xBB, 0x64, 0xD3, 0x64, 0xCB,
    0x43, 0xCB, 0x85, 0x8A, 0x81, 0xC6, 0x49, 0x03, 0xE6, 0x61, 0x04, 0xB3, 0x43, 0xCB, 0x64, 0xCB,
    0x81, 0x63, 0xCB, 0x0A, 0x64, 0xCB, 0x43, 0xCB, 0x63, 0xCB, 0x43, 0xCB, 0x64, 0xD3, 0x64, 0xCB,
    0x44, 0xC3, 0x85, 0x92, 0x06, 0x6A, 0xC6, 0x49, 0xE6, 0x51, 0x81, 0x25, 0x72, 0x00, 0xC6, 0x51,
    0x81, 0xC6, 0x49, 0x02, 0x85, 0x92, 0x04, 0xBB, 0x26, 0x72, 0x87, 0xC6, 0x49, 0x03, 0xE6, 0x59,
    0xC4, 0xAA, 0xE4, 0xB2, 0x06, 0x62, 0x87, 0xC6, 0x49, 0x03, 0x06, 0x6A, 0x04, 0xBB, 0x24, 0xC3,
    0x46, 0x7A, 0x81, 0xC6, 0x49, 0x07, 0x26, 0x72, 0x24, 0xBB, 0x43, 0xCB, 0x64, 0xCB, 0x44, 0xC3,
    0xC4, 0xA2, 0x25, 0x72, 0xC6, 0x51, 0x81, 0xC6, 0x49, 0x04, 0x06, 0x6A, 0x25, 0x72, 0x65, 0x8A,
    0x03, 0xBB, 0x64, 0xCB, 0x82, 0x64, 0xD3, 0x81, 0x63, 0xCB, 0x01, 0x44, 0xC3, 0x46, 0x7A, 0x88,
    0xC6, 0x49, 0x04, 0x26, 0x72, 0x44, 0xC3, 0x64, 0xCB, 0x04, 0xBB, 0x45, 0x7A, 0x81, 0xC6, 0x49,
    0x00, 0xE6, 0x59, 0x81, 0x45, 0x7A, 0x81, 0xC6, 0x49, 0x00, 0xE6, 0x59, 0x81, 0xE4, 0xAA, 0x00,
    0xE6, 0x59, 0x81, 0xC6, 0x49, 0x04, 0x06, 0x62, 0x04, 0xB3, 0x23, 0xC3, 0xE5, 0xAA, 0xE6, 0x59,
    0x81, 0xC6, 0x49, 0x0A, 0x06, 0x6A, 0x04, 0xBB, 0x64, 0xCB, 0x43, 0xC3, 0xC4, 0xA2, 0x25, 0x72,
    0xC6, 0x51, 0xC6, 0x49, 0x06, 0x6A, 0x25, 0x72, 0xE6, 0x59, 0x81, 0xC6, 0x49, 0x0D, 0x25, 0x72,
    0x24, 0xC3, 0x84, 0xD3, 0x64, 0xD3, 0x64, 0xCB, 0x44, 0xC3, 0xE4, 0xB2, 0xC4, 0xA2, 0xC4, 0xAA,
    0x44, 0xC3, 0x84, 0xCB, 0x64, 0xD3, 0x64, 0xCB, 0x64, 0xD3, 0x82, 0x64, 0xCB, 0x01, 0x63, 0xCB,
    0x64, 0xCB, 0x81, 0x43, 0xCB, 0x06, 0x03, 0xC3, 0x03, 0xBB, 0xC4, 0xAA, 0xA4, 0xA2, 0x04, 0xB3,
    0x24, 0xBB, 0xE4, 0xB2, 0x81, 0xA4, 0xA2, 0x03, 0xC3, 0xB2, 0x23, 0xC3, 0x03, 0xBB, 0xC4, 0xAA,
    0x81, 0xA4, 0xA2, 0x01, 0xA4, 0x9A, 0xA4, 0xA2, 0x81, 0x84, 0x9A, 0x81, 0xA4, 0xA2, 0x02, 0x24,
    0xBB, 0x23, 0xC3, 0x04, 0xBB, 0x81, 0xA4, 0xA2, 0x82, 0xA4, 0x9A, 0x00, 0x84, 0x9A, 0x81, 0xA4,
    0xA2, 0x07, 0xC4, 0xAA, 0x44, 0xC3, 0x84, 0xD3, 0x44, 0xC3, 0xE4, 0xAA, 0xC4, 0xA2, 0xE4, 0xB2,
    0x64, 0xCB, 0x82, 0x84, 0xD3, 0x02, 0x64, 0xCB, 0x44, 0xC3, 0xE4, 0xB2, 0x81, 0xC4, 0xA2, 0x02,
    0xE4, 0xAA, 0x03, 0xBB, 0x43, 0xC3, 0x82, 0x64, 0xCB, 0x81, 0x64, 0xD3, 0x04, 0x84, 0xD3, 0x64,
    0xD3, 0x64, 0xCB, 0x24, 0xC3, 0xC4, 0xAA, 0x81, 0xA4, 0xA2, 0x01, 0x84, 0x9A, 0xA4, 0xA2, 0x82,
    0x84, 0x9A, 0x02, 0xA4, 0xA2, 0xC4, 0xAA, 0x23, 0xC3, 0x81, 0x64, 0xCB, 0x03, 0x23, 0xC3, 0xC4,
    0xAA, 0xA4, 0xA2, 0xA3, 0xA2, 0x81, 0x03, 0xBB, 0x05, 0xE4, 0xAA, 0xA4, 0xA2, 0xC4, 0xAA, 0x24,
    0xBB, 0x43, 0xCB, 0xE3, 0xB2, 0x81, 0xA4, 0xA2, 0x01, 0xC4, 0xAA, 0x24, 0xC3, 0x81, 0x43, 0xCB,
    0x00, 0xE4, 0xB2, 0x81, 0xA4, 0xA2, 0x01, 0xC4, 0xAA, 0x23, 0xC3, 0x81, 0x43, 0xCB, 0x0B, 0x23,
    0xC3, 0x23, 0xBB, 0x04, 0xB3, 0xE4, 0xAA, 0x04, 0xB3, 0x23, 0xBB, 0x24, 0xBB, 0xE4, 0xAA, 0xC4,
    0xAA, 0x04, 0xB3, 0x64, 0xCB, 0x64, 0xD3, 0x82, 0x84, 0xD3, 0x82, 0x64, 0xCB, 0x01, 0x84, 0xD3,
    0x64, 0xD3, 0x86, 0x84, 0xD3, 0x81, 0x64, 0xD3, 0x81, 0x64, 0xCB, 0x03, 0x84, 0xD3, 0x64, 0xCB,
    0x43, 0xCB, 0x64, 0xCB, 0x81, 0x43, 0xCB, 0x03, 0x43, 0xC3, 0x23, 0xC3, 0x43, 0xCB, 0x64, 0xCB,
    0x81, 0x43, 0xCB, 0x00, 0x43, 0xC3, 0x81, 0x44, 0xCB, 0x82, 0x44, 0xC3, 0x00, 0x44, 0xCB, 0x83,
    0x43, 0xCB, 0x03, 0x23, 0xC3, 0x43, 0xC3, 0x44, 0xC3, 0x43, 0xC3, 0x81, 0x23, 0xC3, 0x01, 0x43,
    0xC3, 0x64, 0xCB, 0x81, 0x43, 0xCB, 0x82, 0x64, 0xCB, 0x01, 0x44, 0xCB, 0x64, 0xCB, 0x81, 0x64,
    0xD3, 0x82, 0x84, 0xD3, 0x01, 0x64, 0xCB, 0x44, 0xCB, 0x81, 0x43, 0xC3, 0x82, 0x64, 0xCB, 0x87,
    0x84, 0xD3, 0x81, 0x64, 0xCB, 0x00, 0x44, 0xCB, 0x81, 0x44, 0xC3, 0x82, 0x43, 0xC3, 0x86, 0x64,
    0xCB, 0x01, 0x43, 0xCB, 0x23, 0xC3, 0x83, 0x43, 0xCB, 0x00, 0x43, 0xC3, 0x83, 0x64, 0xCB, 0x81,
    0x44, 0xCB, 0x81, 0x43, 0xCB, 0x01, 0x64, 0xCB, 0x44, 0xCB, 0x81, 0x43, 0xCB, 0x00, 0x44, 0xC3,
    0x81, 0x43, 0xCB, 0x03, 0x63, 0xCB, 0x64, 0xCB, 0x84, 0xD3, 0x64, 0xCB, 0x81, 0x43, 0xCB, 0x00,
    0x44, 0xCB, 0x84, 0x64, 0xCB, 0x00, 0x84, 0xD3, 0x84, 0x64, 0xCB, 0x81, 0x63, 0xCB, 0x81, 0x64,
    0xCB, 0x88, 0x43, 0xCB, 0x81, 0x63, 0xCB, 0x03, 0x43, 0xCB, 0x23, 0xCB, 0x43, 0xCB, 0x23, 0xCB,
    0x84, 0x43, 0xCB, 0x00, 0x63, 0xCB, 0x81, 0x43, 0xCB, 0x81, 0x23, 0xCB, 0x88, 0x43, 0xCB, 0x82,
    0x23, 0xCB, 0x8A, 0x43, 0xCB, 0x01, 0x64, 0xCB, 0x63, 0xCB, 0x81, 0x43, 0xCB, 0x81, 0x64, 0xCB,
    0x00, 0x64, 0xD3, 0x81, 0x64, 0xCB, 0x00, 0x43, 0xCB, 0x85, 0x64, 0xCB, 0x02, 0x43, 0xCB, 0x64,
    0xD3, 0x64, 0xCB, 0x88, 0x43, 0xCB, 0x00, 0x63, 0xCB, 0x81, 0x43, 0xCB, 0x02, 0x23, 0xCB, 0x43,
    0xCB, 0x23, 0xCB, 0x84, 0x43, 0xCB, 0x00, 0x64, 0xCB, 0x81, 0x43, 0xCB, 0x81, 0x23, 0xCB, 0x81,
    0x43, 0xCB, 0x00, 0x23, 0xCB, 0x81, 0x43, 0xCB, 0x00, 0x23, 0xCB, 0x82, 0x43, 0xCB, 0x82, 0x23,
    0xCB, 0x89, 0x43, 0xCB, 0x00, 0x64, 0xCB, 0x91, 0x43, 0xCB, 0x81, 0x23, 0xCB, 0x01, 0x43, 0xCB,
    0x23, 0xCB, 0x83, 0x43, 0xCB, 0x85, 0x23, 0xCB, 0x00, 0x02, 0xC3, 0x81, 0x23, 0xCB, 0x00, 0x43,
    0xCB, 0x81, 0x23, 0xCB, 0x00, 0x02, 0xC3, 0x82, 0x23, 0xCB, 0x81, 0x02, 0xC3, 0x8E, 0x23, 0xCB,
    0x99, 0x43, 0xCB, 0x00, 0x23, 0xCB, 0x81, 0x43, 0xCB, 0x00, 0x23, 0xCB, 0x83, 0x43, 0xCB, 0x85,
    0x23, 0xCB, 0x00, 0x02, 0xC3, 0x81, 0x23, 0xCB, 0x00, 0x43, 0xCB, 0x81, 0x23, 0xCB, 0x00, 0x02,
    0xC3, 0x82, 0x23, 0xCB, 0x00, 0x02, 0xC3, 0x8D, 0x23, 0xCB, 0x03, 0x43, 0xCB, 0x23, 0xCB, 0x43,
    0xCB, 0x23, 0xCB, 0x83, 0x43, 0xCB, 0x00, 0x02, 0xCB, 0x81, 0x02, 0xC3, 0x81, 0x23, 0xCB, 0x82,
    0x43, 0xCB, 0x81, 0x23, 0xCB, 0x81, 0x43, 0xCB, 0x01, 0x23, 0xCB, 0x02, 0xCB, 0x81, 0x43, 0xCB,
    0x82, 0x23, 0xCB, 0x81, 0x43, 0xCB, 0x00, 0x64, 0xD3, 0x82, 0x43, 0xCB, 0x05, 0x22, 0xC3, 0x23,
    0xCB, 0x02, 0xCB, 0x23, 0xCB, 0x02, 0xC3, 0x02, 0xCB, 0x82, 0x43, 0xCB, 0x85, 0x23, 0xCB, 0x00,
    0x02, 0xCB, 0x85, 0x23, 0xCB, 0x84, 0x43, 0xCB, 0x82, 0x64, 0xCB, 0x82, 0x43, 0xCB, 0x82, 0x23,
    0xCB, 0x02, 0x02, 0xC3, 0xE2, 0xC2, 0x02, 0xC3, 0x81, 0x23, 0xCB, 0x00, 0x43, 0xCB, 0x82, 0x02,
    0xC3, 0x81, 0x23, 0xCB, 0x82, 0x43, 0xCB, 0x81, 0x23, 0xCB, 0x81, 0x43, 0xCB, 0x81, 0x23, 0xCB,
    0x00, 0x43, 0xCB, 0x83, 0x23, 0xCB, 0x05, 0x43, 0xCB, 0x63, 0xCB, 0x64, 0xD3, 0x43, 0xCB, 0x23,
    0xCB, 0x43, 0xCB, 0x83, 0x23, 0xCB, 0x00, 0x02, 0xC3, 0x81, 0x23, 0xCB, 0x81, 0x43, 0xCB, 0x8B,
    0x23, 0xCB, 0x83, 0x43, 0xCB, 0x01, 0x63, 0xCB, 0x43, 0xCB, 0x81, 0x64, 0xCB, 0x01, 0x63, 0xCB,
    0x43, 0xCB, 0x84, 0x23, 0xCB, 0x00, 0x63, 0xCB, 0x82, 0x64, 0xCB, 0x82, 0x64, 0xD3, 0x84, 0x43,
    0xCB, 0x00, 0x64, 0xD3, 0x84, 0x43, 0xCB, 0x00, 0x23, 0xCB, 0x82, 0x43, 0xCB, 0x02, 0x64, 0xCB,
    0x64, 0xD3, 0x64, 0xCB, 0x9A, 0x43, 0xCB, 0x82, 0x64, 0xCB, 0x01, 0x63, 0xCB, 0x64, 0xD3, 0x81,
    0x64, 0xCB, 0x82, 0x84, 0xD3, 0x01, 0x64, 0xD3, 0x64, 0xCB, 0x81, 0x43, 0xCB, 0x04, 0x64, 0xCB,
    0x43, 0xCB, 0x64, 0xD3, 0x63, 0xCB, 0x64, 0xCB, 0x82, 0x64, 0xD3, 0x82, 0x43, 0xCB, 0x02, 0x63,
    0xCB, 0x43, 0xCB, 0x64, 0xD3, 0x82, 0x43, 0xCB, 0x81, 0x23, 0xCB, 0x83, 0x43, 0xCB, 0x02, 0x64,
    0xCB, 0x64, 0xD3, 0x64, 0xCB, 0x92, 0x43, 0xCB, 0x00, 0x63, 0xCB, 0x86, 0x43, 0xCB, 0x86, 0x64,
    0xCB, 0x81, 0x84, 0xD3, 0x04, 0x64, 0xCB, 0x43, 0xCB, 0x64, 0xD3, 0x63, 0xCB, 0x64, 0xD3, 0x83,
    0x43, 0xCB, 0x81, 0x64, 0xCB, 0x89, 0x43, 0xCB, 0x81, 0x23, 0xCB, 0x85, 0x43, 0xCB, 0x81, 0x23,
    0xCB, 0x85, 0x43, 0xCB, 0x81, 0x23, 0xCB, 0x87, 0x43, 0xCB, 0x00, 0x23, 0xCB, 0x83, 0x43, 0xCB,
    0x00, 0x63, 0xCB, 0x82, 0x43, 0xCB, 0x82, 0x64, 0xCB, 0x81, 0x63, 0xCB, 0x02, 0x64, 0xD3, 0x64,
    0xCB, 0x64, 0xD3, 0x83, 0x64, 0xCB, 0x03, 0x43, 0xCB, 0x64, 0xD3, 0x63, 0xCB, 0x64, 0xD3, 0x81,
    0x43, 0xCB, 0x03, 0x63, 0xCB, 0x43, 0xCB, 0x63, 0xCB, 0x64, 0xCB, 0x83, 0x43, 0xCB, 0x00, 0x23,
    0xCB, 0x84, 0x43, 0xCB, 0x00, 0x23, 0xCB, 0x85, 0x43, 0xCB, 0x82, 0x23, 0xCB, 0x81, 0x43, 0xCB,
    0x00, 0x23, 0xCB, 0x82, 0x43, 0xCB, 0x81, 0x23, 0xCB, 0x87, 0x43, 0xCB, 0x81, 0x23, 0xCB, 0x82,
    0x43, 0xCB, 0x00, 0x63, 0xCB, 0x81, 0x43, 0xCB, 0x00, 0x63, 0xCB, 0x81, 0x64, 0xCB, 0x01, 0x63,
    0xCB, 0x64, 0xCB, 0x81, 0x63, 0xCB, 0x00, 0x43, 0xCB, 0x82, 0x64, 0xCB, 0x00, 0x64, 0xD3, 0x81,
    0x43, 0xCB, 0x05, 0x64, 0xCB, 0x43, 0xCB, 0x64, 0xD3, 0x43, 0xCB, 0x63, 0xCB, 0x43, 0xCB, 0x81,
    0x64, 0xCB, 0x02, 0x43, 0xCB, 0x64, 0xD3, 0x64, 0xCB, 0x81, 0x64, 0xD3, 0x01, 0x84, 0xD3, 0x64,
    0xD3, 0x81, 0x43, 0xCB, 0x06, 0x64, 0xCB, 0x64, 0xD3, 0x64, 0xCB, 0x63, 0xCB, 0x64, 0xCB, 0x43,
    0xCB, 0x63, 0xCB, 0x81, 0x64, 0xCB, 0x8C, 0x43, 0xCB, 0x83, 0x23, 0xCB, 0x01, 0x43, 0xCB, 0x23,
    0xCB, 0x81, 0x43, 0xCB, 0x81, 0x63, 0xCB, 0x81, 0x43, 0xCB, 0x81, 0x63, 0xCB, 0x81, 0x64, 0xD3,
    0x81, 0x64, 0xCB, 0x05, 0x43, 0xCB, 0x63, 0xCB, 0x64, 0xCB, 0x63, 0xCB, 0x43, 0xCB, 0x64, 0xD3,
    0x81, 0x64, 0xCB, 0x81, 0x43, 0xCB, 0x02, 0x64, 0xCB, 0x43, 0xCB, 0x64, 0xD3, 0x82, 0x43, 0xCB,
    0x81, 0x64, 0xCB, 0x02, 0x43, 0xCB, 0x64, 0xD3, 0x63, 0xCB, 0x83, 0x64, 0xD3, 0x02, 0x23, 0xCB,
    0x43, 0xCB, 0x64, 0xD3, 0x81, 0x64, 0xCB, 0x03, 0x63, 0xCB, 0x64, 0xCB, 0x43, 0xCB, 0x63, 0xCB,
    0x81, 0x64, 0xCB, 0x8C, 0x43, 0xCB, 0x83, 0x23, 0xCB, 0x01, 0x43, 0xCB, 0x23, 0xCB, 0x81, 0x43,
    0xCB, 0x00, 0x63, 0xCB, 0x82, 0x43, 0xCB, 0x01, 0x63, 0xCB, 0x64, 0xCB, 0x94, 0x43, 0xCB, 0x00,
    0x23, 0xCB, 0x81, 0x43, 0xCB, 0x00, 0x23, 0xCB, 0x84, 0x43, 0xCB, 0x00, 0x23, 0xCB, 0x83, 0x43,
    0xCB, 0x85, 0x23, 0xCB, 0x81, 0x43, 0xCB, 0x86, 0x23, 0xCB, 0x00, 0x43, 0xCB, 0x83, 0x23, 0xCB,
    0x01, 0x43, 0xCB, 0x23, 0xCB, 0x85, 0x43, 0xCB, 0x00, 0x63, 0xCB, 0x81, 0x43, 0xCB, 0x00, 0x63,
    0xCB, 0x89, 0x43, 0xCB, 0x00, 0x63, 0xCB, 0x89, 0x43, 0xCB, 0x00, 0x23, 0xCB, 0x81, 0x43, 0xCB,
    0x00, 0x23, 0xCB, 0x83, 0x43, 0xCB, 0x81, 0x23, 0xCB, 0x83, 0x43, 0xCB, 0x84, 0x23, 0xCB, 0x02,
    0x43, 0xCB, 0x23, 0xCB, 0x43, 0xCB, 0x86, 0x23, 0xCB, 0x00, 0x43, 0xCB, 0x85, 0x23, 0xCB, 0x83,
    0x43, 0xCB, 0x00, 0x23, 0xCB, 0x82, 0x43, 0xCB, 0x00, 0x23, 0xCB, 0x81, 0x43, 0xCB, 0x81, 0x23,
    0xCB, 0x00, 0x02, 0xC3, 0x84, 0x23, 0xCB, 0x81, 0x43, 0xCB, 0x83, 0x23, 0xCB, 0x00, 0x43, 0xCB,
    0x81, 0x23, 0xCB, 0x17, 0x02, 0xC3, 0xC2, 0xBA, 0x65, 0x92, 0x85, 0x92, 0x43, 0x92, 0x03, 0xC3,
    0x02, 0xCB, 0x02, 0xC3, 0x63, 0x92, 0xA5, 0x92, 0x85, 0x92, 0xE2, 0xBA, 0x02, 0xC3, 0xE2, 0xC2,
    0x02, 0xC3, 0x02, 0xCB, 0x02, 0xC3, 0x03, 0xCB, 0x23, 0xCB, 0x22, 0xCB, 0x23, 0xCB, 0x02, 0xCB,
    0x02, 0xC3, 0x23, 0xCB, 0x81, 0x02, 0xC3, 0x00, 0x23, 0xCB, 0x81, 0x43, 0xCB, 0x81, 0x23, 0xCB,
    0x00, 0x02, 0xC3, 0x81, 0x23, 0xCB, 0x00, 0x03, 0xCB, 0x81, 0x23, 0xCB, 0x03, 0x43, 0xCB, 0x23,
    0xCB, 0x03, 0xC3, 0x63, 0x92, 0x81, 0x85, 0x92, 0x01, 0x43, 0x92, 0x03, 0xC3, 0x84, 0x43, 0xCB,
    0x02, 0x02, 0xC3, 0x23, 0xCB, 0x02, 0xC3, 0x84, 0x23, 0xCB, 0x81, 0x43, 0xCB, 0x83, 0x23, 0xCB,
    0x00, 0x43, 0xCB, 0x81, 0x23, 0xCB, 0x81, 0x02, 0xC3, 0x02, 0xE2, 0xC2, 0x02, 0xC3, 0x02, 0xCB,
    0x84, 0x23, 0xCB, 0x01, 0x03, 0xCB, 0x02, 0xC3, 0x81, 0xE2, 0xC2, 0x02, 0x02, 0xC3, 0x02, 0xCB,
    0x02, 0xC3, 0x82, 0x23, 0xCB, 0x03, 0x02, 0xC3, 0x23, 0xCB, 0x02, 0xC3, 0x23, 0xCB, 0x81, 0x02,
    0xC3, 0x81, 0x23, 0xCB, 0x03, 0x43, 0xCB, 0x23, 0xCB, 0x22, 0xC3, 0x02, 0xC3, 0x83, 0x23, 0xCB,
    0x00, 0x43, 0xCB, 0x82, 0x23, 0xCB, 0x00, 0x02, 0xC3, 0x81, 0x23, 0xCB, 0x81, 0x02, 0xC3, 0x81,
    0x23, 0xCB, 0x82, 0x02, 0xC3, 0x01, 0x02, 0xCB, 0x02, 0xC3, 0x81, 0xE2, 0xC2, 0x00, 0x02, 0xC3,
    0x81, 0xE2, 0xC2, 0x01, 0x02, 0xC3, 0x02, 0xCB, 0x81, 0x02, 0xC3, 0x0B, 0x02, 0xCB, 0xC3, 0xB2,
    0x35, 0xD6, 0xB6, 0xE6, 0x0D, 0x94, 0xC2, 0xB2, 0x02, 0xC3, 0xE2, 0xC2, 0xED, 0x93, 0xB6, 0xE6,
    0x35, 0xD6, 0x84, 0x9A, 0x81, 0xE2, 0xC2, 0x82, 0x02, 0xC3, 0x00, 0x02, 0xCB, 0x8C, 0x02, 0xC3,
    0x86, 0x23, 0xCB, 0x02, 0xC2, 0xB2, 0x09, 0x73, 0x52, 0xB5, 0x81, 0xB6, 0xE6, 0x06, 0x72, 0xBD,
    0x6B, 0x7B, 0xC2, 0xAA, 0x02, 0xC3, 0x23, 0xCB, 0x02, 0xC3, 0x02, 0xCB, 0x81, 0x02, 0xC3, 0x00,
    0x23, 0xCB, 0x82, 0x02, 0xC3, 0x01, 0x02, 0xCB, 0x02, 0xC3, 0x81, 0xE2, 0xC2, 0x00, 0x02, 0xC3,
    0x81, 0xE2, 0xC2, 0x82, 0x02, 0xC3, 0x81, 0x02, 0xCB, 0x04, 0x02, 0xC3, 0xE2, 0xC2, 0x23, 0xCB,
    0x02, 0xC3, 0x23, 0xCB, 0x81, 0x02, 0xC3, 0x03, 0xE2, 0xC2, 0x02, 0xC3, 0xE2, 0xC2, 0x02, 0xC3,
    0x81, 0xE2, 0xC2, 0x81, 0x02, 0xC3, 0x81, 0x02, 0xCB, 0x88, 0x02, 0xC3, 0x81, 0xE2, 0xC2, 0x81,
    0x02, 0xC3, 0x85, 0x23, 0xCB, 0x02, 0x02, 0xC3, 0x23, 0xCB, 0x02, 0xCB, 0x85, 0x02, 0xC3, 0x81,
    0x02, 0xCB, 0x82, 0x23, 0xCB, 0x00, 0x03, 0xCB, 0x82, 0x23, 0xCB, 0x81, 0x02, 0xC3, 0x00, 0x23,
    0xCB, 0x81, 0x02, 0xC3, 0x0E, 0x23, 0xCB, 0x02, 0xC3, 0xE4, 0xB2, 0x55, 0xDE, 0xD7, 0xEE, 0x96,
    0xDE, 0x0A, 0x73, 0xC3, 0xB2, 0xE2, 0xC2, 0x0D, 0x94, 0xD7, 0xEE, 0x55, 0xDE, 0xE6, 0x51, 0x84,
    0xA2, 0xE2, 0xC2, 0x82, 0x02, 0xC3, 0x81, 0x23, 0xCB, 0x82, 0x02, 0xC3, 0x00, 0xE2, 0xC2, 0x82,
    0x02, 0xC3, 0x02, 0xE2, 0xC2, 0x02, 0xC3, 0x03, 0xCB, 0x82, 0x02, 0xC3, 0x00, 0x23, 0xCB, 0x83,
    0x02, 0xC3, 0x01, 0xA2, 0xB2, 0x0A, 0x73, 0x81, 0x96, 0xDE, 0x81, 0x93, 0xC5, 0x04, 0x75, 0xDE,
    0x96, 0xE6, 0x6B, 0x7B, 0xC2, 0xBA, 0xE2, 0xC2, 0x84, 0x02, 0xC3, 0x83, 0x23, 0xCB, 0x81, 0x02,
    0xC3, 0x00, 0x23, 0xCB, 0x82, 0x02, 0xC3, 0x00, 0x23, 0xCB, 0x81, 0x02, 0xC3, 0x01, 0x03, 0xC3,
    0x02, 0xC3, 0x81, 0x23, 0xCB, 0x01, 0x02, 0xC3, 0x23, 0xCB, 0x82, 0x02, 0xC3, 0x00, 0x02, 0xCB,
    0x82, 0x23, 0xCB, 0x02, 0x02, 0xC3, 0xE2, 0xC2, 0x02, 0xC3, 0x82, 0x23, 0xCB, 0x89, 0x02, 0xC3,
    0x81, 0x03, 0xCB, 0x02, 0x02, 0xC3, 0x02, 0xCB, 0x23, 0xCB, 0x83, 0x02, 0xC3, 0x81, 0x23, 0xCB,
    0x81, 0x43, 0xCB, 0x82, 0x23, 0xCB, 0x00, 0x02, 0xC3, 0x81, 0x23, 0xCB, 0x00, 0x02, 0xC3, 0x81,
    0x23, 0xCB, 0x01, 0x43, 0xCB, 0x23, 0xCB, 0x81, 0x02, 0xC3, 0x82, 0x23, 0xCB, 0x00, 0x43, 0xCB,
    0x81, 0x23, 0xCB, 0x03, 0x02, 0xCB, 0x23, 0xCB, 0xE4, 0xB2, 0x55, 0xDE, 0x81, 0xD7, 0xEE, 0x1B,
    0x31, 0xB5, 0x03, 0x7A, 0x03, 0xBB, 0x0D, 0x94, 0xD7, 0xEE, 0x55, 0xDE, 0xC6, 0x41, 0x06, 0x62,
    0x04, 0xB3, 0xC3, 0xAA, 0xA8, 0x72, 0xCC, 0x8B, 0x45, 0x72, 0xE4, 0xB2, 0x23, 0xC3, 0x03, 0xC3,
    0x09, 0x7B, 0xCC, 0x8B, 0x43, 0x8A, 0x23, 0xC3, 0x25, 0x72, 0xAB, 0x8B, 0x83, 0x9A, 0x02, 0xC3,
    0xE9, 0x7A, 0xCC, 0x8B, 0x2A, 0x7B, 0xE2, 0xBA, 0x83, 0x23, 0xCB, 0x1F, 0xA5, 0x9A, 0x76, 0xDE,
    0xB7, 0xE6, 0x2A, 0x6B, 0x86, 0x39, 0xA6, 0x39, 0xA9, 0x5A, 0xB6, 0xE6, 0x11, 0xAD, 0x64, 0x92,
    0x03, 0xBB, 0x03, 0xC3, 0xC3, 0xB2, 0x25, 0x72, 0xCC, 0x8B, 0xC9, 0x72, 0xA3, 0xAA, 0xC2, 0xB2,
    0x23, 0xCB, 0xE3, 0xBA, 0x8B, 0x83, 0xAC, 0x8B, 0x43, 0x92, 0x09, 0x7B, 0xCC, 0x8B, 0x44, 0x7A,
    0xC3, 0xB2, 0xA4, 0xA2, 0x8B, 0x83, 0x87, 0x6A, 0xC3, 0xAA, 0x03, 0xC3, 0x81, 0x23, 0xCB, 0x06,
    0xE3, 0xB2, 0x46, 0x72, 0xCC, 0x8B, 0x87, 0x72, 0xE4, 0xB2, 0x03, 0xBB, 0x23, 0xCB, 0x81, 0x43,
    0xCB, 0x00, 0x64, 0xCB, 0x85, 0x43, 0xCB, 0x01, 0x23, 0xCB, 0x43, 0xCB, 0x86, 0x23, 0xCB, 0x02,
    0x43, 0xCB, 0x23, 0xCB, 0x02, 0xC3, 0x81, 0x23, 0xCB, 0x00, 0x22, 0xCB, 0x81, 0x23, 0xCB, 0x84,
    0x43, 0xCB, 0x82, 0x23, 0xCB, 0x00, 0x43, 0xCB, 0x83, 0x23, 0xCB, 0x03, 0x02, 0xC3, 0x03, 0xCB,
    0x23, 0xCB, 0x43, 0xCB, 0x81, 0x23, 0xCB, 0x01, 0x43, 0xCB, 0x02, 0xC3, 0x82, 0x23, 0xCB, 0x21,
    0x02, 0xC3, 0xE4, 0xB2, 0x55, 0xDE, 0xD7, 0xEE, 0x76, 0xDE, 0xB6, 0xE6, 0xC9, 0x62, 0x43, 0x92,
    0x0D, 0x94, 0xD7, 0xEE, 0x55, 0xDE, 0xC6, 0x41, 0xE6, 0x59, 0xE3, 0x69, 0xF1, 0xAC, 0x96, 0xDE,
    0xB7, 0xE6, 0x76, 0xDE, 0xF4, 0xCD, 0x83, 0xA2, 0x02, 0xC3, 0x31, 0xB5, 0xB6, 0xE6, 0x67, 0x72,
    0xA3, 0xA2, 0x0D, 0x8C, 0xB6, 0xE6, 0xAC, 0x8B, 0xE2, 0xBA, 0x11, 0xB5, 0xB7, 0xE6, 0xE9, 0x62,
    0xA5, 0x9A, 0x43, 0xC3, 0x82, 0x23, 0xCB, 0x28, 0xA5, 0x9A, 0xB6, 0xE6, 0xF4, 0xCD, 0x65, 0x31,
    0xC7, 0x41, 0xE6, 0x59, 0xA3, 0x61, 0xE9, 0x72, 0x27, 0x4A, 0xC6, 0x49, 0x85, 0x92, 0x25, 0x6A,
    0xF4, 0xCD, 0x75, 0xDE, 0xB7, 0xE6, 0x96, 0xE6, 0x55, 0xDE, 0x0A, 0x73, 0xE3, 0xBA, 0xC3, 0xB2,
    0x35, 0xD6, 0x96, 0xE6, 0x93, 0xC5, 0x96, 0xE6, 0xB7, 0xE6, 0x55, 0xDE, 0x4D, 0xB4, 0x14, 0xD6,
    0xB6, 0xE6, 0x96, 0xDE, 0xB0, 0xA4, 0x62, 0x9A, 0x23, 0xC3, 0x83, 0xA2, 0x2E, 0x94, 0x75, 0xDE,
    0xB7, 0xE6, 0x76, 0xDE, 0x35, 0xD6, 0x85, 0x8A, 0x23, 0xC3, 0x81, 0x23, 0xCB, 0x00, 0x03, 0xCB,
    0x82, 0x23, 0xCB, 0x02, 0x02, 0xC3, 0x23, 0xCB, 0x02, 0xCB, 0x83, 0x23, 0xCB, 0x81, 0x43, 0xCB,
    0x01, 0x23, 0xCB, 0x03, 0xCB, 0x82, 0x23, 0xCB, 0x82, 0x43, 0xCB, 0x82, 0x23, 0xCB, 0x82, 0x43,
    0xCB, 0x82, 0x23, 0xCB, 0x81, 0x43, 0xCB, 0x81, 0x23, 0xCB, 0x82, 0x43, 0xCB, 0x02, 0x23, 0xCB,
    0x43, 0xCB, 0x23, 0xCB, 0x81, 0x43, 0xCB, 0x01, 0x23, 0xCB, 0x43, 0xCB, 0x82, 0x23, 0xCB, 0x81,
    0x43, 0xCB, 0x21, 0x04, 0xBB, 0x55, 0xDE, 0xD7, 0xEE, 0x90, 0x9C, 0x96, 0xE6, 0x75, 0xDE, 0x06,
    0x62, 0xED, 0x8B, 0xD7, 0xEE, 0x55, 0xDE, 0xC6, 0x41, 0xA6, 0x49, 0xD0, 0xA4, 0xD7, 0xEE, 0x92,
    0xBD, 0x4B, 0x73, 0x35, 0xD6, 0xB6, 0xE6, 0x6B, 0x7B, 0xA3, 0xA2, 0xE9, 0x72, 0xB6, 0xE6, 0x31,
    0xB5, 0xC6, 0x51, 0x55, 0xDE, 0xD7, 0xEE, 0x4E, 0x94, 0x03, 0x7A, 0x11, 0xB5, 0xB7, 0xE6, 0x27,
    0x4A, 0xC6, 0x49, 0x85, 0x9A, 0x03, 0xC3, 0x81, 0x23, 0xCB, 0x05, 0xA5, 0x9A, 0xB6, 0xE6, 0xD3,
    0xC5, 0xA6, 0x39, 0xC6, 0x49, 0x24, 0x7A, 0x81, 0xA3, 0xA2, 0x22, 0xE6, 0x61, 0xA6, 0x41, 0x25,
    0x7A, 0x2A, 0x7B, 0x55, 0xDE, 0x4E, 0x94, 0x4B, 0x73, 0x52, 0xB5, 0xD7, 0xEE, 0x93, 0xC5, 0x84,
    0x9A, 0xE3, 0xB2, 0x35, 0xD6, 0xD7, 0xEE, 0xB0, 0xA4, 0x4B, 0x73, 0x31, 0xB5, 0xD7, 0xEE, 0xB6,
    0xE6, 0xED, 0x83, 0xCC, 0x83, 0xB6, 0xE6, 0x96, 0xE6, 0x46, 0x7A, 0xE3, 0xB2, 0xCC, 0x8B, 0xB6,
    0xE6, 0x14, 0xD6, 0x4B, 0x73, 0xB3, 0xC5, 0xD7, 0xEE, 0xAF, 0xA4, 0xA4, 0xA2, 0x23, 0xC3, 0x02,
    0xC3, 0x83, 0x23, 0xCB, 0x81, 0x43, 0xCB, 0x84, 0x23, 0xCB, 0x81, 0x43, 0xCB, 0x00, 0x64, 0xCB,
    0x83, 0x43, 0xCB, 0x01, 0x23, 0xCB, 0x43, 0xCB, 0x81, 0x23, 0xCB, 0x04, 0x43, 0xCB, 0x23, 0xCB,
    0x63, 0xCB, 0x43, 0xCB, 0x63, 0xCB, 0x81, 0x43, 0xCB, 0x01, 0x63, 0xCB, 0x43, 0xCB, 0x81, 0x64,
    0xCB, 0x87, 0x43, 0xCB, 0x81, 0x23, 0xCB, 0x82, 0x43, 0xCB, 0x00, 0x23, 0xCB, 0x81, 0x43, 0xCB,
    0x21, 0x04, 0xBB, 0x55, 0xDE, 0xD7, 0xEE, 0x0E, 0x8C, 0x4B, 0x73, 0xB6, 0xE6, 0xF0, 0xAC, 0x2E,
    0x9C, 0xD7, 0xEE, 0x55, 0xDE, 0xC6, 0x41, 0xE7, 0x41, 0x75, 0xDE, 0xB7, 0xE6, 0x2B, 0x6B, 0x68,
    0x52, 0x0E, 0x8C, 0xD7, 0xE6, 0x0E, 0x8C, 0xC5, 0x61, 0x46, 0x7A, 0xB6, 0xE6, 0x93, 0xC5, 0xA6,
    0x39, 0x75, 0xDE, 0xD7, 0xEE, 0x96, 0xDE, 0x68, 0x52, 0x55, 0xDE, 0xB3, 0xC5, 0x65, 0x31, 0xC6,
    0x49, 0x84, 0x9A, 0x43, 0xC3, 0x81, 0x43, 0xCB, 0x05, 0xA5, 0x9A, 0xB6, 0xE6, 0xD3, 0xC5, 0xA6,
    0x41, 0xC6, 0x51, 0x31, 0xB5, 0x81, 0xF4, 0xCD, 0x12, 0xD3, 0xCD, 0x45, 0x7A, 0xC3, 0xB2, 0xE3,
    0xB2, 0x45, 0x82, 0x06, 0x4A, 0x68, 0x52, 0x0A, 0x6B, 0xB6, 0xE6, 0x93, 0xC5, 0xC6, 0x49, 0x65,
    0x82, 0x35, 0xD6, 0x96, 0xE6, 0xC6, 0x39, 0xA6, 0x39, 0xAF, 0xA4, 0xD7, 0xEE, 0x14, 0xCE, 0x81,
    0x86, 0x39, 0x0D, 0xD3, 0xCD, 0x96, 0xE6, 0xE6, 0x41, 0xC6, 0x51, 0x14, 0xCE, 0xD7, 0xEE, 0xED,
    0x83, 0x68, 0x52, 0x4B, 0x73, 0xB7, 0xE6, 0x31, 0xB5, 0x84, 0x51, 0xC4, 0xAA, 0x03, 0xC3, 0x87,
    0x43, 0xCB, 0x84, 0x23, 0xCB, 0x87, 0x43, 0xCB, 0x00, 0x64, 0xCB, 0x81, 0x43, 0xCB, 0x83, 0x23,
    0xCB, 0x83, 0x43, 0xCB, 0x81, 0x23, 0xCB, 0x00, 0x02, 0xC3, 0x82, 0x23, 0xCB, 0x83, 0x43, 0xCB,
    0x86, 0x23, 0xCB, 0x0D, 0xE4, 0xB2, 0x55, 0xDE, 0xD7, 0xEE, 0x0D, 0x8C, 0x65, 0x31, 0xB3, 0xC5,
    0x55, 0xDE, 0xB0, 0xA4, 0xD7, 0xEE, 0x55, 0xDE, 0xC6, 0x41, 0x27, 0x4A, 0xB7, 0xE6, 0xD7, 0xEE,
    0x83, 0x96, 0xE6, 0x0F, 0x35, 0xD6, 0xC6, 0x41, 0xA5, 0x51, 0x92, 0xBD, 0xD3, 0xC5, 0xED, 0x8B,
    0xB7, 0xE6, 0x52, 0xBD, 0xB6, 0xE6, 0x2E, 0x94, 0xB7, 0xE6, 0x52, 0xB5, 0xA6, 0x39, 0xC6, 0x49,
    0x84, 0x9A, 0x23, 0xC3, 0x81, 0x43, 0xCB, 0x0D, 0xA5, 0x9A, 0xB6, 0xE6, 0xD3, 0xC5, 0xA6, 0x39,
    0xC5, 0x51, 0xCC, 0x8B, 0x8F, 0x9C, 0xD7, 0xE6, 0xB6, 0xE6, 0x27, 0x5A, 0xA4, 0xA2, 0x24, 0x82,
    0x31, 0xB5, 0x76, 0xDE, 0x81, 0x96, 0xE6, 0x12, 0xD7, 0xEE, 0x93, 0xC5, 0xA6, 0x41, 0xE6, 0x59,
    0x35, 0xD6, 0x96, 0xE6, 0xC6, 0x41, 0xC6, 0x49, 0xAF, 0xA4, 0xD7, 0xEE, 0xF4, 0xCD, 0xC6, 0x41,
    0xC6, 0x49, 0xD3, 0xCD, 0x96, 0xE6, 0xE6, 0x41, 0xC6, 0x41, 0x96, 0xE6, 0xD7, 0xEE, 0x83, 0x96,
    0xE6, 0x04, 0x76, 0xDE, 0x07, 0x4A, 0x45, 0x82, 0x03, 0xC3, 0x23, 0xCB, 0x82, 0x43, 0xCB, 0x86,
    0x23, 0xCB, 0x82, 0x43, 0xCB, 0x82, 0x23, 0xCB, 0x87, 0x43, 0xCB, 0x84, 0x23, 0xCB, 0x82, 0x43,
    0xCB, 0x82, 0x23, 0xCB, 0x00, 0x43, 0xCB, 0x83, 0x23, 0xCB, 0x00, 0x03, 0xCB, 0x82, 0x02, 0xC3,
    0x83, 0x23, 0xCB, 0x0B, 0xC3, 0xB2, 0x55, 0xDE, 0xD7, 0xEE, 0x0D, 0x8C, 0xA6, 0x39, 0x8C, 0x7B,
    0xB6, 0xE6, 0xB7, 0xE6, 0xD7, 0xEE, 0x55, 0xDE, 0xC6, 0x41, 0x27, 0x4A, 0x81, 0xB6, 0xE6, 0x00,
    0x48, 0x52, 0x83, 0xC6, 0x41, 0x0E, 0xA6, 0x39, 0x05, 0x72, 0xB0, 0xA4, 0xB7, 0xE6, 0xF4, 0xCD,
    0x35, 0xD6, 0x48, 0x52, 0x55, 0xD6, 0x14, 0xCE, 0xB6, 0xE6, 0xED, 0x83, 0xA6, 0x41, 0x06, 0x6A,
    0xC3, 0xAA, 0xE2, 0xC2, 0x81, 0x02, 0xC3, 0x23, 0xA5, 0x9A, 0xB6, 0xE6, 0x55, 0xDE, 0x07, 0x4A,
    0x06, 0x6A, 0xC3, 0xB2, 0x87, 0x7A, 0xB7, 0xE6, 0xB6, 0xE6, 0x07, 0x4A, 0xA6, 0x41, 0x52, 0xB5,
    0xD7, 0xEE, 0x31, 0xB5, 0xC6, 0x41, 0x27, 0x4A, 0xB6, 0xE6, 0x93, 0xC5, 0xA6, 0x41, 0xE6, 0x51,
    0x35, 0xD6, 0x96, 0xE6, 0xC6, 0x41, 0xC6, 0x49, 0xAF, 0xA4, 0xD7, 0xEE, 0xF4, 0xCD, 0xC6, 0x41,
    0xC6, 0x51, 0xD3, 0xCD, 0x96, 0xE6, 0xE6, 0x41, 0xC6, 0x41, 0x76, 0xDE, 0xD7, 0xEE, 0x2B, 0x6B,
    0x83, 0xC6, 0x41, 0x06, 0x86, 0x39, 0x06, 0x6A, 0xE3, 0xB2, 0x03, 0xC3, 0x23, 0xCB, 0x02, 0xC3,
    0x02, 0xCB, 0x83, 0x02, 0xC3, 0x81, 0x23, 0xCB, 0x01, 0x02, 0xC3, 0xE2, 0xC2, 0x82, 0x02, 0xC3,
    0x00, 0x02, 0xCB, 0x82, 0x02, 0xC3, 0x81, 0x23, 0xCB, 0x83, 0x02, 0xC3, 0x00, 0x23, 0xCB, 0x83,
    0x02, 0xC3, 0x81, 0x23, 0xCB, 0x81, 0x02, 0xC3, 0x01, 0x23, 0xCB, 0x03, 0xCB, 0x81, 0x23, 0xCB,
    0x82, 0x02, 0xC3, 0x03, 0xE2, 0xC2, 0x02, 0xC3, 0xE2, 0xC2, 0x03, 0xCB, 0x81, 0x02, 0xC3, 0x08,
    0xE2, 0xC2, 0x02, 0xC3, 0xC3, 0xB2, 0x55, 0xDE, 0xD7, 0xEE, 0x0D, 0x8C, 0xA6, 0x41, 0xA4, 0x59,
    0x8F, 0x9C, 0x81, 0xD7, 0xEE, 0x05, 0x55, 0xDE, 0xC6, 0x41, 0x65, 0x39, 0x52, 0xB5, 0xD7, 0xEE,
    0x2E, 0x8C, 0x81, 0xC6, 0x41, 0x0F, 0x47, 0x4A, 0x88, 0x5A, 0xC6, 0x59, 0xE5, 0x69, 0xAC, 0x83,
    0xB7, 0xE6, 0xD7, 0xEE, 0x11, 0xAD, 0xA6, 0x39, 0xD3, 0xC5, 0xD7, 0xEE, 0xB6, 0xE6, 0xE7, 0x41,
    0xC7, 0x41, 0x05, 0x6A, 0xA2, 0xB2, 0x82, 0xE2, 0xC2, 0x23, 0x43, 0x92, 0xD3, 0xC5, 0xD7, 0xEE,
    0xAF, 0x9C, 0xE6, 0x59, 0x64, 0x8A, 0xA8, 0x72, 0xB7, 0xE6, 0xB6, 0xE6, 0x07, 0x4A, 0xC6, 0x41,
    0x75, 0xDE, 0xD7, 0xEE, 0xCD, 0x83, 0xC6, 0x41, 0xED, 0x83, 0xB7, 0xE6, 0x93, 0xC5, 0xA6, 0x39,
    0xE6, 0x51, 0x35, 0xD6, 0x96, 0xE6, 0xC6, 0x41, 0xC6, 0x51, 0xAF, 0xA4, 0xD7, 0xEE, 0xF4, 0xCD,
    0xC6, 0x41, 0xC6, 0x51, 0xD3, 0xCD, 0x96, 0xE6, 0xE6, 0x41, 0x85, 0x41, 0x2E, 0x8C, 0xD7, 0xEE,
    0xD0, 0xA4, 0x81, 0xC6, 0x41, 0x04, 0xE6, 0x41, 0x6B, 0x73, 0xC6, 0x59, 0xE6, 0x69, 0x83, 0xA2,
    0x85, 0xE2, 0xC2, 0x00, 0x02, 0xC3, 0x81, 0xE2, 0xC2, 0x00, 0x02, 0xC3, 0x84, 0xE2, 0xC2, 0x00,
    0x02, 0xC3, 0x82, 0xE2, 0xC2, 0x00, 0x02, 0xC3, 0x83, 0xE2, 0xC2, 0x81, 0x02, 0xC3, 0x00, 0xE2,
    0xC2, 0x83, 0x02, 0xC3, 0x83, 0xE2, 0xC2, 0x01, 0x02, 0xC3, 0xE2, 0xC2, 0x81, 0x02, 0xC3, 0x00,
    0x23, 0xCB, 0x83, 0x02, 0xC3, 0x81, 0x23, 0xCB, 0x00, 0x02, 0xC3, 0x81, 0x23, 0xCB, 0x0E, 0xC3,
    0xB2, 0x55, 0xDE, 0xD7, 0xEE, 0x0D, 0x8C, 0xA6, 0x41, 0x25, 0x7A, 0x25, 0x6A, 0x96, 0xDE, 0xD7,
    0xEE, 0x55, 0xDE, 0xC6, 0x41, 0xC6, 0x51, 0x26, 0x5A, 0x14, 0xD6, 0xB6, 0xE6, 0x82, 0x96, 0xE6,
    0x0F, 0xAC, 0x83, 0x44, 0x8A, 0xC2, 0xB2, 0x64, 0x92, 0x96, 0xE6, 0xB7, 0xE6, 0xC9, 0x62, 0xA6,
    0x39, 0xA9, 0x5A, 0xB7, 0xE6, 0x34, 0xD6, 0xC6, 0x39, 0xC6, 0x49, 0x44, 0x8A, 0xE2, 0xBA, 0xE2,
    0xC2, 0x82, 0x02, 0xC3, 0x02, 0x25, 0x72, 0xD3, 0xC5, 0xB6, 0xE6, 0x82, 0x96, 0xE6, 0x1C, 0xB6,
    0xE6, 0x6F, 0x94, 0x65, 0x31, 0xA6, 0x39, 0x92, 0xBD, 0xB7, 0xE6, 0xB6, 0xE6, 0x96, 0xE6, 0x15,
    0xD6, 0xD7, 0xEE, 0x14, 0xCE, 0xA6, 0x39, 0xC6, 0x51, 0x35, 0xD6, 0x96, 0xE6, 0xC6, 0x41, 0xC6,
    0x51, 0xB0, 0xA4, 0xD7, 0xEE, 0xF4, 0xCD, 0xC6, 0x41, 0xC6, 0x51, 0xD3, 0xCD, 0xB6, 0xE6, 0xE6,
    0x41, 0xC6, 0x49, 0xC5, 0x59, 0xB3, 0xC5, 0xB6, 0xE6, 0x82, 0x96, 0xE6, 0x0D, 0xF1, 0xAC, 0x24,
    0x82, 0xC3, 0xB2, 0x03, 0xBB, 0x23, 0xC3, 0x43, 0xCB, 0x23, 0xCB, 0x02, 0xC3, 0x23, 0xCB, 0x02,
    0xCB, 0x03, 0xCB, 0x02, 0xC3, 0x03, 0xCB, 0x02, 0xCB, 0x82, 0x02, 0xC3, 0x00, 0x23, 0xCB, 0x89,
    0x02, 0xC3, 0x85, 0x23, 0xCB, 0x84, 0x02, 0xC3, 0x00, 0x23, 0xCB, 0x81, 0x02, 0xC3, 0x01, 0x23,
    0xCB, 0x02, 0xC3, 0x83, 0x23, 0xCB, 0x81, 0x02, 0xC3, 0x23, 0x23, 0xCB, 0x02, 0xCB, 0x23, 0xCB,
    0xE3, 0xB2, 0x72, 0xBD, 0xF4, 0xCD, 0x8C, 0x7B, 0xA6, 0x41, 0x25, 0x82, 0x62, 0x9A, 0xCC, 0x8B,
    0xF4, 0xCD, 0x72, 0xBD, 0xA6, 0x41, 0xE6, 0x59, 0x83, 0xA2, 0x25, 0x72, 0x2E, 0x94, 0xF4, 0xCD,
    0x72, 0xBD, 0x88, 0x52, 0x85, 0x39, 0xC6, 0x49, 0xA4, 0xA2, 0x84, 0x9A, 0xB3, 0xC5, 0x52, 0xB5,
    0x65, 0x31, 0xC6, 0x41, 0x27, 0x52, 0xD4, 0xCD, 0x4E, 0x94, 0xA6, 0x39, 0xC6, 0x49, 0x84, 0x9A,
    0x02, 0xC3, 0x82, 0x23, 0xCB, 0x2B, 0x02, 0xC3, 0xE2, 0xC2, 0x24, 0x7A, 0xA8, 0x6A, 0x92, 0xBD,
    0xF4, 0xCD, 0xED, 0x8B, 0x68, 0x52, 0x65, 0x31, 0xC7, 0x41, 0xC6, 0x51, 0xC4, 0x61, 0x2A, 0x73,
    0xD4, 0xCD, 0x0D, 0x8C, 0x27, 0x4A, 0xD3, 0xC5, 0xD4, 0xCD, 0x27, 0x4A, 0xC6, 0x51, 0x52, 0xBD,
    0xB3, 0xC5, 0xA6, 0x39, 0xC6, 0x51, 0x0D, 0x8C, 0xF4, 0xCD, 0x31, 0xB5, 0xA6, 0x41, 0xC6, 0x51,
    0x11, 0xAD, 0xD3, 0xC5, 0xA6, 0x39, 0xC6, 0x51, 0x63, 0x9A, 0x03, 0x72, 0x4B, 0x7B, 0xF4, 0xCD,
    0xB3, 0xC5, 0x88, 0x5A, 0xE6, 0x41, 0xC6, 0x41, 0x85, 0x92, 0x03, 0xC3, 0x02, 0xC3, 0x81, 0x23,
    0xCB, 0x03, 0x02, 0xC3, 0x02, 0xCB, 0x02, 0xC3, 0x02, 0xCB, 0x81, 0x23, 0xCB, 0x02, 0x02, 0xC3,
    0x23, 0xCB, 0x02, 0xCB, 0x82, 0x02, 0xC3, 0x02, 0x02, 0xCB, 0x23, 0xCB, 0x02, 0xC3, 0x83, 0x23,
    0xCB, 0x00, 0x02, 0xCB, 0x81, 0x23, 0xCB, 0x03, 0x43, 0xCB, 0x23, 0xCB, 0x02, 0xC3, 0x43, 0xCB,
    0x81, 0x23, 0xCB, 0x00, 0x02, 0xC3, 0x81, 0x23, 0xCB, 0x81, 0x02, 0xC3, 0x00, 0xE2, 0xC2, 0x84,
    0x02, 0xC3, 0x01, 0x23, 0xCB, 0x02, 0xC3, 0x84, 0xE2, 0xC2, 0x0F, 0x02, 0xC3, 0xA3, 0xB2, 0x06,
    0x6A, 0xA6, 0x41, 0xC7, 0x41, 0x25, 0x82, 0xC2, 0xBA, 0xC2, 0xB2, 0x45, 0x8A, 0xC6, 0x41, 0xA6,
    0x41, 0xE6, 0x59, 0xA3, 0xAA, 0xC2, 0xBA, 0x63, 0x9A, 0xE6, 0x59, 0x81, 0xA6, 0x41, 0x0E, 0xC6,
    0x49, 0xE6, 0x51, 0x85, 0x92, 0xE2, 0xBA, 0xC4, 0xAA, 0xE6, 0x59, 0xC6, 0x41, 0xC6, 0x49, 0x44,
    0x8A, 0x84, 0x9A, 0xC6, 0x51, 0xC7, 0x41, 0x06, 0x6A, 0xC4, 0xAA, 0x02, 0xC3, 0x81, 0x23, 0xCB,
    0x00, 0x02, 0xC3, 0x81, 0x23, 0xCB, 0x0B, 0x23, 0xC3, 0xC3, 0xAA, 0x06, 0x62, 0xC6, 0x49, 0xA6,
    0x41, 0xC7, 0x41, 0xC6, 0x49, 0xE6, 0x59, 0x45, 0x8A, 0xC3, 0xB2, 0xC3, 0xAA, 0x06, 0x6A, 0x81,
    0xA6, 0x41, 0x81, 0xC6, 0x49, 0x19, 0xA6, 0x41, 0xC6, 0x51, 0x63, 0x9A, 0x06, 0x6A, 0xA6, 0x41,
    0xE6, 0x59, 0x83, 0x9A, 0x45, 0x82, 0xA6, 0x41, 0xC6, 0x41, 0xE6, 0x61, 0x63, 0xA2, 0x05, 0x72,
    0xA6, 0x41, 0xC6, 0x51, 0x83, 0xA2, 0xE2, 0xBA, 0xA3, 0xAA, 0xE6, 0x69, 0xC6, 0x41, 0xA6, 0x41,
    0xC6, 0x41, 0xC6, 0x51, 0x25, 0x82, 0xC2, 0xBA, 0x03, 0xC3, 0x84, 0x02, 0xC3, 0x81, 0x23, 0xCB,
    0x01, 0x43, 0xCB, 0x02, 0xC3, 0x81, 0x23, 0xCB, 0x00, 0x02, 0xC3, 0x81, 0x23, 0xCB, 0x00, 0x43,
    0xCB, 0x81, 0x23, 0xCB, 0x02, 0x43, 0xCB, 0x23, 0xCB, 0x03, 0xCB, 0x81, 0x23, 0xCB, 0x00, 0x02,
    0xCB, 0x81, 0x63, 0xCB, 0x83, 0x43, 0xCB, 0x81, 0x23, 0xCB, 0x00, 0x02, 0xC3, 0x82, 0x43, 0xCB,
    0x00, 0x23, 0xCB, 0x81, 0x43, 0xCB, 0x83, 0x23, 0xCB, 0x00, 0x43, 0xCB, 0x81, 0x23, 0xCB, 0x84,
    0x02, 0xC3, 0x15, 0xC3, 0xB2, 0x45, 0x8A, 0x25, 0x7A, 0x64, 0x92, 0xE2, 0xBA, 0xE2, 0xC2, 0xC2,
    0xBA, 0x64, 0x92, 0x05, 0x7A, 0x25, 0x82, 0xC3, 0xB2, 0xE2, 0xC2, 0xC2, 0xBA, 0xA3, 0xAA, 0x44,
    0x8A, 0x25, 0x7A, 0x25, 0x82, 0xA3, 0xA2, 0xE3, 0xB2, 0x02, 0xC3, 0x03, 0xC3, 0xC3, 0xB2, 0x81,
    0x45, 0x82, 0x05, 0xE3, 0xB2, 0x23, 0xC3, 0xC4, 0xAA, 0x45, 0x82, 0x85, 0x92, 0xE3, 0xBA, 0x84,
    0x23, 0xCB, 0x81, 0x43, 0xCB, 0x07, 0x23, 0xC3, 0xE3, 0xBA, 0xC4, 0xAA, 0x65, 0x8A, 0x45, 0x7A,
    0x65, 0x92, 0xC3, 0xAA, 0x03, 0xBB, 0x81, 0x23, 0xC3, 0x04, 0xC3, 0xB2, 0x64, 0x9A, 0x45, 0x7A,
    0x65, 0x8A, 0xA4, 0x9A, 0x81, 0x45, 0x82, 0x08, 0xC4, 0xAA, 0xE3, 0xB2, 0x65, 0x8A, 0x45, 0x82,
    0xC3, 0xB2, 0x03, 0xBB, 0x84, 0x9A, 0x25, 0x7A, 0x45, 0x82, 0x81, 0xC3, 0xB2, 0x02, 0x45, 0x8A,
    0x25, 0x82, 0xA3, 0xAA, 0x81, 0x03, 0xC3, 0x06, 0xC3, 0xB2, 0x64, 0x92, 0x05, 0x7A, 0x25, 0x7A,
    0x63, 0x9A, 0xA3, 0xB2, 0xE2, 0xC2, 0x81, 0x02, 0xC3, 0x00, 0xE2, 0xC2, 0x81, 0x02, 0xC3, 0x83,
    0x23, 0xCB, 0x00, 0x02, 0xCB, 0x82, 0x23, 0xCB, 0x85, 0x43, 0xCB, 0x01, 0x23, 0xCB, 0x43, 0xCB,
    0x81, 0x23, 0xCB, 0x83, 0x43, 0xCB, 0x01, 0x23, 0xCB, 0x43, 0xCB, 0x81, 0x23, 0xCB, 0x02, 0x02,
    0xC3, 0x02, 0xCB, 0x43, 0xCB, 0x88, 0x23, 0xCB, 0x81, 0x43, 0xCB, 0x84, 0x23, 0xCB, 0x81, 0x43,
    0xCB, 0x03, 0x03, 0xC3, 0xE3, 0xBA, 0x23, 0xC3, 0x23, 0xCB, 0x81, 0x43, 0xCB, 0x00, 0x23, 0xC3,
    0x81, 0x03, 0xBB, 0x81, 0x23, 0xCB, 0x81, 0x03, 0xC3, 0x81, 0x03, 0xBB, 0x05, 0xE2, 0xBA, 0x02,
    0xC3, 0x23, 0xC3, 0x23, 0xCB, 0x43, 0xCB, 0x23, 0xC3, 0x81, 0x03, 0xBB, 0x81, 0x23, 0xC3, 0x01,
    0x03, 0xC3, 0x03, 0xBB, 0x81, 0x03, 0xC3, 0x00, 0x23, 0xC3, 0x82, 0x23, 0xCB, 0x02, 0x02, 0xCB,
    0x23, 0xCB, 0x43, 0xCB, 0x81, 0x03, 0xC3, 0x04, 0x02, 0xC3, 0x03, 0xC3, 0x03, 0xBB, 0x23, 0xC3,
    0x03, 0xC3, 0x81, 0x23, 0xCB, 0x02, 0x23, 0xC3, 0x02, 0xC3, 0xE2, 0xBA, 0x81, 0x03, 0xBB, 0x04,
    0x03, 0xC3, 0x03, 0xBB, 0xE3, 0xBA, 0x03, 0xC3, 0x23, 0xC3, 0x82, 0x03, 0xC3, 0x08, 0x23, 0xCB,
    0x23, 0xC3, 0x03, 0xBB, 0xE2, 0xBA, 0x03, 0xC3, 0x02, 0xC3, 0x23, 0xC3, 0x03, 0xC3, 0x23, 0xC3,
    0x82, 0x23, 0xCB, 0x01, 0x23, 0xC3, 0x03, 0xBB, 0x82, 0x23, 0xC3, 0x01, 0x23, 0xCB, 0x43, 0xCB,
    0x85, 0x23, 0xCB, 0x00, 0x02, 0xCB, 0x81, 0x23, 0xCB, 0x00, 0x43, 0xCB, 0x8D, 0x23, 0xCB, 0x00,
    0x43, 0xCB, 0x83, 0x23, 0xCB, 0x00, 0x22, 0xCB, 0x83, 0x23, 0xCB, 0x81, 0x02, 0xC3, 0x82, 0x23,
    0xCB, 0x00, 0x02, 0xC3, 0x81, 0x23, 0xCB, 0x00, 0x02, 0xCB, 0x81, 0x23, 0xCB, 0x82, 0x02, 0xC3,
    0x00, 0xE2, 0xC2, 0x83, 0x02, 0xC3, 0x03, 0xE2, 0xC2, 0x02, 0xC3, 0x02, 0xCB, 0x43, 0xCB, 0x81,
    0x03, 0xC3, 0x83, 0x02, 0xC3, 0x82, 0xE2, 0xC2, 0x00, 0x02, 0xC3, 0x82, 0x23, 0xCB, 0x81, 0x43,
    0xCB, 0x82, 0x23, 0xCB, 0x00, 0x02, 0xC3, 0x83, 0x23, 0xCB, 0x01, 0x43, 0xCB, 0x63, 0xCB, 0x81,
    0x43, 0xCB, 0x00, 0x63, 0xCB, 0x83, 0x43, 0xCB, 0x84, 0x23, 0xCB, 0x00, 0x23, 0xC3, 0x81, 0x23,
    0xCB, 0x00, 0x03, 0xC3, 0x81, 0x23, 0xC3, 0x06, 0x02, 0xC3, 0xE2, 0xC2, 0x02, 0xC3, 0x23, 0xC3,
    0x03, 0xC3, 0x23, 0xC3, 0x03, 0xC3, 0x81, 0x23, 0xCB, 0x02, 0x02, 0xC3, 0x23, 0xCB, 0x03, 0xC3,
    0x81, 0xE2, 0xC2, 0x01, 0x02, 0xC3, 0xE2, 0xC2, 0x83, 0x02, 0xC3, 0x00, 0xE2, 0xC2, 0x81, 0x02,
    0xC3, 0x00, 0x23, 0xCB, 0x81, 0x23, 0xC3, 0x83, 0x02, 0xC3, 0x00, 0xE2, 0xC2, 0x81, 0x02, 0xC3,
    0x83, 0x23, 0xCB, 0x83, 0x43, 0xCB, 0x02, 0x23, 0xCB, 0x03, 0xCB, 0x23, 0xCB, 0x83, 0x43, 0xCB,
    0x00, 0x63, 0xCB, 0x81, 0x43, 0xCB, 0x01, 0x23, 0xCB, 0x43, 0xCB, 0x81, 0x23, 0xCB, 0x87, 0x43,
    0xCB, 0x01, 0x63, 0xCB, 0x43, 0xCB, 0x81, 0x64, 0xCB, 0x81, 0x64, 0xD3, 0x01, 0x64, 0xCB, 0x63,
    0xCB, 0x81, 0x43, 0xCB, 0x0A, 0x64, 0xD3, 0x63, 0xCB, 0x64, 0xD3, 0x43, 0xCB, 0x64, 0xCB, 0x43,
    0xCB, 0x63, 0xCB, 0x43, 0xCB, 0x64, 0xD3, 0x64, 0xCB, 0x84, 0xD3, 0x81, 0x64, 0xD3, 0x02, 0x64,
    0xCB, 0x43, 0xCB, 0x23, 0xCB, 0x81, 0x43, 0xCB, 0x88, 0x23, 0xCB, 0x03, 0x02, 0xC3, 0x23, 0xC3,
    0x22, 0xCB, 0x02, 0xC3, 0x82, 0x23, 0xCB, 0x00, 0x02, 0xCB, 0x88, 0x23, 0xCB, 0x00, 0x02, 0xC3,
    0x83, 0x23, 0xCB, 0x87, 0x43, 0xCB, 0x01, 0x63, 0xCB, 0x43, 0xCB, 0x82, 0x64, 0xCB, 0x81, 0x64,
    0xD3, 0x00, 0x63, 0xCB, 0x81, 0x43, 0xCB, 0x07, 0x64, 0xD3, 0x43, 0xCB, 0x64, 0xD3, 0x43, 0xCB,
    0x63, 0xCB, 0x23, 0xCB, 0x64, 0xCB, 0x43, 0xCB, 0x84, 0x64, 0xD3, 0x81, 0x43, 0xCB, 0x00, 0x23,
    0xCB, 0x81, 0x43, 0xCB, 0x88, 0x23, 0xCB, 0x01, 0x02, 0xC3, 0x23, 0xCB, 0x81, 0x02, 0xC3, 0x00,
    0x03, 0xCB, 0x81, 0x23, 0xCB, 0x00, 0x02, 0xCB, 0x85, 0x23, 0xCB, 0x01, 0x43, 0xCB, 0x02, 0xCB,
    0x84, 0x23, 0xCB, 0x81, 0x43, 0xCB, 0x81, 0x23, 0xCB, 0x00, 0x03, 0xCB, 0x81, 0x02, 0xC3, 0x01,
    0x23, 0xCB, 0x02, 0xC3, 0x82, 0x23, 0xCB, 0x00, 0x43, 0xCB, 0x81, 0x23, 0xCB, 0x82, 0x43, 0xCB,
    0x03, 0x23, 0xCB, 0x43, 0xCB, 0x63, 0xCB, 0x64, 0xD3, 0x81, 0x43, 0xCB, 0x81, 0x23, 0xCB, 0x82,
    0x02, 0xC3, 0x04, 0x02, 0xCB, 0x02, 0xC3, 0x02, 0xCB, 0x23, 0xCB, 0x43, 0xCB, 0x81, 0x23, 0xCB,
    0x83, 0x43, 0xCB, 0x81, 0x23, 0xCB, 0x82, 0x43, 0xCB, 0x81, 0x63, 0xCB, 0x81, 0x43, 0xCB, 0x82,
    0x23, 0xCB, 0x00, 0x43, 0xCB, 0x81, 0x23, 0xCB, 0x02, 0x02, 0xC3, 0x23, 0xCB, 0x02, 0xC3, 0x82,
    0x23, 0xCB, 0x00, 0x02, 0xC3, 0x84, 0x23, 0xCB, 0x81, 0x43, 0xCB, 0x82, 0x23, 0xCB, 0x81, 0x02,
    0xC3, 0x01, 0x23, 0xCB, 0x02, 0xC3, 0x81, 0x23, 0xCB, 0x00, 0x43, 0xCB, 0x81, 0x23, 0xCB, 0x83,
    0x43, 0xCB, 0x01, 0x23, 0xCB, 0x43, 0xCB, 0x81, 0x64, 0xCB, 0x00, 0x63, 0xCB, 0x82, 0x23, 0xCB,
    0x81, 0x02, 0xC3, 0x02, 0x03, 0xCB, 0x02, 0xC3, 0x02, 0xCB, 0x84, 0x23, 0xCB, 0x83, 0x43, 0xCB,
    0x81, 0x23, 0xCB, 0x86, 0x43, 0xCB, 0x82, 0x23, 0xCB, 0x01, 0x43, 0xCB, 0x64, 0xD3, 0x82, 0x43,
    0xCB, 0x81, 0x23, 0xCB, 0x01, 0x03, 0xC3, 0x02, 0xC3, 0x81, 0x23, 0xCB, 0x81, 0x43, 0xCB, 0x05,
    0x02, 0xC3, 0x23, 0xCB, 0x02, 0xC3, 0x23, 0xCB, 0x02, 0xC3, 0x43, 0xCB, 0x86, 0x23, 0xCB, 0x00,
    0x43, 0xCB, 0x87, 0x23, 0xCB, 0x89, 0x02, 0xC3, 0x81, 0x23, 0xCB, 0x00, 0x43, 0xCB, 0x82, 0x23,
    0xCB, 0x00, 0x43, 0xCB, 0x81, 0x23, 0xCB, 0x01, 0x43, 0xCB, 0x64, 0xCB, 0x84, 0x43, 0xCB, 0x00,
    0x64, 0xCB, 0x85, 0x43, 0xCB, 0x00, 0x63, 0xCB, 0x82, 0x43, 0xCB, 0x81, 0x23, 0xCB, 0x00, 0x02,
    0xC3, 0x82, 0x23, 0xCB, 0x81, 0x43, 0xCB, 0x02, 0x02, 0xC3, 0x23, 0xCB, 0x02, 0xC3, 0x81, 0x23,
    0xCB, 0x00, 0x43, 0xCB, 0x83, 0x23, 0xCB, 0x00, 0x43, 0xCB, 0x81, 0x23, 0xCB, 0x00, 0x43, 0xCB,
    0x82, 0x23, 0xCB, 0x01, 0x23, 0xC3, 0x43, 0xCB, 0x82, 0x23, 0xCB, 0x88, 0x02, 0xC3, 0x82, 0x23,
    0xCB, 0x00, 0x43, 0xCB, 0x82, 0x23, 0xCB, 0x02, 0x43, 0xCB, 0x02, 0xC3, 0x23, 0xCB, 0x86, 0x43,
    0xCB, 0x81, 0x23, 0xCB, 0x81, 0x02, 0xC3, 0x01, 0xE2, 0xC2, 0x02, 0xC3, 0x82, 0x23, 0xCB, 0x01,
    0x02, 0xC3, 0xE2, 0xC2, 0x83, 0x02, 0xC3, 0x02, 0x23, 0xCB, 0x02, 0xC3, 0xE2, 0xC2, 0x84, 0x02,
    0xC3, 0x81, 0xE2, 0xC2, 0x0B, 0x02, 0xC3, 0x23, 0xCB, 0xE2, 0xC2, 0x02, 0xC3, 0xC2, 0xBA, 0xC3,
    0xAA, 0xE4, 0xB2, 0xC3, 0xAA, 0xC4, 0xB2, 0xC3, 0xAA, 0xA2, 0xAA, 0xE2, 0xC2, 0x81, 0xC2, 0xC2,
    0x85, 0xE2, 0xC2, 0x00, 0x02, 0xC3, 0x81, 0x23, 0xCB, 0x00, 0x43, 0xCB, 0x81, 0x23, 0xCB, 0x00,
    0x43, 0xCB, 0x84, 0x23, 0xCB, 0x86, 0x02, 0xC3, 0x81, 0x23, 0xCB, 0x00, 0x02, 0xCB, 0x81, 0x23,
    0xCB, 0x81, 0x02, 0xC3, 0x01, 0xE2, 0xC2, 0x02, 0xC3, 0x81, 0x23, 0xCB, 0x02, 0x03, 0xCB, 0x02,
    0xC3, 0xE2, 0xC2, 0x82, 0x02, 0xC3, 0x81, 0x23, 0xCB, 0x01, 0x02, 0xC3, 0xE2, 0xC2, 0x84, 0x02,
    0xC3, 0x00, 0xE2, 0xC2, 0x83, 0x02, 0xC3, 0x03, 0xC2, 0xB2, 0x8B, 0x83, 0xAC, 0x8B, 0xA2, 0xAA,
    0x84, 0x02, 0xC3, 0x01, 0xC1, 0xC2, 0xC2, 0xC2, 0x85, 0xE2, 0xC2, 0x00, 0x02, 0xC3, 0x81, 0x23,
    0xCB, 0x00, 0x43, 0xCB, 0x81, 0x23, 0xCB, 0x00, 0x43, 0xCB, 0x84, 0x23, 0xCB, 0x01, 0x02, 0xC3,
    0x02, 0xCB, 0x81, 0x02, 0xC3, 0x81, 0x23, 0xCB, 0x00, 0x02, 0xC3, 0x81, 0x23, 0xCB, 0x00, 0x43,
    0xCB, 0x83, 0x23, 0xCB, 0x81, 0x43, 0xCB, 0x03, 0x23, 0xCB, 0x43, 0xCB, 0x23, 0xCB, 0x43, 0xCB,
    0x82, 0x23, 0xCB, 0x00, 0x02, 0xCB, 0x81, 0x02, 0xC3, 0x86, 0x23, 0xCB, 0x01, 0x85, 0x8A, 0x35,
    0xD6, 0x83, 0x55, 0xDE, 0x03, 0x4E, 0x94, 0x66, 0x72, 0xE2, 0xBA, 0x23, 0xC3, 0x88, 0x23, 0xCB,
    0x00, 0x02, 0xC3, 0x84, 0x23, 0xCB, 0x00, 0x02, 0xCB, 0x81, 0x43, 0xCB, 0x01, 0x23, 0xCB, 0x43,
    0xCB, 0x82, 0x02, 0xC3, 0x81, 0x23, 0xCB, 0x00, 0x43, 0xCB, 0x83, 0x23, 0xCB, 0x01, 0x02, 0xCB,
    0x23, 0xCB, 0x81, 0x43, 0xCB, 0x83, 0x23, 0xCB, 0x81, 0x43, 0xCB, 0x03, 0x23, 0xCB, 0x43, 0xCB,
    0x23, 0xCB, 0x43, 0xCB, 0x82, 0x23, 0xCB, 0x02, 0x02, 0xCB, 0x02, 0xC3, 0x02, 0xCB, 0x85, 0x23,
    0xCB, 0x05, 0xE4, 0xB2, 0x55, 0xDE, 0x76, 0xDE, 0x65, 0x82, 0x23, 0xC3, 0x03, 0xC3, 0x93, 0x23,
    0xCB, 0x00, 0x02, 0xCB, 0x81, 0x43, 0xCB, 0x81, 0x23, 0xCB, 0x04, 0x02, 0xCB, 0x02, 0xC3, 0x23,
    0xCB, 0x43, 0xCB, 0x23, 0xCB, 0x84, 0x43, 0xCB, 0x00, 0x63, 0xCB, 0x85, 0x43, 0xCB, 0x02, 0x64,
    0xD3, 0x43, 0xCB, 0x23, 0xCB, 0x84, 0x43, 0xCB, 0x00, 0x23, 0xCB, 0x82, 0x43, 0xCB, 0x05, 0x23,
    0xCB, 0x43, 0xCB, 0xA6, 0x92, 0xB6, 0xE6, 0xD7, 0xEE, 0x75, 0xDE, 0x81, 0x55, 0xDE, 0x03, 0xB6,
    0xE6, 0x35, 0xD6, 0x67, 0x6A, 0x03, 0xC3, 0x81, 0x23, 0xCB, 0x83, 0x02, 0xC3, 0x01, 0x02, 0xCB,
    0x02, 0xC3, 0x83, 0x23, 0xCB, 0x02, 0x02, 0xC3, 0x23, 0xCB, 0x02, 0xCB, 0x81, 0x23, 0xCB, 0x82,
    0x43, 0xCB, 0x00, 0x63, 0xCB, 0x81, 0x43, 0xCB, 0x00, 0x63, 0xCB, 0x83, 0x43, 0xCB, 0x02, 0x23,
    0xCB, 0x43, 0xCB, 0x23, 0xCB, 0x87, 0x43, 0xCB, 0x00, 0x23, 0xCB, 0x82, 0x43, 0xCB, 0x02, 0x64,
    0xD3, 0x43, 0xCB, 0x23, 0xCB, 0x84, 0x43, 0xCB, 0x00, 0x23, 0xCB, 0x82, 0x43, 0xCB, 0x06, 0x23,
    0xCB, 0x04, 0xB3, 0x55, 0xDE, 0x76, 0xDE, 0xC6, 0x41, 0x45, 0x82, 0x03, 0xC3, 0x82, 0x23, 0xCB,
    0x00, 0x43, 0xCB, 0x82, 0x23, 0xCB, 0x83, 0x02, 0xC3, 0x01, 0x02, 0xCB, 0x02, 0xC3, 0x83, 0x23,
    0xCB, 0x05, 0x02, 0xC3, 0x23, 0xCB, 0x02, 0xC3, 0x23, 0xCB, 0x43, 0xCB, 0x23, 0xCB, 0x81, 0x43,
    0xCB, 0x03, 0x63, 0xCB, 0x43, 0xCB, 0x02, 0xC3, 0xE2, 0xC2, 0x83, 0x23, 0xCB, 0x81, 0x43, 0xCB,
    0x01, 0x23, 0xCB, 0x43, 0xCB, 0x81, 0x23, 0xCB, 0x03, 0x43, 0xCB, 0x23, 0xCB, 0x43, 0xCB, 0x02,
    0xC3, 0x81, 0x23, 0xCB, 0x06, 0x02, 0xC3, 0x23, 0xCB, 0x02, 0xCB, 0x23, 0xCB, 0x02, 0xCB, 0x23,
    0xCB, 0x02, 0xC3, 0x83, 0x23, 0xCB, 0x0C, 0x86, 0x8A, 0xB6, 0xE6, 0xB7, 0xE6, 0x68, 0x52, 0xC6,
    0x41, 0xA6, 0x39, 0xCD, 0x83, 0xD7, 0xE6, 0xAF, 0xA4, 0x83, 0xA2, 0x03, 0xC3, 0xE2, 0xBA, 0xC3,
    0xB2, 0x81, 0xA7, 0x82, 0x01, 0xA2, 0xAA, 0xE2, 0xC2, 0x82, 0x23, 0xCB, 0x05, 0xE3, 0xB2, 0xA7,
    0x82, 0xC7, 0x8A, 0x45, 0x82, 0x23, 0xC3, 0x43, 0xCB, 0x81, 0x23, 0xCB, 0x06, 0xE3, 0xBA, 0x87,
    0x82, 0xC7, 0x82, 0x65, 0x82, 0x23, 0xC3, 0x43, 0xCB, 0xE3, 0xB2, 0x81, 0xA7, 0x82, 0x15, 0xC2,
    0xB2, 0xE2, 0xBA, 0x66, 0x7A, 0x65, 0x7A, 0x03, 0xC3, 0xC2, 0xB2, 0xA7, 0x82, 0xC7, 0x82, 0x24,
    0x82, 0x23, 0xCB, 0x43, 0xCB, 0x03, 0xC3, 0x24, 0x7A, 0xC7, 0x82, 0xA7, 0x82, 0xE3, 0xB2, 0x03,
    0xC3, 0x23, 0xCB, 0x02, 0xC3, 0x45, 0x7A, 0xC7, 0x82, 0x23, 0x8A, 0x81, 0x23, 0x82, 0x81, 0x02,
    0xC3, 0x0A, 0x62, 0x9A, 0xC7, 0x82, 0x86, 0x82, 0xA3, 0xA2, 0x55, 0xDE, 0x76, 0xDE, 0xC6, 0x41,
    0xE6, 0x59, 0xE4, 0xB2, 0x23, 0xC3, 0x43, 0xCB, 0x86, 0x23, 0xCB, 0x00, 0x02, 0xC3, 0x84, 0x23,
    0xCB, 0x03, 0x43, 0xCB, 0x23, 0xCB, 0x43, 0xCB, 0x63, 0xCB, 0x81, 0x43, 0xCB, 0x00, 0x23, 0xCB,
    0x81, 0x43, 0xCB, 0x02, 0x02, 0xC3, 0x23, 0xCB, 0x43, 0xCB, 0x81, 0x23, 0xCB, 0x00, 0x43, 0xCB,
    0x83, 0x23, 0xCB, 0x03, 0x03, 0xCB, 0x02, 0xC3, 0x23, 0xCB, 0x02, 0xCB, 0x81, 0x23, 0xCB, 0x00,
    0xE2, 0xC2, 0x81, 0x02, 0xC3, 0x82, 0x23, 0xCB, 0x81, 0x02, 0xCB, 0x01, 0x02, 0xC3, 0x03, 0xCB,
    0x83, 0x02, 0xC3, 0x4E, 0x23, 0xCB, 0x43, 0xCB, 0xA6, 0x92, 0xB6, 0xE6, 0xB7, 0xE6, 0x48, 0x52,
    0xC6, 0x41, 0xE6, 0x61, 0x88, 0x62, 0xB7, 0xE6, 0xF4, 0xCD, 0xC5, 0x51, 0x44, 0x8A, 0x6B, 0x7B,
    0x93, 0xC5, 0x96, 0xE6, 0xB6, 0xE6, 0xB3, 0xC5, 0x2D, 0x94, 0x82, 0xA2, 0x23, 0xC3, 0x44, 0x82,
    0x52, 0xB5, 0x96, 0xDE, 0xB7, 0xE6, 0x14, 0xD6, 0x2E, 0x94, 0x82, 0xA2, 0x23, 0xCB, 0x44, 0x82,
    0x51, 0xB5, 0x96, 0xDE, 0xB7, 0xE6, 0x14, 0xD6, 0x4E, 0x94, 0x82, 0x9A, 0xE4, 0xAA, 0x55, 0xDE,
    0x35, 0xD6, 0x84, 0x9A, 0x62, 0x92, 0x72, 0xBD, 0x35, 0xD6, 0x65, 0x8A, 0xC4, 0xAA, 0x55, 0xDE,
    0x76, 0xDE, 0x68, 0x62, 0xE3, 0xBA, 0x62, 0x9A, 0x2D, 0x94, 0x14, 0xCE, 0xB7, 0xE6, 0x96, 0xE6,
    0x52, 0xB5, 0x24, 0x7A, 0x03, 0xC3, 0x02, 0xC3, 0xAF, 0xA4, 0xB6, 0xE6, 0x0E, 0x8C, 0xB3, 0xC5,
    0x6B, 0x83, 0xC3, 0xB2, 0x46, 0x6A, 0x93, 0xBD, 0xB6, 0xE6, 0x75, 0xDE, 0x93, 0xC5, 0x96, 0xE6,
    0x76, 0xDE, 0xC6, 0x41, 0xE6, 0x59, 0xC4, 0xAA, 0x23, 0xC3, 0x23, 0xCB, 0x43, 0xCB, 0x23, 0xCB,
    0x43, 0xCB, 0x86, 0x23, 0xCB, 0x01, 0x43, 0xCB, 0x23, 0xCB, 0x86, 0x43, 0xCB, 0x02, 0x23, 0xCB,
    0x43, 0xCB, 0x23, 0xCB, 0x83, 0x43, 0xCB, 0x00, 0x23, 0xCB, 0x87, 0x43, 0xCB, 0x00, 0x23, 0xCB,
    0x81, 0x43, 0xCB, 0x04, 0x23, 0xCB, 0x43, 0xCB, 0x23, 0xCB, 0x43, 0xCB, 0x23, 0xCB, 0x8A, 0x43,
    0xCB, 0x0A, 0xA6, 0x92, 0xB6, 0xE6, 0xB7, 0xE6, 0x48, 0x52, 0xA6, 0x41, 0x24, 0x82, 0xC9, 0x6A,
    0xB7, 0xE6, 0xD0, 0xA4, 0x85, 0x39, 0xE6, 0x51, 0x81, 0x55, 0xDE, 0x19, 0xD0, 0xA4, 0xF1, 0xAC,
    0xB7, 0xE6, 0x96, 0xE6, 0x66, 0x7A, 0xE3, 0xBA, 0xAC, 0x8B, 0xD7, 0xEE, 0x52, 0xB5, 0xD0, 0xA4,
    0x14, 0xCE, 0x96, 0xE6, 0x0D, 0x8C, 0x03, 0xBB, 0xAB, 0x8B, 0xB7, 0xE6, 0x52, 0xB5, 0xD0, 0xA4,
    0x14, 0xCE, 0x96, 0xE6, 0x2E, 0x94, 0xA3, 0xA2, 0x11, 0xAD, 0x96, 0xE6, 0xC9, 0x62, 0x47, 0x5A,
    0x81, 0xB6, 0xE6, 0x1F, 0x67, 0x62, 0x64, 0x8A, 0x75, 0xDE, 0x55, 0xDE, 0xC6, 0x41, 0xE6, 0x61,
    0x0D, 0x8C, 0xB6, 0xE6, 0x14, 0xD6, 0xD0, 0xA4, 0x31, 0xB5, 0xB7, 0xE6, 0x72, 0xBD, 0xA3, 0xA2,
    0x02, 0xC3, 0xAF, 0xA4, 0xD7, 0xEE, 0xB6, 0xE6, 0x11, 0xAD, 0x68, 0x52, 0xE6, 0x61, 0x72, 0xBD,
    0xD7, 0xEE, 0xF4, 0xCD, 0xD0, 0xA4, 0x52, 0xB5, 0xD7, 0xEE, 0x76, 0xDE, 0xC6, 0x41, 0xE6, 0x59,
    0xC4, 0xAA, 0x23, 0xC3, 0x81, 0x23, 0xCB, 0x00, 0x02, 0xCB, 0x83, 0x23, 0xCB, 0x83, 0x02, 0xC3,
    0x82, 0x23, 0xCB, 0x01, 0x02, 0xC3, 0x23, 0xCB, 0x88, 0x43, 0xCB, 0x00, 0x63, 0xCB, 0x81, 0x02,
    0xC3, 0x88, 0x23, 0xCB, 0x00, 0x03, 0xCB, 0x84, 0x02, 0xC3, 0x82, 0x23, 0xCB, 0x00, 0x02, 0xC3,
    0x82, 0x23, 0xCB, 0x00, 0x02, 0xC3, 0x82, 0x23, 0xCB, 0x04, 0x43, 0xCB, 0x85, 0x8A, 0xB6, 0xE6,
    0xD7, 0xEE, 0xF1, 0xAC, 0x81, 0xD0, 0xA4, 0x26, 0x55, 0xD6, 0xB6, 0xE6, 0xAC, 0x7B, 0xA6, 0x41,
    0xA5, 0x51, 0x25, 0x72, 0x85, 0x39, 0xA6, 0x39, 0x85, 0x39, 0xB3, 0xC5, 0xB6, 0xE6, 0xE7, 0x49,
    0x45, 0x82, 0xCC, 0x8B, 0xB7, 0xE6, 0x8B, 0x7B, 0xA6, 0x39, 0x65, 0x31, 0xE6, 0x41, 0xA6, 0x39,
    0x25, 0x82, 0xAC, 0x83, 0xB7, 0xE6, 0x8C, 0x7B, 0xA6, 0x39, 0x65, 0x31, 0xE6, 0x41, 0xA6, 0x41,
    0x25, 0x82, 0x8B, 0x83, 0xB7, 0xE6, 0x8C, 0x7B, 0x48, 0x52, 0xB7, 0xE6, 0xD7, 0xEE, 0x72, 0xBD,
    0xEA, 0x6A, 0x96, 0xE6, 0x31, 0xB5, 0x81, 0xA6, 0x39, 0x19, 0xF4, 0xCD, 0xB7, 0xE6, 0x48, 0x52,
    0xA6, 0x39, 0x85, 0x39, 0x35, 0xD6, 0x96, 0xE6, 0x05, 0x62, 0xA3, 0xAA, 0xAF, 0xA4, 0xD7, 0xEE,
    0xD0, 0xA4, 0x65, 0x31, 0xA6, 0x41, 0xC6, 0x39, 0x14, 0xD6, 0xB6, 0xE6, 0x27, 0x4A, 0xA6, 0x39,
    0xC9, 0x5A, 0x96, 0xE6, 0x76, 0xDE, 0xC6, 0x41, 0xE6, 0x59, 0xA3, 0xAA, 0xE2, 0xC2, 0x87, 0x02,
    0xC3, 0x01, 0x23, 0xCB, 0x02, 0xC3, 0x82, 0x23, 0xCB, 0x01, 0x02, 0xC3, 0x23, 0xCB, 0x82, 0x02,
    0xC3, 0x00, 0x02, 0xCB, 0x82, 0x23, 0xCB, 0x81, 0x43, 0xCB, 0x01, 0x23, 0xCB, 0x43, 0xCB, 0x81,
    0x02, 0xC3, 0x82, 0x23, 0xCB, 0x00, 0x43, 0xCB, 0x83, 0x23, 0xCB, 0x04, 0x43, 0xCB, 0x23, 0xCB,
    0x22, 0xC3, 0x23, 0xCB, 0x02, 0xCB, 0x89, 0x23, 0xCB, 0x06, 0x43, 0xCB, 0x64, 0xD3, 0x64, 0xCB,
    0x63, 0xCB, 0xA6, 0x92, 0xB6, 0xE6, 0xD7, 0xEE, 0x82, 0xB7, 0xE6, 0x06, 0xF4, 0xCD, 0xAC, 0x7B,
    0x65, 0x31, 0xC7, 0x41, 0xE5, 0x69, 0xA8, 0x62, 0xD0, 0xA4, 0x81, 0x96, 0xE6, 0x81, 0xB6, 0xE6,
    0x02, 0xE7, 0x41, 0xC6, 0x51, 0x2A, 0x6B, 0x81, 0x96, 0xE6, 0x05, 0x75, 0xDE, 0x4E, 0x94, 0x2A,
    0x6B, 0x85, 0x41, 0xE6, 0x61, 0x0A, 0x6B, 0x81, 0x96, 0xE6, 0x2A, 0x76, 0xDE, 0x4E, 0x94, 0x2A,
    0x6B, 0x85, 0x41, 0xE6, 0x61, 0xE9, 0x6A, 0x96, 0xE6, 0xED, 0x8B, 0x93, 0xC5, 0xB7, 0xE6, 0x55,
    0xDE, 0x14, 0xCE, 0x4E, 0x94, 0xB7, 0xE6, 0x2A, 0x6B, 0xA6, 0x41, 0x27, 0x4A, 0xB7, 0xE6, 0xB6,
    0xE6, 0x27, 0x4A, 0xC6, 0x41, 0xE6, 0x59, 0x35, 0xD6, 0xD7, 0xEE, 0x2E, 0x94, 0xE5, 0x61, 0xAF,
    0xA4, 0xB7, 0xE6, 0x88, 0x5A, 0xC7, 0x41, 0xC6, 0x49, 0x67, 0x5A, 0xB7, 0xE6, 0xB6, 0xE6, 0x07,
    0x4A, 0xC6, 0x41, 0xE6, 0x59, 0x55, 0xDE, 0x76, 0xDE, 0xC6, 0x41, 0xE6, 0x59, 0xC4, 0xAA, 0x23,
    0xC3, 0x82, 0x43, 0xCB, 0x81, 0x23, 0xCB, 0x81, 0x43, 0xCB, 0x01, 0x23, 0xCB, 0x43, 0xCB, 0x82,
    0x23, 0xCB, 0x02, 0x64, 0xCB, 0x43, 0xCB, 0x64, 0xD3, 0x81, 0x43, 0xCB, 0x81, 0x23, 0xCB, 0x00,
    0x43, 0xCB, 0x85, 0x23, 0xCB, 0x02, 0x63, 0xCB, 0x43, 0xCB, 0x63, 0xCB, 0x83, 0x43, 0xCB, 0x00,
    0x64, 0xCB, 0x82, 0x43, 0xCB, 0x00, 0x23, 0xCB, 0x83, 0x43, 0xCB, 0x00, 0x63, 0xCB, 0x85, 0x43,
    0xCB, 0x00, 0x23, 0xCB, 0x84, 0x43, 0xCB, 0x03, 0xA6, 0x92, 0xB6, 0xE6, 0xB7, 0xE6, 0x0A, 0x6B,
    0x81, 0x68, 0x52, 0x28, 0x85, 0x31, 0xA6, 0x39, 0xC7, 0x41, 0xC6, 0x51, 0x88, 0x5A, 0x75, 0xDE,
    0x96, 0xE6, 0x6B, 0x73, 0x68, 0x52, 0xB3, 0xC5, 0xB6, 0xE6, 0xE7, 0x41, 0xC6, 0x49, 0x04, 0x72,
    0x28, 0x93, 0x68, 0x52, 0x31, 0xB5, 0x76, 0xDE, 0x96, 0xE6, 0x2A, 0x73, 0xA3, 0xA2, 0x64, 0x92,
    0x28, 0x93, 0x68, 0x52, 0x31, 0xB5, 0x76, 0xDE, 0x96, 0xE6, 0x4B, 0x73, 0xE3, 0xAA, 0xC4, 0xA2,
    0x55, 0xDE, 0x75, 0xDE, 0x14, 0xD6, 0xF1, 0xAC, 0x6F, 0x9C, 0xB6, 0xE6, 0x52, 0xB5, 0x96, 0xE6,
    0xC9, 0x62, 0xC6, 0x41, 0x27, 0x52, 0x81, 0xB6, 0xE6, 0x0C, 0x27, 0x4A, 0xC6, 0x49, 0x25, 0x7A,
    0x35, 0xD6, 0xB7, 0xE6, 0xCD, 0x83, 0xA6, 0x49, 0xAF, 0xA4, 0xB7, 0xE6, 0x88, 0x5A, 0xC6, 0x49,
    0x25, 0x7A, 0x87, 0x72, 0x81, 0xB6, 0xE6, 0x08, 0x07, 0x4A, 0xC6, 0x49, 0x05, 0x6A, 0x55, 0xDE,
    0x76, 0xDE, 0xC6, 0x41, 0xE6, 0x59, 0xC4, 0xAA, 0x03, 0xC3, 0x81, 0x23, 0xCB, 0x00, 0x43, 0xCB,
    0x85, 0x23, 0xCB, 0x03, 0x43, 0xCB, 0x23, 0xCB, 0x43, 0xCB, 0x64, 0xCB, 0x81, 0x64, 0xD3, 0x81,
    0x64, 0xCB, 0x06, 0x64, 0xD3, 0x84, 0xD3, 0x64, 0xCB, 0x43, 0xCB, 0x64, 0xD3, 0x43, 0xCB, 0x64,
    0xD3, 0x82, 0x43, 0xCB, 0x02, 0x23, 0xCB, 0x43, 0xCB, 0x64, 0xCB, 0x81, 0x43, 0xCB, 0x01, 0x84,
    0xD3, 0x64, 0xCB, 0x81, 0x64, 0xD3, 0x01, 0x64, 0xCB, 0x63, 0xCB, 0x81, 0x43, 0xCB, 0x81, 0x23,
    0xCB, 0x87, 0x43, 0xCB, 0x00, 0x23, 0xCB, 0x81, 0x43, 0xCB, 0x07, 0x23, 0xCB, 0x43, 0xCB, 0xA6,
    0x92, 0xB6, 0xE6, 0xB7, 0xE6, 0x48, 0x52, 0xC7, 0x41, 0xC6, 0x49, 0x81, 0xC6, 0x51, 0x1C, 0x05,
    0x72, 0x64, 0x8A, 0x4E, 0x9C, 0xD7, 0xEE, 0x35, 0xD6, 0xC6, 0x41, 0x85, 0x39, 0xD3, 0xCD, 0xB6,
    0xE6, 0xE7, 0x41, 0xC6, 0x41, 0x14, 0xD6, 0xF4, 0xD5, 0xE6, 0x41, 0x85, 0x39, 0x0A, 0x6B, 0xB7,
    0xE6, 0x52, 0xBD, 0x25, 0x72, 0x14, 0xCE, 0x14, 0xD6, 0xE6, 0x41, 0x85, 0x39, 0x0A, 0x6B, 0xB7,
    0xE6, 0x72, 0xBD, 0x85, 0x92, 0xE4, 0xAA, 0xD3, 0xCD, 0x81, 0xD7, 0xEE, 0x21, 0x2E, 0x94, 0xC6,
    0x41, 0x96, 0xE6, 0xD7, 0xEE, 0x35, 0xD6, 0xA6, 0x39, 0xC7, 0x41, 0xA4, 0x51, 0x72, 0xBD, 0xB7,
    0xE6, 0x2A, 0x6B, 0xC6, 0x41, 0x06, 0x52, 0x55, 0xDE, 0x76, 0xDE, 0xC6, 0x41, 0xA6, 0x41, 0xAF,
    0xA4, 0xB7, 0xE6, 0x88, 0x5A, 0xC6, 0x49, 0x84, 0x92, 0x23, 0x82, 0xB3, 0xC5, 0xB7, 0xE6, 0xEA,
    0x62, 0xA6, 0x41, 0x6B, 0x73, 0xB6, 0xE6, 0x76, 0xDE, 0xC6, 0x41, 0xE6, 0x59, 0xC4, 0xAA, 0x64,
    0xCB, 0x84, 0x43, 0xCB, 0x85, 0x23, 0xCB, 0x82, 0x43, 0xCB, 0x00, 0x63, 0xCB, 0x81, 0x64, 0xCB,
    0x85, 0x64, 0xD3, 0x81, 0x84, 0xD3, 0x01, 0x63, 0xCB, 0x43, 0xCB, 0x86, 0x23, 0xCB, 0x82, 0x43,
    0xCB, 0x00, 0x23, 0xCB, 0x83, 0x43, 0xCB, 0x84, 0x23, 0xCB, 0x00, 0x02, 0xCB, 0x86, 0x23, 0xCB,
    0x0C, 0xA6, 0x92, 0xB6, 0xE6, 0xB7, 0xE6, 0x48, 0x52, 0xC6, 0x49, 0x24, 0x82, 0x83, 0xA2, 0x83,
    0xAA, 0xC3, 0xB2, 0xC2, 0xBA, 0x2D, 0x94, 0xB7, 0xE6, 0xB6, 0xE6, 0x81, 0x35, 0xD6, 0x81, 0xB6,
    0xE6, 0x2F, 0x88, 0x5A, 0x65, 0x39, 0x2E, 0x94, 0xB6, 0xE6, 0x55, 0xDE, 0xAF, 0xAC, 0x35, 0xD6,
    0xD7, 0xEE, 0x11, 0xAD, 0x65, 0x39, 0x2E, 0x8C, 0xB6, 0xE6, 0x55, 0xDE, 0xAF, 0xAC, 0x35, 0xD6,
    0xD7, 0xEE, 0x11, 0xAD, 0xC6, 0x49, 0x64, 0x8A, 0x2A, 0x7B, 0xB7, 0xE6, 0x96, 0xE6, 0xC6, 0x41,
    0x65, 0x31, 0xF0, 0xAC, 0xD7, 0xEE, 0xD3, 0xC5, 0xC6, 0x41, 0xE6, 0x51, 0x64, 0x92, 0xC9, 0x6A,
    0x76, 0xDE, 0x96, 0xE6, 0x35, 0xD6, 0x55, 0xDE, 0xB6, 0xE6, 0x4E, 0x94, 0x85, 0x39, 0xC6, 0x49,
    0xAF, 0xA4, 0xB7, 0xE6, 0x88, 0x5A, 0xC6, 0x49, 0x64, 0x92, 0xE3, 0xBA, 0x31, 0xB5, 0xD7, 0xEE,
    0x96, 0xE6, 0x81, 0x35, 0xD6, 0x04, 0xB7, 0xE6, 0x76, 0xDE, 0xC6, 0x41, 0xE6, 0x59, 0xA3, 0xAA,
    0x81, 0x02, 0xC3, 0x00, 0x03, 0xCB, 0x82, 0x23, 0xCB, 0x00, 0x02, 0xC3, 0x82, 0x23, 0xCB, 0x84,
    0x43, 0xCB, 0x00, 0x23, 0xCB, 0x88, 0x43, 0xCB, 0x81, 0x63, 0xCB, 0x81, 0x23, 0xCB, 0x00, 0x02,
    0xCB, 0x82, 0x23, 0xCB, 0x8C, 0x43, 0xCB, 0x81, 0x23, 0xCB, 0x02, 0x43, 0xCB, 0x23, 0xCB, 0x43,
    0xCB, 0x84, 0x23, 0xCB, 0x06, 0x85, 0x8A, 0x75, 0xDE, 0x76, 0xDE, 0x47, 0x4A, 0xC6, 0x49, 0x64,
    0x92, 0xE2, 0xBA, 0x81, 0x23, 0xC3, 0x02, 0x23, 0xCB, 0x83, 0x9A, 0xCC, 0x8B, 0x81, 0x35, 0xD6,
    0x3B, 0xAC, 0x7B, 0x72, 0xBD, 0x96, 0xE6, 0xF0, 0xAC, 0xA6, 0x49, 0xE4, 0x71, 0xAC, 0x83, 0x14,
    0xD6, 0x76, 0xDE, 0x11, 0xAD, 0xAC, 0x83, 0x85, 0x39, 0xA6, 0x41, 0xA5, 0x49, 0xAC, 0x83, 0x14,
    0xCE, 0x76, 0xDE, 0x11, 0xAD, 0xAC, 0x83, 0x85, 0x39, 0xC7, 0x41, 0x05, 0x72, 0xE9, 0x72, 0x76,
    0xDE, 0xD0, 0xA4, 0x65, 0x39, 0xC6, 0x49, 0x2E, 0x94, 0x76, 0xDE, 0xA9, 0x5A, 0xA6, 0x41, 0xE6,
    0x61, 0xC3, 0xB2, 0xE3, 0xB2, 0xE9, 0x72, 0xF0, 0xAC, 0x76, 0xDE, 0x14, 0xD6, 0x8C, 0x7B, 0x85,
    0x39, 0xC7, 0x41, 0xC6, 0x51, 0x6F, 0x9C, 0x76, 0xDE, 0x68, 0x52, 0xC6, 0x49, 0x84, 0x92, 0x03,
    0xC3, 0x24, 0x82, 0xED, 0x8B, 0x75, 0xDE, 0xD3, 0xCD, 0x8C, 0x7B, 0x14, 0xCE, 0x35, 0xD6, 0xC6,
    0x41, 0xE6, 0x59, 0xC3, 0xAA, 0x23, 0xC3, 0x23, 0xCB, 0x82, 0x43, 0xCB, 0x81, 0x23, 0xCB, 0x81,
    0x03, 0xCB, 0x86, 0x23, 0xCB, 0x83, 0x43, 0xCB, 0x00, 0x23, 0xCB, 0x81, 0x02, 0xCB, 0x84, 0x43,
    0xCB, 0x00, 0x63, 0xCB, 0x86, 0x43, 0xCB, 0x85, 0x23, 0xCB, 0x00, 0x43, 0xCB, 0x82, 0x23, 0xCB,
    0x85, 0x43, 0xCB, 0x82, 0x23, 0xCB, 0x33, 0x43, 0xCB, 0xE3, 0xBA, 0xA5, 0x9A, 0xC6, 0x49, 0x86,
    0x39, 0xC6, 0x49, 0x84, 0x9A, 0x02, 0xC3, 0x03, 0xC3, 0x23, 0xC3, 0x23, 0xCB, 0x23, 0xC3, 0xE2,
    0xBA, 0x25, 0x7A, 0xC6, 0x41, 0x86, 0x39, 0xA6, 0x39, 0xC6, 0x41, 0xA6, 0x39, 0xC6, 0x49, 0x64,
    0x92, 0xC2, 0xB2, 0x25, 0x7A, 0xC6, 0x49, 0x86, 0x39, 0xA6, 0x41, 0xC6, 0x41, 0xC6, 0x49, 0x45,
    0x82, 0xC3, 0xAA, 0x25, 0x7A, 0xC6, 0x49, 0x86, 0x39, 0xA6, 0x41, 0xC6, 0x41, 0xC6, 0x49, 0x45,
    0x82, 0xA3, 0xA2, 0x65, 0x8A, 0x86, 0x39, 0xC7, 0x41, 0xE6, 0x51, 0x44, 0x8A, 0x45, 0x72, 0x86,
    0x39, 0xC7, 0x41, 0x05, 0x72, 0xE3, 0xB2, 0x03, 0xC3, 0x02, 0xC3, 0x43, 0x8A, 0xE6, 0x51, 0x81,
    0xA6, 0x39, 0x07, 0xC7, 0x41, 0xC6, 0x51, 0x25, 0x82, 0x63, 0x9A, 0x45, 0x72, 0x86, 0x39, 0xC6,
    0x49, 0x84, 0x9A, 0x81, 0x23, 0xC3, 0x03, 0xC2, 0xB2, 0x05, 0x6A, 0xA6, 0x41, 0x86, 0x39, 0x81,
    0xC6, 0x41, 0x04, 0xA6, 0x39, 0xE6, 0x59, 0xC3, 0xAA, 0x03, 0xC3, 0x23, 0xC3, 0x89, 0x23, 0xCB,
    0x81, 0x43, 0xCB, 0x83, 0x23, 0xCB, 0x00, 0x43, 0xCB, 0x81, 0x63, 0xCB, 0x81, 0x43, 0xCB, 0x8A,
    0x23, 0xCB, 0x00, 0x02, 0xCB, 0x89, 0x23, 0xCB, 0x02, 0x02, 0xC3, 0x23, 0xCB, 0x02, 0xCB, 0x81,
    0x23, 0xCB, 0x81, 0x02, 0xCB, 0x81, 0x02, 0xC3, 0x81, 0x23, 0xCB, 0x81, 0x02, 0xC3, 0x05, 0x84,
    0x9A, 0x06, 0x6A, 0x05, 0x6A, 0xA4, 0xA2, 0x23, 0xC3, 0x23, 0xCB, 0x82, 0x43, 0xCB, 0x08, 0x23,
    0xCB, 0xE3, 0xBA, 0x64, 0x92, 0x05, 0x6A, 0x05, 0x72, 0x44, 0x8A, 0x05, 0x72, 0x06, 0x6A, 0x45,
    0x82, 0x81, 0xE3, 0xBA, 0x0D, 0x84, 0x9A, 0x25, 0x72, 0x06, 0x6A, 0x25, 0x82, 0x84, 0x9A, 0xC3,
    0xB2, 0x23, 0xC3, 0x03, 0xBB, 0xA4, 0x9A, 0x25, 0x72, 0x06, 0x6A, 0x25, 0x7A, 0x84, 0x9A, 0xC3,
    0xB2, 0x81, 0x03, 0xC3, 0x16, 0x65, 0x92, 0x06, 0x6A, 0x45, 0x82, 0xE3, 0xB2, 0xE3, 0xBA, 0x45,
    0x82, 0x06, 0x6A, 0x64, 0x9A, 0x03, 0xC3, 0x23, 0xC3, 0x23, 0xCB, 0x03, 0xC3, 0xA4, 0xAA, 0x25,
    0x7A, 0x06, 0x6A, 0x05, 0x72, 0x64, 0x92, 0xC3, 0xB2, 0x02, 0xC3, 0xE3, 0xBA, 0x45, 0x82, 0x06,
    0x72, 0x84, 0x9A, 0x82, 0x02, 0xC3, 0x04, 0xC3, 0xB2, 0x64, 0x8A, 0x06, 0x6A, 0x05, 0x72, 0x44,
    0x8A, 0x81, 0x05, 0x72, 0x00, 0xC3, 0xB2, 0x81, 0x23, 0xCB, 0x81, 0x43, 0xCB, 0x01, 0x23, 0xCB,
    0x43, 0xCB, 0x83, 0x23, 0xCB, 0x81, 0x02, 0xC3, 0x00, 0x02, 0xCB, 0x84, 0x23, 0xCB, 0x81, 0x43,
    0xCB, 0x00, 0x23, 0xCB, 0x83, 0x43, 0xCB, 0x01, 0x64, 0xCB, 0x63, 0xCB, 0x81, 0x23, 0xCB, 0x81,
    0x43, 0xCB, 0x82, 0x23, 0xCB, 0x81, 0x43, 0xCB, 0x00, 0x64, 0xCB, 0x81, 0x43, 0xCB, 0x00, 0x64,
    0xCB, 0x85, 0x43, 0xCB, 0x8A, 0x23, 0xCB, 0x04, 0x02, 0xC3, 0xE2, 0xC2, 0xC2, 0xBA, 0xC2, 0xB2,
    0xC2, 0xBA, 0x86, 0xE2, 0xC2, 0x00, 0xE2, 0xBA, 0x81, 0xC2, 0xB2, 0x09, 0xE2, 0xBA, 0xE3, 0xBA,
    0xE3, 0xB2, 0xE3, 0xBA, 0x03, 0xC3, 0x23, 0xC3, 0x03, 0xC3, 0xE3, 0xBA, 0xC2, 0xB2, 0xE3, 0xBA,
    0x81, 0x03, 0xC3, 0x82, 0x02, 0xC3, 0x01, 0xE3, 0xBA, 0xC2, 0xB2, 0x81, 0xE2, 0xBA, 0x01, 0xE2,
    0xC2, 0x02, 0xC3, 0x81, 0x03, 0xC3, 0x01, 0xE3, 0xBA, 0x03, 0xBB, 0x81, 0x23, 0xC3, 0x04, 0x03,
    0xC3, 0x03, 0xBB, 0x03, 0xC3, 0x43, 0xCB, 0x64, 0xCB, 0x82, 0x43, 0xCB, 0x00, 0x03, 0xC3, 0x81,
    0xE3, 0xBA, 0x00, 0x03, 0xC3, 0x81, 0x43, 0xCB, 0x04, 0x23, 0xCB, 0x03, 0xC3, 0xE3, 0xBA, 0x03,
    0xC3, 0x23, 0xC3, 0x81, 0x23, 0xCB, 0x00, 0x23, 0xC3, 0x83, 0xE2, 0xBA, 0x02, 0xC2, 0xB2, 0xC2,
    0xBA, 0xE2, 0xBA, 0x86, 0xE2, 0xC2, 0x81, 0x02, 0xC3, 0x00, 0x02, 0xCB, 0x8C, 0x23, 0xCB, 0x01,
    0x02, 0xC3, 0x02, 0xCB, 0x81, 0x23, 0xCB, 0x03, 0x43, 0xCB, 0x64, 0xCB, 0x43, 0xCB, 0x63, 0xCB,
    0x81, 0x43, 0xCB, 0x83, 0x23, 0xCB, 0x81, 0x02, 0xC3, 0x00, 0x03, 0xCB, 0x81, 0x02, 0xC3, 0x01,
    0x23, 0xCB, 0x03, 0xCB, 0x85, 0x23, 0xCB, 0x01, 0x43, 0xCB, 0x23, 0xCB, 0x84, 0x43, 0xCB, 0x02,
    0x63, 0xCB, 0x64, 0xCB, 0x44, 0xCB, 0x81, 0x23, 0xCB, 0x84, 0x43, 0xCB, 0x82, 0x23, 0xCB, 0x00,
    0x23, 0xC3, 0x82, 0x02, 0xC3, 0x81, 0x03, 0xC3, 0x85, 0x02, 0xC3, 0x02, 0xE2, 0xC2, 0x02, 0xC3,
    0x23, 0xCB, 0x82, 0x02, 0xC3, 0x00, 0x23, 0xC3, 0x81, 0x43, 0xCB, 0x00, 0x63, 0xCB, 0x87, 0x43,
    0xCB, 0x81, 0x23, 0xC3, 0x00, 0x23, 0xCB, 0x82, 0x02, 0xC3, 0x00, 0x03, 0xC3, 0x81, 0xE2, 0xC2,
    0x01, 0x02, 0xC3, 0x03, 0xC3, 0x82, 0x23, 0xCB, 0x81, 0x23, 0xC3, 0x81, 0x23, 0xCB, 0x83, 0x43,
    0xCB, 0x01, 0x23, 0xCB, 0x43, 0xCB, 0x81, 0x64, 0xCB, 0x01, 0x43, 0xCB, 0x23, 0xCB, 0x84, 0x43,
    0xCB, 0x81, 0x23, 0xCB, 0x81, 0x43, 0xCB, 0x01, 0x23, 0xCB, 0x02, 0xCB, 0x82, 0x23, 0xCB, 0x03,
    0x02, 0xCB, 0x02, 0xC3, 0x02, 0xCB, 0x02, 0xC3, 0x81, 0x02, 0xCB, 0x86, 0x02, 0xC3, 0x00, 0x02,
    0xCB, 0x81, 0x23, 0xCB, 0x02, 0x02, 0xC3, 0x23, 0xCB, 0x02, 0xC3, 0x82, 0x23, 0xCB, 0x00, 0x43,
    0xCB, 0x81, 0x23, 0xCB, 0x01, 0x02, 0xCB, 0x02, 0xC3, 0x89, 0x23, 0xCB, 0x83, 0x02, 0xC3, 0x00,
    0x23, 0xCB, 0x82, 0x02, 0xC3, 0x81, 0xE2, 0xC2, 0x00, 0x02, 0xC3, 0x81, 0xE2, 0xC2, 0x00, 0x02,
    0xC3, 0x82, 0xE2, 0xC2, 0x81, 0x02, 0xC3, 0x00, 0xE2, 0xC2, 0x82, 0x02, 0xC3, 0x02, 0xE2, 0xC2,
    0x02, 0xC3, 0xE2, 0xC2, 0x82, 0x02, 0xC3, 0x01, 0xE2, 0xC2, 0x02, 0xC3, 0x81, 0xE2, 0xC2, 0x01,
    0x02, 0xC3, 0xE2, 0xC2, 0x83, 0x02, 0xC3, 0x00, 0x02, 0xCB, 0x82, 0x02, 0xC3, 0x82, 0x23, 0xCB,
    0x02, 0x02, 0xCB, 0x23, 0xCB, 0x02, 0xC3, 0x82, 0x23, 0xCB, 0x00, 0x43, 0xCB, 0x81, 0x23, 0xCB,
    0x02, 0x02, 0xCB, 0x02, 0xC3, 0x23, 0xC3, 0x88, 0x23, 0xCB, 0x83, 0x02, 0xC3, 0x00, 0x23, 0xC3,
    0x82, 0x02, 0xC3, 0x81, 0xE2, 0xC2, 0x00, 0x02, 0xC3, 0x81, 0xE2, 0xC2, 0x00, 0x02, 0xC3, 0x82,
    0xE2, 0xC2, 0x81, 0x02, 0xC3, 0x00, 0xE2, 0xC2, 0x81, 0x02, 0xC3, 0x00, 0xE2, 0xC2, 0x81, 0x02,
    0xC3, 0x00, 0xE2, 0xC2, 0x84, 0x02, 0xC3, 0x83, 0xE2, 0xC2, 0x81, 0x02, 0xC3, 0x82, 0xE2, 0xC2,
    0x00, 0x02, 0xC3, 0x81, 0xE2, 0xC2, 0x01, 0x02, 0xC3, 0xE2, 0xC2, 0x85, 0x02, 0xC3, 0x01, 0x23,
    0xCB, 0x02, 0xC3, 0x82, 0xE2, 0xC2, 0x00, 0x02, 0xC3, 0x82, 0xE2, 0xC2, 0x00, 0x02, 0xC3, 0x89,
    0xE2, 0xC2, 0x83, 0x02, 0xC3, 0x81, 0xE2, 0xC2, 0x01, 0x02, 0xC3, 0xE2, 0xC2, 0x81, 0x02, 0xC3,
    0x85, 0xE2, 0xC2, 0x01, 0x02, 0xC3, 0xE2, 0xC2, 0x85, 0x02, 0xC3, 0x81, 0x23, 0xCB, 0x84, 0x02,
    0xC3, 0x01, 0xE2, 0xC2, 0x02, 0xC3, 0x81, 0xE2, 0xC2, 0x81, 0x02, 0xC3, 0x81, 0xE2, 0xC2, 0x87,
    0x02, 0xC3, 0x01, 0x02, 0xCB, 0x02, 0xC3, 0x82, 0xE2, 0xC2, 0x02, 0x02, 0xC3, 0xE2, 0xC2, 0x02,
    0xC3, 0x8B, 0xE2, 0xC2, 0x86, 0x02, 0xC3, 0x00, 0xE2, 0xC2, 0x81, 0x02, 0xC3, 0x85, 0xE2, 0xC2,
    0x01, 0x02, 0xC3, 0xE2, 0xC2, 0x85, 0x02, 0xC3, 0x81, 0x23, 0xCB, 0x83, 0x02, 0xC3, 0x00, 0x23,
    0xCB, 0x81, 0x02, 0xC3, 0x81, 0x23, 0xCB, 0x83, 0x02, 0xC3, 0x81, 0x02, 0xCB, 0x81, 0x23, 0xCB,
    0x84, 0x02, 0xC3, 0x00, 0x02, 0xCB, 0x81, 0x23, 0xCB, 0x82, 0x02, 0xC3, 0x00, 0x02, 0xCB, 0x82,
    0x02, 0xC3, 0x81, 0xE2, 0xC2, 0x87, 0x02, 0xC3, 0x00, 0x02, 0xCB, 0x82, 0x02, 0xC3, 0x81, 0x23,
    0xCB, 0x82, 0x43, 0xCB, 0x00, 0x64, 0xCB, 0x82, 0x43, 0xCB, 0x00, 0x23, 0xCB, 0x84, 0x43, 0xCB,
    0x01, 0x02, 0xCB, 0x03, 0xCB, 0x82, 0x02, 0xC3, 0x00, 0x23, 0xCB, 0x83, 0x02, 0xC3, 0x00, 0x23,
    0xCB, 0x81, 0x02, 0xC3, 0x81, 0x23, 0xCB, 0x83, 0x02, 0xC3, 0x81, 0x02, 0xCB, 0x81, 0x23, 0xCB,
    0x84, 0x02, 0xC3, 0x82, 0x23, 0xCB, 0x86, 0x02, 0xC3, 0x81, 0xE2, 0xC2, 0x85, 0x02, 0xC3, 0x02,
    0xE2, 0xC2, 0x02, 0xC3, 0x23, 0xCB, 0x81, 0x02, 0xC3, 0x00, 0x03, 0xCB, 0x81, 0x23, 0xCB, 0x81,
    0x43, 0xCB, 0x81, 0x64, 0xCB, 0x81, 0x43, 0xCB, 0x81, 0x23, 0xCB, 0x84, 0x43, 0xCB, 0x00, 0x02,
    0xCB, 0x81, 0x02, 0xC3, 0x01, 0x23, 0xCB, 0x43, 0xCB, 0x84, 0x23, 0xCB, 0x84, 0x43, 0xCB, 0x02,
    0x23, 0xCB, 0x43, 0xCB, 0x23, 0xCB, 0x83, 0x43, 0xCB, 0x02, 0x23, 0xCB, 0x43, 0xCB, 0x23, 0xCB,
    0x83, 0x43, 0xCB, 0x00, 0x23, 0xCB, 0x81, 0x43, 0xCB, 0x01, 0x23, 0xCB, 0x43, 0xCB, 0x83, 0x23,
    0xCB, 0x81, 0x43, 0xCB, 0x82, 0x23, 0xC3, 0x84, 0x43, 0xCB, 0x03, 0x63, 0xCB, 0x43, 0xCB, 0x64,
    0xCB, 0x43, 0xCB, 0x81, 0x23, 0xCB, 0x84, 0x02, 0xC3, 0x81, 0x23, 0xCB, 0x04, 0x02, 0xCB, 0x82,
    0xA2, 0xA7, 0x82, 0x86, 0x82, 0xE2, 0xC2, 0x81, 0x23, 0xCB, 0x81, 0x02, 0xC3, 0x01, 0x23, 0xCB,
    0x43, 0xCB, 0x84, 0x23, 0xCB, 0x86, 0x43, 0xCB, 0x00, 0x23, 0xCB, 0x83, 0x43, 0xCB, 0x02, 0x23,
    0xCB, 0x43, 0xCB, 0x23, 0xCB, 0x83, 0x43, 0xCB, 0x00, 0x23, 0xCB, 0x81, 0x43, 0xCB, 0x01, 0x23,
    0xCB, 0x43, 0xCB, 0x82, 0x23, 0xCB, 0x8B, 0x43, 0xCB, 0x02, 0x63, 0xCB, 0x64, 0xCB, 0x43, 0xCB,
    0x81, 0x23, 0xCB, 0x83, 0x02, 0xC3, 0x00, 0x02, 0xCB, 0x81, 0x23, 0xCB, 0x00, 0x02, 0xC3, 0x8C,
    0x23, 0xCB, 0x84, 0x43, 0xCB, 0x81, 0x63, 0xCB, 0x8B, 0x43, 0xCB, 0x02, 0x23, 0xCB, 0x43, 0xCB,
    0x23, 0xCB, 0x81, 0x43, 0xCB, 0x06, 0xA3, 0xA2, 0xA6, 0x8A, 0xED, 0x8B, 0x93, 0xC5, 0x31, 0xB5,
    0x86, 0x82, 0xE3, 0xB2, 0x82, 0x43, 0xCB, 0x02, 0x23, 0xCB, 0x43, 0xCB, 0x23, 0xCB, 0x85, 0x43,
    0xCB, 0x81, 0x23, 0xC3, 0x82, 0x43, 0xCB, 0x04, 0xC5, 0x9A, 0x96, 0xE6, 0xB3, 0xC5, 0xA4, 0xA2,
    0x03, 0xC3, 0x82, 0x23, 0xCB, 0x00, 0x43, 0xCB, 0x86, 0x23, 0xCB, 0x01, 0x43, 0xCB, 0x23, 0xCB,
    0x85, 0x43, 0xCB, 0x81, 0x63, 0xCB, 0x8B, 0x43, 0xCB, 0x02, 0x23, 0xCB, 0x43, 0xCB, 0x23, 0xCB,
    0x85, 0x43, 0xCB, 0x00, 0x23, 0xCB, 0x86, 0x43, 0xCB, 0x00, 0x23, 0xCB, 0x8B, 0x43, 0xCB, 0x04,
    0x63, 0xCB, 0x43, 0xCB, 0x63, 0xCB, 0x64, 0xCB, 0x43, 0xCB, 0x81, 0x63, 0xCB, 0x02, 0x43, 0xCB,
    0x63, 0xCB, 0x43, 0xCB, 0x81, 0x63, 0xCB, 0x81, 0x43, 0xCB, 0x81, 0x63, 0xCB, 0x89, 0x43, 0xCB,
    0x88, 0x23, 0xCB, 0x03, 0x82, 0xA2, 0x4E, 0x94, 0xB6, 0xE6, 0x96, 0xE6, 0x81, 0xB6, 0xE6, 0x04,
    0x96, 0xDE, 0x2A, 0x73, 0xA2, 0xAA, 0x03, 0xC3, 0x02, 0xC3, 0x81, 0x23, 0xCB, 0x81, 0x43, 0xCB,
    0x00, 0x63, 0xCB, 0x81, 0x43, 0xCB, 0x04, 0x63, 0xCB, 0x43, 0xCB, 0xE9, 0x7A, 0x31, 0xB5, 0xC8,
    0x72, 0x81, 0x43, 0xCB, 0x04, 0x84, 0x9A, 0xAF, 0xA4, 0x0D, 0x8C, 0xC6, 0x51, 0xC5, 0xAA, 0x81,
    0x43, 0xCB, 0x01, 0x64, 0xCB, 0x43, 0xCB, 0x81, 0x63, 0xCB, 0x02, 0x43, 0xCB, 0x63, 0xCB, 0x43,
    0xCB, 0x81, 0x63, 0xCB, 0x00, 0x43, 0xCB, 0x81, 0x63, 0xCB, 0x00, 0x43, 0xCB, 0x82, 0x63, 0xCB,
    0x84, 0x43, 0xCB, 0x00, 0x63, 0xCB, 0x82, 0x43, 0xCB, 0x93, 0x23, 0xCB, 0x01, 0x02, 0xC3, 0x23,
    0xCB, 0x85, 0x43, 0xCB, 0x00, 0x63, 0xCB, 0x81, 0x43, 0xCB, 0x00, 0x63, 0xCB, 0x93, 0x43, 0xCB,
    0x81, 0x23, 0xCB, 0x00, 0x02, 0xCB, 0x82, 0x23, 0xCB, 0x03, 0x02, 0xCB, 0x02, 0xC3, 0x23, 0xCB,
    0x02, 0xCB, 0x85, 0x02, 0xC3, 0x1D, 0xE2, 0xC2, 0x03, 0xCB, 0x03, 0xBB, 0x2E, 0x94, 0xB6, 0xE6,
    0x14, 0xD6, 0x27, 0x4A, 0xE7, 0x41, 0xE9, 0x62, 0x76, 0xDE, 0x96, 0xE6, 0x2A, 0x73, 0xC2, 0xBA,
    0xA2, 0xB2, 0x84, 0x9A, 0xA4, 0x9A, 0xE2, 0xBA, 0xC4, 0xA2, 0xC5, 0xA2, 0xE3, 0xBA, 0x23, 0xCB,
    0xE3, 0xBA, 0xA4, 0x9A, 0xCC, 0x8B, 0xD7, 0xE6, 0xAC, 0x83, 0xA5, 0x92, 0xE3, 0xBA, 0xE3, 0xB2,
    0x85, 0x8A, 0x81, 0xA6, 0x41, 0x06, 0x26, 0x72, 0x03, 0xBB, 0x23, 0xC3, 0xC4, 0xA2, 0xC5, 0xA2,
    0xA4, 0xA2, 0x43, 0xC3, 0x82, 0x43, 0xCB, 0x05, 0xC4, 0xA2, 0xC5, 0xA2, 0xC3, 0xB2, 0xA3, 0xA2,
    0xC5, 0xA2, 0xA3, 0xA2, 0x82, 0x43, 0xCB, 0x01, 0x23, 0xCB, 0xC2, 0xB2, 0x81, 0xA4, 0x9A, 0x03,
    0x82, 0xA2, 0x23, 0xC3, 0x02, 0xCB, 0x02, 0xC3, 0x81, 0x02, 0xCB, 0x86, 0x02, 0xC3, 0x01, 0x03,
    0xCB, 0x23, 0xCB, 0x8B, 0x02, 0xC3, 0x00, 0x23, 0xCB, 0x83, 0x43, 0xCB, 0x81, 0x23, 0xCB, 0x01,
    0x43, 0xCB, 0x23, 0xCB, 0x83, 0x43, 0xCB, 0x85, 0x23, 0xCB, 0x00, 0x22, 0xC3, 0x82, 0x23, 0xCB,
    0x00, 0x03, 0xCB, 0x86, 0x23, 0xCB, 0x82, 0x02, 0xC3, 0x82, 0x23, 0xCB, 0x01, 0x43, 0xCB, 0x23,
    0xCB, 0x84, 0x43, 0xCB, 0x01, 0x63, 0xCB, 0x43, 0xCB, 0x81, 0x64, 0xCB, 0x2E, 0x44, 0xC3, 0xB3,
    0xC5, 0xD7, 0xEE, 0x4E, 0x94, 0xA6, 0x39, 0xC6, 0x41, 0xC5, 0x51, 0x2A, 0x73, 0xB7, 0xE6, 0x4E,
    0x9C, 0x64, 0x92, 0x84, 0x92, 0x75, 0xDE, 0xD3, 0xCD, 0x2E, 0x94, 0x35, 0xD6, 0x76, 0xDE, 0x0A,
    0x73, 0xC2, 0xB2, 0x84, 0x9A, 0x55, 0xDE, 0xB6, 0xE6, 0xD7, 0xEE, 0xB6, 0xE6, 0x55, 0xDE, 0x84,
    0x92, 0x85, 0x92, 0x76, 0xDE, 0x93, 0xC5, 0x25, 0x82, 0x84, 0x9A, 0x62, 0x9A, 0xAC, 0x83, 0xD3,
    0xC5, 0x96, 0xE6, 0xD4, 0xCD, 0xCC, 0x8B, 0x82, 0xA2, 0x22, 0xC3, 0xE3, 0xBA, 0x72, 0xBD, 0x76,
    0xDE, 0x6B, 0x7B, 0x52, 0xB5, 0x96, 0xE6, 0xAF, 0xA4, 0x66, 0x72, 0x81, 0x03, 0xC3, 0x07, 0x24,
    0x82, 0x4E, 0x94, 0x76, 0xDE, 0x96, 0xE6, 0xB0, 0xA4, 0x87, 0x6A, 0xE2, 0xBA, 0x23, 0xCB, 0x87,
    0x43, 0xCB, 0x82, 0x64, 0xCB, 0x02, 0x43, 0xCB, 0x64, 0xCB, 0x64, 0xD3, 0x81, 0x64, 0xCB, 0x81,
    0x64, 0xD3, 0x00, 0x64, 0xCB, 0x84, 0x43, 0xCB, 0x82, 0x23, 0xCB, 0x03, 0x02, 0xC3, 0x23, 0xCB,
    0xE2, 0xC2, 0x02, 0xC3, 0x84, 0x23, 0xCB, 0x03, 0x63, 0xCB, 0x43, 0xCB, 0x64, 0xCB, 0x63, 0xCB,
    0x88, 0x64, 0xD3, 0x00, 0x64, 0xCB, 0x82, 0x64, 0xD3, 0x00, 0x64, 0xCB, 0x82, 0x64, 0xD3, 0x01,
    0x43, 0xCB, 0x64, 0xD3, 0x81, 0x84, 0xD3, 0x01, 0x64, 0xD3, 0x84, 0xD3, 0x83, 0x64, 0xD3, 0x11,
    0x64, 0xCB, 0x64, 0xD3, 0x84, 0xD3, 0x64, 0xD3, 0x44, 0xCB, 0xB3, 0xC5, 0xB6, 0xE6, 0xE6, 0x41,
    0xC7, 0x41, 0x06, 0x6A, 0xA4, 0x9A, 0x09, 0x7B, 0xB7, 0xE6, 0x76, 0xDE, 0xE6, 0x49, 0x26, 0x6A,
    0x96, 0xE6, 0xB6, 0xE6, 0x81, 0xF4, 0xCD, 0x22, 0x96, 0xE6, 0x96, 0xDE, 0x09, 0x73, 0x82, 0xA2,
    0xED, 0x8B, 0x35, 0xD6, 0xD7, 0xEE, 0x34, 0xD6, 0xCD, 0x83, 0x85, 0x41, 0x26, 0x6A, 0xB6, 0xE6,
    0xD3, 0xC5, 0xE6, 0x59, 0x84, 0x9A, 0xCC, 0x83, 0xB6, 0xE6, 0x55, 0xDE, 0xF4, 0xCD, 0x55, 0xD6,
    0xB6, 0xE6, 0xED, 0x8B, 0x03, 0xBB, 0x44, 0xC3, 0xB3, 0xC5, 0xD7, 0xEE, 0x35, 0xD6, 0xF4, 0xCD,
    0x35, 0xD6, 0xD7, 0xEE, 0x6F, 0x9C, 0xC4, 0xA2, 0x43, 0xC3, 0xF0, 0xAC, 0xD7, 0xEE, 0x81, 0xF4,
    0xCD, 0x02, 0xB6, 0xE6, 0x55, 0xD6, 0x87, 0x6A, 0x81, 0x64, 0xCB, 0x02, 0x84, 0xD3, 0x64, 0xCB,
    0x84, 0xD3, 0x83, 0x64, 0xD3, 0x81, 0x84, 0xD3, 0x81, 0x64, 0xD3, 0x00, 0x43, 0xCB, 0x81, 0x64,
    0xCB, 0x81, 0x64, 0xD3, 0x81, 0x64, 0xCB, 0x81, 0x64, 0xD3, 0x01, 0x63, 0xCB, 0x84, 0xD3, 0x81,
    0x64, 0xD3, 0x00, 0x63, 0xCB, 0x81, 0x64, 0xD3, 0x82, 0x43, 0xCB, 0x82, 0x23, 0xCB, 0x81, 0x43,
    0xCB, 0x86, 0x84, 0xD3, 0x04, 0x64, 0xD3, 0x84, 0xD3, 0x63, 0xCB, 0x64, 0xCB, 0x64, 0xD3, 0x82,
    0x43, 0xCB, 0x02, 0x64, 0xD3, 0x84, 0xD3, 0x64, 0xCB, 0x83, 0x63, 0xCB, 0x00, 0x43, 0xCB, 0x81,
    0x63, 0xCB, 0x03, 0x43, 0xCB, 0x64, 0xD3, 0x84, 0xD3, 0x64, 0xD3, 0x84, 0x43, 0xCB, 0x3D, 0x64,
    0xCB, 0x23, 0xC3, 0xB3, 0xC5, 0xB6, 0xE6, 0xE6, 0x41, 0xC6, 0x49, 0x45, 0x82, 0xE3, 0xBA, 0x09,
    0x83, 0xB7, 0xE6, 0x96, 0xE6, 0xC6, 0x41, 0xE6, 0x51, 0x96, 0xE6, 0x14, 0xD6, 0x85, 0x39, 0xA6,
    0x39, 0x0A, 0x6B, 0xB7, 0xE6, 0xF0, 0xAC, 0xA4, 0x9A, 0x03, 0xB3, 0xAC, 0x8B, 0xB7, 0xE6, 0x8B,
    0x7B, 0xA6, 0x39, 0xC7, 0x41, 0xE6, 0x49, 0xB6, 0xE6, 0xD3, 0xC5, 0xA6, 0x41, 0xC5, 0x49, 0x35,
    0xD6, 0x96, 0xE6, 0x47, 0x4A, 0xA6, 0x39, 0x27, 0x4A, 0x96, 0xE6, 0x35, 0xD6, 0x65, 0x8A, 0x04,
    0xBB, 0xB3, 0xC5, 0xB6, 0xE6, 0x88, 0x5A, 0xA6, 0x39, 0x6B, 0x73, 0xB6, 0xE6, 0x55, 0xDE, 0xE6,
    0x51, 0xE4, 0xAA, 0x31, 0xB5, 0xB7, 0xE6, 0x48, 0x52, 0x85, 0x39, 0xA9, 0x5A, 0xC9, 0x62, 0xC5,
    0x49, 0xC4, 0xA2, 0x43, 0xC3, 0x64, 0xD3, 0x84, 0xD3, 0x64, 0xD3, 0x84, 0x43, 0xCB, 0x01, 0x64,
    0xCB, 0x63, 0xCB, 0x8B, 0x43, 0xCB, 0x01, 0x23, 0xCB, 0x43, 0xCB, 0x81, 0x64, 0xCB, 0x88, 0x84,
    0xD3, 0x00, 0x43, 0xCB, 0x85, 0x23, 0xCB, 0x00, 0x43, 0xCB, 0x84, 0x23, 0xCB, 0x01, 0x43, 0xCB,
    0x23, 0xCB, 0x81, 0x43, 0xCB, 0x81, 0x23, 0xCB, 0x01, 0x02, 0xC3, 0x02, 0xCB, 0x85, 0x23, 0xCB,
    0x83, 0x43, 0xCB, 0x81, 0x23, 0xCB, 0x81, 0x43, 0xCB, 0x09, 0x23, 0xC3, 0xB3, 0xC5, 0xB6, 0xE6,
    0xE6, 0x41, 0xC6, 0x51, 0xA4, 0xA2, 0x23, 0xC3, 0x09, 0x83, 0xB7, 0xE6, 0x96, 0xE6, 0x81, 0xC6,
    0x41, 0x14, 0x96, 0xE6, 0xF4, 0xCD, 0xA6, 0x41, 0xC6, 0x49, 0x68, 0x5A, 0xB7, 0xE6, 0x75, 0xDE,
    0xE6, 0x51, 0x84, 0x9A, 0xAC, 0x8B, 0xB7, 0xE6, 0x6B, 0x7B, 0xC6, 0x41, 0xE5, 0x61, 0x26, 0x6A,
    0xB6, 0xE6, 0xD3, 0xC5, 0xA6, 0x39, 0xEA, 0x62, 0xB7, 0xE6, 0x96, 0xE6, 0x81, 0xC6, 0x41, 0x09,
    0xC6, 0x51, 0x96, 0xE6, 0xB6, 0xE6, 0xEA, 0x6A, 0x25, 0x7A, 0x93, 0xC5, 0xB6, 0xE6, 0xE7, 0x41,
    0xC6, 0x41, 0xC5, 0x51, 0x81, 0x55, 0xDE, 0x0B, 0xC6, 0x41, 0x05, 0x72, 0xD0, 0xA4, 0xD7, 0xEE,
    0x35, 0xD6, 0x93, 0xBD, 0xC9, 0x62, 0x85, 0x39, 0xA6, 0x49, 0xE6, 0x59, 0xC4, 0xAA, 0x23, 0xC3,
    0x81, 0x43, 0xCB, 0x01, 0x23, 0xCB, 0x43, 0xCB, 0x81, 0x23, 0xCB, 0x92, 0x43, 0xCB, 0x01, 0x64,
    0xCB, 0x23, 0xCB, 0x82, 0x43, 0xCB, 0x04, 0x63, 0xCB, 0x43, 0xCB, 0x64, 0xD3, 0x23, 0xCB, 0x64,
    0xD3, 0x81, 0x64, 0xCB, 0x82, 0x84, 0xD3, 0x81, 0x64, 0xD3, 0x8D, 0x84, 0xD3, 0x01, 0x64, 0xD3,
    0x84, 0xD3, 0x82, 0x64, 0xD3, 0x82, 0x84, 0xD3, 0x00, 0x64, 0xD3, 0x83, 0x84, 0xD3, 0x2C, 0x64,
    0xCB, 0xB3, 0xC5, 0xB6, 0xE6, 0x47, 0x52, 0xC6, 0x51, 0xC4, 0xA2, 0x44, 0xC3, 0x09, 0x83, 0xB7,
    0xE6, 0x11, 0xAD, 0x65, 0x31, 0xC6, 0x41, 0x96, 0xE6, 0xF4, 0xCD, 0xA6, 0x41, 0xE6, 0x59, 0x67,
    0x6A, 0xB7, 0xE6, 0x96, 0xE6, 0xE7, 0x41, 0x25, 0x72, 0xAC, 0x83, 0xB7, 0xE6, 0x6B, 0x7B, 0xC6,
    0x41, 0x45, 0x82, 0x85, 0x8A, 0xB6, 0xE6, 0xD3, 0xC5, 0xA6, 0x39, 0xEA, 0x6A, 0xB7, 0xE6, 0x96,
    0xE6, 0xC6, 0x41, 0xE6, 0x51, 0x45, 0x72, 0x96, 0xE6, 0xB6, 0xE6, 0x0A, 0x6B, 0xC6, 0x51, 0x93,
    0xC5, 0xB6, 0xE6, 0xE7, 0x41, 0xC6, 0x51, 0x45, 0x7A, 0x81, 0x55, 0xDE, 0x0B, 0xC6, 0x41, 0xE6,
    0x59, 0xE4, 0x61, 0x0C, 0x9C, 0xCD, 0x83, 0x55, 0xD6, 0xB6, 0xE6, 0xD3, 0xCD, 0xE5, 0x59, 0xC4,
    0xAA, 0x24, 0xBB, 0x64, 0xCB, 0x89, 0x84, 0xD3, 0x03, 0x64, 0xD3, 0x84, 0xD3, 0x64, 0xD3, 0x84,
    0xD3, 0x81, 0x64, 0xD3, 0x81, 0x63, 0xCB, 0x8F, 0x43, 0xCB, 0x88, 0x84, 0xD3, 0x00, 0x64, 0xD3,
    0x84, 0x84, 0xD3, 0x81, 0x64, 0xD3, 0x81, 0x64, 0xCB, 0x81, 0x64, 0xD3, 0x81, 0x84, 0xD3, 0x81,
    0x64, 0xCB, 0x82, 0x63, 0xCB, 0x81, 0x43, 0xCB, 0x82, 0x64, 0xCB, 0x2E, 0x63, 0xCB, 0x43, 0xCB,
    0x23, 0xC3, 0x92, 0xBD, 0xD7, 0xEE, 0x31, 0xB5, 0x64, 0x41, 0x84, 0x9A, 0x24, 0x82, 0x52, 0xBD,
    0xD7, 0xEE, 0x2E, 0x8C, 0xA6, 0x41, 0xC6, 0x41, 0x96, 0xE6, 0x14, 0xCE, 0x65, 0x31, 0xC5, 0x59,
    0xC9, 0x6A, 0xB7, 0xE6, 0xF0, 0xAC, 0x86, 0x39, 0xE6, 0x51, 0x8C, 0x83, 0xB7, 0xE6, 0x6B, 0x7B,
    0xA6, 0x41, 0x65, 0x8A, 0xA5, 0x92, 0xB6, 0xE6, 0xD3, 0xC5, 0xA6, 0x39, 0x06, 0x4A, 0x55, 0xDE,
    0x96, 0xE6, 0xE6, 0x41, 0xC6, 0x49, 0x06, 0x5A, 0x96, 0xE6, 0x35, 0xD6, 0x86, 0x39, 0xA6, 0x41,
    0x93, 0xC5, 0xB6, 0xE6, 0xE7, 0x41, 0xC6, 0x51, 0x65, 0x82, 0x81, 0x55, 0xDE, 0x81, 0xC6, 0x41,
    0x0C, 0x92, 0xBD, 0xAF, 0xAC, 0x24, 0x29, 0xA6, 0x39, 0xB0, 0xA4, 0xD7, 0xEE, 0xED, 0x8B, 0xC4,
    0xAA, 0x23, 0xC3, 0x43, 0xCB, 0x64, 0xCB, 0x43, 0xCB, 0x63, 0xCB, 0x81, 0x64, 0xCB, 0x00, 0x63,
    0xCB, 0x81, 0x43, 0xCB, 0x00, 0x64, 0xCB, 0x89, 0x43, 0xCB, 0x01, 0x63, 0xCB, 0x64, 0xD3, 0x81,
    0x64, 0xCB, 0x82, 0x64, 0xD3, 0x82, 0x84, 0xD3, 0x01, 0x64, 0xD3, 0x64, 0xCB, 0x81, 0x64, 0xD3,
    0x01, 0x63, 0xCB, 0x64, 0xD3, 0x81, 0x64, 0xCB, 0x00, 0x63, 0xCB, 0x82, 0x43, 0xCB, 0x01, 0x63,
    0xCB, 0x64, 0xCB, 0x85, 0x43, 0xCB, 0x82, 0x23, 0xCB, 0x06, 0x43, 0xCB, 0x23, 0xCB, 0x43, 0xCB,
    0x23, 0xCB, 0x43, 0xCB, 0x02, 0xCB, 0x43, 0xCB, 0x81, 0x23, 0xCB, 0x00, 0x43, 0xCB, 0x81, 0x23,
    0xCB, 0x00, 0x43, 0xCB, 0x83, 0x23, 0xCB, 0x2C, 0x23, 0xC3, 0x45, 0x72, 0xF4, 0xCD, 0xB7, 0xE6,
    0x52, 0xB5, 0x31, 0xB5, 0x93, 0xBD, 0xB7, 0xE6, 0x31, 0xB5, 0x85, 0x31, 0xC7, 0x41, 0xE6, 0x51,
    0x96, 0xE6, 0xD7, 0xEE, 0x72, 0xBD, 0x31, 0xB5, 0x55, 0xDE, 0xB7, 0xE6, 0x8C, 0x7B, 0xA6, 0x41,
    0xC6, 0x59, 0x8C, 0x83, 0xD7, 0xEE, 0x93, 0xC5, 0x11, 0xAD, 0x24, 0x82, 0x85, 0x8A, 0xB6, 0xE6,
    0xD3, 0xC5, 0xA6, 0x41, 0xC6, 0x51, 0x8F, 0x9C, 0xB7, 0xE6, 0xF4, 0xCD, 0x31, 0xB5, 0xD3, 0xCD,
    0xB7, 0xE6, 0xAF, 0x9C, 0xA6, 0x39, 0xC6, 0x49, 0x93, 0xC5, 0xB6, 0xE6, 0xE7, 0x41, 0xC6, 0x51,
    0x45, 0x82, 0x81, 0x55, 0xDE, 0x0D, 0xC6, 0x41, 0xA5, 0x39, 0xD3, 0xCD, 0xB7, 0xE6, 0x52, 0xB5,
    0xAC, 0x8B, 0x93, 0xC5, 0xD7, 0xEE, 0xED, 0x83, 0xE6, 0x61, 0xC3, 0xAA, 0x23, 0xC3, 0x43, 0xCB,
    0x23, 0xCB, 0x81, 0x43, 0xCB, 0x84, 0x23, 0xCB, 0x00, 0x43, 0xCB, 0x81, 0x23, 0xCB, 0x00, 0x02,
    0xCB, 0x81, 0x23, 0xCB, 0x01, 0x43, 0xCB, 0x23, 0xCB, 0x83, 0x43, 0xCB, 0x81, 0x23, 0xCB, 0x81,
    0x43, 0xCB, 0x00, 0x63, 0xCB, 0x81, 0x43, 0xCB, 0x81, 0x23, 0xCB, 0x82, 0x43, 0xCB, 0x02, 0x23,
    0xCB, 0x43, 0xCB, 0x63, 0xCB, 0x82, 0x43, 0xCB, 0x81, 0x23, 0xCB, 0x82, 0x43, 0xCB, 0x00, 0x23,
    0xCB, 0x84, 0x43, 0xCB, 0x00, 0x23, 0xCB, 0x82, 0x43, 0xCB, 0x00, 0x64, 0xCB, 0x82, 0x43, 0xCB,
    0x02, 0x63, 0xCB, 0x43, 0xCB, 0x64, 0xCB, 0x81, 0x63, 0xCB, 0x01, 0x64, 0xD3, 0x64, 0xCB, 0x81,
    0x64, 0xD3, 0x81, 0x43, 0xCB, 0x32, 0x64, 0xCB, 0x23, 0xC3, 0x45, 0x72, 0x31, 0xB5, 0xD3, 0xCD,
    0xB7, 0xE6, 0x76, 0xDE, 0xF0, 0xAC, 0x65, 0x31, 0xA6, 0x41, 0xC6, 0x49, 0x06, 0x5A, 0x96, 0xE6,
    0x76, 0xDE, 0x31, 0xB5, 0x76, 0xDE, 0x96, 0xE6, 0x11, 0xAD, 0x86, 0x39, 0xC7, 0x41, 0x25, 0x72,
    0xC9, 0x6A, 0x72, 0xBD, 0xB6, 0xE6, 0x92, 0xBD, 0xE5, 0x61, 0x65, 0x82, 0x96, 0xE6, 0xB3, 0xC5,
    0xA6, 0x41, 0xE6, 0x61, 0x03, 0x82, 0x6F, 0x9C, 0x35, 0xD6, 0xB7, 0xE6, 0x35, 0xD6, 0x8F, 0x9C,
    0x65, 0x31, 0xC7, 0x41, 0xC6, 0x51, 0x93, 0xBD, 0x96, 0xE6, 0xE6, 0x41, 0xC6, 0x51, 0x45, 0x82,
    0x55, 0xD6, 0x55, 0xDE, 0xC6, 0x41, 0xC6, 0x51, 0x05, 0x62, 0x31, 0xB5, 0x81, 0x96, 0xE6, 0x07,
    0x72, 0xBD, 0xF0, 0xAC, 0x85, 0x39, 0xC7, 0x41, 0x65, 0x8A, 0x23, 0xC3, 0x43, 0xCB, 0x63, 0xCB,
    0x82, 0x64, 0xD3, 0x00, 0x64, 0xCB, 0x81, 0x43, 0xCB, 0x01, 0x64, 0xCB, 0x43, 0xCB, 0x82, 0x64,
    0xCB, 0x82, 0x64, 0xD3, 0x81, 0x84, 0xD3, 0x00, 0x64, 0xD3, 0x81, 0x43, 0xCB, 0x00, 0x64, 0xD3,
    0x81, 0x43, 0xCB, 0x00, 0x64, 0xCB, 0x83, 0x64, 0xD3, 0x00, 0x64, 0xCB, 0x83, 0x64, 0xD3, 0x88,
    0x84, 0xD3, 0x00, 0xA4, 0xD3, 0x85, 0x84, 0xD3, 0x00, 0xA4, 0xD3, 0x83, 0x84, 0xD3, 0x02, 0x64,
    0xD3, 0x84, 0xD3, 0x64, 0xD3, 0x82, 0x84, 0xD3, 0x81, 0x64, 0xD3, 0x84, 0x64, 0xCB, 0x3B, 0x84,
    0xD3, 0x63, 0xCB, 0x64, 0xCB, 0x43, 0xC3, 0xC3, 0xAA, 0xC5, 0x59, 0x27, 0x4A, 0xE7, 0x41, 0x86,
    0x39, 0xC7, 0x41, 0xC6, 0x49, 0x45, 0x7A, 0x65, 0x82, 0x96, 0xE6, 0xF4, 0xCD, 0x86, 0x39, 0xE7,
    0x41, 0x07, 0x4A, 0x65, 0x39, 0xA6, 0x41, 0xE6, 0x51, 0x85, 0x92, 0x24, 0xBB, 0x43, 0x8A, 0x27,
    0x5A, 0x85, 0x31, 0xA6, 0x41, 0xA5, 0x49, 0x87, 0x72, 0xE6, 0x49, 0xA6, 0x41, 0x26, 0x6A, 0x04,
    0xBB, 0x23, 0xBB, 0x45, 0x72, 0x27, 0x52, 0xC6, 0x41, 0xA6, 0x39, 0xC7, 0x41, 0xC6, 0x51, 0x65,
    0x82, 0x85, 0x82, 0x47, 0x62, 0x65, 0x31, 0xE6, 0x51, 0x84, 0x92, 0xA6, 0x82, 0x27, 0x52, 0x86,
    0x39, 0x06, 0x62, 0xE4, 0xB2, 0xC3, 0xA2, 0x47, 0x62, 0x27, 0x4A, 0x45, 0x31, 0xA6, 0x39, 0xC6,
    0x41, 0xC6, 0x49, 0x85, 0x92, 0x44, 0xCB, 0x85, 0x64, 0xCB, 0x81, 0x64, 0xD3, 0x00, 0x63, 0xCB,
    0x81, 0x64, 0xCB, 0x83, 0x43, 0xCB, 0x81, 0x63, 0xCB, 0x01, 0x64, 0xCB, 0x64, 0xD3, 0x8E, 0x84,
    0xD3, 0x82, 0x64, 0xD3, 0x01, 0x84, 0xD3, 0x63, 0xCB, 0x81, 0x64, 0xCB, 0x00, 0x63, 0xCB, 0x83,
    0x43, 0xCB, 0x00, 0x23, 0xCB, 0x83, 0x43, 0xCB, 0x81, 0x23, 0xCB, 0x00, 0x43, 0xCB, 0x87, 0x23,
    0xCB, 0x00, 0x02, 0xCB, 0x88, 0x23, 0xCB, 0x26, 0xE2, 0xC2, 0xA3, 0xAA, 0x45, 0x82, 0xE6, 0x61,
    0xC6, 0x51, 0xE6, 0x61, 0x45, 0x8A, 0xC3, 0xB2, 0xC5, 0x9A, 0x96, 0xE6, 0xF4, 0xCD, 0xA6, 0x41,
    0xE6, 0x59, 0x25, 0x72, 0xE6, 0x59, 0xE6, 0x61, 0x45, 0x82, 0x04, 0xB3, 0x44, 0xCB, 0x64, 0xCB,
    0xE4, 0xAA, 0x26, 0x72, 0xE6, 0x59, 0x45, 0x82, 0x04, 0xB3, 0x85, 0x92, 0xE6, 0x59, 0x26, 0x7A,
    0x24, 0xBB, 0x44, 0xCB, 0x24, 0xBB, 0x85, 0x92, 0x06, 0x62, 0xE6, 0x59, 0x06, 0x6A, 0x65, 0x8A,
    0xE3, 0xB2, 0x23, 0xC3, 0xE4, 0xAA, 0x81, 0x06, 0x62, 0x08, 0xA4, 0xA2, 0x23, 0xC3, 0xA5, 0xA2,
    0xE6, 0x61, 0x06, 0x6A, 0xC3, 0xB2, 0x03, 0xC3, 0xC3, 0xB2, 0x25, 0x7A, 0x81, 0xE6, 0x59, 0x02,
    0x25, 0x7A, 0x44, 0x8A, 0xC3, 0xB2, 0x81, 0x03, 0xC3, 0x00, 0x02, 0xCB, 0x88, 0x23, 0xCB, 0x01,
    0x02, 0xC3, 0x02, 0xCB, 0x83, 0x02, 0xC3, 0x00, 0x23, 0xCB, 0x81, 0x43, 0xCB, 0x81, 0x64, 0xD3,
    0x81, 0x64, 0xCB, 0x05, 0x64, 0xD3, 0x63, 0xCB, 0x43, 0xCB, 0x64, 0xCB, 0x84, 0xD3, 0x64, 0xD3,
    0x81, 0x84, 0xD3, 0x01, 0x64, 0xD3, 0x84, 0xD3, 0x84, 0x23, 0xCB, 0x00, 0x43, 0xCB, 0x83, 0x23,
    0xCB, 0x03, 0x43, 0xCB, 0x23, 0xCB, 0x03, 0xC3, 0x23, 0xCB, 0x8B, 0x43, 0xCB, 0x1D, 0x64, 0xCB,
    0x64, 0xD3, 0x64, 0xCB, 0x84, 0xD3, 0x64, 0xD3, 0x64, 0xCB, 0x64, 0xD3, 0x64, 0xCB, 0x43, 0xCB,
    0x64, 0xCB, 0x63, 0xCB, 0x64, 0xD3, 0x64, 0xCB, 0x43, 0xCB, 0x23, 0xC3, 0x03, 0xBB, 0x03, 0xB3,
    0xE3, 0xB2, 0x03, 0xBB, 0x23, 0xC3, 0xC5, 0x9A, 0x96, 0xE6, 0xF4, 0xCD, 0xA6, 0x41, 0xE6, 0x61,
    0x83, 0xA2, 0xA2, 0xAA, 0xA3, 0xAA, 0xE3, 0xBA, 0x03, 0xC3, 0x81, 0x23, 0xCB, 0x05, 0x23, 0xC3,
    0xE3, 0xBA, 0xC3, 0xB2, 0xE3, 0xB2, 0x02, 0xC3, 0x03, 0xC3, 0x81, 0xC3, 0xB2, 0x0D, 0x03, 0xC3,
    0x23, 0xCB, 0x23, 0xC3, 0x03, 0xC3, 0xC3, 0xB2, 0xC3, 0xAA, 0xE3, 0xB2, 0xE2, 0xBA, 0x23, 0xC3,
    0x23, 0xCB, 0x03, 0xC3, 0x03, 0xBB, 0xC3, 0xB2, 0xE3, 0xBA, 0x81, 0x23, 0xC3, 0x05, 0x03, 0xBB,
    0xE3, 0xB2, 0x23, 0xC3, 0x23, 0xCB, 0x23, 0xC3, 0x03, 0xBB, 0x81, 0xE3, 0xB2, 0x03, 0x03, 0xBB,
    0x03, 0xC3, 0x43, 0xCB, 0x64, 0xCB, 0x83, 0x64, 0xD3, 0x03, 0x64, 0xCB, 0x64, 0xD3, 0x63, 0xCB,
    0x43, 0xCB, 0x81, 0x64, 0xCB, 0x03, 0x64, 0xD3, 0x64, 0xCB, 0x63, 0xCB, 0x43, 0xCB, 0x81, 0x64,
    0xCB, 0x00, 0x63, 0xCB, 0x82, 0x43, 0xCB, 0x83, 0x23, 0xCB, 0x81, 0x02, 0xC3, 0x83, 0x23, 0xCB,
    0x00, 0x43, 0xCB, 0x82, 0x23, 0xCB, 0x02, 0x64, 0xD3, 0x64, 0xCB, 0x64, 0xD3, 0x81, 0x84, 0xD3,
    0x03, 0x64, 0xD3, 0x84, 0xD3, 0x64, 0xCB, 0x84, 0xD3, 0x81, 0x64, 0xD3, 0x00, 0x64, 0xCB, 0x82,
    0x64, 0xD3, 0x01, 0x84, 0xD3, 0x64, 0xD3, 0x81, 0x84, 0xD3, 0x05, 0x64, 0xD3, 0x84, 0xD3, 0x63,
    0xCB, 0x64, 0xD3, 0x64, 0xCB, 0x63, 0xCB, 0x82, 0x64, 0xCB, 0x81, 0x64, 0xD3, 0x84, 0x84, 0xD3,
    0x01, 0x64, 0xD3, 0x84, 0xD3, 0x81, 0x64, 0xD3, 0x81, 0x64, 0xCB, 0x81, 0x43, 0xCB, 0x82, 0x64,
    0xCB, 0x06, 0xC3, 0xA2, 0x4A, 0x83, 0xE9, 0x62, 0xA6, 0x39, 0x06, 0x6A, 0x04, 0xB3, 0x44, 0xCB,
    0x81, 0x64, 0xCB, 0x01, 0x84, 0xD3, 0x64, 0xD3, 0x81, 0x64, 0xCB, 0x81, 0x44, 0xCB, 0x84, 0x64,
    0xCB, 0x00, 0x64, 0xD3, 0x87, 0x64, 0xCB, 0x01, 0x84, 0xD3, 0x64, 0xCB, 0x81, 0x43, 0xCB, 0x00,
    0x64, 0xCB, 0x81, 0x64, 0xD3, 0x81, 0x64, 0xCB, 0x05, 0x64, 0xD3, 0x84, 0xD3, 0x64, 0xD3, 0x64,
    0xCB, 0x43, 0xCB, 0x44, 0xCB, 0x81, 0x43, 0xCB, 0x00, 0x63, 0xCB, 0x81, 0x64, 0xCB, 0x82, 0x64,
    0xD3, 0x83, 0x84, 0xD3, 0x01, 0x64, 0xD3, 0x84, 0xD3, 0x84, 0x64, 0xD3, 0x09, 0x64, 0xCB, 0x64,
    0xD3, 0x64, 0xCB, 0x64, 0xD3, 0x64, 0xCB, 0x64, 0xD3, 0x84, 0xD3, 0x64, 0xCB, 0x84, 0xD3, 0x64,
    0xD3, 0x84, 0x84, 0xD3, 0x03, 0x43, 0xCB, 0x64, 0xD3, 0x64, 0xCB, 0x64, 0xD3, 0x83, 0x84, 0xD3,
    0x03, 0x64, 0xD3, 0xA4, 0xD3, 0x64, 0xD3, 0xA4, 0xD3, 0x81, 0x84, 0xD3, 0x00, 0xA4, 0xD3, 0x87,
    0x84, 0xD3, 0x00, 0x64, 0xD3, 0x88, 0x84, 0xD3, 0x81, 0x64, 0xD3, 0x01, 0x64, 0xCB, 0x64, 0xD3,
    0x81, 0x84, 0xD3, 0x81, 0x64, 0xD3, 0x00, 0x43, 0xCB, 0x82, 0x64, 0xD3, 0x82, 0x64, 0xCB, 0x00,
    0x64, 0xD3, 0x82, 0x64, 0xCB, 0x04, 0x66, 0x8A, 0xC6, 0x49, 0x26, 0x72, 0x24, 0xBB, 0x64, 0xCB,
    0x91, 0x84, 0xD3, 0x03, 0x64, 0xCB, 0xA4, 0xD3, 0x64, 0xD3, 0xA4, 0xD3, 0x81, 0x84, 0xD3, 0x00,
    0xA4, 0xD3, 0x85, 0x84, 0xD3, 0x00, 0x64, 0xD3, 0x81, 0x84, 0xD3, 0x00, 0x64, 0xD3, 0x87, 0x84,
    0xD3, 0x00, 0x64, 0xCB, 0x82, 0x64, 0xD3, 0x81, 0x84, 0xD3, 0x81, 0x64, 0xD3, 0x00, 0x63, 0xCB,
    0x83, 0x64, 0xD3, 0x00, 0x64, 0xCB, 0x81, 0x64, 0xD3, 0x01, 0x64, 0xCB, 0x64, 0xD3, 0x83, 0x84,
    0xD3, 0x81, 0x64, 0xD3, 0x87, 0x84, 0xD3, 0x06, 0x43, 0xCB, 0x64, 0xCB, 0x64, 0xD3, 0x63, 0xCB,
    0x43, 0xCB, 0x63, 0xCB, 0x43, 0xCB, 0x82, 0x64, 0xCB, 0x02, 0x43, 0xCB, 0x64, 0xD3, 0x64, 0xCB,
    0x82, 0x63, 0xCB, 0x84, 0x43, 0xCB, 0x00, 0x64, 0xCB, 0x81, 0x43, 0xCB, 0x00, 0x64, 0xCB, 0x83,
    0x43, 0xCB, 0x81, 0x64, 0xCB, 0x89, 0x43, 0xCB, 0x81, 0x23, 0xCB, 0x81, 0x43, 0xCB, 0x82, 0x23,
    0xCB, 0x06, 0x03, 0xC3, 0xC4, 0xAA, 0xE4, 0xAA, 0x23, 0xC3, 0x43, 0xCB, 0x64, 0xCB, 0x84, 0xD3,
    0x81, 0x64, 0xCB, 0x00, 0x63, 0xCB, 0x82, 0x64, 0xCB, 0x06, 0x64, 0xD3, 0x64, 0xCB, 0x84, 0xD3,
    0x64, 0xCB, 0x43, 0xCB, 0x64, 0xCB, 0x43, 0xCB, 0x81, 0x64, 0xD3, 0x03, 0x63, 0xCB, 0x43, 0xCB,
    0x63, 0xCB, 0x43, 0xCB, 0x82, 0x64, 0xCB, 0x05, 0x43, 0xCB, 0x64, 0xD3, 0x64, 0xCB, 0x63, 0xCB,
    0x64, 0xCB, 0x63, 0xCB, 0x87, 0x43, 0xCB, 0x00, 0x63, 0xCB, 0x83, 0x43, 0xCB, 0x01, 0x64, 0xCB,
    0x64, 0xD3, 0x8A, 0x43, 0xCB, 0x00, 0x23, 0xCB, 0x81, 0x43, 0xCB, 0x82, 0x23, 0xCB, 0x83, 0x43,
    0xCB, 0x81, 0x63, 0xCB, 0x02, 0x84, 0xD3, 0x64, 0xCB, 0x63, 0xCB, 0x81, 0x64, 0xCB, 0x02, 0x63,
    0xCB, 0x64, 0xCB, 0x63, 0xCB, 0x82, 0x43, 0xCB, 0x01, 0x63, 0xCB, 0x64, 0xCB, 0x82, 0x43, 0xCB,
    0x00, 0x23, 0xCB, 0x84, 0x43, 0xCB, 0x81, 0x23, 0xCB, 0x01, 0x43, 0xCB, 0x64, 0xCB, 0x85, 0x43,
    0xCB, 0x02, 0x63, 0xCB, 0x64, 0xCB, 0x23, 0xCB, 0x85, 0x43, 0xCB, 0x83, 0x23, 0xCB, 0x00, 0x22,
    0xCB, 0x86, 0x23, 0xCB, 0x82, 0x43, 0xCB, 0x81, 0x23, 0xC3, 0x8D, 0x43, 0xCB, 0x81, 0x64, 0xD3,
    0x83, 0x43, 0xCB, 0x81, 0x64, 0xCB, 0x81, 0x43, 0xCB, 0x81, 0x23, 0xCB, 0x82, 0x43, 0xCB, 0x02,
    0x23, 0xCB, 0x43, 0xCB, 0x23, 0xCB, 0x81, 0x43, 0xCB, 0x00, 0x64, 0xCB, 0x81, 0x43, 0xCB, 0x00,
    0x63, 0xCB, 0x82, 0x43, 0xCB, 0x81, 0x63, 0xCB, 0x00, 0x23, 0xCB, 0x85, 0x43, 0xCB, 0x83, 0x23,
    0xCB, 0x01, 0x02, 0xCB, 0x03, 0xCB, 0x84, 0x23, 0xCB, 0x8A, 0x43, 0xCB, 0x00, 0x64, 0xCB, 0x83,
    0x43, 0xCB, 0x00, 0x84, 0xD3, 0x81, 0x64, 0xD3, 0x01, 0x63, 0xCB, 0x64, 0xCB, 0x81, 0x64, 0xD3,
    0x82, 0x84, 0xD3, 0x82, 0x64, 0xD3, 0x00, 0x43, 0xCB, 0x81, 0x64, 0xD3, 0x81, 0x84, 0xD3, 0x02,
    0x64, 0xD3, 0x43, 0xCB, 0x64, 0xCB, 0x83, 0x84, 0xD3, 0x01, 0x64, 0xCB, 0x64, 0xD3, 0x84, 0x64,
    0xCB, 0x00, 0x43, 0xCB, 0x82, 0x64, 0xD3, 0x00, 0x64, 0xCB, 0x81, 0x43, 0xCB, 0x01, 0x63, 0xCB,
    0x64, 0xD3, 0x82, 0x64, 0xCB, 0x00, 0x63, 0xCB, 0x81, 0x64, 0xCB, 0x82, 0x64, 0xD3, 0x01, 0x43,
    0xCB, 0x64, 0xD3, 0x8F, 0x84, 0xD3, 0x81, 0x64, 0xD3, 0x00, 0x63, 0xCB, 0x82, 0x64, 0xD3, 0x81,
    0x84, 0xD3, 0x83, 0x64, 0xD3, 0x00, 0x43, 0xCB, 0x81, 0x64, 0xD3, 0x00, 0x84, 0xD3, 0x81, 0x64,
    0xD3, 0x01, 0x43, 0xCB, 0x64, 0xD3, 0x83, 0x84, 0xD3, 0x81, 0x64, 0xD3, 0x03, 0x64, 0xCB, 0x63,
    0xCB, 0x64, 0xCB, 0x43, 0xCB, 0x81, 0x63, 0xCB, 0x81, 0x84, 0xD3, 0x02, 0x64, 0xD3, 0x63, 0xCB,
    0x43, 0xCB, 0x81, 0x63, 0xCB, 0x00, 0x64, 0xD3, 0x81, 0x64, 0xCB, 0x03, 0x64, 0xD3, 0x43, 0xCB,
    0x64, 0xD3, 0x63, 0xCB, 0x82, 0x64, 0xD3, 0x01, 0x63, 0xCB, 0x64, 0xD3, 0x88, 0x84, 0xD3, 0x83,
    0x64, 0xD3, 0x00, 0x84, 0xD3, 0x81, 0x64, 0xD3, 0x00, 0x84, 0xD3, 0x81, 0x64, 0xD3, 0x82, 0x64,
    0xCB, 0x03, 0x64, 0xD3, 0x64, 0xCB, 0x63, 0xCB, 0x64, 0xCB, 0x82, 0x43, 0xCB, 0x81, 0x64, 0xCB,
    0x06, 0x43, 0xCB, 0x64, 0xD3, 0x84, 0xD3, 0x64, 0xD3, 0x63, 0xCB, 0x43, 0xCB, 0x23, 0xCB, 0x81,
    0x43, 0xCB, 0x01, 0x64, 0xD3, 0x64, 0xCB, 0x82, 0x64, 0xD3, 0x83, 0x43, 0xCB, 0x00, 0x64, 0xCB,
    0x81, 0x63, 0xCB, 0x81, 0x43, 0xCB, 0x01, 0x64, 0xD3, 0x64, 0xCB, 0x81, 0x43, 0xCB, 0x02, 0x63,
    0xCB, 0x64, 0xD3, 0x64, 0xCB, 0x82, 0x84, 0xD3, 0x00, 0x64, 0xD3, 0x87, 0x84, 0xD3, 0x81, 0x64,
    0xD3, 0x81, 0x64, 0xCB, 0x01, 0x63, 0xCB, 0x64, 0xCB, 0x81, 0x64, 0xD3, 0x81, 0x64, 0xCB, 0x81,
    0x64, 0xD3, 0x01, 0x64, 0xCB, 0x64, 0xD3, 0x83, 0x64, 0xCB, 0x01, 0x43, 0xCB, 0x64, 0xD3, 0x82,
    0x43, 0xCB, 0x02, 0x64, 0xD3, 0x63, 0xCB, 0x43, 0xCB, 0x82, 0x64, 0xD3, 0x00, 0x63, 0xCB, 0x83,
    0x43, 0xCB, 0x01, 0x64, 0xD3, 0x64, 0xCB, 0x82, 0x64, 0xD3, 0x01, 0x43, 0xCB, 0x63, 0xCB, 0x81,
    0x43, 0xCB, 0x00, 0x64, 0xCB, 0x82, 0x43, 0xCB, 0x02, 0x64, 0xCB, 0x64, 0xD3, 0x63, 0xCB, 0x81,
    0x43, 0xCB, 0x02, 0x63, 0xCB, 0x64, 0xD3, 0x64, 0xCB, 0x82, 0x84, 0xD3, 0x00, 0x64, 0xD3, 0x84,
    0x84, 0xD3, 0x00, 0x64, 0xD3, 0x8A, 0x84, 0xD3, 0x83, 0x64, 0xD3, 0x00, 0x64, 0xCB, 0x82, 0x64,
    0xD3, 0x01, 0x84, 0xD3, 0x64, 0xD3, 0x81, 0x64, 0xCB, 0x01, 0x43, 0xCB, 0x63, 0xCB, 0x82, 0x43,
    0xCB, 0x00, 0x63, 0xCB, 0x82, 0x43, 0xCB, 0x03, 0x64, 0xCB, 0x64, 0xD3, 0x43, 0xCB, 0x64, 0xCB,
    0x81, 0x64, 0xD3, 0x01, 0x63, 0xCB, 0x23, 0xC3, 0x81, 0x04, 0xB3, 0x03, 0xE3, 0xB2, 0x43, 0xCB,
    0x64, 0xCB, 0x63, 0xCB, 0x81, 0x43, 0xCB, 0x04, 0x63, 0xCB, 0x64, 0xD3, 0x63, 0xCB, 0x43, 0xCB,
    0x63, 0xCB, 0x85, 0x64, 0xD3, 0x82, 0x84, 0xD3, 0x0B, 0x64, 0xD3, 0x84, 0xD3, 0x64, 0xCB, 0x64,
    0xD3, 0x64, 0x8A, 0xCC, 0x8B, 0x09, 0x7B, 0x64, 0xCB, 0x04, 0xB3, 0xAC, 0x8B, 0xAB, 0x8B, 0x24,
    0xBB, 0x82, 0x84, 0xD3, 0x01, 0x64, 0xD3, 0x84, 0xD3, 0x82, 0x64, 0xD3, 0x00, 0x64, 0xCB, 0x81,
    0x64, 0xD3, 0x81, 0x84, 0xD3, 0x81, 0x64, 0xD3, 0x81, 0x43, 0xCB, 0x00, 0x63, 0xCB, 0x81, 0x43,
    0xCB, 0x04, 0x63, 0xCB, 0x43, 0xCB, 0x63, 0xCB, 0x43, 0xCB, 0x63, 0xCB, 0x81, 0x64, 0xD3, 0x03,
    0x43, 0xCB, 0x64, 0xCB, 0x64, 0xD3, 0x64, 0xCB, 0x85, 0x43, 0xCB, 0x81, 0x63, 0xCB, 0x81, 0x43,
    0xCB, 0x04, 0x63, 0xCB, 0x64, 0xD3, 0x63, 0xCB, 0x43, 0xCB, 0x63, 0xCB, 0x81, 0x64, 0xD3, 0x00,
    0x84, 0xD3, 0x82, 0x64, 0xD3, 0x03, 0x84, 0xD3, 0x43, 0xCB, 0x64, 0xCB, 0x63, 0xCB, 0x82, 0x64,
    0xCB, 0x02, 0x63, 0xCB, 0x43, 0xCB, 0x64, 0xD3, 0x89, 0x43, 0xCB, 0x00, 0x63, 0xCB, 0x82, 0x43,
    0xCB, 0x00, 0x23, 0xCB, 0x84, 0x43, 0xCB, 0x00, 0x64, 0xD3, 0x87, 0x43, 0xCB, 0x07, 0x23, 0xCB,
    0x83, 0xA2, 0x4A, 0x83, 0x14, 0xD6, 0x55, 0xDE, 0x6E, 0x9C, 0x4A, 0x83, 0x63, 0x9A, 0x85, 0x43,
    0xCB, 0x00, 0x23, 0xCB, 0x89, 0x43, 0xCB, 0x01, 0x64, 0xCB, 0x63, 0xCB, 0x81, 0x43, 0xCB, 0x04,
    0xC7, 0x8A, 0xB6, 0xE6, 0x11, 0xB5, 0xC4, 0xA2, 0xE4, 0xB2, 0x81, 0x55, 0xDE, 0x04, 0x85, 0x8A,
    0x44, 0xC3, 0x03, 0xC3, 0x04, 0xBB, 0x03, 0xBB, 0x8A, 0x43, 0xCB, 0x00, 0x23, 0xCB, 0x81, 0x43,
    0xCB, 0x00, 0x64, 0xCB, 0x81, 0x43, 0xCB, 0x00, 0x64, 0xD3, 0x82, 0x43, 0xCB, 0x00, 0x23, 0xCB,
    0x81, 0x43, 0xCB, 0x01, 0x23, 0xCB, 0x43, 0xCB, 0x81, 0x23, 0xCB, 0x8B, 0x43, 0xCB, 0x00, 0x23,
    0xCB, 0x87, 0x43, 0xCB, 0x88, 0x23, 0xCB, 0x81, 0x43, 0xCB, 0x88, 0x23, 0xCB, 0x81, 0x43, 0xCB,
    0x02, 0x23, 0xCB, 0x02, 0xC3, 0x23, 0xCB, 0x82, 0x02, 0xC3, 0x81, 0xE2, 0xC2, 0x00, 0x02, 0xC3,
    0x82, 0x23, 0xCB, 0x00, 0x02, 0xC3, 0x81, 0x02, 0xCB, 0x09, 0x03, 0xC3, 0x42, 0x9A, 0x6F, 0x9C,
    0xB6, 0xE6, 0x76, 0xDE, 0x55, 0xDE, 0x75, 0xDE, 0xB7, 0xE6, 0xB0, 0xA4, 0x42, 0x92, 0x81, 0x02,
    0xC3, 0x81, 0x23, 0xCB, 0x84, 0x43, 0xCB, 0x87, 0x23, 0xCB, 0x00, 0x43, 0xCB, 0x81, 0x23, 0xCB,
    0x07, 0xA7, 0x8A, 0xB7, 0xE6, 0x11, 0xAD, 0xC6, 0x49, 0x24, 0x82, 0x2A, 0x7B, 0x0A, 0x6B, 0xA6,
    0x41, 0x81, 0x65, 0x8A, 0x02, 0x14, 0xD6, 0x11, 0xB5, 0x03, 0xBB, 0x86, 0x23, 0xCB, 0x81, 0x43,
    0xCB, 0x00, 0x23, 0xCB, 0x84, 0x02, 0xC3, 0x00, 0xE2, 0xC2, 0x81, 0x02, 0xC3, 0x82, 0x23, 0xCB,
    0x00, 0x02, 0xC3, 0x81, 0x02, 0xCB, 0x87, 0x02, 0xC3, 0x83, 0x02, 0xCB, 0x00, 0x23, 0xCB, 0x85,
    0x43, 0xCB, 0x87, 0x23, 0xCB, 0x84, 0x43, 0xCB, 0x82, 0x23, 0xCB, 0x81, 0x43, 0xCB, 0x00, 0x23,
    0xCB, 0x82, 0x43, 0xCB, 0x81, 0x23, 0xCB, 0x81, 0x43, 0xCB, 0x00, 0x64, 0xCB, 0x82, 0x43, 0xCB,
    0x00, 0x23, 0xCB, 0x82, 0x43, 0xCB, 0x81, 0x23, 0xCB, 0x83, 0x43, 0xCB, 0x30, 0x23, 0xCB, 0x43,
    0xCB, 0x23, 0xCB, 0x4E, 0x9C, 0xB7, 0xE6, 0x35, 0xD6, 0xE6, 0x41, 0xC6, 0x41, 0xC6, 0x39, 0xF4,
    0xCD, 0xB6, 0xE6, 0x46, 0x72, 0x03, 0xBB, 0x44, 0x82, 0xC7, 0x82, 0x44, 0x82, 0x43, 0x8A, 0x45,
    0x82, 0x43, 0xCB, 0x64, 0xCB, 0x23, 0xC3, 0x24, 0x82, 0xC7, 0x82, 0x24, 0x82, 0x23, 0xC3, 0x43,
    0xCB, 0x23, 0xCB, 0x02, 0xC3, 0xE2, 0xBA, 0x24, 0x82, 0xC7, 0x82, 0x24, 0x82, 0xA7, 0x82, 0xB7,
    0xE6, 0x11, 0xAD, 0xA6, 0x41, 0xE5, 0x61, 0x87, 0x7A, 0x47, 0x52, 0x86, 0x41, 0x27, 0x52, 0xE9,
    0x6A, 0xB6, 0xE6, 0xB3, 0xC5, 0xA8, 0x72, 0x23, 0x82, 0x43, 0xCB, 0x23, 0xC3, 0x63, 0x92, 0x81,
    0xC7, 0x82, 0x02, 0x63, 0x92, 0x43, 0xC3, 0x63, 0xCB, 0x82, 0x43, 0xCB, 0x00, 0x23, 0xCB, 0x82,
    0x43, 0xCB, 0x00, 0x23, 0xCB, 0x84, 0x43, 0xCB, 0x00, 0x23, 0xCB, 0x83, 0x43, 0xCB, 0x00, 0x23,
    0xCB, 0x88, 0x43, 0xCB, 0x01, 0x63, 0xCB, 0x43, 0xCB, 0x82, 0x64, 0xCB, 0x00, 0x63, 0xCB, 0x85,
    0x43, 0xCB, 0x00, 0x63, 0xCB, 0x83, 0x64, 0xD3, 0x00, 0x64, 0xCB, 0x81, 0x43, 0xCB, 0x81, 0x64,
    0xCB, 0x01, 0x43, 0xCB, 0x64, 0xD3, 0x89, 0x43, 0xCB, 0x00, 0x63, 0xCB, 0x8C, 0x43, 0xCB, 0x22,
    0x23, 0xC3, 0xD0, 0xAC, 0xD7, 0xEE, 0x0D, 0x8C, 0xA6, 0x39, 0xC6, 0x41, 0xE5, 0x61, 0x8B, 0x83,
    0x2E, 0x94, 0x85, 0x39, 0x25, 0x72, 0xAC, 0x83, 0xB6, 0xE6, 0x2E, 0x94, 0xB3, 0xC5, 0x4E, 0x9C,
    0x04, 0xBB, 0xC3, 0xAA, 0xAC, 0x83, 0xF4, 0xCD, 0xB7, 0xE6, 0xF4, 0xCD, 0x72, 0xBD, 0xC4, 0xA2,
    0x64, 0xCB, 0xE3, 0xB2, 0x8C, 0x83, 0xD4, 0xCD, 0xB7, 0xE6, 0xF4, 0xCD, 0xB3, 0xC5, 0xD7, 0xEE,
    0x11, 0xAD, 0xA6, 0x41, 0xE6, 0x59, 0x81, 0x55, 0xDE, 0x02, 0x25, 0x72, 0x72, 0xBD, 0xB7, 0xE6,
    0x81, 0xD7, 0xEE, 0x04, 0xB6, 0xE6, 0xE9, 0x72, 0xE3, 0xB2, 0x88, 0x6A, 0xB3, 0xC5, 0x81, 0xB6,
    0xE6, 0x04, 0xB3, 0xC5, 0xA8, 0x6A, 0x03, 0xBB, 0x43, 0xCB, 0x64, 0xCB, 0x85, 0x43, 0xCB, 0x00,
    0x23, 0xCB, 0x86, 0x43, 0xCB, 0x00, 0x23, 0xCB, 0x8C, 0x43, 0xCB, 0x00, 0x64, 0xCB, 0x81, 0x63,
    0xCB, 0x01, 0x64, 0xCB, 0x64, 0xD3, 0x81, 0x64, 0xCB, 0x06, 0x84, 0xD3, 0x64, 0xD3, 0x64, 0xCB,
    0x63, 0xCB, 0x64, 0xCB, 0x43, 0xCB, 0x64, 0xD3, 0x83, 0x43, 0xCB, 0x00, 0x64, 0xCB, 0x81, 0x43,
    0xCB, 0x00, 0x23, 0xCB, 0x85, 0x43, 0xCB, 0x01, 0x63, 0xCB, 0x64, 0xCB, 0x83, 0x43, 0xCB, 0x00,
    0x64, 0xCB, 0x82, 0x43, 0xCB, 0x81, 0x23, 0xCB, 0x85, 0x43, 0xCB, 0x24, 0x23, 0xC3, 0xD0, 0xAC,
    0xB7, 0xE6, 0x68, 0x52, 0xC7, 0x41, 0xE6, 0x61, 0xA4, 0xA2, 0xE3, 0xB2, 0x65, 0x8A, 0xC6, 0x49,
    0xC6, 0x51, 0xAC, 0x83, 0xD7, 0xEE, 0xB7, 0xE6, 0x72, 0xBD, 0x0A, 0x6B, 0xE6, 0x59, 0xAC, 0x83,
    0xB6, 0xE6, 0x55, 0xDE, 0xD0, 0xA4, 0x55, 0xDE, 0xB6, 0xE6, 0x8B, 0x83, 0x04, 0xBB, 0xC5, 0xA2,
    0x76, 0xDE, 0xD7, 0xE6, 0x31, 0xB5, 0xD0, 0xA4, 0x35, 0xD6, 0xD7, 0xEE, 0x11, 0xAD, 0xA6, 0x41,
    0xE6, 0x59, 0x75, 0xDE, 0x55, 0xDE, 0x81, 0xC6, 0x41, 0x07, 0xD0, 0xA4, 0xB7, 0xE6, 0x35, 0xD6,
    0x2E, 0x94, 0x65, 0x31, 0xE6, 0x61, 0xD3, 0xCD, 0xB6, 0xE6, 0x81, 0xD0, 0xA4, 0x06, 0x96, 0xE6,
    0x35, 0xD6, 0x87, 0x72, 0x23, 0xC3, 0x23, 0xCB, 0x43, 0xCB, 0x63, 0xCB, 0x85, 0x43, 0xCB, 0x00,
    0x63, 0xCB, 0x84, 0x43, 0xCB, 0x00, 0x23, 0xCB, 0x87, 0x43, 0xCB, 0x00, 0x23, 0xCB, 0x87, 0x43,
    0xCB, 0x81, 0x64, 0xCB, 0x01, 0x43, 0xCB, 0x64, 0xD3, 0x81, 0x63, 0xCB, 0x04, 0x43, 0xCB, 0x63,
    0xCB, 0x64, 0xCB, 0x63, 0xCB, 0x64, 0xD3, 0x81, 0x43, 0xCB, 0x02, 0x64, 0xCB, 0x43, 0xCB, 0x84,
    0xD3, 0x81, 0x64, 0xCB, 0x00, 0x43, 0xCB, 0x81, 0x64, 0xCB, 0x00, 0x63, 0xCB, 0x81, 0x64, 0xCB,
    0x03, 0x64, 0xD3, 0x64, 0xCB, 0x64, 0xD3, 0x64, 0xCB, 0x81, 0x43, 0xCB, 0x03, 0x64, 0xCB, 0x64,
    0xD3, 0x64, 0xCB, 0x63, 0xCB, 0x83, 0x43, 0xCB, 0x00, 0x63, 0xCB, 0x82, 0x43, 0xCB, 0x36, 0x23,
    0xC3, 0xD0, 0xAC, 0xB7, 0xE6, 0x68, 0x52, 0xC6, 0x49, 0x45, 0x82, 0x03, 0xBB, 0x23, 0xC3, 0x03,
    0xC3, 0xA4, 0xA2, 0x84, 0x9A, 0xCC, 0x8B, 0xD7, 0xEE, 0x52, 0xB5, 0x65, 0x31, 0xA6, 0x41, 0x85,
    0x39, 0xB3, 0xC5, 0xB7, 0xE6, 0x4B, 0x73, 0xA6, 0x39, 0x4B, 0x73, 0xB7, 0xE6, 0x8F, 0x9C, 0xC5,
    0x61, 0x4B, 0x73, 0xB6, 0xE6, 0x14, 0xD6, 0x65, 0x31, 0x86, 0x39, 0x8F, 0x9C, 0xD7, 0xEE, 0x11,
    0xAD, 0xA6, 0x41, 0xE6, 0x51, 0x75, 0xDE, 0x55, 0xDE, 0xC6, 0x41, 0xE6, 0x61, 0x46, 0x72, 0xB6,
    0xE6, 0x93, 0xC5, 0xA6, 0x39, 0xC7, 0x41, 0xC6, 0x49, 0xF4, 0xCD, 0x96, 0xE6, 0x07, 0x4A, 0x44,
    0x31, 0xC6, 0x41, 0xE6, 0x41, 0x85, 0x41, 0xC4, 0xA2, 0x23, 0xC3, 0x43, 0xCB, 0x81, 0x64, 0xCB,
    0x81, 0x63, 0xCB, 0x81, 0x43, 0xCB, 0x02, 0x63, 0xCB, 0x43, 0xCB, 0x63, 0xCB, 0x8C, 0x43, 0xCB,
    0x83, 0x23, 0xCB, 0x01, 0x43, 0xCB, 0x23, 0xCB, 0x87, 0x43, 0xCB, 0x00, 0x23, 0xCB, 0x81, 0x43,
    0xCB, 0x00, 0x23, 0xCB, 0x82, 0x43, 0xCB, 0x81, 0x23, 0xCB, 0x82, 0x43, 0xCB, 0x81, 0x23, 0xCB,
    0x82, 0x43, 0xCB, 0x03, 0x23, 0xCB, 0x43, 0xCB, 0x23, 0xCB, 0x43, 0xCB, 0x87, 0x23, 0xCB, 0x00,
    0x43, 0xCB, 0x81, 0x23, 0xCB, 0x82, 0x43, 0xCB, 0x81, 0x23, 0xCB, 0x12, 0x02, 0xC3, 0xD0, 0xAC,
    0xB7, 0xE6, 0x68, 0x52, 0xC6, 0x49, 0x64, 0x92, 0xE2, 0xBA, 0x03, 0xC3, 0x02, 0xC3, 0x03, 0xC3,
    0xE2, 0xBA, 0xCC, 0x8B, 0xB7, 0xE6, 0x4B, 0x73, 0xA6, 0x41, 0xC6, 0x49, 0x06, 0x5A, 0xB6, 0xE6,
    0xD7, 0xEE, 0x82, 0x96, 0xE6, 0x20, 0xB7, 0xE6, 0x76, 0xDE, 0xC6, 0x41, 0x8F, 0x9C, 0xD7, 0xEE,
    0x14, 0xD6, 0xC6, 0x41, 0xC6, 0x49, 0x47, 0x5A, 0xB7, 0xE6, 0x11, 0xAD, 0xA6, 0x41, 0xE6, 0x51,
    0x75, 0xDE, 0x55, 0xDE, 0xC6, 0x41, 0xE6, 0x59, 0x46, 0x72, 0xB6, 0xE6, 0x93, 0xC5, 0xA6, 0x41,
    0xE6, 0x59, 0x24, 0x82, 0xF0, 0xAC, 0xB6, 0xE6, 0x96, 0xE6, 0xD3, 0xC5, 0x2E, 0x94, 0xC6, 0x41,
    0xC6, 0x51, 0x06, 0x6A, 0xC4, 0xB2, 0x03, 0xC3, 0x83, 0x23, 0xCB, 0x00, 0x43, 0xCB, 0x81, 0x23,
    0xCB, 0x81, 0x43, 0xCB, 0x8C, 0x23, 0xCB, 0x81, 0x02, 0xC3, 0x01, 0x23, 0xCB, 0x43, 0xCB, 0x81,
    0x23, 0xCB, 0x00, 0x02, 0xC3, 0x82, 0x23, 0xCB, 0x8A, 0x43, 0xCB, 0x04, 0x23, 0xCB, 0x43, 0xCB,
    0x03, 0xCB, 0x23, 0xCB, 0x02, 0xC3, 0x81, 0x23, 0xCB, 0x00, 0x02, 0xCB, 0x82, 0x23, 0xCB, 0x00,
    0x03, 0xCB, 0x81, 0x23, 0xCB, 0x00, 0x43, 0xCB, 0x81, 0x23, 0xCB, 0x81, 0x02, 0xC3, 0x02, 0xE2,
    0xC2, 0x02, 0xC3, 0x02, 0xCB, 0x82, 0x02, 0xC3, 0x00, 0x23, 0xCB, 0x81, 0x02, 0xC3, 0x15, 0x02,
    0xCB, 0x02, 0xC3, 0xE2, 0xC2, 0xD0, 0xAC, 0xD7, 0xE6, 0xAC, 0x83, 0xA6, 0x41, 0x64, 0x92, 0xE2,
    0xB2, 0x2A, 0x7B, 0xCC, 0x8B, 0x43, 0x92, 0x02, 0xC3, 0xCC, 0x8B, 0xB7, 0xE6, 0x4B, 0x73, 0xC6,
    0x41, 0x05, 0x72, 0x45, 0x72, 0x96, 0xE6, 0xB7, 0xE6, 0x4B, 0x73, 0x83, 0x68, 0x52, 0x1D, 0x65,
    0x31, 0x6F, 0x9C, 0xD7, 0xEE, 0x14, 0xD6, 0xC6, 0x41, 0xC6, 0x59, 0x67, 0x62, 0xB7, 0xE6, 0x11,
    0xAD, 0xA6, 0x41, 0xE6, 0x51, 0x75, 0xDE, 0x55, 0xDE, 0xC6, 0x41, 0xE6, 0x59, 0x45, 0x72, 0xB6,
    0xE6, 0x93, 0xC5, 0xA6, 0x41, 0xE6, 0x69, 0x62, 0x9A, 0xE4, 0x69, 0xA8, 0x7A, 0xA9, 0x5A, 0xD3,
    0xCD, 0xB6, 0xE6, 0xF4, 0xCD, 0x05, 0x62, 0xC3, 0xB2, 0xE3, 0xBA, 0x81, 0x02, 0xC3, 0x02, 0xE2,
    0xC2, 0x02, 0xC3, 0x02, 0xCB, 0x82, 0x02, 0xC3, 0x00, 0x23, 0xCB, 0x85, 0x02, 0xC3, 0x01, 0x23,
    0xCB, 0x02, 0xC3, 0x84, 0x23, 0xCB, 0x00, 0x02, 0xC3, 0x81, 0x23, 0xCB, 0x0B, 0x02, 0xC3, 0x03,
    0xCB, 0x23, 0xCB, 0x43, 0xCB, 0x23, 0xCB, 0x02, 0xC3, 0xE2, 0xC2, 0x02, 0xC3, 0x23, 0xCB, 0x02,
    0xC3, 0x23, 0xCB, 0x43, 0xCB, 0x81, 0x02, 0xC3, 0x05, 0x03, 0xCB, 0xE2, 0xC2, 0x02, 0xCB, 0x23,
    0xCB, 0x02, 0xC3, 0xE2, 0xC2, 0x82, 0x02, 0xC3, 0x00, 0x03, 0xCB, 0x82, 0x23, 0xCB, 0x87, 0x02,
    0xC3, 0x81, 0x02, 0xCB, 0x01, 0x23, 0xCB, 0x02, 0xC3, 0x82, 0x23, 0xCB, 0x03, 0x02, 0xC3, 0x02,
    0xCB, 0x02, 0xC3, 0x23, 0xCB, 0x82, 0x02, 0xC3, 0x2E, 0xE2, 0xBA, 0x6F, 0x9C, 0xB7, 0xE6, 0x14,
    0xD6, 0xC5, 0x41, 0x44, 0x8A, 0x04, 0x72, 0xD3, 0xCD, 0xB6, 0xE6, 0x46, 0x72, 0xC3, 0xB2, 0xCC,
    0x8B, 0xB7, 0xE6, 0x4B, 0x73, 0xC6, 0x41, 0x24, 0x82, 0x22, 0x8A, 0xF0, 0xAC, 0xB7, 0xE6, 0x8C,
    0x7B, 0xA6, 0x39, 0xC6, 0x41, 0x85, 0x39, 0x27, 0x4A, 0xA6, 0x49, 0x27, 0x52, 0x96, 0xE6, 0x35,
    0xD6, 0xC6, 0x41, 0xC6, 0x51, 0x72, 0xBD, 0xD7, 0xEE, 0x11, 0xAD, 0xA6, 0x41, 0xC6, 0x51, 0x75,
    0xDE, 0x55, 0xDE, 0xC6, 0x41, 0xE6, 0x59, 0x45, 0x72, 0xB6, 0xE6, 0x93, 0xC5, 0xA6, 0x41, 0xC5,
    0x61, 0xA8, 0x6A, 0x55, 0xDE, 0xAF, 0xA4, 0x81, 0x65, 0x31, 0x04, 0xD0, 0xA4, 0xB7, 0xE6, 0x09,
    0x73, 0x83, 0xA2, 0x03, 0xC3, 0x82, 0x02, 0xC3, 0x06, 0x23, 0xCB, 0x02, 0xCB, 0x23, 0xCB, 0x02,
    0xC3, 0x02, 0xCB, 0x02, 0xC3, 0x23, 0xCB, 0x81, 0x02, 0xC3, 0x82, 0xE2, 0xC2, 0x01, 0x02, 0xCB,
    0x23, 0xCB, 0x83, 0x02, 0xC3, 0x00, 0xE2, 0xC2, 0x81, 0x02, 0xC3, 0x00, 0xE2, 0xC2, 0x85, 0x02,
    0xC3, 0x83, 0x23, 0xCB, 0x82, 0x02, 0xC3, 0x01, 0x23, 0xCB, 0x02, 0xCB, 0x88, 0x02, 0xC3, 0x00,
    0x02, 0xCB, 0x81, 0x02, 0xC3, 0x00, 0x02, 0xCB, 0x81, 0x23, 0xCB, 0x81, 0x02, 0xC3, 0x01, 0x23,
    0xCB, 0x02, 0xCB, 0x85, 0x02, 0xC3, 0x05, 0x23, 0xCB, 0x02, 0xC3, 0x02, 0xCB, 0x02, 0xC3, 0x02,
    0xCB, 0x02, 0xC3, 0x81, 0x23, 0xCB, 0x05, 0x03, 0xCB, 0x02, 0xC3, 0x43, 0x92, 0xAF, 0xA4, 0xB7,
    0xE6, 0x55, 0xD6, 0x81, 0x35, 0xD6, 0x0C, 0xB7, 0xE6, 0xF0, 0xAC, 0x65, 0x31, 0x06, 0x6A, 0xCC,
    0x83, 0xB7, 0xE6, 0x4B, 0x73, 0xC6, 0x41, 0x45, 0x8A, 0xE2, 0xBA, 0x88, 0x6A, 0x55, 0xDE, 0x96,
    0xE6, 0x82, 0x35, 0xD6, 0x00, 0x6F, 0x9C, 0x81, 0x44, 0x8A, 0x1C, 0x55, 0xD6, 0xD7, 0xEE, 0x55,
    0xD6, 0x35, 0xD6, 0x55, 0xDE, 0xD7, 0xEE, 0x11, 0xAD, 0xA6, 0x41, 0xC6, 0x51, 0x75, 0xDE, 0x55,
    0xDE, 0xC6, 0x41, 0xE6, 0x59, 0x45, 0x72, 0xB6, 0xE6, 0x96, 0xE6, 0x15, 0xD6, 0xA8, 0x6A, 0xC4,
    0x61, 0xD3, 0xC5, 0xB7, 0xE6, 0x14, 0xD6, 0xF0, 0xB4, 0x75, 0xDE, 0xB6, 0xE6, 0xC9, 0x62, 0xE6,
    0x59, 0xA3, 0xAA, 0xE2, 0xC2, 0x82, 0x02, 0xC3, 0x05, 0x23, 0xCB, 0x02, 0xC3, 0x02, 0xCB, 0x02,
    0xC3, 0x02, 0xCB, 0x02, 0xC3, 0x81, 0x23, 0xCB, 0x01, 0x02, 0xC3, 0x23, 0xCB, 0x81, 0x02, 0xC3,
    0x85, 0x23, 0xCB, 0x82, 0x02, 0xC3, 0x01, 0x02, 0xCB, 0x02, 0xC3, 0x85, 0x23, 0xCB, 0x03, 0x02,
    0xCB, 0x02, 0xC3, 0x02, 0xCB, 0x02, 0xC3, 0x81, 0x23, 0xCB, 0x83, 0x43, 0xCB, 0x01, 0x23, 0xCB,
    0x02, 0xC3, 0x84, 0x23, 0xCB, 0x81, 0x43, 0xCB, 0x83, 0x23, 0xCB, 0x81, 0x43, 0xCB, 0x01, 0x23,
    0xCB, 0x43, 0xCB, 0x82, 0x23, 0xCB, 0x81, 0x43, 0xCB, 0x04, 0x64, 0xCB, 0x63, 0xCB, 0x64, 0xCB,
    0x63, 0xCB, 0x64, 0xD3, 0x82, 0x43, 0xCB, 0x23, 0x64, 0xCB, 0x63, 0xCB, 0x43, 0xCB, 0x63, 0x92,
    0xCC, 0x8B, 0x35, 0xD6, 0x76, 0xDE, 0xB0, 0xA4, 0xAC, 0x7B, 0x65, 0x31, 0xC7, 0x41, 0xC6, 0x51,
    0x8C, 0x7B, 0x76, 0xDE, 0x2B, 0x6B, 0xC6, 0x41, 0x45, 0x8A, 0x03, 0xC3, 0xE2, 0xBA, 0x87, 0x6A,
    0x8F, 0x9C, 0x76, 0xDE, 0x55, 0xD6, 0xCD, 0x83, 0x88, 0x52, 0xC6, 0x51, 0x84, 0x9A, 0x87, 0x6A,
    0x8F, 0x9C, 0x76, 0xDE, 0x8F, 0x9C, 0x0A, 0x6B, 0x76, 0xDE, 0xD0, 0xA4, 0xA6, 0x41, 0xC6, 0x51,
    0x81, 0x14, 0xD6, 0x12, 0xC6, 0x41, 0xE6, 0x59, 0xE3, 0x71, 0xCC, 0x8B, 0x75, 0xDE, 0xF4, 0xCD,
    0xC6, 0x41, 0x65, 0x8A, 0x04, 0x6A, 0xED, 0x8B, 0x76, 0xDE, 0x75, 0xDE, 0x0D, 0x8C, 0x4B, 0x73,
    0x85, 0x39, 0xC7, 0x49, 0x64, 0x92, 0x03, 0xC3, 0x23, 0xCB, 0x81, 0x43, 0xCB, 0x84, 0x64, 0xCB,
    0x82, 0x43, 0xCB, 0x81, 0x64, 0xCB, 0x85, 0x43, 0xCB, 0x87, 0x23, 0xCB, 0x00, 0x02, 0xCB, 0x81,
    0x23, 0xCB, 0x00, 0x02, 0xCB, 0x82, 0x23, 0xCB, 0x01, 0x02, 0xC3, 0x23, 0xCB, 0x82, 0x43, 0xCB,
    0x01, 0x23, 0xCB, 0x43, 0xCB, 0x81, 0x23, 0xCB, 0x00, 0x43, 0xCB, 0x82, 0x23, 0xCB, 0x01, 0x02,
    0xC3, 0x23, 0xCB, 0x81, 0x02, 0xC3, 0x02, 0x23, 0xCB, 0x43, 0xCB, 0x23, 0xCB, 0x81, 0x43, 0xCB,
    0x08, 0x02, 0xC3, 0x23, 0xCB, 0x02, 0xCB, 0x23, 0xCB, 0x02, 0xC3, 0x23, 0xCB, 0x02, 0xC3, 0x23,
    0xCB, 0x43, 0xCB, 0x81, 0x23, 0xCB, 0x00, 0x03, 0xCB, 0x81, 0x23, 0xCB, 0x01, 0x43, 0xCB, 0x23,
    0xCB, 0x81, 0x02, 0xC3, 0x28, 0x23, 0xCB, 0x03, 0xC3, 0xC2, 0xB2, 0x05, 0x72, 0xC6, 0x41, 0x86,
    0x39, 0xA6, 0x41, 0xC6, 0x41, 0xC6, 0x51, 0x25, 0x82, 0x83, 0x9A, 0x65, 0x82, 0x86, 0x39, 0xC7,
    0x41, 0x65, 0x8A, 0x23, 0xC3, 0x23, 0xCB, 0x23, 0xC3, 0x63, 0x9A, 0xE6, 0x51, 0xC6, 0x41, 0xA6,
    0x39, 0xA6, 0x41, 0xC6, 0x49, 0x45, 0x82, 0x03, 0xBB, 0x83, 0x9A, 0xE6, 0x51, 0x85, 0x39, 0x86,
    0x39, 0xC6, 0x41, 0xA6, 0x39, 0xC7, 0x41, 0xE5, 0x69, 0x64, 0x92, 0xE6, 0x51, 0xA6, 0x39, 0xE6,
    0x59, 0xA3, 0xAA, 0xC2, 0xB2, 0x25, 0x72, 0x81, 0xA6, 0x41, 0x0A, 0xC6, 0x49, 0xA4, 0xA2, 0x82,
    0xA2, 0x06, 0x62, 0xC6, 0x41, 0x86, 0x39, 0xA6, 0x41, 0xC6, 0x41, 0xE6, 0x59, 0x84, 0x9A, 0xE2,
    0xC2, 0x82, 0x23, 0xCB, 0x00, 0x43, 0xCB, 0x82, 0x23, 0xCB, 0x00, 0x43, 0xCB, 0x82, 0x23, 0xCB,
    0x81, 0x02, 0xC3, 0x82, 0x23, 0xCB, 0x02, 0x02, 0xC3, 0x23, 0xCB, 0x02, 0xC3, 0x83, 0x23, 0xCB,
    0x82, 0x43, 0xCB, 0x00, 0x23, 0xCB, 0x85, 0x43, 0xCB, 0x82, 0x23, 0xCB, 0x83, 0x43, 0xCB, 0x00,
    0x23, 0xCB, 0x83, 0x43, 0xCB, 0x81, 0x23, 0xCB, 0x84, 0x43, 0xCB, 0x00, 0x63, 0xCB, 0x83, 0x43,
    0xCB, 0x81, 0x23, 0xCB, 0x84, 0x43, 0xCB, 0x01, 0x63, 0xCB, 0x43, 0xCB, 0x81, 0x63, 0xCB, 0x83,
    0x43, 0xCB, 0x00, 0x23, 0xCB, 0x82, 0x43, 0xCB, 0x0D, 0x23, 0xC3, 0x03, 0xBB, 0x84, 0x9A, 0x26,
    0x72, 0x06, 0x6A, 0x45, 0x82, 0x84, 0x9A, 0xC3, 0xB2, 0x23, 0xC3, 0x03, 0xC3, 0x65, 0x8A, 0x06,
    0x72, 0x85, 0x9A, 0x23, 0xC3, 0x81, 0x23, 0xCB, 0x1D, 0x03, 0xC3, 0xA3, 0xAA, 0x45, 0x82, 0x06,
    0x6A, 0x05, 0x72, 0x64, 0x92, 0xC4, 0xAA, 0x03, 0xC3, 0x23, 0xC3, 0xC3, 0xAA, 0x45, 0x82, 0x26,
    0x6A, 0x45, 0x82, 0x65, 0x8A, 0x06, 0x6A, 0x45, 0x82, 0x03, 0xBB, 0xE4, 0xAA, 0x26, 0x72, 0x25,
    0x7A, 0xE3, 0xB2, 0x23, 0xC3, 0x03, 0xBB, 0x65, 0x92, 0x06, 0x6A, 0x25, 0x7A, 0xC4, 0xAA, 0x23,
    0xC3, 0xE3, 0xB2, 0x65, 0x8A, 0x81, 0x06, 0x6A, 0x02, 0x44, 0x8A, 0x84, 0xA2, 0x03, 0xBB, 0x83,
    0x43, 0xCB, 0x02, 0x63, 0xCB, 0x43, 0xCB, 0x63, 0xCB, 0x84, 0x43, 0xCB, 0x00, 0x23, 0xCB, 0x82,
    0x43, 0xCB, 0x00, 0x23, 0xCB, 0x82, 0x43, 0xCB, 0x83, 0x23, 0xCB, 0x01, 0x43, 0xCB, 0x23, 0xCB,
    0x84, 0x43, 0xCB, 0x82, 0x23, 0xCB, 0x81, 0x43, 0xCB, 0x00, 0x23, 0xCB, 0x86, 0x43, 0xCB, 0x00,
    0x64, 0xCB, 0x86, 0x43, 0xCB, 0x01, 0x23, 0xCB, 0x43, 0xCB, 0x81, 0x23, 0xCB, 0x82, 0x43, 0xCB,
    0x00, 0x23, 0xCB, 0x85, 0x43, 0xCB, 0x81, 0x64, 0xCB, 0x05, 0x64, 0xD3, 0x64, 0xCB, 0x43, 0xCB,
    0x23, 0xCB, 0x43, 0xCB, 0x23, 0xCB, 0x83, 0x43, 0xCB, 0x01, 0x23, 0xCB, 0x03, 0xC3, 0x82, 0xE3,
    0xBA, 0x81, 0x03, 0xC3, 0x00, 0x23, 0xCB, 0x81, 0x23, 0xC3, 0x01, 0x03, 0xBB, 0x23, 0xC3, 0x83,
    0x43, 0xCB, 0x81, 0x23, 0xC3, 0x81, 0x03, 0xBB, 0x01, 0x03, 0xC3, 0x23, 0xC3, 0x81, 0x43, 0xCB,
    0x04, 0x23, 0xC3, 0x03, 0xC3, 0xE3, 0xBA, 0x03, 0xBB, 0x23, 0xC3, 0x81, 0x03, 0xBB, 0x81, 0x43,
    0xCB, 0x05, 0x23, 0xC3, 0x03, 0xBB, 0x23, 0xC3, 0x43, 0xCB, 0x23, 0xCB, 0x23, 0xC3, 0x81, 0x03,
    0xBB, 0x00, 0x03, 0xC3, 0x81, 0x23, 0xC3, 0x83, 0x03, 0xBB, 0x01, 0x03, 0xC3, 0x23, 0xC3, 0x84,
    0x43, 0xCB, 0x02, 0x64, 0xCB, 0x64, 0xD3, 0x64, 0xCB, 0x81, 0x43, 0xCB, 0x01, 0x23, 0xCB, 0x43,
    0xCB, 0x81, 0x23, 0xCB, 0x86, 0x43, 0xCB, 0x84, 0x23, 0xCB, 0x83, 0x43, 0xCB, 0x00, 0x63, 0xCB,
    0x82, 0x43, 0xCB, 0x03, 0x63, 0xCB, 0x43, 0xCB, 0x64, 0xCB, 0x43, 0xCB, 0x81, 0x23, 0xCB, 0x01,
    0x02, 0xC3, 0x23, 0xCB, 0x82, 0x43, 0xCB, 0x00, 0x23, 0xCB, 0x84, 0x02, 0xC3, 0x84, 0x43, 0xCB,
    0x00, 0x23, 0xCB, 0x81, 0x02, 0xC3, 0x01, 0x23, 0xCB, 0x43, 0xCB, 0x81, 0x23, 0xCB, 0x00, 0x02,
    0xCB, 0x81, 0x23, 0xCB, 0x00, 0x02, 0xC3, 0x81, 0x23, 0xCB, 0x86, 0x43, 0xCB, 0x03, 0x23, 0xCB,
    0x43, 0xCB, 0x23, 0xCB, 0x23, 0xC3, 0x82, 0x03, 0xC3, 0x81, 0x23, 0xC3, 0x81, 0x23, 0xCB, 0x03,
    0x23, 0xC3, 0x03, 0xC3, 0x23, 0xC3, 0x03, 0xC3, 0x83, 0x23, 0xCB, 0x81, 0x23, 0xC3, 0x03, 0x03,
    0xC3, 0x23, 0xC3, 0x23, 0xCB, 0x43, 0xCB, 0x83, 0x23, 0xCB, 0x81, 0x03, 0xC3, 0x00, 0x02, 0xC3,
    0x83, 0x43, 0xCB, 0x00, 0x23, 0xCB, 0x84, 0x02, 0xC3, 0x00, 0x23, 0xCB, 0x82, 0x43, 0xCB, 0x00,
    0x23, 0xCB, 0x82, 0x02, 0xC3, 0x83, 0x23, 0xCB, 0x01, 0x02, 0xC3, 0x23, 0xCB, 0x81, 0x02, 0xC3,
    0x81, 0x23, 0xCB, 0x86, 0x43, 0xCB, 0x01, 0x23, 0xCB, 0x43, 0xCB, 0x8D, 0x23, 0xCB, 0x81, 0x43,
    0xCB, 0x87, 0x23, 0xCB, 0x81, 0x02, 0xC3, 0x83, 0x23, 0xCB, 0x82, 0x43, 0xCB, 0x00, 0x23, 0xCB,
    0x82, 0x02, 0xC3, 0x81, 0xE2, 0xC2, 0x01, 0x02, 0xC3, 0x02, 0xCB, 0x81, 0x23, 0xCB, 0x02, 0x22,
    0xCB, 0x23, 0xCB, 0x02, 0xC3, 0x81, 0x23, 0xCB, 0x82, 0x02, 0xC3, 0x83, 0x23, 0xCB, 0x8A, 0x02,
    0xC3, 0x00, 0x23, 0xCB, 0x88, 0x02, 0xC3, 0x81, 0x23, 0xCB, 0x02, 0x02, 0xC3, 0xE2, 0xC2, 0x02,
    0xC3, 0x81, 0x23, 0xCB, 0x00, 0x63, 0xCB, 0x81, 0x43, 0xCB, 0x81, 0x23, 0xCB, 0x00, 0x23, 0xC3,
    0x81, 0x23, 0xCB, 0x81, 0x02, 0xC3, 0x83, 0x23, 0xCB, 0x82, 0x43, 0xCB, 0x04, 0x23, 0xCB, 0x02,
    0xC3, 0xE2, 0xC2, 0x02, 0xC3, 0xE2, 0xC2, 0x82, 0x02, 0xC3, 0x81, 0x23, 0xCB, 0x02, 0x02, 0xCB,
    0x23, 0xCB, 0x02, 0xC3, 0x81, 0x23, 0xCB, 0x82, 0x02, 0xC3, 0x83, 0x23, 0xCB, 0x8A, 0x02, 0xC3,
    0x06, 0x23, 0xCB, 0x02, 0xC3, 0xE2, 0xC2, 0x02, 0xC3, 0x02, 0xCB, 0x02, 0xC3, 0x02, 0xCB, 0x82,
    0x02, 0xC3, 0x81, 0x23, 0xCB, 0x05, 0x02, 0xC3, 0xE2, 0xC2, 0x02, 0xC3, 0xE2, 0xC2, 0x02, 0xC3,
    0xE2, 0xC2, 0x85, 0x02, 0xC3, 0x00, 0xE2, 0xC2, 0x82, 0x02, 0xC3, 0x02, 0x23, 0xCB, 0x02, 0xCB,
    0x03, 0xCB, 0x82, 0x02, 0xC3, 0x00, 0xE2, 0xC2, 0x85, 0x02, 0xC3, 0x81, 0xE2, 0xC2, 0x01, 0x02,
    0xC3, 0xE2, 0xC2, 0x81, 0x02, 0xC3, 0x82, 0xE2, 0xC2, 0x84, 0x02, 0xC3, 0x83, 0xE2, 0xC2, 0x00,
    0x02, 0xC3, 0x90, 0xE2, 0xC2, 0x08, 0x02, 0xC3, 0x23, 0xCB, 0x02, 0xC3, 0x23, 0xCB, 0x02, 0xC3,
    0xE2, 0xC2, 0x02, 0xC3, 0xE2, 0xC2, 0x23, 0xCB, 0x84, 0x02, 0xC3, 0x04, 0xE2, 0xC2, 0x02, 0xC3,
    0xE2, 0xC2, 0x02, 0xC3, 0x23, 0xCB, 0x81, 0x02, 0xC3, 0x01, 0xE2, 0xC2, 0x02, 0xC3, 0x81, 0xE2,
    0xC2, 0x00, 0x02, 0xCB, 0x82, 0x02, 0xC3, 0x01, 0xE2, 0xC2, 0x02, 0xC3, 0x81, 0xE2, 0xC2, 0x00,
    0x02, 0xC3, 0x81, 0xE2, 0xC2, 0x00, 0x02, 0xC3, 0x82, 0xE2, 0xC2, 0x84, 0x02, 0xC3, 0x82, 0xE2,
    0xC2, 0x00, 0x02, 0xC3, 0x89, 0xE2, 0xC2, 0x00, 0x02, 0xC3, 0x85, 0xE2, 0xC2, 0x82, 0x02, 0xC3,
    0x01, 0x23, 0xCB, 0x02, 0xCB, 0x81, 0x23, 0xCB, 0x81, 0x02, 0xC3, 0x04, 0xE2, 0xC2, 0x02, 0xC3,
    0x23, 0xCB, 0x02, 0xC3, 0x03, 0xCB, 0x85, 0x23, 0xCB, 0x00, 0x43, 0xCB, 0x84, 0x23, 0xCB, 0x03,
    0xE2, 0xC2, 0x02, 0xC3, 0xE2, 0xC2, 0x02, 0xC3, 0x82, 0x23, 0xCB, 0x81, 0x02, 0xC3, 0x00, 0x43,
    0xCB, 0x81, 0x23, 0xCB, 0x81, 0x43, 0xCB, 0x01, 0x23, 0xCB, 0x43, 0xCB, 0x81, 0x23, 0xCB, 0x00,
    0x02, 0xCB, 0x81, 0x23, 0xCB, 0x00, 0x02, 0xC3, 0x81, 0x02, 0xCB, 0x00, 0x23, 0xCB, 0x81, 0x02,
    0xCB, 0x82, 0x02, 0xC3, 0x00, 0x23, 0xCB, 0x81, 0x02, 0xC3, 0x81, 0x02, 0xCB, 0x01, 0x23, 0xCB,
    0x02, 0xCB, 0x81, 0x23, 0xCB, 0x84, 0x02, 0xC3, 0x01, 0x23, 0xCB, 0x02, 0xC3, 0x81, 0x23, 0xCB,
    0x81, 0x02, 0xC3, 0x03, 0xE2, 0xC2, 0x02, 0xC3, 0x23, 0xCB, 0x02, 0xC3, 0x86, 0x23, 0xCB, 0x00,
    0x43, 0xCB, 0x84, 0x23, 0xCB, 0x02, 0xE2, 0xC2, 0x02, 0xC3, 0xE2, 0xC2, 0x82, 0x23, 0xCB, 0x82,
    0x02, 0xC3, 0x01, 0x43, 0xCB, 0x23, 0xCB, 0x82, 0x43, 0xCB, 0x01, 0x23, 0xCB, 0x43, 0xCB, 0x84,
    0x23, 0xCB, 0x06, 0x02, 0xC3, 0x23, 0xCB, 0x02, 0xCB, 0x23, 0xCB, 0x02, 0xCB, 0x02, 0xC3, 0x02,
    0xCB, 0x81, 0x02, 0xC3, 0x00, 0x02, 0xCB, 0x81, 0x02, 0xC3, 0x00, 0x02, 0xCB, 0x81, 0x23, 0xCB,
    0x00, 0x43, 0xCB, 0x82, 0x23, 0xCB, 0x02, 0x22, 0xCB, 0x02, 0xC3, 0xE2, 0xC2, 0x84, 0x02, 0xC3,
    0x03, 0xE2, 0xC2, 0x02, 0xC3, 0xE2, 0xC2, 0x02, 0xC3, 0x81, 0x23, 0xCB, 0x00, 0x02, 0xC3, 0x81,
    0xE2, 0xC2, 0x01, 0x02, 0xC3, 0xE2, 0xC2, 0x81, 0x02, 0xC3, 0x00, 0xE2, 0xC2, 0x82, 0x02, 0xC3,
    0x00, 0xE2, 0xC2, 0x81, 0x02, 0xC3, 0x00, 0xE2, 0xC2, 0x83, 0x02, 0xC3, 0x84, 0xE2, 0xC2, 0x00,
    0x02, 0xC3, 0x82, 0x23, 0xCB, 0x00, 0x43, 0xCB, 0x81, 0x23, 0xCB, 0x00, 0x02, 0xCB, 0x84, 0x23,
    0xCB, 0x02, 0x43, 0xCB, 0x23, 0xCB, 0x43, 0xCB, 0x84, 0x23, 0xCB, 0x00, 0x43, 0xCB, 0x81, 0x23,
    0xCB, 0x81, 0x43, 0xCB, 0x82, 0x23, 0xCB, 0x81, 0x02, 0xC3, 0x00, 0xE2, 0xC2, 0x84, 0x02, 0xC3,
    0x03, 0xE2, 0xC2, 0x02, 0xC3, 0xE2, 0xC2, 0x02, 0xC3, 0x81, 0x23, 0xCB, 0x01, 0x02, 0xC3, 0xE2,
    0xC2, 0x81, 0x02, 0xC3, 0x00, 0xE2, 0xC2, 0x85, 0x02, 0xC3, 0x00, 0xE2, 0xC2, 0x86, 0x02, 0xC3,
    0x82, 0xE2, 0xC2, 0x02, 0x02, 0xC3, 0xE2, 0xC2, 0x02, 0xC3, 0x82, 0x23, 0xCB, 0x00, 0x43, 0xCB,
    0x81, 0x23, 0xCB, 0x00, 0x03, 0xCB, 0x85, 0x23, 0xCB, 0x81, 0x43, 0xCB, 0x82, 0x23, 0xCB, 0x00,
    0x43, 0xCB, 0x81, 0x23, 0xCB, 0x81, 0x43, 0xCB, 0x02, 0x23, 0xCB, 0x43, 0xCB, 0x23, 0xCB, 0x81,
    0x43, 0xCB, 0x01, 0x23, 0xCB, 0x02, 0xC3, 0x86, 0x23, 0xCB, 0x84, 0x02, 0xC3, 0x00, 0x23, 0xCB,
    0x81, 0x02, 0xC3, 0x85, 0x23, 0xCB, 0x04, 0x43, 0xCB, 0x23, 0xCB, 0x02, 0xC3, 0x43, 0xCB, 0x22,
    0xC3, 0x82, 0x02, 0xC3, 0x83, 0x23, 0xCB, 0x03, 0x02, 0xCB, 0x02, 0xC3, 0x23, 0xCB, 0x03, 0xCB,
    0x81, 0x43, 0xCB, 0x82, 0x23, 0xCB, 0x02, 0x43, 0xCB, 0x23, 0xCB, 0x02, 0xC3, 0x82, 0x23, 0xCB,
    0x06, 0x43, 0xCB, 0x23, 0xCB, 0x43, 0xCB, 0x23, 0xCB, 0x63, 0xCB, 0x23, 0xCB, 0x43, 0xCB, 0x82,
    0x23, 0xCB, 0x02, 0x43, 0xCB, 0x23, 0xCB, 0x43, 0xCB, 0x81, 0x23, 0xCB, 0x81, 0x43, 0xCB, 0x01,
    0x23, 0xCB, 0x02, 0xC3, 0x81, 0x23, 0xCB, 0x00, 0x03, 0xCB, 0x83, 0x23, 0xCB, 0x84, 0x02, 0xC3,
    0x02, 0x23, 0xCB, 0x02, 0xC3, 0x02, 0xCB, 0x83, 0x23, 0xCB, 0x00, 0x43, 0xCB, 0x82, 0x23, 0xCB,
    0x01, 0x02, 0xC3, 0x23, 0xCB, 0x83, 0x02, 0xC3, 0x83, 0x23, 0xCB, 0x00, 0x02, 0xC3, 0x82, 0x23,
    0xCB, 0x81, 0x43, 0xCB, 0x82, 0x23, 0xCB, 0x02, 0x43, 0xCB, 0x23, 0xCB, 0x02, 0xC3, 0x82, 0x23,
    0xCB, 0x84, 0x43, 0xCB, 0x81, 0x23, 0xCB, 0x81, 0x02, 0xC3, 0x02, 0x43, 0xCB, 0x23, 0xCB, 0x43,
    0xCB, 0x82, 0x23, 0xCB, 0x02, 0x02, 0xC3, 0x23, 0xCB, 0x02, 0xCB, 0x82, 0x23, 0xCB, 0x01, 0x02,
    0xCB, 0x02, 0xC3, 0x82, 0xE2, 0xC2, 0x81, 0x02, 0xC3, 0x02, 0x23, 0xCB, 0x02, 0xCB, 0x23, 0xCB,
    0x87, 0x02, 0xC3, 0x00, 0xE2, 0xC2, 0x81, 0x02, 0xC3, 0x89, 0x23, 0xCB, 0x85, 0x43, 0xCB, 0x82,
    0x23, 0xCB, 0x01, 0x02, 0xC3, 0x23, 0xCB, 0x83, 0x43, 0xCB, 0x02, 0x64, 0xCB, 0x43, 0xCB, 0x63,
    0xCB, 0x81, 0x43, 0xCB, 0x81, 0x23, 0xCB, 0x81, 0x02, 0xC3, 0x82, 0x43, 0xCB, 0x82, 0x23, 0xCB,
    0x01, 0x02, 0xC3, 0x02, 0xCB, 0x83, 0x23, 0xCB, 0x00, 0x03, 0xCB, 0x83, 0xE2, 0xC2, 0x81, 0x02,
    0xC3, 0x02, 0x23, 0xCB, 0x02, 0xCB, 0x23, 0xCB, 0x8A, 0x02, 0xC3, 0x87, 0x23, 0xCB, 0x02, 0x02,
    0xCB, 0x43, 0xCB, 0x23, 0xCB, 0x84, 0x43, 0xCB, 0x82, 0x23, 0xCB, 0x85, 0x43, 0xCB, 0x82, 0x23,
    0xCB, 0x00, 0x43, 0xCB, 0x81, 0x23, 0xCB, 0x85, 0x43, 0xCB, 0x00, 0x23, 0xCB, 0x81, 0x43, 0xCB,
    0x84, 0x23, 0xCB, 0x81, 0x43, 0xCB, 0x84, 0x23, 0xCB, 0x00, 0x43, 0xCB, 0x82, 0x23, 0xCB, 0x01,
    0x43, 0xCB, 0x23, 0xCB, 0x82, 0x02, 0xC3, 0x81, 0x23, 0xCB, 0x00, 0x02, 0xCB, 0x81, 0x23, 0xCB,
    0x00, 0x43, 0xCB, 0x81, 0x23, 0xCB, 0x01, 0x43, 0xCB, 0x23, 0xCB, 0x81, 0x02, 0xC3, 0x00, 0x23,
    0xCB, 0x81, 0x02, 0xC3, 0x83, 0x23, 0xCB, 0x82, 0x43, 0xCB, 0x82, 0x23, 0xCB, 0x85, 0x43, 0xCB,
    0x82, 0x23, 0xCB, 0x00, 0x43, 0xCB, 0x81, 0x23, 0xCB, 0x89, 0x43, 0xCB, 0x82, 0x23, 0xCB, 0x82,
    0x43, 0xCB, 0x84, 0x23, 0xCB, 0x81, 0x43, 0xCB, 0x83, 0x23, 0xCB, 0x82, 0x02, 0xC3, 0x81, 0x23,
    0xCB, 0x00, 0x02, 0xC3, 0x81, 0x23, 0xCB, 0x00, 0x43, 0xCB, 0x83, 0x23, 0xCB, 0x03, 0x02, 0xC3,
    0x03, 0xCB, 0x02, 0xCB, 0x23, 0xCB, 0x81, 0x02, 0xCB, 0x82, 0x23, 0xCB, 0x01, 0x02, 0xC3, 0x23,
    0xCB, 0x82, 0x02, 0xCB, 0x00, 0x23, 0xCB, 0x81, 0x02, 0xCB, 0x81, 0x23, 0xCB, 0x82, 0x02, 0xC3,
    0x82, 0x23, 0xCB, 0x00, 0x02, 0xC3, 0x85, 0x23, 0xCB, 0x01, 0x02, 0xC3, 0x23, 0xCB, 0x82, 0x02,
    0xC3, 0x83, 0x23, 0xCB, 0x83, 0x43, 0xCB, 0x83, 0x23, 0xCB, 0x81, 0x02, 0xC3, 0x03, 0x23, 0xC3,
    0x23, 0xCB, 0x43, 0xCB, 0x23, 0xCB, 0x82, 0x43, 0xCB, 0x00, 0x23, 0xCB, 0x81, 0x43, 0xCB, 0x00,
    0x23, 0xCB, 0x84, 0x43, 0xCB, 0x00, 0x63, 0xCB, 0x82, 0x43, 0xCB, 0x83, 0x23, 0xCB, 0x00, 0x22,
    0xCB, 0x82, 0x23, 0xCB, 0x81, 0x02, 0xCB, 0x81, 0x23, 0xCB, 0x00, 0x02, 0xC3, 0x81, 0x23, 0xCB,
    0x02, 0x02, 0xC3, 0xE2, 0xC2, 0x02, 0xC3, 0x81, 0x23, 0xCB, 0x01, 0x22, 0xCB, 0x03, 0xCB, 0x85,
    0x23, 0xCB, 0x01, 0x02, 0xC3, 0x23, 0xCB, 0x81, 0x02, 0xC3, 0x84, 0x23, 0xCB, 0x83, 0x43, 0xCB,
    0x83, 0x23, 0xCB, 0x81, 0x02, 0xC3, 0x81, 0x23, 0xCB, 0x01, 0x43, 0xCB, 0x23, 0xCB, 0x85, 0x43,
    0xCB, 0x00, 0x23, 0xCB, 0x84, 0x43, 0xCB, 0x00, 0x63, 0xCB, 0x81, 0x43, 0xCB, 0x00, 0x23, 0xCB,
    0x83, 0x43, 0xCB, 0x03, 0x64, 0xCB, 0x43, 0xCB, 0x63, 0xCB, 0x85, 0x41, 0x8F, 0x85, 0x39, 0x02,
    0x44, 0x82, 0x64, 0xCB, 0x23, 0xCB, 0x81, 0x43, 0xCB, 0x05, 0x64, 0xCB, 0x63, 0xCB, 0x64, 0xCB,
    0x43, 0xCB, 0x63, 0xCB, 0x43, 0xCB, 0x86, 0x23, 0xCB, 0x01, 0x02, 0xCB, 0x02, 0xC3, 0x81, 0x23,
    0xCB, 0x05, 0xC3, 0xAA, 0xE4, 0x69, 0xA4, 0x49, 0xE4, 0x69, 0xC3, 0xB2, 0x02, 0xC3, 0x81, 0x23,
    0xCB, 0x00, 0x43, 0xCB, 0x81, 0x23, 0xCB, 0x03, 0xC3, 0xAA, 0xC4, 0x61, 0xA5, 0x49, 0x24, 0x7A,
    0x83, 0x43, 0xCB, 0x00, 0x23, 0xCB, 0x81, 0x43, 0xCB, 0x19, 0xC4, 0xAA, 0xE4, 0x61, 0xA5, 0x49,
    0x44, 0x7A, 0x24, 0xC3, 0x43, 0xCB, 0x04, 0xB3, 0x04, 0x6A, 0xA5, 0x51, 0x44, 0x82, 0x44, 0xC3,
    0x64, 0xCB, 0x04, 0xBB, 0x04, 0x72, 0xA5, 0x51, 0x44, 0x82, 0x44, 0xC3, 0x63, 0xCB, 0x23, 0xC3,
    0x24, 0x7A, 0xA5, 0x49, 0xE4, 0x61, 0xA4, 0x9A, 0x43, 0xCB, 0x63, 0xCB, 0x23, 0xCB, 0x81, 0x43,
    0xCB, 0x16, 0xE4, 0xB2, 0xE4, 0x61, 0xA5, 0x49, 0x24, 0x7A, 0x24, 0xC3, 0x43, 0xCB, 0xE3, 0xB2,
    0xE4, 0x69, 0xA4, 0x49, 0x24, 0x7A, 0x03, 0xC3, 0x23, 0xCB, 0xA3, 0xAA, 0xE4, 0x61, 0xA4, 0x49,
    0x24, 0x7A, 0xE3, 0xBA, 0x23, 0xCB, 0xE3, 0xBA, 0x04, 0x7A, 0xA4, 0x49, 0xC4, 0x61, 0x64, 0x92,
    0x8D, 0x23, 0xCB, 0x13, 0x02, 0xC3, 0x23, 0xCB, 0xE4, 0x61, 0xD3, 0xCD, 0xAC, 0x83, 0x47, 0x52,
    0x96, 0xE6, 0xC5, 0x41, 0x4E, 0x9C, 0x31, 0xB5, 0x85, 0x39, 0x2E, 0x94, 0x11, 0xB5, 0x85, 0x39,
    0x4E, 0x94, 0x31, 0xB5, 0x85, 0x39, 0x4E, 0x94, 0x31, 0xB5, 0x44, 0x82, 0x82, 0x43, 0xCB, 0x81,
    0x64, 0xCB, 0x01, 0x63, 0xCB, 0x43, 0xCB, 0x81, 0x23, 0xCB, 0x81, 0x02, 0xC3, 0x05, 0x02, 0xCB,
    0x23, 0xCB, 0x02, 0xC3, 0x02, 0xCB, 0x23, 0xCB, 0x43, 0xCB, 0x81, 0x23, 0xCB, 0x07, 0x43, 0xCB,
    0x03, 0xBB, 0xE6, 0x49, 0x52, 0xBD, 0x75, 0xDE, 0x31, 0xB5, 0xC5, 0x51, 0x23, 0xC3, 0x81, 0x43,
    0xCB, 0x05, 0x63, 0xCB, 0x43, 0xCB, 0x03, 0xC3, 0xE6, 0x49, 0x93, 0xC5, 0xD3, 0xCD, 0x82, 0x85,
    0x39, 0x00, 0xC4, 0x61, 0x81, 0x02, 0xC3, 0x18, 0x23, 0xCB, 0xE3, 0xB2, 0x06, 0x52, 0x92, 0xBD,
    0x75, 0xDE, 0x4E, 0x9C, 0xE4, 0x69, 0x03, 0xBB, 0xC5, 0x49, 0x31, 0xB5, 0x55, 0xDE, 0x0D, 0x94,
    0x04, 0x72, 0xE2, 0xBA, 0xC5, 0x49, 0x31, 0xB5, 0x55, 0xDE, 0x0D, 0x94, 0x04, 0x72, 0x23, 0xC3,
    0xC5, 0x59, 0x8F, 0x9C, 0x55, 0xDE, 0x31, 0xB5, 0xE4, 0x61, 0x83, 0x43, 0xCB, 0x17, 0x24, 0xBB,
    0x06, 0x52, 0x92, 0xBD, 0x75, 0xDE, 0x4E, 0x9C, 0x04, 0x6A, 0xE3, 0xBA, 0xC5, 0x49, 0x31, 0xB5,
    0x55, 0xDE, 0x0D, 0x94, 0x04, 0x72, 0xE3, 0xB2, 0x06, 0x52, 0x92, 0xBD, 0x75, 0xDE, 0x4E, 0x9C,
    0x04, 0x6A, 0x23, 0xC3, 0xC5, 0x59, 0x8F, 0x9C, 0x55, 0xDE, 0x31, 0xB5, 0xE4, 0x61, 0x83, 0x43,
    0xCB, 0x01, 0x23, 0xCB, 0x02, 0xC3, 0x82, 0x43, 0xCB, 0x81, 0x23, 0xCB, 0x01, 0x02, 0xC3, 0x23,
    0xCB, 0x82, 0x43, 0xCB, 0x07, 0x24, 0x82, 0xF0, 0xAC, 0x6F, 0x9C, 0x6B, 0x7B, 0xB6, 0xE6, 0xC9,
    0x62, 0x31, 0xB5, 0x2E, 0x94, 0x83, 0x85, 0x39, 0x08, 0x4E, 0x94, 0x31, 0xB5, 0x85, 0x39, 0x4E,
    0x94, 0x31, 0xB5, 0x24, 0x7A, 0xA3, 0xA2, 0xE4, 0x61, 0xA4, 0x51, 0x81, 0x44, 0x8A, 0x81, 0x85,
    0x39, 0x06, 0x85, 0x41, 0x24, 0x72, 0xE4, 0x69, 0xC4, 0x59, 0xE4, 0xAA, 0x23, 0xCB, 0x64, 0x92,
    0x81, 0xC4, 0x51, 0x00, 0x64, 0x92, 0x82, 0x03, 0xC3, 0x05, 0x84, 0x9A, 0xED, 0x8B, 0xB3, 0xC5,
    0xC5, 0x41, 0xD3, 0xCD, 0xAC, 0x83, 0x81, 0xA3, 0xA2, 0x0B, 0xE4, 0x61, 0xA4, 0x51, 0x44, 0x8A,
    0xA4, 0x51, 0x0A, 0x6B, 0x76, 0xDE, 0xC5, 0x41, 0x85, 0x39, 0x6B, 0x7B, 0xF4, 0xCD, 0x85, 0x39,
    0x84, 0x92, 0x81, 0x23, 0xCB, 0x33, 0x64, 0x92, 0x4E, 0x9C, 0x52, 0xBD, 0xA8, 0x62, 0xB6, 0xE6,
    0x07, 0x52, 0x64, 0x8A, 0xAC, 0x83, 0xB3, 0xC5, 0x47, 0x52, 0x96, 0xE6, 0x47, 0x52, 0x24, 0x82,
    0xAC, 0x83, 0xB3, 0xC5, 0x47, 0x52, 0x96, 0xE6, 0x47, 0x52, 0x44, 0x8A, 0x4B, 0x7B, 0x55, 0xDE,
    0x47, 0x52, 0x27, 0x52, 0x44, 0x82, 0x23, 0xCB, 0x02, 0xC3, 0x23, 0xCB, 0x02, 0xC3, 0x64, 0x92,
    0x4E, 0x9C, 0x52, 0xBD, 0xA8, 0x62, 0xB6, 0xE6, 0x07, 0x52, 0x64, 0x8A, 0xAC, 0x83, 0xB3, 0xC5,
    0x47, 0x52, 0x96, 0xE6, 0x47, 0x52, 0x24, 0x7A, 0x4E, 0x9C, 0x52, 0xBD, 0xA8, 0x62, 0xB6, 0xE6,
    0x07, 0x52, 0x64, 0x92, 0x4B, 0x7B, 0x55, 0xDE, 0x47, 0x52, 0x27, 0x52, 0x24, 0x82, 0x81, 0x23,
    0xCB, 0x81, 0x43, 0xCB, 0x87, 0x23, 0xCB, 0x81, 0x02, 0xC3, 0x81, 0x23, 0xCB, 0x1F, 0x84, 0x9A,
    0xED, 0x8B, 0x31, 0xB5, 0x6F, 0x9C, 0x76, 0xDE, 0xED, 0x8B, 0xF4, 0xCD, 0x4B, 0x73, 0xC4, 0x59,
    0x4E, 0x94, 0x31, 0xB5, 0x85, 0x39, 0x4E, 0x94, 0x31, 0xB5, 0x85, 0x39, 0x4E, 0x94, 0x31, 0xB5,
    0xA4, 0x51, 0x27, 0x52, 0xB3, 0xC5, 0x55, 0xDE, 0x0A, 0x6B, 0x85, 0x41, 0x8F, 0xA4, 0x92, 0xBD,
    0x14, 0xD6, 0x8F, 0xA4, 0x72, 0xBD, 0xB3, 0xC5, 0xC5, 0x49, 0x64, 0x92, 0x0A, 0x6B, 0x81, 0x14,
    0xD6, 0x01, 0xC9, 0x6A, 0x83, 0x9A, 0x81, 0x02, 0xC3, 0x03, 0x84, 0x9A, 0xCC, 0x83, 0x35, 0xD6,
    0x68, 0x5A, 0x81, 0x85, 0x39, 0x0D, 0x24, 0x7A, 0x27, 0x52, 0xB3, 0xC5, 0x55, 0xDE, 0x8C, 0x83,
    0x85, 0x39, 0xF4, 0xCD, 0x96, 0xE6, 0xD0, 0xAC, 0x85, 0x39, 0x34, 0xD6, 0x96, 0xE6, 0xED, 0x8B,
    0x84, 0x9A, 0x81, 0x23, 0xCB, 0x00, 0x64, 0x92, 0x81, 0xE6, 0x49, 0x11, 0x88, 0x5A, 0xB6, 0xE6,
    0x27, 0x52, 0x24, 0x7A, 0x8F, 0x9C, 0xD0, 0xA4, 0x85, 0x39, 0x35, 0xD6, 0x0A, 0x73, 0xC4, 0x59,
    0x8F, 0x9C, 0xD0, 0xA4, 0x85, 0x39, 0x35, 0xD6, 0x0A, 0x73, 0xC4, 0x59, 0x6F, 0x9C, 0x11, 0xAD,
    0x81, 0x85, 0x39, 0x01, 0x64, 0x92, 0x02, 0xC3, 0x81, 0x23, 0xCB, 0x01, 0x02, 0xC3, 0x64, 0x92,
    0x81, 0xE6, 0x49, 0x09, 0x88, 0x5A, 0xB6, 0xE6, 0x27, 0x52, 0x04, 0x7A, 0x8F, 0x9C, 0xD0, 0xA4,
    0x85, 0x39, 0x35, 0xD6, 0x0A, 0x73, 0xC4, 0x61, 0x81, 0xE6, 0x49, 0x05, 0x88, 0x5A, 0xB6, 0xE6,
    0x27, 0x52, 0x04, 0x7A, 0x6F, 0x9C, 0x11, 0xAD, 0x81, 0x85, 0x39, 0x00, 0x64, 0x92, 0x82, 0x02,
    0xC3, 0x81, 0x23, 0xCB, 0x05, 0x02, 0xC3, 0xE2, 0xC2, 0x02, 0xC3, 0xE2, 0xC2, 0x02, 0xC3, 0xE2,
    0xC2, 0x84, 0x02, 0xC3, 0x54, 0xA3, 0xAA, 0x0A, 0x6B, 0xF4, 0xCD, 0x72, 0xBD, 0xAF, 0xA4, 0x31,
    0xB5, 0x96, 0xE6, 0x47, 0x5A, 0x04, 0x7A, 0x4E, 0x94, 0x31, 0xB5, 0x85, 0x39, 0x4E, 0x94, 0x31,
    0xB5, 0x85, 0x39, 0x4E, 0x94, 0x31, 0xB5, 0x85, 0x39, 0x8F, 0xA4, 0xF0, 0xAC, 0xCC, 0x83, 0x92,
    0xC5, 0x85, 0x39, 0x8F, 0xA4, 0x31, 0xB5, 0x6B, 0x7B, 0x96, 0xE6, 0x47, 0x52, 0x96, 0xE6, 0xC9,
    0x62, 0xA4, 0x51, 0xF0, 0xAC, 0x8F, 0xA4, 0x2A, 0x73, 0x6B, 0x7B, 0x44, 0x8A, 0x02, 0xC3, 0xE2,
    0xC2, 0xA3, 0xB2, 0xA5, 0x49, 0x8F, 0xA4, 0x96, 0xE6, 0xD0, 0xAC, 0xC5, 0x51, 0x04, 0x7A, 0x6F,
    0x9C, 0xF1, 0xAC, 0xE9, 0x6A, 0x76, 0xDE, 0xA5, 0x41, 0x2A, 0x73, 0x55, 0xDE, 0x85, 0x39, 0xA4,
    0x49, 0x6B, 0x7B, 0xF4, 0xCD, 0x85, 0x41, 0x84, 0x9A, 0x02, 0xC3, 0xE2, 0xC2, 0x03, 0xC3, 0xC2,
    0xB2, 0xC4, 0x59, 0xF0, 0xAC, 0x31, 0xB5, 0xE4, 0x61, 0x44, 0x8A, 0xAF, 0xA4, 0xB0, 0xA4, 0x85,
    0x39, 0x35, 0xD6, 0x2A, 0x73, 0xA4, 0x51, 0xAF, 0xA4, 0xB0, 0xA4, 0x85, 0x39, 0x35, 0xD6, 0x2A,
    0x73, 0xA4, 0x49, 0xB0, 0xA4, 0xF4, 0xCD, 0x35, 0xD6, 0x72, 0xBD, 0xC5, 0x49, 0x64, 0x92, 0x82,
    0x85, 0x39, 0x19, 0xC4, 0x61, 0xC3, 0xB2, 0xC4, 0x59, 0xF0, 0xAC, 0x31, 0xB5, 0xE4, 0x61, 0x44,
    0x8A, 0xAF, 0xA4, 0xB0, 0xA4, 0x85, 0x39, 0x35, 0xD6, 0x2A, 0x73, 0x83, 0xA2, 0xC3, 0xB2, 0xC4,
    0x59, 0xF0, 0xAC, 0x31, 0xB5, 0xC4, 0x61, 0x24, 0x82, 0xB0, 0xA4, 0xF4, 0xCD, 0x35, 0xD6, 0x72,
    0xBD, 0xC5, 0x49, 0xC2, 0xBA, 0x02, 0xC3, 0x85, 0xE2, 0xC2, 0x82, 0x02, 0xC3, 0x01, 0x23, 0xCB,
    0x02, 0xCB, 0x81, 0x23, 0xCB, 0x3A, 0x02, 0xC3, 0xE3, 0xBA, 0x07, 0x52, 0x96, 0xE6, 0x75, 0xDE,
    0x68, 0x5A, 0x96, 0xE6, 0x76, 0xDE, 0xA5, 0x41, 0x64, 0x92, 0x4E, 0x94, 0x31, 0xB5, 0x85, 0x39,
    0x4E, 0x94, 0x31, 0xB5, 0x85, 0x39, 0x4E, 0x94, 0x31, 0xB5, 0x85, 0x39, 0x51, 0xB5, 0x55, 0xDE,
    0xF4, 0xCD, 0xB3, 0xC5, 0x85, 0x39, 0x8F, 0xA4, 0xF0, 0xAC, 0xC9, 0x62, 0x96, 0xE6, 0x85, 0x39,
    0x55, 0xDE, 0x0A, 0x73, 0xA5, 0x49, 0x68, 0x5A, 0x93, 0xC5, 0xB3, 0xC5, 0x68, 0x5A, 0x64, 0x8A,
    0x02, 0xCB, 0x23, 0xCB, 0x44, 0x8A, 0x07, 0x52, 0x06, 0x4A, 0x27, 0x52, 0x35, 0xD6, 0xAC, 0x83,
    0x85, 0x39, 0x31, 0xB5, 0x2E, 0x94, 0xE6, 0x49, 0xB6, 0xE6, 0x47, 0x52, 0x2A, 0x73, 0x55, 0xDE,
    0xA4, 0x51, 0xA3, 0xA2, 0x6B, 0x7B, 0xF4, 0xCD, 0xC4, 0x59, 0xE3, 0xBA, 0x82, 0x02, 0xC3, 0x33,
    0x44, 0x8A, 0x4B, 0x73, 0x55, 0xDE, 0x07, 0x52, 0xC3, 0xB2, 0x44, 0x8A, 0x8F, 0xA4, 0xD0, 0xA4,
    0x85, 0x39, 0x35, 0xD6, 0x0A, 0x73, 0xC4, 0x59, 0x8F, 0xA4, 0xD0, 0xA4, 0x85, 0x39, 0x35, 0xD6,
    0x0A, 0x73, 0xC4, 0x59, 0x8F, 0xA4, 0x11, 0xAD, 0xC6, 0x49, 0x55, 0xDE, 0x4B, 0x73, 0x04, 0x72,
    0xAC, 0x83, 0xB6, 0xE6, 0xB3, 0xC5, 0xE4, 0x69, 0x64, 0x92, 0x4B, 0x73, 0x55, 0xDE, 0x07, 0x52,
    0xC3, 0xB2, 0x64, 0x92, 0x8F, 0xA4, 0xD0, 0xA4, 0x85, 0x39, 0x35, 0xD6, 0x0A, 0x73, 0xC4, 0xAA,
    0x64, 0x92, 0x4B, 0x73, 0x55, 0xDE, 0x07, 0x52, 0xC3, 0xB2, 0x44, 0x8A, 0x8F, 0xA4, 0x11, 0xAD,
    0xC6, 0x49, 0x55, 0xDE, 0x4B, 0x73, 0xA3, 0xAA, 0x81, 0x02, 0xC3, 0x00, 0x02, 0xCB, 0x81, 0x02,
    0xC3, 0x00, 0x02, 0xCB, 0x81, 0x23, 0xCB, 0x00, 0x43, 0xCB, 0x82, 0x23, 0xCB, 0x26, 0x22, 0xCB,
    0x02, 0xC3, 0xE2, 0xC2, 0x02, 0xC3, 0xA4, 0x49, 0x55, 0xDE, 0xB3, 0xC5, 0x85, 0x39, 0x55, 0xDE,
    0xB3, 0xC5, 0xE4, 0x69, 0x64, 0x92, 0x4E, 0x94, 0x31, 0xB5, 0x85, 0x39, 0x4E, 0x94, 0x31, 0xB5,
    0x85, 0x39, 0x4E, 0x94, 0x31, 0xB5, 0x85, 0x39, 0x8F, 0xA4, 0x31, 0xB5, 0xA5, 0x41, 0x27, 0x52,
    0x85, 0x39, 0x8F, 0xA4, 0xF0, 0xAC, 0xC9, 0x62, 0x96, 0xE6, 0x85, 0x39, 0x55, 0xDE, 0x2A, 0x73,
    0x85, 0x39, 0xED, 0x8B, 0xC9, 0x6A, 0xB0, 0xA4, 0xF0, 0xAC, 0x24, 0x82, 0x81, 0x23, 0xCB, 0x19,
    0x64, 0x92, 0x6E, 0x9C, 0x31, 0xB5, 0xC5, 0x41, 0xB3, 0xC5, 0xED, 0x8B, 0x85, 0x41, 0x6F, 0x9C,
    0xF0, 0xAC, 0xC9, 0x6A, 0x76, 0xDE, 0xC5, 0x41, 0x2A, 0x73, 0x55, 0xDE, 0xA4, 0x51, 0xA3, 0xAA,
    0x4B, 0x7B, 0x34, 0xD6, 0xA5, 0x41, 0xA4, 0x9A, 0x23, 0xCB, 0x43, 0xCB, 0xE3, 0xB2, 0x27, 0x52,
    0x55, 0xDE, 0x8B, 0x7B, 0x81, 0x85, 0x39, 0x12, 0xC4, 0x61, 0xAC, 0x83, 0xB3, 0xC5, 0x47, 0x52,
    0x96, 0xE6, 0x47, 0x52, 0x24, 0x82, 0xAC, 0x83, 0xB3, 0xC5, 0x47, 0x52, 0x96, 0xE6, 0x47, 0x52,
    0x24, 0x82, 0xAC, 0x83, 0x93, 0xC5, 0xE6, 0x49, 0x75, 0xDE, 0x0A, 0x73, 0x04, 0x72, 0x82, 0x85,
    0x39, 0x03, 0xA4, 0x49, 0x27, 0x52, 0x55, 0xDE, 0x8B, 0x7B, 0x81, 0x85, 0x39, 0x09, 0xC4, 0x61,
    0xAC, 0x83, 0xB3, 0xC5, 0x47, 0x52, 0x96, 0xE6, 0x47, 0x52, 0x63, 0x9A, 0x27, 0x52, 0x55, 0xDE,
    0x8B, 0x7B, 0x81, 0x85, 0x39, 0x06, 0xE4, 0x61, 0xAC, 0x83, 0x93, 0xC5, 0xE6, 0x49, 0x75, 0xDE,
    0x0A, 0x73, 0xC3, 0xAA, 0x82, 0x23, 0xCB, 0x81, 0x43, 0xCB, 0x82, 0x23, 0xCB, 0x00, 0x43, 0xCB,
    0x81, 0x23, 0xCB, 0x81, 0x43, 0xCB, 0x21, 0x23, 0xCB, 0x43, 0xCB, 0x23, 0xCB, 0x24, 0x72, 0x52,
    0xBD, 0x8F, 0xA4, 0x85, 0x39, 0x31, 0xB5, 0xB0, 0xA4, 0x44, 0x82, 0x64, 0x92, 0x4E, 0x94, 0x31,
    0xB5, 0x85, 0x39, 0x4E, 0x94, 0x31, 0xB5, 0x85, 0x39, 0x4E, 0x94, 0x31, 0xB5, 0xC4, 0x51, 0x27,
    0x52, 0xB3, 0xC5, 0x75, 0xDE, 0x4E, 0x94, 0x85, 0x39, 0x8F, 0xA4, 0xF0, 0xAC, 0xC9, 0x62, 0x96,
    0xE6, 0x85, 0x39, 0x55, 0xDE, 0x2A, 0x73, 0xE4, 0x69, 0x0A, 0x73, 0x81, 0x14, 0xD6, 0x01, 0x0A,
    0x73, 0x84, 0x9A, 0x81, 0x23, 0xCB, 0x17, 0xC3, 0xB2, 0x06, 0x52, 0x72, 0xBD, 0x76, 0xDE, 0x72,
    0xBD, 0xE6, 0x51, 0xA4, 0xA2, 0x27, 0x52, 0xB3, 0xC5, 0x55, 0xDE, 0xAC, 0x83, 0xA4, 0x51, 0x2A,
    0x73, 0x55, 0xDE, 0xA4, 0x51, 0x04, 0xBB, 0x27, 0x52, 0x35, 0xD6, 0x0D, 0x94, 0x84, 0x92, 0x23,
    0xCB, 0x43, 0xCB, 0x84, 0x92, 0x2E, 0x94, 0x82, 0xB6, 0xE6, 0x18, 0x8B, 0x7B, 0x84, 0x9A, 0xC6,
    0x49, 0x31, 0xB5, 0x55, 0xDE, 0x2E, 0x94, 0x04, 0x72, 0x03, 0xBB, 0xC6, 0x49, 0x31, 0xB5, 0x55,
    0xDE, 0x2E, 0x94, 0x04, 0x72, 0x03, 0xC3, 0xC5, 0x49, 0x11, 0xB5, 0x75, 0xDE, 0xF0, 0xAC, 0xC5,
    0x51, 0x03, 0xC3, 0x02, 0xC3, 0x02, 0xCB, 0x23, 0xCB, 0x84, 0x92, 0x2E, 0x94, 0x82, 0xB6, 0xE6,
    0x08, 0x8B, 0x7B, 0x84, 0x9A, 0xC5, 0x49, 0x31, 0xB5, 0x55, 0xDE, 0x2E, 0x94, 0x04, 0x72, 0x64,
    0x92, 0x2E, 0x94, 0x82, 0xB6, 0xE6, 0x0B, 0x8B, 0x7B, 0x84, 0x9A, 0xC5, 0x49, 0x11, 0xB5, 0x75,
    0xDE, 0xF0, 0xAC, 0xC5, 0x51, 0x03, 0xC3, 0x23, 0xCB, 0x43, 0xCB, 0x23, 0xCB, 0x02, 0xC3, 0x82,
    0x23, 0xCB, 0x84, 0x43, 0xCB, 0x81, 0x23, 0xCB, 0x81, 0x02, 0xC3, 0x00, 0x64, 0x8A, 0x81, 0x85,
    0x39, 0x00, 0xC4, 0x59, 0x81, 0x85, 0x39, 0x01, 0x84, 0x9A, 0x64, 0x92, 0x87, 0x85, 0x39, 0x03,
    0x04, 0x7A, 0x83, 0xA2, 0xE4, 0x61, 0xA4, 0x49, 0x81, 0x24, 0x7A, 0x86, 0x85, 0x39, 0x01, 0x83,
    0xA2, 0x44, 0x8A, 0x81, 0xA4, 0x51, 0x01, 0x64, 0x92, 0x03, 0xC3, 0x82, 0x23, 0xCB, 0x0A, 0xC3,
    0xAA, 0xE4, 0x69, 0xA5, 0x49, 0xE4, 0x69, 0xC3, 0xAA, 0x43, 0xCB, 0xC4, 0xAA, 0xE4, 0x61, 0xA4,
    0x51, 0x44, 0x8A, 0xC4, 0xAA, 0x81, 0x85, 0x39, 0x08, 0xA4, 0x51, 0x02, 0xC3, 0x84, 0x9A, 0xA4,
    0x51, 0xC4, 0x59, 0xA4, 0xA2, 0x43, 0xCB, 0x64, 0xCB, 0x84, 0x92, 0x84, 0x85, 0x39, 0x12, 0x83,
    0xA2, 0xC3, 0xB2, 0x04, 0x6A, 0xA4, 0x49, 0x24, 0x7A, 0x03, 0xC3, 0x23, 0xCB, 0xE3, 0xB2, 0xE4,
    0x69, 0xA4, 0x49, 0x24, 0x7A, 0x03, 0xC3, 0x23, 0xCB, 0xE3, 0xB2, 0x04, 0x72, 0xA4, 0x49, 0xE4,
    0x71, 0xA3, 0xB2, 0xE2, 0xC2, 0x81, 0x02, 0xC3, 0x01, 0x23, 0xCB, 0x64, 0x92, 0x84, 0x85, 0x39,
    0x06, 0x83, 0xA2, 0xC3, 0xB2, 0xE4, 0x69, 0xA4, 0x49, 0x04, 0x7A, 0xE3, 0xBA, 0x64, 0x92, 0x84,
    0x85, 0x39, 0x05, 0xA4, 0xA2, 0xE3, 0xB2, 0x04, 0x72, 0xA4, 0x49, 0x04, 0x72, 0xE3, 0xBA, 0x84,
    0x43, 0xCB, 0x82, 0x23, 0xCB, 0x85, 0x43, 0xCB, 0x82, 0x23, 0xCB, 0x00, 0x43, 0xCB, 0x81, 0x23,
    0xCB, 0x85, 0x43, 0xCB, 0x00, 0x23, 0xCB, 0x81, 0x43, 0xCB, 0x84, 0x23, 0xCB, 0x81, 0x43, 0xCB,
    0x84, 0x23, 0xCB, 0x00, 0x43, 0xCB, 0x82, 0x23, 0xCB, 0x01, 0x43, 0xCB, 0x23, 0xCB, 0x82, 0x02,
    0xC3, 0x81, 0x23, 0xCB, 0x00, 0x02, 0xCB, 0x81, 0x23, 0xCB, 0x00, 0x43, 0xCB, 0x81, 0x23, 0xCB,
    0x01, 0x43, 0xCB, 0x23, 0xCB, 0x81, 0x02, 0xC3, 0x00, 0x23, 0xCB, 0x81, 0x02, 0xC3, 0x83, 0x23,
    0xCB, 0x82, 0x43, 0xCB, 0x82, 0x23, 0xCB, 0x85, 0x43, 0xCB, 0x82, 0x23, 0xCB, 0x00, 0x43, 0xCB,
    0x81, 0x23, 0xCB, 0x89, 0x43, 0xCB, 0x82, 0x23, 0xCB, 0x82, 0x43, 0xCB, 0x84, 0x23, 0xCB, 0x81,
    0x43, 0xCB, 0x83, 0x23, 0xCB, 0x82, 0x02, 0xC3, 0x81, 0x23, 0xCB, 0x00, 0x02, 0xC3, 0x81, 0x23,
    0xCB, 0x00, 0x43, 0xCB, 0x83, 0x23, 0xCB, 0x03, 0x02, 0xC3, 0x03, 0xCB, 0x02, 0xCB, 0x23, 0xCB,
    0x81, 0x02, 0xCB, 0x82, 0x23, 0xCB, 0x01, 0x02, 0xC3, 0x23, 0xCB, 0x82, 0x02, 0xCB, 0x00, 0x23,
    0xCB, 0x81, 0x02, 0xCB, 0x81, 0x23, 0xCB, 0x82, 0x02, 0xC3, 0x82, 0x23, 0xCB, 0x00, 0x02, 0xC3,
    0x85, 0x23, 0xCB, 0x01, 0x02, 0xC3, 0x23, 0xCB, 0x82, 0x02, 0xC3, 0x83, 0x23, 0xCB, 0x83, 0x43,
    0xCB, 0x83, 0x23, 0xCB, 0x81, 0x02, 0xC3, 0x03, 0x23, 0xC3, 0x23, 0xCB, 0x43, 0xCB, 0x23, 0xCB,
    0x82, 0x43, 0xCB, 0x00, 0x23, 0xCB, 0x81, 0x43, 0xCB, 0x00, 0x23, 0xCB, 0x84, 0x43, 0xCB, 0x00,
    0x63, 0xCB, 0x82, 0x43, 0xCB, 0x83, 0x23, 0xCB, 0x00, 0x22, 0xCB, 0x82, 0x23, 0xCB, 0x81, 0x02,
    0xCB, 0x81, 0x23, 0xCB, 0x00, 0x02, 0xC3, 0x81, 0x23, 0xCB, 0x02, 0x02, 0xC3, 0xE2, 0xC2, 0x02,
    0xC3, 0x81, 0x23, 0xCB, 0x01, 0x22, 0xCB, 0x03, 0xCB, 0x85, 0x23, 0xCB, 0x01, 0x02, 0xC3, 0x23,
    0xCB, 0x81, 0x02, 0xC3, 0x84, 0x23, 0xCB, 0x83, 0x43, 0xCB, 0x83, 0x23, 0xCB, 0x81, 0x02, 0xC3,
    0x81, 0x23, 0xCB, 0x01, 0x43, 0xCB, 0x23, 0xCB, 0x85, 0x43, 0xCB, 0x00, 0x23, 0xCB, 0x84, 0x43,
    0xCB, 0x00, 0x63, 0xCB, 0x81, 0x43, 0xCB, 0x00, 0x23, 0xCB, 0x83, 0x43, 0xCB, 0x03, 0x64, 0xCB,
    0x43, 0xCB, 0x63, 0xCB, 0x43, 0xCB, 0x81, 0x64, 0xCB, 0x03, 0x43, 0xCB, 0x64, 0xD3, 0x63, 0xCB,
    0x64, 0xCB, 0x81, 0x64, 0xD3, 0x02, 0x64, 0xCB, 0x43, 0xCB, 0x63, 0xCB, 0x81, 0x43, 0xCB, 0x05,
    0x64, 0xCB, 0x43, 0xCB, 0x64, 0xCB, 0x43, 0xCB, 0x64, 0xCB, 0x23, 0xCB, 0x81, 0x43, 0xCB, 0x05,
    0x64, 0xCB, 0x63, 0xCB, 0x64, 0xCB, 0x43, 0xCB, 0x63, 0xCB, 0x43, 0xCB, 0x86, 0x23, 0xCB, 0x01,
    0x02, 0xCB, 0x02, 0xC3, 0x83, 0x23, 0xCB, 0x83, 0x02, 0xC3, 0x81, 0x23, 0xCB, 0x00, 0x43, 0xCB,
    0x84, 0x23, 0xCB, 0x84, 0x43, 0xCB, 0x00, 0x23, 0xCB, 0x84, 0x43, 0xCB, 0x01, 0x64, 0xCB, 0x63,
    0xCB, 0x81, 0x43, 0xCB, 0x81, 0x64, 0xCB, 0x00, 0x43, 0xCB, 0x82, 0x64, 0xCB, 0x81, 0x64, 0xD3,
    0x00, 0x64, 0xCB, 0x81, 0x63, 0xCB, 0x81, 0x43, 0xCB, 0x05, 0x64, 0xCB, 0x43, 0xCB, 0x64, 0xCB,
    0x43, 0xCB, 0x63, 0xCB, 0x23, 0xCB, 0x81, 0x43, 0xCB, 0x00, 0x64, 0xCB, 0x81, 0x63, 0xCB, 0x02,
    0x43, 0xCB, 0x63, 0xCB, 0x43, 0xCB, 0x81, 0x23, 0xCB, 0x00, 0x43, 0xCB, 0x82, 0x23, 0xCB, 0x02,
    0x02, 0xCB, 0x23, 0xCB, 0x02, 0xC3, 0x82, 0x23, 0xCB, 0x84, 0x02, 0xC3, 0x8D, 0x23, 0xCB, 0x02,
    0x02, 0xC3, 0x23, 0xCB, 0x02, 0xC3, 0x82, 0x23, 0xCB, 0x82, 0x02, 0xC3, 0x02, 0xE2, 0xC2, 0x03,
    0xCB, 0x02, 0xC3, 0x82, 0x23, 0xCB, 0x01, 0x43, 0xCB, 0x23, 0xCB, 0x85, 0x43, 0xCB, 0x81, 0x64,
    0xCB, 0x01, 0x63, 0xCB, 0x43, 0xCB, 0x81, 0x23, 0xCB, 0x81, 0x02, 0xC3, 0x05, 0x02, 0xCB, 0x23,
    0xCB, 0x02, 0xC3, 0x02, 0xCB, 0x23, 0xCB, 0x43, 0xCB, 0x81, 0x23, 0xCB, 0x84, 0x43, 0xCB, 0x00,
    0x23, 0xCB, 0x83, 0x43, 0xCB, 0x03, 0x63, 0xCB, 0x43, 0xCB, 0x23, 0xCB, 0x02, 0xC3, 0x81, 0x23,
    0xCB, 0x02, 0x43, 0xCB, 0x02, 0xC3, 0x23, 0xCB, 0x82, 0x02, 0xC3, 0x85, 0x23, 0xCB, 0x02, 0x02,
    0xC3, 0x23, 0xCB, 0x02, 0xC3, 0x82, 0x23, 0xCB, 0x82, 0x02, 0xC3, 0x02, 0xE2, 0xC2, 0x03, 0xC3,
    0x02, 0xC3, 0x81, 0x23, 0xCB, 0x00, 0x43, 0xCB, 0x81, 0x23, 0xCB, 0x85, 0x43, 0xCB, 0x81, 0x64,
    0xCB, 0x01, 0x64, 0xD3, 0x43, 0xCB, 0x81, 0x23, 0xCB, 0x81, 0x02, 0xC3, 0x00, 0x23, 0xCB, 0x81,
    0x02, 0xC3, 0x00, 0x02, 0xCB, 0x83, 0x23, 0xCB, 0x84, 0x43, 0xCB, 0x00, 0x23, 0xCB, 0x85, 0x43,
    0xCB, 0x01, 0x23, 0xCB, 0x02, 0xC3, 0x81, 0x43, 0xCB, 0x8B, 0x23, 0xCB, 0x83, 0x43, 0xCB, 0x8A,
    0x23, 0xCB, 0x02, 0x43, 0xCB, 0x23, 0xCB, 0x43, 0xCB, 0x81, 0x23, 0xCB, 0x81, 0x03, 0xC3, 0x00,
    0x02, 0xC3, 0x87, 0x23, 0xCB, 0x00, 0x43, 0xCB, 0x82, 0x23, 0xCB, 0x00, 0x43, 0xCB, 0x83, 0x23,
    0xCB, 0x82, 0x43, 0xCB, 0x00, 0x23, 0xCB, 0x81, 0x43, 0xCB, 0x00, 0x23, 0xCB, 0x81, 0x43, 0xCB,
    0x00, 0x23, 0xCB, 0x81, 0x43, 0xCB, 0x81, 0x23, 0xCB, 0x00, 0x43, 0xCB, 0x83, 0x23, 0xCB, 0x00,
    0x23, 0xC3, 0x86, 0x23, 0xCB, 0x83, 0x43, 0xCB, 0x04, 0x23, 0xCB, 0x23, 0xC3, 0x03, 0xC3, 0x02,
    0xC3, 0x23, 0xC3, 0x87, 0x23, 0xCB, 0x00, 0x43, 0xCB, 0x83, 0x23, 0xCB, 0x00, 0x02, 0xC3, 0x84,
    0x23, 0xCB, 0x00, 0x02, 0xC3, 0x81, 0x23, 0xCB, 0x00, 0x43, 0xCB, 0x82, 0x23, 0xCB, 0x00, 0x43,
    0xCB, 0x83, 0x23, 0xCB, 0x84, 0x43, 0xCB, 0x81, 0x23, 0xCB, 0x81, 0x43, 0xCB,
};
